学号,学期,学院,专业,互评成绩,综测成绩,GPA,GPA排名,综测排名,专业人数
202300001,2023-2024-1,汽车工程学院,车辆工程,92.0,87.5,3.02,134,134,136
202300001,2023-2024-2,汽车工程学院,车辆工程,91.6,85.8,3.21,110,110,136
202300001,2024-2025-1,汽车工程学院,车辆工程,89.8,71.4,3.15,35,35,136
202300001,2024-2025-2,汽车工程学院,车辆工程,87.5,95.8,3.27,41,41,136
202300001,2025-2026-1,汽车工程学院,车辆工程,82.1,85.4,2.94,98,98,136
202300001,2025-2026-2,汽车工程学院,车辆工程,71.6,85.6,3.19,76,76,136
202300002,2023-2024-1,汽车工程学院,车辆工程,74.1,76.5,3.47,75,75,136
202300002,2023-2024-2,汽车工程学院,车辆工程,70.3,73.5,3.12,55,55,136
202300002,2024-2025-1,汽车工程学院,车辆工程,87.3,88.2,3.31,7,7,136
202300002,2024-2025-2,汽车工程学院,车辆工程,83.5,91.7,3.92,14,14,136
202300002,2025-2026-1,汽车工程学院,车辆工程,70.7,80.6,3.02,135,135,136
202300002,2025-2026-2,汽车工程学院,车辆工程,90.3,77.4,3.62,5,5,136
202300003,2023-2024-1,汽车工程学院,车辆工程,71.5,75.0,3.61,105,105,136
202300003,2023-2024-2,汽车工程学院,车辆工程,88.1,93.1,3.57,50,50,136
202300003,2024-2025-1,汽车工程学院,车辆工程,74.8,75.1,3.7,83,83,136
202300003,2024-2025-2,汽车工程学院,车辆工程,89.2,82.6,2.93,39,39,136
202300003,2025-2026-1,汽车工程学院,车辆工程,82.3,79.2,2.98,12,12,136
202300003,2025-2026-2,汽车工程学院,车辆工程,70.5,93.0,2.74,74,74,136
202300004,2023-2024-1,汽车工程学院,车辆工程,79.1,84.4,3.46,108,108,136
202300004,2023-2024-2,汽车工程学院,车辆工程,84.1,79.8,3.9,98,98,136
202300004,2024-2025-1,汽车工程学院,车辆工程,86.0,93.6,3.49,7,7,136
202300004,2024-2025-2,汽车工程学院,车辆工程,85.5,81.7,3.19,23,23,136
202300004,2025-2026-1,汽车工程学院,车辆工程,70.3,68.6,3.53,129,129,136
202300004,2025-2026-2,汽车工程学院,车辆工程,75.2,73.6,3.17,4,4,136
202300005,2023-2024-1,汽车工程学院,车辆工程,94.7,95.8,3.08,19,19,136
202300005,2023-2024-2,汽车工程学院,车辆工程,93.2,89.3,3.31,83,83,136
202300005,2024-2025-1,汽车工程学院,车辆工程,84.9,81.7,3.92,44,44,136
202300005,2024-2025-2,汽车工程学院,车辆工程,80.9,78.4,3.24,30,30,136
202300005,2025-2026-1,汽车工程学院,车辆工程,80.7,83.7,2.85,106,106,136
202300005,2025-2026-2,汽车工程学院,车辆工程,81.8,84.5,3.22,83,83,136
202300006,2023-2024-1,汽车工程学院,车辆工程,77.8,90.5,2.85,27,27,136
202300006,2023-2024-2,汽车工程学院,车辆工程,73.6,95.3,3.94,60,60,136
202300006,2024-2025-1,汽车工程学院,车辆工程,88.8,68.2,3.91,62,62,136
202300006,2024-2025-2,汽车工程学院,车辆工程,83.3,79.6,3.61,19,19,136
202300006,2025-2026-1,汽车工程学院,车辆工程,92.5,94.8,2.95,92,92,136
202300006,2025-2026-2,汽车工程学院,车辆工程,78.7,71.9,3.06,24,24,136
202300007,2023-2024-1,汽车工程学院,车辆工程,84.8,79.5,2.8,62,62,136
202300007,2023-2024-2,汽车工程学院,车辆工程,87.0,77.4,3.67,131,131,136
202300007,2024-2025-1,汽车工程学院,车辆工程,82.7,88.5,3.1,129,129,136
202300007,2024-2025-2,汽车工程学院,车辆工程,86.1,76.2,3.16,81,81,136
202300007,2025-2026-1,汽车工程学院,车辆工程,93.3,94.5,3.45,65,65,136
202300007,2025-2026-2,汽车工程学院,车辆工程,72.4,94.5,3.3,21,21,136
202300008,2023-2024-1,汽车工程学院,车辆工程,84.9,81.6,3.5,132,132,136
202300008,2023-2024-2,汽车工程学院,车辆工程,72.9,81.1,2.91,76,76,136
202300008,2024-2025-1,汽车工程学院,车辆工程,76.3,91.8,3.39,88,88,136
202300008,2024-2025-2,汽车工程学院,车辆工程,74.1,94.5,3.45,63,63,136
202300008,2025-2026-1,汽车工程学院,车辆工程,85.2,82.4,3.77,72,72,136
202300008,2025-2026-2,汽车工程学院,车辆工程,76.7,78.9,3.99,50,50,136
202300009,2023-2024-1,汽车工程学院,车辆工程,83.1,83.4,2.8,118,118,136
202300009,2023-2024-2,汽车工程学院,车辆工程,72.4,88.8,2.88,99,99,136
202300009,2024-2025-1,汽车工程学院,车辆工程,77.1,71.3,3.03,109,109,136
202300009,2024-2025-2,汽车工程学院,车辆工程,78.8,76.1,2.77,75,75,136
202300009,2025-2026-1,汽车工程学院,车辆工程,94.3,77.5,2.95,116,116,136
202300009,2025-2026-2,汽车工程学院,车辆工程,82.8,74.0,3.74,43,43,136
202300010,2023-2024-1,汽车工程学院,车辆工程,91.8,86.0,2.9,98,98,136
202300010,2023-2024-2,汽车工程学院,车辆工程,85.2,80.6,3.63,84,84,136
202300010,2024-2025-1,汽车工程学院,车辆工程,77.3,92.3,2.76,101,101,136
202300010,2024-2025-2,汽车工程学院,车辆工程,71.1,89.9,2.76,117,117,136
202300010,2025-2026-1,汽车工程学院,车辆工程,80.7,76.2,3.08,3,3,136
202300010,2025-2026-2,汽车工程学院,车辆工程,94.6,83.0,3.44,84,84,136
202300011,2023-2024-1,汽车工程学院,车辆工程,81.9,82.6,3.98,83,83,136
202300011,2023-2024-2,汽车工程学院,车辆工程,78.9,74.7,3.0,66,66,136
202300011,2024-2025-1,汽车工程学院,车辆工程,75.0,94.8,3.43,57,57,136
202300011,2024-2025-2,汽车工程学院,车辆工程,85.3,75.5,3.61,104,104,136
202300011,2025-2026-1,汽车工程学院,车辆工程,92.9,79.2,3.3,117,117,136
202300011,2025-2026-2,汽车工程学院,车辆工程,84.7,69.6,3.32,71,71,136
202300012,2023-2024-1,汽车工程学院,车辆工程,76.3,83.7,3.39,107,107,136
202300012,2023-2024-2,汽车工程学院,车辆工程,81.0,92.8,2.76,58,58,136
202300012,2024-2025-1,汽车工程学院,车辆工程,74.5,71.6,2.81,33,33,136
202300012,2024-2025-2,汽车工程学院,车辆工程,72.1,90.8,3.73,127,127,136
202300012,2025-2026-1,汽车工程学院,车辆工程,80.9,74.3,2.84,111,111,136
202300012,2025-2026-2,汽车工程学院,车辆工程,94.2,80.5,3.96,128,128,136
202300013,2023-2024-1,汽车工程学院,车辆工程,90.8,94.6,3.08,43,43,136
202300013,2023-2024-2,汽车工程学院,车辆工程,79.3,81.3,2.81,45,45,136
202300013,2024-2025-1,汽车工程学院,车辆工程,79.9,92.1,3.62,10,10,136
202300013,2024-2025-2,汽车工程学院,车辆工程,80.1,81.7,3.33,32,32,136
202300013,2025-2026-1,汽车工程学院,车辆工程,89.8,68.1,3.32,126,126,136
202300013,2025-2026-2,汽车工程学院,车辆工程,87.4,92.1,2.98,63,63,136
202300014,2023-2024-1,汽车工程学院,车辆工程,87.6,95.9,3.86,135,135,136
202300014,2023-2024-2,汽车工程学院,车辆工程,80.1,84.8,2.93,35,35,136
202300014,2024-2025-1,汽车工程学院,车辆工程,86.6,90.8,3.44,127,127,136
202300014,2024-2025-2,汽车工程学院,车辆工程,86.2,71.0,2.99,120,120,136
202300014,2025-2026-1,汽车工程学院,车辆工程,73.3,78.5,3.59,109,109,136
202300014,2025-2026-2,汽车工程学院,车辆工程,91.2,80.3,3.4,106,106,136
202300015,2023-2024-1,汽车工程学院,车辆工程,79.6,86.1,3.09,34,34,136
202300015,2023-2024-2,汽车工程学院,车辆工程,81.7,77.3,3.52,86,86,136
202300015,2024-2025-1,汽车工程学院,车辆工程,94.6,72.3,3.6,28,28,136
202300015,2024-2025-2,汽车工程学院,车辆工程,88.5,85.4,3.36,130,130,136
202300015,2025-2026-1,汽车工程学院,车辆工程,83.4,79.4,3.39,84,84,136
202300015,2025-2026-2,汽车工程学院,车辆工程,91.5,85.8,2.84,50,50,136
202300016,2023-2024-1,汽车工程学院,车辆工程,71.6,80.4,2.82,113,113,136
202300016,2023-2024-2,汽车工程学院,车辆工程,81.5,75.1,2.82,61,61,136
202300016,2024-2025-1,汽车工程学院,车辆工程,94.5,87.9,3.86,113,113,136
202300016,2024-2025-2,汽车工程学院,车辆工程,88.8,71.6,3.21,113,113,136
202300016,2025-2026-1,汽车工程学院,车辆工程,73.3,95.2,3.9,9,9,136
202300016,2025-2026-2,汽车工程学院,车辆工程,78.2,85.5,2.74,110,110,136
202300017,2023-2024-1,汽车工程学院,车辆工程,79.0,92.8,3.33,115,115,136
202300017,2023-2024-2,汽车工程学院,车辆工程,79.5,69.0,3.92,126,126,136
202300017,2024-2025-1,汽车工程学院,车辆工程,78.8,70.6,3.68,110,110,136
202300017,2024-2025-2,汽车工程学院,车辆工程,85.8,79.4,3.33,106,106,136
202300017,2025-2026-1,汽车工程学院,车辆工程,87.3,69.3,3.4,124,124,136
202300017,2025-2026-2,汽车工程学院,车辆工程,79.2,71.3,3.38,12,12,136
202300018,2023-2024-1,汽车工程学院,车辆工程,89.8,68.2,3.47,90,90,136
202300018,2023-2024-2,汽车工程学院,车辆工程,80.3,74.6,3.35,109,109,136
202300018,2024-2025-1,汽车工程学院,车辆工程,92.1,73.5,3.31,97,97,136
202300018,2024-2025-2,汽车工程学院,车辆工程,94.1,81.4,3.78,41,41,136
202300018,2025-2026-1,汽车工程学院,车辆工程,77.1,94.7,2.95,66,66,136
202300018,2025-2026-2,汽车工程学院,车辆工程,73.6,87.3,3.09,43,43,136
202300019,2023-2024-1,汽车工程学院,车辆工程,87.7,78.2,3.89,122,122,136
202300019,2023-2024-2,汽车工程学院,车辆工程,83.4,83.6,3.33,38,38,136
202300019,2024-2025-1,汽车工程学院,车辆工程,87.4,79.6,3.27,70,70,136
202300019,2024-2025-2,汽车工程学院,车辆工程,88.9,93.8,2.88,122,122,136
202300019,2025-2026-1,汽车工程学院,车辆工程,80.4,90.7,3.69,77,77,136
202300019,2025-2026-2,汽车工程学院,车辆工程,84.0,89.2,4.0,72,72,136
202300020,2023-2024-1,汽车工程学院,车辆工程,71.5,93.8,3.86,111,111,136
202300020,2023-2024-2,汽车工程学院,车辆工程,87.5,88.2,2.91,70,70,136
202300020,2024-2025-1,汽车工程学院,车辆工程,71.6,95.5,3.24,37,37,136
202300020,2024-2025-2,汽车工程学院,车辆工程,82.8,84.3,2.79,97,97,136
202300020,2025-2026-1,汽车工程学院,车辆工程,75.8,78.9,3.64,4,4,136
202300020,2025-2026-2,汽车工程学院,车辆工程,77.3,88.2,3.53,110,110,136
202300021,2023-2024-1,汽车工程学院,车辆工程,85.2,85.1,2.76,90,90,136
202300021,2023-2024-2,汽车工程学院,车辆工程,85.1,81.8,3.11,54,54,136
202300021,2024-2025-1,汽车工程学院,车辆工程,78.0,82.7,3.25,32,32,136
202300021,2024-2025-2,汽车工程学院,车辆工程,74.5,94.2,3.09,82,82,136
202300021,2025-2026-1,汽车工程学院,车辆工程,94.3,82.4,3.82,1,1,136
202300021,2025-2026-2,汽车工程学院,车辆工程,88.4,73.8,3.32,117,117,136
202300022,2023-2024-1,汽车工程学院,车辆工程,83.3,76.8,3.01,94,94,136
202300022,2023-2024-2,汽车工程学院,车辆工程,76.0,78.7,2.91,93,93,136
202300022,2024-2025-1,汽车工程学院,车辆工程,78.9,89.6,3.93,115,115,136
202300022,2024-2025-2,汽车工程学院,车辆工程,79.2,95.8,3.34,11,11,136
202300022,2025-2026-1,汽车工程学院,车辆工程,81.8,73.8,2.83,115,115,136
202300022,2025-2026-2,汽车工程学院,车辆工程,94.1,73.3,2.88,30,30,136
202300023,2023-2024-1,汽车工程学院,车辆工程,88.5,75.5,3.82,100,100,136
202300023,2023-2024-2,汽车工程学院,车辆工程,81.4,80.8,3.58,79,79,136
202300023,2024-2025-1,汽车工程学院,车辆工程,73.8,81.9,2.85,21,21,136
202300023,2024-2025-2,汽车工程学院,车辆工程,86.1,73.1,3.7,63,63,136
202300023,2025-2026-1,汽车工程学院,车辆工程,77.8,82.3,2.85,104,104,136
202300023,2025-2026-2,汽车工程学院,车辆工程,82.0,95.5,2.99,108,108,136
202300024,2023-2024-1,汽车工程学院,车辆工程,71.6,89.3,3.58,69,69,136
202300024,2023-2024-2,汽车工程学院,车辆工程,72.9,92.4,3.19,105,105,136
202300024,2024-2025-1,汽车工程学院,车辆工程,90.5,80.3,3.41,67,67,136
202300024,2024-2025-2,汽车工程学院,车辆工程,71.2,76.3,3.79,66,66,136
202300024,2025-2026-1,汽车工程学院,车辆工程,75.9,87.6,3.9,132,132,136
202300024,2025-2026-2,汽车工程学院,车辆工程,90.4,68.4,3.37,13,13,136
202300025,2023-2024-1,汽车工程学院,车辆工程,75.6,76.0,3.23,89,89,136
202300025,2023-2024-2,汽车工程学院,车辆工程,82.6,85.6,3.14,83,83,136
202300025,2024-2025-1,汽车工程学院,车辆工程,84.2,93.2,3.11,9,9,136
202300025,2024-2025-2,汽车工程学院,车辆工程,89.3,74.4,3.5,116,116,136
202300025,2025-2026-1,汽车工程学院,车辆工程,80.9,85.1,3.82,29,29,136
202300025,2025-2026-2,汽车工程学院,车辆工程,87.5,93.2,3.36,103,103,136
202300026,2023-2024-1,汽车工程学院,车辆工程,72.1,79.2,3.44,86,86,136
202300026,2023-2024-2,汽车工程学院,车辆工程,79.7,76.4,3.03,51,51,136
202300026,2024-2025-1,汽车工程学院,车辆工程,71.5,74.3,3.11,78,78,136
202300026,2024-2025-2,汽车工程学院,车辆工程,78.4,78.7,3.56,123,123,136
202300026,2025-2026-1,汽车工程学院,车辆工程,74.4,92.6,3.25,118,118,136
202300026,2025-2026-2,汽车工程学院,车辆工程,89.9,83.9,3.87,119,119,136
202300027,2023-2024-1,汽车工程学院,车辆工程,83.5,91.9,3.7,66,66,136
202300027,2023-2024-2,汽车工程学院,车辆工程,89.6,84.6,3.96,34,34,136
202300027,2024-2025-1,汽车工程学院,车辆工程,91.0,76.2,3.17,56,56,136
202300027,2024-2025-2,汽车工程学院,车辆工程,94.6,80.2,3.73,2,2,136
202300027,2025-2026-1,汽车工程学院,车辆工程,71.6,77.1,3.33,135,135,136
202300027,2025-2026-2,汽车工程学院,车辆工程,91.5,87.7,3.32,134,134,136
202300028,2023-2024-1,汽车工程学院,车辆工程,86.4,80.3,3.21,6,6,136
202300028,2023-2024-2,汽车工程学院,车辆工程,83.5,75.4,2.95,102,102,136
202300028,2024-2025-1,汽车工程学院,车辆工程,86.6,70.5,3.21,6,6,136
202300028,2024-2025-2,汽车工程学院,车辆工程,76.0,69.8,3.81,132,132,136
202300028,2025-2026-1,汽车工程学院,车辆工程,91.6,77.7,2.97,108,108,136
202300028,2025-2026-2,汽车工程学院,车辆工程,83.1,87.2,3.6,2,2,136
202300029,2023-2024-1,汽车工程学院,车辆工程,88.2,71.5,3.07,110,110,136
202300029,2023-2024-2,汽车工程学院,车辆工程,78.2,70.2,2.71,68,68,136
202300029,2024-2025-1,汽车工程学院,车辆工程,85.2,84.4,2.72,38,38,136
202300029,2024-2025-2,汽车工程学院,车辆工程,93.6,91.1,3.72,77,77,136
202300029,2025-2026-1,汽车工程学院,车辆工程,78.9,93.5,3.26,135,135,136
202300029,2025-2026-2,汽车工程学院,车辆工程,92.2,76.6,3.88,24,24,136
202300030,2023-2024-1,汽车工程学院,车辆工程,94.4,90.6,2.89,77,77,136
202300030,2023-2024-2,汽车工程学院,车辆工程,78.4,69.4,3.98,29,29,136
202300030,2024-2025-1,汽车工程学院,车辆工程,94.3,88.1,3.74,104,104,136
202300030,2024-2025-2,汽车工程学院,车辆工程,87.5,79.2,3.71,11,11,136
202300030,2025-2026-1,汽车工程学院,车辆工程,72.5,85.0,3.98,66,66,136
202300030,2025-2026-2,汽车工程学院,车辆工程,73.4,93.1,2.94,48,48,136
202300031,2023-2024-1,汽车工程学院,车辆工程,79.8,90.2,3.51,124,124,136
202300031,2023-2024-2,汽车工程学院,车辆工程,83.7,93.0,2.96,116,116,136
202300031,2024-2025-1,汽车工程学院,车辆工程,75.1,72.4,3.11,89,89,136
202300031,2024-2025-2,汽车工程学院,车辆工程,72.4,84.9,2.75,9,9,136
202300031,2025-2026-1,汽车工程学院,车辆工程,92.3,90.3,3.48,136,136,136
202300031,2025-2026-2,汽车工程学院,车辆工程,79.4,89.7,3.78,29,29,136
202300032,2023-2024-1,汽车工程学院,车辆工程,73.8,78.8,3.69,24,24,136
202300032,2023-2024-2,汽车工程学院,车辆工程,73.1,71.8,3.19,131,131,136
202300032,2024-2025-1,汽车工程学院,车辆工程,84.5,73.7,3.48,79,79,136
202300032,2024-2025-2,汽车工程学院,车辆工程,72.9,75.4,3.31,75,75,136
202300032,2025-2026-1,汽车工程学院,车辆工程,70.8,81.9,3.4,20,20,136
202300032,2025-2026-2,汽车工程学院,车辆工程,81.7,91.9,3.78,92,92,136
202300033,2023-2024-1,汽车工程学院,车辆工程,89.1,77.7,2.84,30,30,136
202300033,2023-2024-2,汽车工程学院,车辆工程,85.6,78.0,2.74,112,112,136
202300033,2024-2025-1,汽车工程学院,车辆工程,89.7,88.6,3.67,132,132,136
202300033,2024-2025-2,汽车工程学院,车辆工程,90.1,89.2,2.99,44,44,136
202300033,2025-2026-1,汽车工程学院,车辆工程,92.8,69.4,3.81,133,133,136
202300033,2025-2026-2,汽车工程学院,车辆工程,86.2,69.9,3.9,127,127,136
202300034,2023-2024-1,汽车工程学院,车辆工程,91.1,87.3,3.48,45,45,136
202300034,2023-2024-2,汽车工程学院,车辆工程,75.3,93.2,3.73,77,77,136
202300034,2024-2025-1,汽车工程学院,车辆工程,71.3,91.2,3.74,21,21,136
202300034,2024-2025-2,汽车工程学院,车辆工程,93.0,88.8,3.72,108,108,136
202300034,2025-2026-1,汽车工程学院,车辆工程,83.3,81.7,3.08,92,92,136
202300034,2025-2026-2,汽车工程学院,车辆工程,91.2,96.0,3.33,2,2,136
202300035,2023-2024-1,汽车工程学院,车辆工程,75.2,81.4,2.98,11,11,136
202300035,2023-2024-2,汽车工程学院,车辆工程,73.2,78.9,2.7,66,66,136
202300035,2024-2025-1,汽车工程学院,车辆工程,72.7,86.4,3.66,56,56,136
202300035,2024-2025-2,汽车工程学院,车辆工程,92.1,93.8,3.69,51,51,136
202300035,2025-2026-1,汽车工程学院,车辆工程,74.6,71.9,3.88,82,82,136
202300035,2025-2026-2,汽车工程学院,车辆工程,84.8,76.5,3.91,101,101,136
202300036,2023-2024-1,汽车工程学院,车辆工程,90.9,91.2,3.26,118,118,136
202300036,2023-2024-2,汽车工程学院,车辆工程,92.8,93.6,3.08,39,39,136
202300036,2024-2025-1,汽车工程学院,车辆工程,74.9,84.6,3.08,46,46,136
202300036,2024-2025-2,汽车工程学院,车辆工程,93.9,86.8,3.75,106,106,136
202300036,2025-2026-1,汽车工程学院,车辆工程,89.0,83.1,2.97,117,117,136
202300036,2025-2026-2,汽车工程学院,车辆工程,70.2,81.8,3.82,122,122,136
202300037,2023-2024-1,汽车工程学院,车辆工程,73.2,68.9,3.44,39,39,136
202300037,2023-2024-2,汽车工程学院,车辆工程,86.4,85.7,2.91,108,108,136
202300037,2024-2025-1,汽车工程学院,车辆工程,73.5,72.9,2.96,100,100,136
202300037,2024-2025-2,汽车工程学院,车辆工程,89.8,76.5,2.85,84,84,136
202300037,2025-2026-1,汽车工程学院,车辆工程,74.8,80.1,3.14,1,1,136
202300037,2025-2026-2,汽车工程学院,车辆工程,71.2,70.8,3.94,97,97,136
202300038,2023-2024-1,汽车工程学院,车辆工程,88.9,89.8,3.47,100,100,136
202300038,2023-2024-2,汽车工程学院,车辆工程,70.6,69.3,3.17,47,47,136
202300038,2024-2025-1,汽车工程学院,车辆工程,78.4,86.9,3.12,70,70,136
202300038,2024-2025-2,汽车工程学院,车辆工程,81.0,73.9,3.6,124,124,136
202300038,2025-2026-1,汽车工程学院,车辆工程,73.8,83.2,2.88,124,124,136
202300038,2025-2026-2,汽车工程学院,车辆工程,90.5,88.5,3.75,118,118,136
202300039,2023-2024-1,汽车工程学院,车辆工程,79.9,83.1,2.71,128,128,136
202300039,2023-2024-2,汽车工程学院,车辆工程,74.1,85.9,3.89,114,114,136
202300039,2024-2025-1,汽车工程学院,车辆工程,83.4,84.3,2.9,24,24,136
202300039,2024-2025-2,汽车工程学院,车辆工程,71.8,77.3,3.76,50,50,136
202300039,2025-2026-1,汽车工程学院,车辆工程,78.3,85.9,3.13,34,34,136
202300039,2025-2026-2,汽车工程学院,车辆工程,79.9,81.7,3.07,22,22,136
202300040,2023-2024-1,汽车工程学院,车辆工程,80.6,76.9,3.05,20,20,136
202300040,2023-2024-2,汽车工程学院,车辆工程,91.9,91.5,3.34,61,61,136
202300040,2024-2025-1,汽车工程学院,车辆工程,75.8,90.7,3.55,114,114,136
202300040,2024-2025-2,汽车工程学院,车辆工程,71.9,84.1,3.74,51,51,136
202300040,2025-2026-1,汽车工程学院,车辆工程,77.1,70.7,2.74,16,16,136
202300040,2025-2026-2,汽车工程学院,车辆工程,75.9,87.3,3.96,27,27,136
202300041,2023-2024-1,汽车工程学院,车辆工程,86.6,78.0,3.96,109,109,136
202300041,2023-2024-2,汽车工程学院,车辆工程,80.7,81.0,3.45,54,54,136
202300041,2024-2025-1,汽车工程学院,车辆工程,73.8,81.4,3.84,41,41,136
202300041,2024-2025-2,汽车工程学院,车辆工程,70.5,93.1,3.28,122,122,136
202300041,2025-2026-1,汽车工程学院,车辆工程,75.4,79.1,2.97,44,44,136
202300041,2025-2026-2,汽车工程学院,车辆工程,71.6,94.2,3.55,75,75,136
202300042,2023-2024-1,汽车工程学院,车辆工程,94.8,74.1,3.98,110,110,136
202300042,2023-2024-2,汽车工程学院,车辆工程,88.2,91.4,3.15,71,71,136
202300042,2024-2025-1,汽车工程学院,车辆工程,83.0,94.6,3.16,61,61,136
202300042,2024-2025-2,汽车工程学院,车辆工程,82.8,68.3,2.75,118,118,136
202300042,2025-2026-1,汽车工程学院,车辆工程,89.8,78.2,3.3,10,10,136
202300042,2025-2026-2,汽车工程学院,车辆工程,83.4,74.0,3.24,18,18,136
202300043,2023-2024-1,汽车工程学院,车辆工程,72.4,69.9,3.96,13,13,136
202300043,2023-2024-2,汽车工程学院,车辆工程,86.4,71.9,2.77,15,15,136
202300043,2024-2025-1,汽车工程学院,车辆工程,86.7,90.4,3.48,127,127,136
202300043,2024-2025-2,汽车工程学院,车辆工程,87.4,81.5,3.01,94,94,136
202300043,2025-2026-1,汽车工程学院,车辆工程,70.1,75.4,3.4,69,69,136
202300043,2025-2026-2,汽车工程学院,车辆工程,86.5,87.8,3.2,99,99,136
202300044,2023-2024-1,汽车工程学院,车辆工程,90.7,83.7,3.29,12,12,136
202300044,2023-2024-2,汽车工程学院,车辆工程,86.9,84.6,2.9,42,42,136
202300044,2024-2025-1,汽车工程学院,车辆工程,89.6,80.9,2.86,121,121,136
202300044,2024-2025-2,汽车工程学院,车辆工程,93.0,85.7,3.55,11,11,136
202300044,2025-2026-1,汽车工程学院,车辆工程,83.3,71.1,3.17,134,134,136
202300044,2025-2026-2,汽车工程学院,车辆工程,90.6,68.3,3.73,54,54,136
202300045,2023-2024-1,汽车工程学院,车辆工程,70.8,77.1,3.22,21,21,136
202300045,2023-2024-2,汽车工程学院,车辆工程,93.7,74.3,3.49,16,16,136
202300045,2024-2025-1,汽车工程学院,车辆工程,88.8,85.8,3.45,86,86,136
202300045,2024-2025-2,汽车工程学院,车辆工程,83.7,89.0,2.82,129,129,136
202300045,2025-2026-1,汽车工程学院,车辆工程,93.1,89.1,3.23,133,133,136
202300045,2025-2026-2,汽车工程学院,车辆工程,87.6,91.8,3.89,51,51,136
202300046,2023-2024-1,汽车工程学院,车辆工程,84.5,75.2,3.37,125,125,136
202300046,2023-2024-2,汽车工程学院,车辆工程,74.8,88.4,3.57,82,82,136
202300046,2024-2025-1,汽车工程学院,车辆工程,93.2,79.9,3.96,128,128,136
202300046,2024-2025-2,汽车工程学院,车辆工程,71.8,69.9,3.58,32,32,136
202300046,2025-2026-1,汽车工程学院,车辆工程,75.4,76.9,3.44,88,88,136
202300046,2025-2026-2,汽车工程学院,车辆工程,82.6,78.5,3.83,9,9,136
202300047,2023-2024-1,汽车工程学院,车辆工程,76.8,94.0,2.96,59,59,136
202300047,2023-2024-2,汽车工程学院,车辆工程,94.5,69.7,2.97,129,129,136
202300047,2024-2025-1,汽车工程学院,车辆工程,85.7,73.2,3.88,32,32,136
202300047,2024-2025-2,汽车工程学院,车辆工程,76.6,86.9,3.3,125,125,136
202300047,2025-2026-1,汽车工程学院,车辆工程,79.5,72.6,3.77,5,5,136
202300047,2025-2026-2,汽车工程学院,车辆工程,73.4,78.6,2.82,120,120,136
202300048,2023-2024-1,汽车工程学院,车辆工程,85.7,84.7,3.95,98,98,136
202300048,2023-2024-2,汽车工程学院,车辆工程,89.3,89.0,3.11,95,95,136
202300048,2024-2025-1,汽车工程学院,车辆工程,71.7,73.5,3.29,120,120,136
202300048,2024-2025-2,汽车工程学院,车辆工程,78.3,78.4,3.52,108,108,136
202300048,2025-2026-1,汽车工程学院,车辆工程,73.5,89.5,3.16,10,10,136
202300048,2025-2026-2,汽车工程学院,车辆工程,71.3,85.4,3.1,59,59,136
202300049,2023-2024-1,汽车工程学院,车辆工程,76.5,87.9,2.87,12,12,136
202300049,2023-2024-2,汽车工程学院,车辆工程,84.9,73.2,3.26,91,91,136
202300049,2024-2025-1,汽车工程学院,车辆工程,85.3,80.1,3.0,1,1,136
202300049,2024-2025-2,汽车工程学院,车辆工程,70.4,80.8,3.77,50,50,136
202300049,2025-2026-1,汽车工程学院,车辆工程,87.2,84.9,3.24,38,38,136
202300049,2025-2026-2,汽车工程学院,车辆工程,77.8,74.7,2.96,41,41,136
202300050,2023-2024-1,汽车工程学院,车辆工程,84.1,72.8,2.84,131,131,136
202300050,2023-2024-2,汽车工程学院,车辆工程,72.6,74.8,2.92,53,53,136
202300050,2024-2025-1,汽车工程学院,车辆工程,70.4,90.5,3.17,3,3,136
202300050,2024-2025-2,汽车工程学院,车辆工程,83.0,74.6,3.6,63,63,136
202300050,2025-2026-1,汽车工程学院,车辆工程,88.5,84.5,3.65,18,18,136
202300050,2025-2026-2,汽车工程学院,车辆工程,78.0,85.4,3.23,133,133,136
202300051,2023-2024-1,汽车工程学院,车辆工程,89.5,87.9,3.47,58,58,136
202300051,2023-2024-2,汽车工程学院,车辆工程,94.5,75.1,3.38,70,70,136
202300051,2024-2025-1,汽车工程学院,车辆工程,92.4,87.8,3.41,134,134,136
202300051,2024-2025-2,汽车工程学院,车辆工程,77.9,70.6,3.75,21,21,136
202300051,2025-2026-1,汽车工程学院,车辆工程,81.7,94.9,3.25,43,43,136
202300051,2025-2026-2,汽车工程学院,车辆工程,92.8,78.0,2.73,74,74,136
202300052,2023-2024-1,汽车工程学院,车辆工程,79.8,68.6,3.25,17,17,136
202300052,2023-2024-2,汽车工程学院,车辆工程,80.7,70.6,3.46,40,40,136
202300052,2024-2025-1,汽车工程学院,车辆工程,85.1,78.3,3.08,58,58,136
202300052,2024-2025-2,汽车工程学院,车辆工程,76.4,72.6,3.88,30,30,136
202300052,2025-2026-1,汽车工程学院,车辆工程,72.9,92.3,3.13,12,12,136
202300052,2025-2026-2,汽车工程学院,车辆工程,73.9,84.5,2.74,113,113,136
202300053,2023-2024-1,汽车工程学院,车辆工程,90.1,79.7,3.94,16,16,136
202300053,2023-2024-2,汽车工程学院,车辆工程,79.6,77.7,2.87,130,130,136
202300053,2024-2025-1,汽车工程学院,车辆工程,88.9,86.3,3.93,107,107,136
202300053,2024-2025-2,汽车工程学院,车辆工程,87.0,79.5,2.9,99,99,136
202300053,2025-2026-1,汽车工程学院,车辆工程,74.8,94.2,3.82,33,33,136
202300053,2025-2026-2,汽车工程学院,车辆工程,80.0,87.3,3.57,43,43,136
202300054,2023-2024-1,汽车工程学院,车辆工程,75.2,86.7,3.76,6,6,136
202300054,2023-2024-2,汽车工程学院,车辆工程,85.5,79.1,3.08,81,81,136
202300054,2024-2025-1,汽车工程学院,车辆工程,90.1,90.3,3.95,92,92,136
202300054,2024-2025-2,汽车工程学院,车辆工程,77.6,91.5,3.15,102,102,136
202300054,2025-2026-1,汽车工程学院,车辆工程,78.0,80.7,3.85,63,63,136
202300054,2025-2026-2,汽车工程学院,车辆工程,81.1,83.6,3.2,51,51,136
202300055,2023-2024-1,汽车工程学院,车辆工程,85.5,95.8,3.98,8,8,136
202300055,2023-2024-2,汽车工程学院,车辆工程,88.3,76.0,3.84,16,16,136
202300055,2024-2025-1,汽车工程学院,车辆工程,78.0,69.2,3.98,52,52,136
202300055,2024-2025-2,汽车工程学院,车辆工程,86.8,73.4,3.72,55,55,136
202300055,2025-2026-1,汽车工程学院,车辆工程,94.7,71.2,2.96,86,86,136
202300055,2025-2026-2,汽车工程学院,车辆工程,91.5,92.3,3.87,35,35,136
202300056,2023-2024-1,汽车工程学院,车辆工程,77.5,69.7,2.92,28,28,136
202300056,2023-2024-2,汽车工程学院,车辆工程,89.4,68.0,3.12,35,35,136
202300056,2024-2025-1,汽车工程学院,车辆工程,94.8,92.8,3.89,6,6,136
202300056,2024-2025-2,汽车工程学院,车辆工程,90.0,91.1,3.05,81,81,136
202300056,2025-2026-1,汽车工程学院,车辆工程,82.1,72.7,3.14,18,18,136
202300056,2025-2026-2,汽车工程学院,车辆工程,70.1,87.4,3.98,124,124,136
202300057,2023-2024-1,汽车工程学院,车辆工程,81.3,80.2,3.39,126,126,136
202300057,2023-2024-2,汽车工程学院,车辆工程,70.0,94.4,3.17,15,15,136
202300057,2024-2025-1,汽车工程学院,车辆工程,92.7,95.4,3.42,30,30,136
202300057,2024-2025-2,汽车工程学院,车辆工程,74.1,81.1,3.71,79,79,136
202300057,2025-2026-1,汽车工程学院,车辆工程,71.8,91.8,3.74,68,68,136
202300057,2025-2026-2,汽车工程学院,车辆工程,75.7,82.4,2.89,115,115,136
202300058,2023-2024-1,汽车工程学院,车辆工程,81.3,79.0,3.86,86,86,136
202300058,2023-2024-2,汽车工程学院,车辆工程,74.7,95.0,2.75,75,75,136
202300058,2024-2025-1,汽车工程学院,车辆工程,86.4,92.9,2.75,26,26,136
202300058,2024-2025-2,汽车工程学院,车辆工程,71.0,72.8,3.92,130,130,136
202300058,2025-2026-1,汽车工程学院,车辆工程,85.1,84.3,3.77,44,44,136
202300058,2025-2026-2,汽车工程学院,车辆工程,91.8,93.3,3.83,107,107,136
202300059,2023-2024-1,汽车工程学院,车辆工程,89.6,90.9,3.59,48,48,136
202300059,2023-2024-2,汽车工程学院,车辆工程,92.9,73.7,3.73,97,97,136
202300059,2024-2025-1,汽车工程学院,车辆工程,90.2,71.7,2.78,48,48,136
202300059,2024-2025-2,汽车工程学院,车辆工程,79.1,71.2,3.57,61,61,136
202300059,2025-2026-1,汽车工程学院,车辆工程,74.6,85.8,3.95,12,12,136
202300059,2025-2026-2,汽车工程学院,车辆工程,85.8,83.6,3.4,126,126,136
202300060,2023-2024-1,汽车工程学院,车辆工程,81.2,79.4,3.66,41,41,136
202300060,2023-2024-2,汽车工程学院,车辆工程,75.8,79.1,3.17,117,117,136
202300060,2024-2025-1,汽车工程学院,车辆工程,87.9,81.0,3.69,98,98,136
202300060,2024-2025-2,汽车工程学院,车辆工程,79.9,82.8,2.96,131,131,136
202300060,2025-2026-1,汽车工程学院,车辆工程,79.0,77.2,3.85,12,12,136
202300060,2025-2026-2,汽车工程学院,车辆工程,80.8,69.9,3.39,50,50,136
202300061,2023-2024-1,汽车工程学院,车辆工程,74.8,71.3,3.99,97,97,136
202300061,2023-2024-2,汽车工程学院,车辆工程,79.4,79.1,2.95,6,6,136
202300061,2024-2025-1,汽车工程学院,车辆工程,83.2,82.9,2.79,94,94,136
202300061,2024-2025-2,汽车工程学院,车辆工程,86.9,95.2,2.85,66,66,136
202300061,2025-2026-1,汽车工程学院,车辆工程,86.0,86.7,2.71,47,47,136
202300061,2025-2026-2,汽车工程学院,车辆工程,72.7,84.6,3.84,129,129,136
202300062,2023-2024-1,汽车工程学院,车辆工程,91.7,87.3,3.25,129,129,136
202300062,2023-2024-2,汽车工程学院,车辆工程,71.7,93.9,3.49,106,106,136
202300062,2024-2025-1,汽车工程学院,车辆工程,73.4,87.9,3.45,113,113,136
202300062,2024-2025-2,汽车工程学院,车辆工程,72.8,73.9,3.12,97,97,136
202300062,2025-2026-1,汽车工程学院,车辆工程,89.4,93.4,2.92,8,8,136
202300062,2025-2026-2,汽车工程学院,车辆工程,80.3,81.7,3.25,102,102,136
202300063,2023-2024-1,汽车工程学院,车辆工程,70.6,84.8,3.07,64,64,136
202300063,2023-2024-2,汽车工程学院,车辆工程,77.5,73.9,3.91,132,132,136
202300063,2024-2025-1,汽车工程学院,车辆工程,74.5,77.6,2.99,30,30,136
202300063,2024-2025-2,汽车工程学院,车辆工程,73.2,94.2,2.8,100,100,136
202300063,2025-2026-1,汽车工程学院,车辆工程,81.6,75.3,3.13,65,65,136
202300063,2025-2026-2,汽车工程学院,车辆工程,71.9,90.8,3.18,95,95,136
202300064,2023-2024-1,汽车工程学院,车辆工程,87.7,93.3,3.47,131,131,136
202300064,2023-2024-2,汽车工程学院,车辆工程,84.2,85.4,3.13,101,101,136
202300064,2024-2025-1,汽车工程学院,车辆工程,77.6,86.1,2.9,130,130,136
202300064,2024-2025-2,汽车工程学院,车辆工程,87.9,81.1,3.36,69,69,136
202300064,2025-2026-1,汽车工程学院,车辆工程,79.7,93.1,3.35,109,109,136
202300064,2025-2026-2,汽车工程学院,车辆工程,74.8,81.4,3.77,101,101,136
202300065,2023-2024-1,汽车工程学院,车辆工程,86.5,86.6,2.84,128,128,136
202300065,2023-2024-2,汽车工程学院,车辆工程,87.2,72.6,3.91,12,12,136
202300065,2024-2025-1,汽车工程学院,车辆工程,91.7,95.1,3.66,101,101,136
202300065,2024-2025-2,汽车工程学院,车辆工程,85.3,80.5,3.87,51,51,136
202300065,2025-2026-1,汽车工程学院,车辆工程,80.8,86.3,2.75,95,95,136
202300065,2025-2026-2,汽车工程学院,车辆工程,85.5,86.4,2.94,17,17,136
202300066,2023-2024-1,汽车工程学院,车辆工程,85.9,69.3,3.96,26,26,136
202300066,2023-2024-2,汽车工程学院,车辆工程,82.9,82.1,3.9,83,83,136
202300066,2024-2025-1,汽车工程学院,车辆工程,71.2,82.1,3.68,20,20,136
202300066,2024-2025-2,汽车工程学院,车辆工程,88.5,75.4,3.08,119,119,136
202300066,2025-2026-1,汽车工程学院,车辆工程,91.8,78.8,3.62,92,92,136
202300066,2025-2026-2,汽车工程学院,车辆工程,74.6,68.3,3.74,94,94,136
202300067,2023-2024-1,汽车工程学院,车辆工程,90.8,79.4,3.25,44,44,136
202300067,2023-2024-2,汽车工程学院,车辆工程,88.4,77.7,3.32,86,86,136
202300067,2024-2025-1,汽车工程学院,车辆工程,83.0,90.2,3.58,59,59,136
202300067,2024-2025-2,汽车工程学院,车辆工程,91.2,78.8,3.61,104,104,136
202300067,2025-2026-1,汽车工程学院,车辆工程,78.6,70.8,3.04,26,26,136
202300067,2025-2026-2,汽车工程学院,车辆工程,88.4,71.8,2.9,136,136,136
202300068,2023-2024-1,汽车工程学院,车辆工程,74.7,74.6,3.11,51,51,136
202300068,2023-2024-2,汽车工程学院,车辆工程,89.0,91.8,3.81,79,79,136
202300068,2024-2025-1,汽车工程学院,车辆工程,71.5,92.1,3.75,104,104,136
202300068,2024-2025-2,汽车工程学院,车辆工程,70.5,78.4,3.54,71,71,136
202300068,2025-2026-1,汽车工程学院,车辆工程,81.7,84.6,3.03,84,84,136
202300068,2025-2026-2,汽车工程学院,车辆工程,79.4,74.0,3.4,40,40,136
202300069,2023-2024-1,汽车工程学院,车辆工程,91.9,70.2,2.89,50,50,136
202300069,2023-2024-2,汽车工程学院,车辆工程,80.1,74.6,2.89,73,73,136
202300069,2024-2025-1,汽车工程学院,车辆工程,72.7,69.3,3.57,40,40,136
202300069,2024-2025-2,汽车工程学院,车辆工程,92.5,77.0,3.91,19,19,136
202300069,2025-2026-1,汽车工程学院,车辆工程,74.7,91.2,3.7,44,44,136
202300069,2025-2026-2,汽车工程学院,车辆工程,79.8,74.3,2.94,60,60,136
202300070,2023-2024-1,汽车工程学院,车辆工程,78.6,78.9,2.84,59,59,136
202300070,2023-2024-2,汽车工程学院,车辆工程,73.0,72.6,3.34,81,81,136
202300070,2024-2025-1,汽车工程学院,车辆工程,77.5,79.2,2.76,130,130,136
202300070,2024-2025-2,汽车工程学院,车辆工程,70.1,86.2,3.58,45,45,136
202300070,2025-2026-1,汽车工程学院,车辆工程,93.4,93.2,2.99,8,8,136
202300070,2025-2026-2,汽车工程学院,车辆工程,85.4,90.8,3.39,105,105,136
202300071,2023-2024-1,汽车工程学院,车辆工程,83.7,92.1,3.41,6,6,136
202300071,2023-2024-2,汽车工程学院,车辆工程,79.8,94.0,3.62,118,118,136
202300071,2024-2025-1,汽车工程学院,车辆工程,71.5,82.3,3.17,99,99,136
202300071,2024-2025-2,汽车工程学院,车辆工程,92.4,73.5,3.41,95,95,136
202300071,2025-2026-1,汽车工程学院,车辆工程,76.6,75.7,3.59,82,82,136
202300071,2025-2026-2,汽车工程学院,车辆工程,91.7,93.2,3.83,75,75,136
202300072,2023-2024-1,汽车工程学院,车辆工程,90.9,68.5,3.46,66,66,136
202300072,2023-2024-2,汽车工程学院,车辆工程,83.6,76.2,2.88,136,136,136
202300072,2024-2025-1,汽车工程学院,车辆工程,74.3,81.3,3.6,53,53,136
202300072,2024-2025-2,汽车工程学院,车辆工程,84.6,88.6,3.76,77,77,136
202300072,2025-2026-1,汽车工程学院,车辆工程,75.5,88.8,3.41,123,123,136
202300072,2025-2026-2,汽车工程学院,车辆工程,71.6,79.2,2.99,82,82,136
202300073,2023-2024-1,汽车工程学院,车辆工程,91.6,91.1,3.51,122,122,136
202300073,2023-2024-2,汽车工程学院,车辆工程,79.0,68.5,3.38,116,116,136
202300073,2024-2025-1,汽车工程学院,车辆工程,78.6,88.7,2.75,88,88,136
202300073,2024-2025-2,汽车工程学院,车辆工程,84.6,90.3,3.77,61,61,136
202300073,2025-2026-1,汽车工程学院,车辆工程,90.3,81.5,3.74,10,10,136
202300073,2025-2026-2,汽车工程学院,车辆工程,78.2,90.9,3.04,77,77,136
202300074,2023-2024-1,汽车工程学院,车辆工程,90.9,69.1,2.97,71,71,136
202300074,2023-2024-2,汽车工程学院,车辆工程,84.2,95.0,3.7,61,61,136
202300074,2024-2025-1,汽车工程学院,车辆工程,70.4,89.7,3.72,51,51,136
202300074,2024-2025-2,汽车工程学院,车辆工程,78.2,87.4,3.2,2,2,136
202300074,2025-2026-1,汽车工程学院,车辆工程,93.4,70.3,2.76,57,57,136
202300074,2025-2026-2,汽车工程学院,车辆工程,71.6,83.0,2.81,113,113,136
202300075,2023-2024-1,汽车工程学院,车辆工程,86.1,74.7,2.84,75,75,136
202300075,2023-2024-2,汽车工程学院,车辆工程,84.6,70.1,3.05,125,125,136
202300075,2024-2025-1,汽车工程学院,车辆工程,79.0,85.7,3.34,50,50,136
202300075,2024-2025-2,汽车工程学院,车辆工程,84.6,69.3,3.48,50,50,136
202300075,2025-2026-1,汽车工程学院,车辆工程,89.6,80.5,2.9,54,54,136
202300075,2025-2026-2,汽车工程学院,车辆工程,77.2,90.6,3.42,24,24,136
202300076,2023-2024-1,汽车工程学院,车辆工程,73.1,86.7,2.78,6,6,136
202300076,2023-2024-2,汽车工程学院,车辆工程,94.3,94.8,3.54,68,68,136
202300076,2024-2025-1,汽车工程学院,车辆工程,74.0,70.7,3.44,62,62,136
202300076,2024-2025-2,汽车工程学院,车辆工程,85.5,85.1,3.93,80,80,136
202300076,2025-2026-1,汽车工程学院,车辆工程,70.5,91.9,3.89,116,116,136
202300076,2025-2026-2,汽车工程学院,车辆工程,88.5,89.9,3.44,120,120,136
202300077,2023-2024-1,汽车工程学院,车辆工程,78.9,89.0,3.2,14,14,136
202300077,2023-2024-2,汽车工程学院,车辆工程,84.0,76.9,3.92,50,50,136
202300077,2024-2025-1,汽车工程学院,车辆工程,83.8,83.7,3.11,96,96,136
202300077,2024-2025-2,汽车工程学院,车辆工程,92.0,68.8,2.76,89,89,136
202300077,2025-2026-1,汽车工程学院,车辆工程,83.9,71.0,2.89,65,65,136
202300077,2025-2026-2,汽车工程学院,车辆工程,90.8,94.9,3.82,61,61,136
202300078,2023-2024-1,汽车工程学院,车辆工程,73.1,84.7,3.87,67,67,136
202300078,2023-2024-2,汽车工程学院,车辆工程,77.7,94.4,3.89,70,70,136
202300078,2024-2025-1,汽车工程学院,车辆工程,77.5,90.0,3.01,84,84,136
202300078,2024-2025-2,汽车工程学院,车辆工程,70.3,93.1,3.46,61,61,136
202300078,2025-2026-1,汽车工程学院,车辆工程,88.6,88.7,3.01,124,124,136
202300078,2025-2026-2,汽车工程学院,车辆工程,83.4,90.5,2.95,69,69,136
202300079,2023-2024-1,汽车工程学院,车辆工程,92.9,77.7,3.82,115,115,136
202300079,2023-2024-2,汽车工程学院,车辆工程,73.2,87.3,2.88,63,63,136
202300079,2024-2025-1,汽车工程学院,车辆工程,80.4,71.9,3.09,120,120,136
202300079,2024-2025-2,汽车工程学院,车辆工程,91.8,94.7,3.69,36,36,136
202300079,2025-2026-1,汽车工程学院,车辆工程,73.8,80.3,3.56,17,17,136
202300079,2025-2026-2,汽车工程学院,车辆工程,87.0,71.2,3.75,37,37,136
202300080,2023-2024-1,汽车工程学院,车辆工程,70.9,71.9,3.71,110,110,136
202300080,2023-2024-2,汽车工程学院,车辆工程,85.6,86.6,2.74,77,77,136
202300080,2024-2025-1,汽车工程学院,车辆工程,72.8,94.1,3.06,37,37,136
202300080,2024-2025-2,汽车工程学院,车辆工程,87.5,89.7,3.77,11,11,136
202300080,2025-2026-1,汽车工程学院,车辆工程,86.3,93.6,2.72,87,87,136
202300080,2025-2026-2,汽车工程学院,车辆工程,77.1,95.0,2.94,14,14,136
202300081,2023-2024-1,汽车工程学院,车辆工程,86.3,76.0,3.19,53,53,136
202300081,2023-2024-2,汽车工程学院,车辆工程,72.8,73.7,3.48,51,51,136
202300081,2024-2025-1,汽车工程学院,车辆工程,78.2,85.1,3.71,71,71,136
202300081,2024-2025-2,汽车工程学院,车辆工程,92.8,90.8,3.7,70,70,136
202300081,2025-2026-1,汽车工程学院,车辆工程,76.4,72.7,3.44,61,61,136
202300081,2025-2026-2,汽车工程学院,车辆工程,85.7,89.0,3.87,48,48,136
202300082,2023-2024-1,汽车工程学院,车辆工程,80.8,91.9,3.23,122,122,136
202300082,2023-2024-2,汽车工程学院,车辆工程,92.6,71.0,3.81,39,39,136
202300082,2024-2025-1,汽车工程学院,车辆工程,87.3,70.5,3.03,11,11,136
202300082,2024-2025-2,汽车工程学院,车辆工程,87.2,93.4,3.27,43,43,136
202300082,2025-2026-1,汽车工程学院,车辆工程,78.1,84.4,3.63,123,123,136
202300082,2025-2026-2,汽车工程学院,车辆工程,71.8,75.0,3.82,121,121,136
202300083,2023-2024-1,汽车工程学院,车辆工程,91.4,74.1,3.68,42,42,136
202300083,2023-2024-2,汽车工程学院,车辆工程,82.0,71.6,3.95,80,80,136
202300083,2024-2025-1,汽车工程学院,车辆工程,75.9,91.1,3.0,89,89,136
202300083,2024-2025-2,汽车工程学院,车辆工程,82.3,95.0,3.44,14,14,136
202300083,2025-2026-1,汽车工程学院,车辆工程,75.3,74.8,3.19,86,86,136
202300083,2025-2026-2,汽车工程学院,车辆工程,71.5,77.2,3.09,26,26,136
202300084,2023-2024-1,汽车工程学院,车辆工程,88.4,83.2,3.35,134,134,136
202300084,2023-2024-2,汽车工程学院,车辆工程,91.8,71.5,3.76,32,32,136
202300084,2024-2025-1,汽车工程学院,车辆工程,84.7,77.5,2.86,16,16,136
202300084,2024-2025-2,汽车工程学院,车辆工程,83.6,78.4,2.97,2,2,136
202300084,2025-2026-1,汽车工程学院,车辆工程,77.5,76.2,3.27,13,13,136
202300084,2025-2026-2,汽车工程学院,车辆工程,87.8,95.7,3.86,35,35,136
202300085,2023-2024-1,汽车工程学院,车辆工程,74.1,94.0,3.96,20,20,136
202300085,2023-2024-2,汽车工程学院,车辆工程,89.3,86.3,2.71,112,112,136
202300085,2024-2025-1,汽车工程学院,车辆工程,74.2,82.5,3.92,124,124,136
202300085,2024-2025-2,汽车工程学院,车辆工程,84.5,78.3,3.71,39,39,136
202300085,2025-2026-1,汽车工程学院,车辆工程,84.8,95.8,3.68,48,48,136
202300085,2025-2026-2,汽车工程学院,车辆工程,77.0,74.5,3.56,66,66,136
202300086,2023-2024-1,汽车工程学院,车辆工程,75.3,85.8,3.66,41,41,136
202300086,2023-2024-2,汽车工程学院,车辆工程,95.0,79.1,3.33,93,93,136
202300086,2024-2025-1,汽车工程学院,车辆工程,78.8,81.7,2.81,61,61,136
202300086,2024-2025-2,汽车工程学院,车辆工程,74.8,74.9,3.03,27,27,136
202300086,2025-2026-1,汽车工程学院,车辆工程,79.9,92.7,3.28,88,88,136
202300086,2025-2026-2,汽车工程学院,车辆工程,83.2,72.5,3.9,115,115,136
202300087,2023-2024-1,汽车工程学院,车辆工程,94.7,88.1,2.84,68,68,136
202300087,2023-2024-2,汽车工程学院,车辆工程,76.4,90.7,3.34,78,78,136
202300087,2024-2025-1,汽车工程学院,车辆工程,90.1,83.4,3.64,85,85,136
202300087,2024-2025-2,汽车工程学院,车辆工程,73.3,74.1,2.99,108,108,136
202300087,2025-2026-1,汽车工程学院,车辆工程,86.5,77.4,3.69,109,109,136
202300087,2025-2026-2,汽车工程学院,车辆工程,93.2,69.4,3.54,54,54,136
202300088,2023-2024-1,汽车工程学院,车辆工程,75.5,88.7,3.43,93,93,136
202300088,2023-2024-2,汽车工程学院,车辆工程,91.6,92.4,3.44,24,24,136
202300088,2024-2025-1,汽车工程学院,车辆工程,81.1,68.4,3.4,79,79,136
202300088,2024-2025-2,汽车工程学院,车辆工程,75.7,87.1,2.9,46,46,136
202300088,2025-2026-1,汽车工程学院,车辆工程,92.4,87.8,3.15,108,108,136
202300088,2025-2026-2,汽车工程学院,车辆工程,77.4,88.2,3.7,17,17,136
202300089,2023-2024-1,汽车工程学院,车辆工程,76.6,86.9,3.14,95,95,136
202300089,2023-2024-2,汽车工程学院,车辆工程,84.5,93.1,3.62,49,49,136
202300089,2024-2025-1,汽车工程学院,车辆工程,70.2,94.4,3.97,114,114,136
202300089,2024-2025-2,汽车工程学院,车辆工程,78.5,85.5,3.38,111,111,136
202300089,2025-2026-1,汽车工程学院,车辆工程,87.2,87.1,3.37,65,65,136
202300089,2025-2026-2,汽车工程学院,车辆工程,94.4,69.7,3.92,39,39,136
202300090,2023-2024-1,汽车工程学院,车辆工程,93.2,76.7,3.49,2,2,136
202300090,2023-2024-2,汽车工程学院,车辆工程,88.1,72.5,2.83,105,105,136
202300090,2024-2025-1,汽车工程学院,车辆工程,81.8,89.0,3.94,103,103,136
202300090,2024-2025-2,汽车工程学院,车辆工程,70.3,82.4,2.99,123,123,136
202300090,2025-2026-1,汽车工程学院,车辆工程,91.3,68.3,3.15,94,94,136
202300090,2025-2026-2,汽车工程学院,车辆工程,77.3,95.6,3.34,110,110,136
202300091,2023-2024-1,汽车工程学院,车辆工程,81.9,73.0,2.93,117,117,136
202300091,2023-2024-2,汽车工程学院,车辆工程,76.9,74.8,3.24,136,136,136
202300091,2024-2025-1,汽车工程学院,车辆工程,89.0,68.5,3.76,44,44,136
202300091,2024-2025-2,汽车工程学院,车辆工程,75.1,77.3,3.9,99,99,136
202300091,2025-2026-1,汽车工程学院,车辆工程,72.9,93.2,2.75,118,118,136
202300091,2025-2026-2,汽车工程学院,车辆工程,81.0,87.7,3.44,75,75,136
202300092,2023-2024-1,汽车工程学院,车辆工程,72.4,87.0,3.91,53,53,136
202300092,2023-2024-2,汽车工程学院,车辆工程,94.0,93.3,3.04,49,49,136
202300092,2024-2025-1,汽车工程学院,车辆工程,93.6,70.8,3.06,134,134,136
202300092,2024-2025-2,汽车工程学院,车辆工程,76.5,85.2,2.75,36,36,136
202300092,2025-2026-1,汽车工程学院,车辆工程,91.4,70.5,3.59,125,125,136
202300092,2025-2026-2,汽车工程学院,车辆工程,88.3,95.5,4.0,68,68,136
202300093,2023-2024-1,汽车工程学院,车辆工程,87.3,84.9,3.59,129,129,136
202300093,2023-2024-2,汽车工程学院,车辆工程,70.3,83.2,3.97,56,56,136
202300093,2024-2025-1,汽车工程学院,车辆工程,71.2,86.3,3.22,3,3,136
202300093,2024-2025-2,汽车工程学院,车辆工程,85.7,91.9,3.5,118,118,136
202300093,2025-2026-1,汽车工程学院,车辆工程,81.9,90.9,3.64,124,124,136
202300093,2025-2026-2,汽车工程学院,车辆工程,83.4,93.2,3.11,100,100,136
202300094,2023-2024-1,汽车工程学院,车辆工程,89.6,84.7,3.19,38,38,136
202300094,2023-2024-2,汽车工程学院,车辆工程,84.8,68.1,3.24,2,2,136
202300094,2024-2025-1,汽车工程学院,车辆工程,94.1,73.6,3.5,129,129,136
202300094,2024-2025-2,汽车工程学院,车辆工程,75.2,88.7,3.52,7,7,136
202300094,2025-2026-1,汽车工程学院,车辆工程,72.4,91.2,3.91,57,57,136
202300094,2025-2026-2,汽车工程学院,车辆工程,89.6,74.3,3.84,30,30,136
202300095,2023-2024-1,汽车工程学院,车辆工程,73.6,80.7,2.8,104,104,136
202300095,2023-2024-2,汽车工程学院,车辆工程,78.9,89.1,3.54,27,27,136
202300095,2024-2025-1,汽车工程学院,车辆工程,90.0,86.6,3.97,2,2,136
202300095,2024-2025-2,汽车工程学院,车辆工程,80.2,88.1,3.63,85,85,136
202300095,2025-2026-1,汽车工程学院,车辆工程,90.2,85.3,3.85,2,2,136
202300095,2025-2026-2,汽车工程学院,车辆工程,93.7,92.3,3.78,79,79,136
202300096,2023-2024-1,汽车工程学院,车辆工程,76.7,78.5,2.84,29,29,136
202300096,2023-2024-2,汽车工程学院,车辆工程,70.9,92.5,3.01,88,88,136
202300096,2024-2025-1,汽车工程学院,车辆工程,90.8,77.5,2.79,109,109,136
202300096,2024-2025-2,汽车工程学院,车辆工程,94.6,68.6,3.21,59,59,136
202300096,2025-2026-1,汽车工程学院,车辆工程,83.9,94.0,3.54,19,19,136
202300096,2025-2026-2,汽车工程学院,车辆工程,87.7,83.6,3.47,74,74,136
202300097,2023-2024-1,汽车工程学院,车辆工程,86.5,86.3,2.76,81,81,136
202300097,2023-2024-2,汽车工程学院,车辆工程,79.5,85.2,3.22,116,116,136
202300097,2024-2025-1,汽车工程学院,车辆工程,93.1,85.6,3.83,52,52,136
202300097,2024-2025-2,汽车工程学院,车辆工程,89.6,74.5,2.82,40,40,136
202300097,2025-2026-1,汽车工程学院,车辆工程,76.6,87.8,3.33,72,72,136
202300097,2025-2026-2,汽车工程学院,车辆工程,90.9,87.0,3.1,101,101,136
202300098,2023-2024-1,汽车工程学院,车辆工程,78.0,77.0,3.25,125,125,136
202300098,2023-2024-2,汽车工程学院,车辆工程,92.5,89.8,3.58,83,83,136
202300098,2024-2025-1,汽车工程学院,车辆工程,74.7,75.3,3.2,51,51,136
202300098,2024-2025-2,汽车工程学院,车辆工程,70.3,76.7,3.15,45,45,136
202300098,2025-2026-1,汽车工程学院,车辆工程,92.3,69.2,3.7,99,99,136
202300098,2025-2026-2,汽车工程学院,车辆工程,86.9,73.7,3.51,132,132,136
202300099,2023-2024-1,汽车工程学院,车辆工程,82.3,78.1,3.9,128,128,136
202300099,2023-2024-2,汽车工程学院,车辆工程,95.0,78.9,3.75,131,131,136
202300099,2024-2025-1,汽车工程学院,车辆工程,79.7,86.5,3.0,94,94,136
202300099,2024-2025-2,汽车工程学院,车辆工程,85.1,83.3,3.2,123,123,136
202300099,2025-2026-1,汽车工程学院,车辆工程,82.7,80.7,3.39,48,48,136
202300099,2025-2026-2,汽车工程学院,车辆工程,94.3,76.6,3.95,19,19,136
202300100,2023-2024-1,汽车工程学院,车辆工程,94.5,87.3,3.11,70,70,136
202300100,2023-2024-2,汽车工程学院,车辆工程,70.5,80.4,3.33,34,34,136
202300100,2024-2025-1,汽车工程学院,车辆工程,73.1,78.0,3.84,9,9,136
202300100,2024-2025-2,汽车工程学院,车辆工程,80.1,79.7,3.68,76,76,136
202300100,2025-2026-1,汽车工程学院,车辆工程,80.8,74.9,3.48,125,125,136
202300100,2025-2026-2,汽车工程学院,车辆工程,92.3,73.0,3.89,11,11,136
202300101,2023-2024-1,汽车工程学院,车辆工程,86.8,95.4,3.4,114,114,136
202300101,2023-2024-2,汽车工程学院,车辆工程,84.8,78.6,3.03,129,129,136
202300101,2024-2025-1,汽车工程学院,车辆工程,70.6,70.8,3.58,54,54,136
202300101,2024-2025-2,汽车工程学院,车辆工程,70.7,77.3,2.86,129,129,136
202300101,2025-2026-1,汽车工程学院,车辆工程,91.8,78.0,2.83,133,133,136
202300101,2025-2026-2,汽车工程学院,车辆工程,94.3,94.6,3.11,92,92,136
202300102,2023-2024-1,汽车工程学院,车辆工程,75.8,82.0,3.94,60,60,136
202300102,2023-2024-2,汽车工程学院,车辆工程,82.5,84.0,3.81,67,67,136
202300102,2024-2025-1,汽车工程学院,车辆工程,94.4,71.4,2.87,59,59,136
202300102,2024-2025-2,汽车工程学院,车辆工程,80.2,70.5,3.81,28,28,136
202300102,2025-2026-1,汽车工程学院,车辆工程,85.9,90.9,3.69,38,38,136
202300102,2025-2026-2,汽车工程学院,车辆工程,90.7,88.6,2.94,19,19,136
202300103,2023-2024-1,汽车工程学院,车辆工程,94.1,81.0,3.24,103,103,136
202300103,2023-2024-2,汽车工程学院,车辆工程,86.2,90.3,2.82,77,77,136
202300103,2024-2025-1,汽车工程学院,车辆工程,76.3,68.8,2.96,68,68,136
202300103,2024-2025-2,汽车工程学院,车辆工程,72.1,79.1,2.91,57,57,136
202300103,2025-2026-1,汽车工程学院,车辆工程,89.7,87.3,3.96,69,69,136
202300103,2025-2026-2,汽车工程学院,车辆工程,82.0,82.2,2.97,59,59,136
202300104,2023-2024-1,汽车工程学院,车辆工程,90.7,70.8,2.93,124,124,136
202300104,2023-2024-2,汽车工程学院,车辆工程,94.7,81.4,3.1,31,31,136
202300104,2024-2025-1,汽车工程学院,车辆工程,85.5,93.4,3.99,113,113,136
202300104,2024-2025-2,汽车工程学院,车辆工程,86.1,85.2,3.84,8,8,136
202300104,2025-2026-1,汽车工程学院,车辆工程,86.2,89.8,2.76,60,60,136
202300104,2025-2026-2,汽车工程学院,车辆工程,84.1,74.5,2.95,12,12,136
202300105,2023-2024-1,汽车工程学院,车辆工程,88.0,91.9,3.38,96,96,136
202300105,2023-2024-2,汽车工程学院,车辆工程,93.6,90.1,3.31,30,30,136
202300105,2024-2025-1,汽车工程学院,车辆工程,84.5,81.1,3.79,2,2,136
202300105,2024-2025-2,汽车工程学院,车辆工程,70.5,93.5,3.89,125,125,136
202300105,2025-2026-1,汽车工程学院,车辆工程,94.7,81.2,2.72,44,44,136
202300105,2025-2026-2,汽车工程学院,车辆工程,80.1,72.5,3.35,103,103,136
202300106,2023-2024-1,汽车工程学院,车辆工程,72.5,93.2,3.29,15,15,136
202300106,2023-2024-2,汽车工程学院,车辆工程,82.1,73.5,3.2,104,104,136
202300106,2024-2025-1,汽车工程学院,车辆工程,82.6,87.5,3.56,46,46,136
202300106,2024-2025-2,汽车工程学院,车辆工程,76.6,91.4,3.43,107,107,136
202300106,2025-2026-1,汽车工程学院,车辆工程,94.6,74.9,3.45,43,43,136
202300106,2025-2026-2,汽车工程学院,车辆工程,70.6,90.2,3.21,96,96,136
202300107,2023-2024-1,汽车工程学院,车辆工程,73.2,81.2,3.94,103,103,136
202300107,2023-2024-2,汽车工程学院,车辆工程,84.4,91.8,2.77,110,110,136
202300107,2024-2025-1,汽车工程学院,车辆工程,87.8,85.6,3.89,35,35,136
202300107,2024-2025-2,汽车工程学院,车辆工程,71.5,73.5,3.46,133,133,136
202300107,2025-2026-1,汽车工程学院,车辆工程,89.3,92.9,2.9,34,34,136
202300107,2025-2026-2,汽车工程学院,车辆工程,93.9,89.2,3.03,82,82,136
202300108,2023-2024-1,汽车工程学院,车辆工程,77.2,88.2,3.49,103,103,136
202300108,2023-2024-2,汽车工程学院,车辆工程,84.6,70.4,2.95,3,3,136
202300108,2024-2025-1,汽车工程学院,车辆工程,71.3,71.1,3.45,88,88,136
202300108,2024-2025-2,汽车工程学院,车辆工程,82.7,83.4,3.64,47,47,136
202300108,2025-2026-1,汽车工程学院,车辆工程,89.3,95.2,3.06,38,38,136
202300108,2025-2026-2,汽车工程学院,车辆工程,85.9,70.6,3.65,88,88,136
202300109,2023-2024-1,汽车工程学院,车辆工程,78.4,85.5,3.04,66,66,136
202300109,2023-2024-2,汽车工程学院,车辆工程,81.6,90.1,2.87,119,119,136
202300109,2024-2025-1,汽车工程学院,车辆工程,86.7,91.8,3.48,23,23,136
202300109,2024-2025-2,汽车工程学院,车辆工程,79.1,74.5,2.94,17,17,136
202300109,2025-2026-1,汽车工程学院,车辆工程,72.1,78.0,3.57,14,14,136
202300109,2025-2026-2,汽车工程学院,车辆工程,79.7,70.4,3.24,77,77,136
202300110,2023-2024-1,汽车工程学院,车辆工程,89.1,72.4,3.35,111,111,136
202300110,2023-2024-2,汽车工程学院,车辆工程,92.1,79.2,3.59,80,80,136
202300110,2024-2025-1,汽车工程学院,车辆工程,88.4,74.2,3.65,88,88,136
202300110,2024-2025-2,汽车工程学院,车辆工程,79.9,81.9,3.18,30,30,136
202300110,2025-2026-1,汽车工程学院,车辆工程,93.7,84.6,2.93,110,110,136
202300110,2025-2026-2,汽车工程学院,车辆工程,72.7,89.2,2.74,12,12,136
202300111,2023-2024-1,汽车工程学院,车辆工程,86.5,74.4,3.18,25,25,136
202300111,2023-2024-2,汽车工程学院,车辆工程,83.2,84.2,3.01,101,101,136
202300111,2024-2025-1,汽车工程学院,车辆工程,87.6,90.5,3.67,65,65,136
202300111,2024-2025-2,汽车工程学院,车辆工程,89.2,95.6,3.53,65,65,136
202300111,2025-2026-1,汽车工程学院,车辆工程,73.0,86.2,3.82,18,18,136
202300111,2025-2026-2,汽车工程学院,车辆工程,81.5,73.5,2.84,54,54,136
202300112,2023-2024-1,汽车工程学院,车辆工程,77.9,83.2,2.89,19,19,136
202300112,2023-2024-2,汽车工程学院,车辆工程,81.2,91.9,3.06,78,78,136
202300112,2024-2025-1,汽车工程学院,车辆工程,80.6,69.0,3.82,108,108,136
202300112,2024-2025-2,汽车工程学院,车辆工程,70.8,82.1,3.62,38,38,136
202300112,2025-2026-1,汽车工程学院,车辆工程,83.7,86.5,3.88,113,113,136
202300112,2025-2026-2,汽车工程学院,车辆工程,91.9,90.6,3.04,28,28,136
202300113,2023-2024-1,汽车工程学院,车辆工程,81.0,96.0,3.29,93,93,136
202300113,2023-2024-2,汽车工程学院,车辆工程,82.8,70.0,3.35,62,62,136
202300113,2024-2025-1,汽车工程学院,车辆工程,75.2,75.6,3.94,35,35,136
202300113,2024-2025-2,汽车工程学院,车辆工程,79.9,95.0,3.37,53,53,136
202300113,2025-2026-1,汽车工程学院,车辆工程,78.9,68.6,2.87,58,58,136
202300113,2025-2026-2,汽车工程学院,车辆工程,75.9,75.8,2.82,12,12,136
202300114,2023-2024-1,汽车工程学院,车辆工程,88.7,72.1,3.9,123,123,136
202300114,2023-2024-2,汽车工程学院,车辆工程,82.9,76.3,3.26,119,119,136
202300114,2024-2025-1,汽车工程学院,车辆工程,92.3,90.0,3.71,119,119,136
202300114,2024-2025-2,汽车工程学院,车辆工程,93.6,78.1,3.55,100,100,136
202300114,2025-2026-1,汽车工程学院,车辆工程,87.3,76.0,3.43,23,23,136
202300114,2025-2026-2,汽车工程学院,车辆工程,74.1,73.2,3.73,10,10,136
202300115,2023-2024-1,汽车工程学院,车辆工程,87.9,84.2,2.87,18,18,136
202300115,2023-2024-2,汽车工程学院,车辆工程,72.9,90.5,3.12,84,84,136
202300115,2024-2025-1,汽车工程学院,车辆工程,95.0,92.5,3.91,41,41,136
202300115,2024-2025-2,汽车工程学院,车辆工程,72.3,81.1,3.7,61,61,136
202300115,2025-2026-1,汽车工程学院,车辆工程,89.0,86.6,3.37,130,130,136
202300115,2025-2026-2,汽车工程学院,车辆工程,86.1,76.7,3.29,38,38,136
202300116,2023-2024-1,汽车工程学院,车辆工程,92.0,92.6,3.14,50,50,136
202300116,2023-2024-2,汽车工程学院,车辆工程,78.7,79.9,2.75,112,112,136
202300116,2024-2025-1,汽车工程学院,车辆工程,72.9,71.7,3.44,28,28,136
202300116,2024-2025-2,汽车工程学院,车辆工程,79.1,78.7,3.08,131,131,136
202300116,2025-2026-1,汽车工程学院,车辆工程,93.5,73.6,3.46,97,97,136
202300116,2025-2026-2,汽车工程学院,车辆工程,81.9,87.1,2.93,90,90,136
202300117,2023-2024-1,汽车工程学院,车辆工程,89.5,78.8,2.89,46,46,136
202300117,2023-2024-2,汽车工程学院,车辆工程,70.2,80.2,2.93,92,92,136
202300117,2024-2025-1,汽车工程学院,车辆工程,89.2,80.4,3.97,43,43,136
202300117,2024-2025-2,汽车工程学院,车辆工程,72.0,84.9,2.87,15,15,136
202300117,2025-2026-1,汽车工程学院,车辆工程,91.3,83.0,3.24,7,7,136
202300117,2025-2026-2,汽车工程学院,车辆工程,77.4,72.8,3.13,42,42,136
202300118,2023-2024-1,汽车工程学院,车辆工程,75.4,93.1,2.98,89,89,136
202300118,2023-2024-2,汽车工程学院,车辆工程,89.2,81.8,3.74,75,75,136
202300118,2024-2025-1,汽车工程学院,车辆工程,78.4,75.2,3.57,49,49,136
202300118,2024-2025-2,汽车工程学院,车辆工程,89.4,91.3,3.34,44,44,136
202300118,2025-2026-1,汽车工程学院,车辆工程,85.6,90.2,3.46,34,34,136
202300118,2025-2026-2,汽车工程学院,车辆工程,90.2,80.5,3.46,70,70,136
202300119,2023-2024-1,汽车工程学院,车辆工程,93.6,84.8,3.22,130,130,136
202300119,2023-2024-2,汽车工程学院,车辆工程,85.7,81.3,2.81,84,84,136
202300119,2024-2025-1,汽车工程学院,车辆工程,88.1,80.1,3.68,97,97,136
202300119,2024-2025-2,汽车工程学院,车辆工程,90.4,80.2,2.78,45,45,136
202300119,2025-2026-1,汽车工程学院,车辆工程,83.1,83.2,2.85,6,6,136
202300119,2025-2026-2,汽车工程学院,车辆工程,76.1,93.2,3.19,48,48,136
202300120,2023-2024-1,汽车工程学院,车辆工程,72.9,74.5,3.43,78,78,136
202300120,2023-2024-2,汽车工程学院,车辆工程,88.7,78.9,2.76,54,54,136
202300120,2024-2025-1,汽车工程学院,车辆工程,89.9,75.6,3.58,75,75,136
202300120,2024-2025-2,汽车工程学院,车辆工程,90.0,68.6,3.34,7,7,136
202300120,2025-2026-1,汽车工程学院,车辆工程,79.1,71.5,3.97,51,51,136
202300120,2025-2026-2,汽车工程学院,车辆工程,82.5,74.1,3.45,13,13,136
202300121,2023-2024-1,汽车工程学院,车辆工程,91.5,89.1,3.03,107,107,136
202300121,2023-2024-2,汽车工程学院,车辆工程,84.0,83.5,3.28,51,51,136
202300121,2024-2025-1,汽车工程学院,车辆工程,78.3,89.5,3.66,113,113,136
202300121,2024-2025-2,汽车工程学院,车辆工程,72.2,88.8,2.96,96,96,136
202300121,2025-2026-1,汽车工程学院,车辆工程,70.3,72.1,3.29,1,1,136
202300121,2025-2026-2,汽车工程学院,车辆工程,74.5,70.9,2.87,100,100,136
202300122,2023-2024-1,汽车工程学院,车辆工程,90.8,88.3,3.58,105,105,136
202300122,2023-2024-2,汽车工程学院,车辆工程,81.0,84.5,3.02,18,18,136
202300122,2024-2025-1,汽车工程学院,车辆工程,82.9,92.4,3.07,8,8,136
202300122,2024-2025-2,汽车工程学院,车辆工程,92.2,93.7,3.89,128,128,136
202300122,2025-2026-1,汽车工程学院,车辆工程,91.7,91.8,2.83,2,2,136
202300122,2025-2026-2,汽车工程学院,车辆工程,82.2,87.7,3.99,55,55,136
202300123,2023-2024-1,汽车工程学院,车辆工程,73.6,72.9,2.97,19,19,136
202300123,2023-2024-2,汽车工程学院,车辆工程,86.4,83.3,3.4,96,96,136
202300123,2024-2025-1,汽车工程学院,车辆工程,70.8,80.8,3.29,107,107,136
202300123,2024-2025-2,汽车工程学院,车辆工程,81.8,90.9,3.25,67,67,136
202300123,2025-2026-1,汽车工程学院,车辆工程,88.2,84.1,3.86,112,112,136
202300123,2025-2026-2,汽车工程学院,车辆工程,91.5,82.6,3.84,10,10,136
202300124,2023-2024-1,汽车工程学院,车辆工程,85.1,75.1,3.81,62,62,136
202300124,2023-2024-2,汽车工程学院,车辆工程,89.7,86.3,2.99,92,92,136
202300124,2024-2025-1,汽车工程学院,车辆工程,94.1,72.0,3.66,88,88,136
202300124,2024-2025-2,汽车工程学院,车辆工程,77.3,93.7,3.07,84,84,136
202300124,2025-2026-1,汽车工程学院,车辆工程,79.2,68.1,2.83,13,13,136
202300124,2025-2026-2,汽车工程学院,车辆工程,76.3,86.4,3.96,78,78,136
202300125,2023-2024-1,汽车工程学院,车辆工程,70.0,75.7,3.93,32,32,136
202300125,2023-2024-2,汽车工程学院,车辆工程,88.3,82.0,3.82,4,4,136
202300125,2024-2025-1,汽车工程学院,车辆工程,90.0,81.2,2.96,53,53,136
202300125,2024-2025-2,汽车工程学院,车辆工程,80.3,71.0,3.11,26,26,136
202300125,2025-2026-1,汽车工程学院,车辆工程,73.4,82.1,3.98,80,80,136
202300125,2025-2026-2,汽车工程学院,车辆工程,94.7,78.9,2.95,21,21,136
202300126,2023-2024-1,汽车工程学院,车辆工程,84.2,75.6,3.46,78,78,136
202300126,2023-2024-2,汽车工程学院,车辆工程,75.1,74.6,3.5,136,136,136
202300126,2024-2025-1,汽车工程学院,车辆工程,78.5,93.2,2.9,115,115,136
202300126,2024-2025-2,汽车工程学院,车辆工程,78.9,89.6,3.41,125,125,136
202300126,2025-2026-1,汽车工程学院,车辆工程,82.9,76.1,2.71,124,124,136
202300126,2025-2026-2,汽车工程学院,车辆工程,70.5,85.7,3.7,101,101,136
202300127,2023-2024-1,汽车工程学院,车辆工程,82.2,83.8,3.29,54,54,136
202300127,2023-2024-2,汽车工程学院,车辆工程,75.4,68.1,2.98,18,18,136
202300127,2024-2025-1,汽车工程学院,车辆工程,84.7,75.5,3.66,52,52,136
202300127,2024-2025-2,汽车工程学院,车辆工程,74.4,85.6,3.74,29,29,136
202300127,2025-2026-1,汽车工程学院,车辆工程,76.3,80.0,2.78,131,131,136
202300127,2025-2026-2,汽车工程学院,车辆工程,72.6,85.4,2.84,133,133,136
202300128,2023-2024-1,汽车工程学院,车辆工程,80.2,74.4,3.66,8,8,136
202300128,2023-2024-2,汽车工程学院,车辆工程,87.3,83.1,3.89,55,55,136
202300128,2024-2025-1,汽车工程学院,车辆工程,94.7,75.2,3.87,27,27,136
202300128,2024-2025-2,汽车工程学院,车辆工程,77.5,85.3,2.91,34,34,136
202300128,2025-2026-1,汽车工程学院,车辆工程,88.1,93.5,4.0,15,15,136
202300128,2025-2026-2,汽车工程学院,车辆工程,91.4,95.6,3.85,20,20,136
202300129,2023-2024-1,汽车工程学院,车辆工程,83.8,95.5,3.54,43,43,136
202300129,2023-2024-2,汽车工程学院,车辆工程,78.7,90.7,3.18,7,7,136
202300129,2024-2025-1,汽车工程学院,车辆工程,74.0,80.1,3.41,59,59,136
202300129,2024-2025-2,汽车工程学院,车辆工程,91.4,85.1,3.1,133,133,136
202300129,2025-2026-1,汽车工程学院,车辆工程,77.5,84.7,3.91,102,102,136
202300129,2025-2026-2,汽车工程学院,车辆工程,88.7,91.9,2.8,128,128,136
202300130,2023-2024-1,汽车工程学院,车辆工程,86.5,90.6,2.99,30,30,136
202300130,2023-2024-2,汽车工程学院,车辆工程,75.1,77.2,3.53,54,54,136
202300130,2024-2025-1,汽车工程学院,车辆工程,84.0,81.3,2.71,15,15,136
202300130,2024-2025-2,汽车工程学院,车辆工程,77.4,75.3,2.96,90,90,136
202300130,2025-2026-1,汽车工程学院,车辆工程,89.3,89.7,2.99,121,121,136
202300130,2025-2026-2,汽车工程学院,车辆工程,79.9,86.4,3.68,113,113,136
202300131,2023-2024-1,汽车工程学院,车辆工程,77.0,92.2,3.63,71,71,136
202300131,2023-2024-2,汽车工程学院,车辆工程,88.6,93.4,3.85,83,83,136
202300131,2024-2025-1,汽车工程学院,车辆工程,93.3,86.4,3.99,6,6,136
202300131,2024-2025-2,汽车工程学院,车辆工程,77.4,94.4,3.34,89,89,136
202300131,2025-2026-1,汽车工程学院,车辆工程,88.5,69.6,2.72,85,85,136
202300131,2025-2026-2,汽车工程学院,车辆工程,82.0,85.1,3.98,128,128,136
202300132,2023-2024-1,汽车工程学院,车辆工程,76.4,70.0,3.83,101,101,136
202300132,2023-2024-2,汽车工程学院,车辆工程,85.1,76.9,3.22,117,117,136
202300132,2024-2025-1,汽车工程学院,车辆工程,83.1,91.8,3.13,103,103,136
202300132,2024-2025-2,汽车工程学院,车辆工程,82.1,87.3,3.65,69,69,136
202300132,2025-2026-1,汽车工程学院,车辆工程,81.1,90.4,2.74,34,34,136
202300132,2025-2026-2,汽车工程学院,车辆工程,84.7,73.2,3.6,112,112,136
202300133,2023-2024-1,汽车工程学院,车辆工程,76.8,80.0,3.26,6,6,136
202300133,2023-2024-2,汽车工程学院,车辆工程,74.4,76.0,3.64,32,32,136
202300133,2024-2025-1,汽车工程学院,车辆工程,77.4,86.0,3.94,28,28,136
202300133,2024-2025-2,汽车工程学院,车辆工程,87.2,70.8,3.39,8,8,136
202300133,2025-2026-1,汽车工程学院,车辆工程,93.8,88.7,2.95,67,67,136
202300133,2025-2026-2,汽车工程学院,车辆工程,92.4,80.9,2.81,35,35,136
202300134,2023-2024-1,汽车工程学院,车辆工程,94.2,88.3,3.38,8,8,136
202300134,2023-2024-2,汽车工程学院,车辆工程,83.6,76.3,3.95,96,96,136
202300134,2024-2025-1,汽车工程学院,车辆工程,93.0,75.5,3.26,29,29,136
202300134,2024-2025-2,汽车工程学院,车辆工程,73.0,93.1,3.95,97,97,136
202300134,2025-2026-1,汽车工程学院,车辆工程,77.4,95.9,3.01,112,112,136
202300134,2025-2026-2,汽车工程学院,车辆工程,93.8,78.0,3.01,76,76,136
202300135,2023-2024-1,汽车工程学院,车辆工程,83.7,94.6,2.75,84,84,136
202300135,2023-2024-2,汽车工程学院,车辆工程,86.9,69.5,2.84,124,124,136
202300135,2024-2025-1,汽车工程学院,车辆工程,88.6,90.1,3.22,71,71,136
202300135,2024-2025-2,汽车工程学院,车辆工程,89.1,94.6,3.48,22,22,136
202300135,2025-2026-1,汽车工程学院,车辆工程,90.8,89.6,3.43,131,131,136
202300135,2025-2026-2,汽车工程学院,车辆工程,79.6,92.0,3.68,90,90,136
202300136,2023-2024-1,汽车工程学院,车辆工程,91.4,90.3,3.85,38,38,136
202300136,2023-2024-2,汽车工程学院,车辆工程,83.3,72.4,2.81,115,115,136
202300136,2024-2025-1,汽车工程学院,车辆工程,89.0,72.2,3.51,40,40,136
202300136,2024-2025-2,汽车工程学院,车辆工程,79.0,73.4,3.5,118,118,136
202300136,2025-2026-1,汽车工程学院,车辆工程,82.2,73.9,3.29,42,42,136
202300136,2025-2026-2,汽车工程学院,车辆工程,71.4,92.5,3.34,59,59,136
202300137,2023-2024-1,汽车工程学院,能源与动力工程,79.2,71.0,3.0,54,54,68
202300137,2023-2024-2,汽车工程学院,能源与动力工程,70.7,88.4,3.23,24,24,68
202300137,2024-2025-1,汽车工程学院,能源与动力工程,84.0,92.3,3.89,28,28,68
202300137,2024-2025-2,汽车工程学院,能源与动力工程,83.3,71.1,2.73,24,24,68
202300137,2025-2026-1,汽车工程学院,能源与动力工程,81.2,85.6,2.84,58,58,68
202300137,2025-2026-2,汽车工程学院,能源与动力工程,82.6,87.3,3.17,67,67,68
202300138,2023-2024-1,汽车工程学院,能源与动力工程,84.8,93.7,3.14,60,60,68
202300138,2023-2024-2,汽车工程学院,能源与动力工程,83.3,69.3,3.09,9,9,68
202300138,2024-2025-1,汽车工程学院,能源与动力工程,93.0,94.9,3.55,34,34,68
202300138,2024-2025-2,汽车工程学院,能源与动力工程,76.5,73.8,3.31,4,4,68
202300138,2025-2026-1,汽车工程学院,能源与动力工程,77.2,82.2,3.6,20,20,68
202300138,2025-2026-2,汽车工程学院,能源与动力工程,84.1,94.8,3.66,21,21,68
202300139,2023-2024-1,汽车工程学院,能源与动力工程,76.2,87.7,3.26,34,34,68
202300139,2023-2024-2,汽车工程学院,能源与动力工程,73.4,83.6,3.47,48,48,68
202300139,2024-2025-1,汽车工程学院,能源与动力工程,80.6,91.7,3.4,48,48,68
202300139,2024-2025-2,汽车工程学院,能源与动力工程,92.5,83.3,3.92,42,42,68
202300139,2025-2026-1,汽车工程学院,能源与动力工程,71.7,77.0,3.86,60,60,68
202300139,2025-2026-2,汽车工程学院,能源与动力工程,88.4,72.2,3.83,53,53,68
202300140,2023-2024-1,汽车工程学院,能源与动力工程,90.1,84.3,3.75,63,63,68
202300140,2023-2024-2,汽车工程学院,能源与动力工程,76.1,86.1,3.67,13,13,68
202300140,2024-2025-1,汽车工程学院,能源与动力工程,70.1,86.4,3.94,25,25,68
202300140,2024-2025-2,汽车工程学院,能源与动力工程,71.2,80.0,3.24,59,59,68
202300140,2025-2026-1,汽车工程学院,能源与动力工程,71.6,69.7,2.8,26,26,68
202300140,2025-2026-2,汽车工程学院,能源与动力工程,94.5,75.2,3.91,48,48,68
202300141,2023-2024-1,汽车工程学院,能源与动力工程,77.3,78.2,3.58,63,63,68
202300141,2023-2024-2,汽车工程学院,能源与动力工程,93.3,95.1,3.29,34,34,68
202300141,2024-2025-1,汽车工程学院,能源与动力工程,81.1,92.7,3.19,49,49,68
202300141,2024-2025-2,汽车工程学院,能源与动力工程,94.6,75.7,3.59,5,5,68
202300141,2025-2026-1,汽车工程学院,能源与动力工程,71.2,85.2,3.92,18,18,68
202300141,2025-2026-2,汽车工程学院,能源与动力工程,79.8,88.9,3.04,39,39,68
202300142,2023-2024-1,汽车工程学院,能源与动力工程,75.6,89.2,3.43,17,17,68
202300142,2023-2024-2,汽车工程学院,能源与动力工程,71.4,85.6,3.15,8,8,68
202300142,2024-2025-1,汽车工程学院,能源与动力工程,74.9,76.0,3.05,44,44,68
202300142,2024-2025-2,汽车工程学院,能源与动力工程,93.2,82.7,3.85,31,31,68
202300142,2025-2026-1,汽车工程学院,能源与动力工程,70.3,80.8,2.73,14,14,68
202300142,2025-2026-2,汽车工程学院,能源与动力工程,81.0,88.6,3.95,51,51,68
202300143,2023-2024-1,汽车工程学院,能源与动力工程,73.1,94.1,2.94,16,16,68
202300143,2023-2024-2,汽车工程学院,能源与动力工程,78.8,90.7,3.92,40,40,68
202300143,2024-2025-1,汽车工程学院,能源与动力工程,90.9,75.0,3.49,22,22,68
202300143,2024-2025-2,汽车工程学院,能源与动力工程,94.5,76.8,3.62,66,66,68
202300143,2025-2026-1,汽车工程学院,能源与动力工程,79.0,74.9,3.29,30,30,68
202300143,2025-2026-2,汽车工程学院,能源与动力工程,84.8,81.5,3.44,48,48,68
202300144,2023-2024-1,汽车工程学院,能源与动力工程,86.4,95.8,3.9,3,3,68
202300144,2023-2024-2,汽车工程学院,能源与动力工程,82.5,71.6,3.63,59,59,68
202300144,2024-2025-1,汽车工程学院,能源与动力工程,73.2,74.0,3.73,17,17,68
202300144,2024-2025-2,汽车工程学院,能源与动力工程,75.4,80.7,3.88,51,51,68
202300144,2025-2026-1,汽车工程学院,能源与动力工程,77.9,91.3,3.59,63,63,68
202300144,2025-2026-2,汽车工程学院,能源与动力工程,75.2,75.8,3.51,6,6,68
202300145,2023-2024-1,汽车工程学院,能源与动力工程,94.0,90.2,3.52,17,17,68
202300145,2023-2024-2,汽车工程学院,能源与动力工程,76.4,93.9,3.45,8,8,68
202300145,2024-2025-1,汽车工程学院,能源与动力工程,70.2,73.1,3.02,7,7,68
202300145,2024-2025-2,汽车工程学院,能源与动力工程,72.6,83.3,3.86,53,53,68
202300145,2025-2026-1,汽车工程学院,能源与动力工程,78.6,70.4,2.85,34,34,68
202300145,2025-2026-2,汽车工程学院,能源与动力工程,89.9,85.2,3.45,51,51,68
202300146,2023-2024-1,汽车工程学院,能源与动力工程,91.8,80.7,3.99,60,60,68
202300146,2023-2024-2,汽车工程学院,能源与动力工程,86.7,69.8,3.15,54,54,68
202300146,2024-2025-1,汽车工程学院,能源与动力工程,72.1,89.8,3.91,21,21,68
202300146,2024-2025-2,汽车工程学院,能源与动力工程,79.6,90.7,3.31,15,15,68
202300146,2025-2026-1,汽车工程学院,能源与动力工程,95.0,83.1,3.48,27,27,68
202300146,2025-2026-2,汽车工程学院,能源与动力工程,76.3,93.5,3.21,11,11,68
202300147,2023-2024-1,汽车工程学院,能源与动力工程,94.4,92.6,2.77,2,2,68
202300147,2023-2024-2,汽车工程学院,能源与动力工程,80.6,75.1,3.96,44,44,68
202300147,2024-2025-1,汽车工程学院,能源与动力工程,78.7,69.7,3.34,66,66,68
202300147,2024-2025-2,汽车工程学院,能源与动力工程,88.4,82.4,3.85,31,31,68
202300147,2025-2026-1,汽车工程学院,能源与动力工程,80.9,74.8,3.59,24,24,68
202300147,2025-2026-2,汽车工程学院,能源与动力工程,89.1,87.3,3.36,56,56,68
202300148,2023-2024-1,汽车工程学院,能源与动力工程,75.0,85.1,3.52,26,26,68
202300148,2023-2024-2,汽车工程学院,能源与动力工程,84.2,73.9,3.19,46,46,68
202300148,2024-2025-1,汽车工程学院,能源与动力工程,73.9,85.1,2.92,37,37,68
202300148,2024-2025-2,汽车工程学院,能源与动力工程,71.8,82.6,2.92,13,13,68
202300148,2025-2026-1,汽车工程学院,能源与动力工程,83.3,73.1,2.94,23,23,68
202300148,2025-2026-2,汽车工程学院,能源与动力工程,76.2,77.7,2.73,20,20,68
202300149,2023-2024-1,汽车工程学院,能源与动力工程,72.2,75.3,3.92,65,65,68
202300149,2023-2024-2,汽车工程学院,能源与动力工程,90.0,94.6,3.98,2,2,68
202300149,2024-2025-1,汽车工程学院,能源与动力工程,70.7,72.3,2.97,66,66,68
202300149,2024-2025-2,汽车工程学院,能源与动力工程,73.6,87.8,3.43,18,18,68
202300149,2025-2026-1,汽车工程学院,能源与动力工程,93.8,95.4,2.95,20,20,68
202300149,2025-2026-2,汽车工程学院,能源与动力工程,82.9,78.3,3.98,35,35,68
202300150,2023-2024-1,汽车工程学院,能源与动力工程,92.1,78.4,3.21,9,9,68
202300150,2023-2024-2,汽车工程学院,能源与动力工程,77.6,85.4,3.86,16,16,68
202300150,2024-2025-1,汽车工程学院,能源与动力工程,83.0,79.9,3.8,66,66,68
202300150,2024-2025-2,汽车工程学院,能源与动力工程,85.7,90.5,3.29,38,38,68
202300150,2025-2026-1,汽车工程学院,能源与动力工程,76.9,82.2,3.58,46,46,68
202300150,2025-2026-2,汽车工程学院,能源与动力工程,73.4,72.3,3.35,7,7,68
202300151,2023-2024-1,汽车工程学院,能源与动力工程,72.7,90.8,2.98,44,44,68
202300151,2023-2024-2,汽车工程学院,能源与动力工程,85.4,81.2,3.58,61,61,68
202300151,2024-2025-1,汽车工程学院,能源与动力工程,90.7,92.7,2.78,11,11,68
202300151,2024-2025-2,汽车工程学院,能源与动力工程,74.6,81.4,2.94,41,41,68
202300151,2025-2026-1,汽车工程学院,能源与动力工程,78.7,87.4,3.6,19,19,68
202300151,2025-2026-2,汽车工程学院,能源与动力工程,71.0,92.0,3.24,37,37,68
202300152,2023-2024-1,汽车工程学院,能源与动力工程,90.8,75.3,3.45,22,22,68
202300152,2023-2024-2,汽车工程学院,能源与动力工程,77.8,86.6,2.74,50,50,68
202300152,2024-2025-1,汽车工程学院,能源与动力工程,71.2,74.6,3.49,26,26,68
202300152,2024-2025-2,汽车工程学院,能源与动力工程,94.8,94.6,3.52,47,47,68
202300152,2025-2026-1,汽车工程学院,能源与动力工程,83.9,83.0,3.59,55,55,68
202300152,2025-2026-2,汽车工程学院,能源与动力工程,79.1,90.7,3.05,50,50,68
202300153,2023-2024-1,汽车工程学院,能源与动力工程,72.1,73.7,3.24,60,60,68
202300153,2023-2024-2,汽车工程学院,能源与动力工程,93.4,78.8,3.63,47,47,68
202300153,2024-2025-1,汽车工程学院,能源与动力工程,70.7,69.4,3.96,12,12,68
202300153,2024-2025-2,汽车工程学院,能源与动力工程,88.7,81.4,3.79,48,48,68
202300153,2025-2026-1,汽车工程学院,能源与动力工程,80.0,93.2,2.83,45,45,68
202300153,2025-2026-2,汽车工程学院,能源与动力工程,82.9,90.3,3.46,55,55,68
202300154,2023-2024-1,汽车工程学院,能源与动力工程,85.7,78.2,2.9,24,24,68
202300154,2023-2024-2,汽车工程学院,能源与动力工程,89.6,79.8,3.42,13,13,68
202300154,2024-2025-1,汽车工程学院,能源与动力工程,73.4,73.4,3.03,59,59,68
202300154,2024-2025-2,汽车工程学院,能源与动力工程,74.0,81.6,3.9,21,21,68
202300154,2025-2026-1,汽车工程学院,能源与动力工程,76.9,72.2,3.0,56,56,68
202300154,2025-2026-2,汽车工程学院,能源与动力工程,74.1,83.0,3.24,13,13,68
202300155,2023-2024-1,汽车工程学院,能源与动力工程,76.5,89.2,3.06,42,42,68
202300155,2023-2024-2,汽车工程学院,能源与动力工程,78.3,88.1,3.28,55,55,68
202300155,2024-2025-1,汽车工程学院,能源与动力工程,93.1,79.5,3.75,61,61,68
202300155,2024-2025-2,汽车工程学院,能源与动力工程,90.8,74.6,3.28,53,53,68
202300155,2025-2026-1,汽车工程学院,能源与动力工程,71.3,80.8,3.6,56,56,68
202300155,2025-2026-2,汽车工程学院,能源与动力工程,70.2,87.2,2.92,50,50,68
202300156,2023-2024-1,汽车工程学院,能源与动力工程,87.7,73.3,3.74,33,33,68
202300156,2023-2024-2,汽车工程学院,能源与动力工程,88.3,94.8,3.62,10,10,68
202300156,2024-2025-1,汽车工程学院,能源与动力工程,93.5,89.1,3.29,52,52,68
202300156,2024-2025-2,汽车工程学院,能源与动力工程,80.5,90.8,2.82,24,24,68
202300156,2025-2026-1,汽车工程学院,能源与动力工程,90.1,69.0,2.86,4,4,68
202300156,2025-2026-2,汽车工程学院,能源与动力工程,75.3,86.0,3.81,18,18,68
202300157,2023-2024-1,汽车工程学院,能源与动力工程,79.6,83.4,3.36,28,28,68
202300157,2023-2024-2,汽车工程学院,能源与动力工程,71.0,86.2,3.03,14,14,68
202300157,2024-2025-1,汽车工程学院,能源与动力工程,89.9,73.2,3.23,66,66,68
202300157,2024-2025-2,汽车工程学院,能源与动力工程,71.8,75.4,3.8,55,55,68
202300157,2025-2026-1,汽车工程学院,能源与动力工程,94.9,78.4,3.36,50,50,68
202300157,2025-2026-2,汽车工程学院,能源与动力工程,75.4,71.5,2.78,13,13,68
202300158,2023-2024-1,汽车工程学院,能源与动力工程,70.5,88.2,3.33,4,4,68
202300158,2023-2024-2,汽车工程学院,能源与动力工程,84.2,88.8,3.02,34,34,68
202300158,2024-2025-1,汽车工程学院,能源与动力工程,77.8,78.4,3.05,40,40,68
202300158,2024-2025-2,汽车工程学院,能源与动力工程,82.4,71.6,3.03,15,15,68
202300158,2025-2026-1,汽车工程学院,能源与动力工程,86.1,77.7,3.77,40,40,68
202300158,2025-2026-2,汽车工程学院,能源与动力工程,83.2,84.8,3.68,24,24,68
202300159,2023-2024-1,汽车工程学院,能源与动力工程,84.5,80.0,2.83,56,56,68
202300159,2023-2024-2,汽车工程学院,能源与动力工程,84.7,87.6,2.88,16,16,68
202300159,2024-2025-1,汽车工程学院,能源与动力工程,91.0,94.6,2.75,12,12,68
202300159,2024-2025-2,汽车工程学院,能源与动力工程,85.8,86.2,2.93,16,16,68
202300159,2025-2026-1,汽车工程学院,能源与动力工程,71.2,82.9,3.8,47,47,68
202300159,2025-2026-2,汽车工程学院,能源与动力工程,93.4,90.4,3.08,67,67,68
202300160,2023-2024-1,汽车工程学院,能源与动力工程,74.3,88.9,3.87,55,55,68
202300160,2023-2024-2,汽车工程学院,能源与动力工程,88.6,82.3,3.21,49,49,68
202300160,2024-2025-1,汽车工程学院,能源与动力工程,90.9,87.9,3.63,35,35,68
202300160,2024-2025-2,汽车工程学院,能源与动力工程,72.4,90.7,3.45,43,43,68
202300160,2025-2026-1,汽车工程学院,能源与动力工程,74.7,94.0,3.26,64,64,68
202300160,2025-2026-2,汽车工程学院,能源与动力工程,81.7,70.5,3.26,17,17,68
202300161,2023-2024-1,汽车工程学院,能源与动力工程,77.0,70.4,3.61,18,18,68
202300161,2023-2024-2,汽车工程学院,能源与动力工程,80.1,69.1,3.11,21,21,68
202300161,2024-2025-1,汽车工程学院,能源与动力工程,71.9,94.1,3.17,25,25,68
202300161,2024-2025-2,汽车工程学院,能源与动力工程,86.5,89.8,3.97,23,23,68
202300161,2025-2026-1,汽车工程学院,能源与动力工程,88.8,92.7,3.08,51,51,68
202300161,2025-2026-2,汽车工程学院,能源与动力工程,78.4,90.2,3.98,18,18,68
202300162,2023-2024-1,汽车工程学院,能源与动力工程,72.3,68.4,3.66,11,11,68
202300162,2023-2024-2,汽车工程学院,能源与动力工程,73.3,68.6,3.0,27,27,68
202300162,2024-2025-1,汽车工程学院,能源与动力工程,88.4,68.5,3.45,37,37,68
202300162,2024-2025-2,汽车工程学院,能源与动力工程,85.7,87.1,3.86,62,62,68
202300162,2025-2026-1,汽车工程学院,能源与动力工程,74.6,95.3,3.89,3,3,68
202300162,2025-2026-2,汽车工程学院,能源与动力工程,91.9,74.8,3.11,38,38,68
202300163,2023-2024-1,汽车工程学院,能源与动力工程,85.4,71.8,3.3,3,3,68
202300163,2023-2024-2,汽车工程学院,能源与动力工程,88.6,74.9,3.08,10,10,68
202300163,2024-2025-1,汽车工程学院,能源与动力工程,78.3,81.9,3.14,4,4,68
202300163,2024-2025-2,汽车工程学院,能源与动力工程,77.8,71.4,3.72,67,67,68
202300163,2025-2026-1,汽车工程学院,能源与动力工程,82.2,81.3,3.67,9,9,68
202300163,2025-2026-2,汽车工程学院,能源与动力工程,92.4,91.2,2.96,16,16,68
202300164,2023-2024-1,汽车工程学院,能源与动力工程,75.4,85.3,3.25,66,66,68
202300164,2023-2024-2,汽车工程学院,能源与动力工程,75.0,84.0,2.95,57,57,68
202300164,2024-2025-1,汽车工程学院,能源与动力工程,71.5,85.9,2.91,51,51,68
202300164,2024-2025-2,汽车工程学院,能源与动力工程,94.4,70.7,3.52,51,51,68
202300164,2025-2026-1,汽车工程学院,能源与动力工程,88.2,91.5,3.62,12,12,68
202300164,2025-2026-2,汽车工程学院,能源与动力工程,84.5,93.9,3.6,27,27,68
202300165,2023-2024-1,汽车工程学院,能源与动力工程,80.7,95.8,3.71,40,40,68
202300165,2023-2024-2,汽车工程学院,能源与动力工程,87.7,77.2,3.58,51,51,68
202300165,2024-2025-1,汽车工程学院,能源与动力工程,75.6,88.8,3.58,10,10,68
202300165,2024-2025-2,汽车工程学院,能源与动力工程,85.2,77.6,3.82,61,61,68
202300165,2025-2026-1,汽车工程学院,能源与动力工程,92.9,84.1,3.82,42,42,68
202300165,2025-2026-2,汽车工程学院,能源与动力工程,86.6,88.2,3.57,13,13,68
202300166,2023-2024-1,汽车工程学院,能源与动力工程,73.9,69.8,3.53,3,3,68
202300166,2023-2024-2,汽车工程学院,能源与动力工程,88.1,73.5,3.95,23,23,68
202300166,2024-2025-1,汽车工程学院,能源与动力工程,75.6,70.8,2.78,66,66,68
202300166,2024-2025-2,汽车工程学院,能源与动力工程,73.9,68.2,3.22,24,24,68
202300166,2025-2026-1,汽车工程学院,能源与动力工程,90.6,95.5,2.85,40,40,68
202300166,2025-2026-2,汽车工程学院,能源与动力工程,83.1,77.3,3.64,10,10,68
202300167,2023-2024-1,汽车工程学院,能源与动力工程,82.0,82.4,3.93,49,49,68
202300167,2023-2024-2,汽车工程学院,能源与动力工程,79.5,76.6,2.89,14,14,68
202300167,2024-2025-1,汽车工程学院,能源与动力工程,80.6,71.0,3.14,12,12,68
202300167,2024-2025-2,汽车工程学院,能源与动力工程,84.2,84.5,3.36,28,28,68
202300167,2025-2026-1,汽车工程学院,能源与动力工程,91.4,95.5,3.07,58,58,68
202300167,2025-2026-2,汽车工程学院,能源与动力工程,89.5,70.0,3.34,21,21,68
202300168,2023-2024-1,汽车工程学院,能源与动力工程,73.2,89.9,2.85,40,40,68
202300168,2023-2024-2,汽车工程学院,能源与动力工程,90.7,78.3,2.92,63,63,68
202300168,2024-2025-1,汽车工程学院,能源与动力工程,89.2,78.7,2.85,12,12,68
202300168,2024-2025-2,汽车工程学院,能源与动力工程,90.1,94.7,3.85,57,57,68
202300168,2025-2026-1,汽车工程学院,能源与动力工程,90.9,73.5,3.45,38,38,68
202300168,2025-2026-2,汽车工程学院,能源与动力工程,72.8,91.8,3.25,10,10,68
202300169,2023-2024-1,汽车工程学院,能源与动力工程,82.3,69.5,3.29,32,32,68
202300169,2023-2024-2,汽车工程学院,能源与动力工程,83.0,90.2,3.89,28,28,68
202300169,2024-2025-1,汽车工程学院,能源与动力工程,94.6,87.2,3.06,43,43,68
202300169,2024-2025-2,汽车工程学院,能源与动力工程,80.4,71.4,3.4,68,68,68
202300169,2025-2026-1,汽车工程学院,能源与动力工程,91.0,88.2,3.41,21,21,68
202300169,2025-2026-2,汽车工程学院,能源与动力工程,77.6,81.2,2.78,46,46,68
202300170,2023-2024-1,汽车工程学院,能源与动力工程,75.9,86.6,3.11,8,8,68
202300170,2023-2024-2,汽车工程学院,能源与动力工程,92.4,77.4,3.2,56,56,68
202300170,2024-2025-1,汽车工程学院,能源与动力工程,91.5,95.5,3.86,56,56,68
202300170,2024-2025-2,汽车工程学院,能源与动力工程,79.5,86.3,3.42,20,20,68
202300170,2025-2026-1,汽车工程学院,能源与动力工程,85.4,93.5,3.32,58,58,68
202300170,2025-2026-2,汽车工程学院,能源与动力工程,94.5,93.3,3.7,55,55,68
202300171,2023-2024-1,汽车工程学院,能源与动力工程,77.9,92.0,3.33,35,35,68
202300171,2023-2024-2,汽车工程学院,能源与动力工程,85.4,91.7,2.81,62,62,68
202300171,2024-2025-1,汽车工程学院,能源与动力工程,91.7,88.9,3.81,23,23,68
202300171,2024-2025-2,汽车工程学院,能源与动力工程,91.5,86.1,3.44,39,39,68
202300171,2025-2026-1,汽车工程学院,能源与动力工程,83.4,70.4,2.71,24,24,68
202300171,2025-2026-2,汽车工程学院,能源与动力工程,77.3,95.1,3.48,7,7,68
202300172,2023-2024-1,汽车工程学院,能源与动力工程,80.3,78.1,3.89,65,65,68
202300172,2023-2024-2,汽车工程学院,能源与动力工程,92.4,87.6,3.8,63,63,68
202300172,2024-2025-1,汽车工程学院,能源与动力工程,72.1,86.9,3.07,60,60,68
202300172,2024-2025-2,汽车工程学院,能源与动力工程,72.4,89.0,3.51,23,23,68
202300172,2025-2026-1,汽车工程学院,能源与动力工程,91.0,86.2,3.51,62,62,68
202300172,2025-2026-2,汽车工程学院,能源与动力工程,78.5,81.4,3.37,28,28,68
202300173,2023-2024-1,汽车工程学院,能源与动力工程,71.8,83.0,3.86,36,36,68
202300173,2023-2024-2,汽车工程学院,能源与动力工程,78.2,72.5,3.63,43,43,68
202300173,2024-2025-1,汽车工程学院,能源与动力工程,79.9,75.0,3.45,6,6,68
202300173,2024-2025-2,汽车工程学院,能源与动力工程,75.0,79.6,3.9,27,27,68
202300173,2025-2026-1,汽车工程学院,能源与动力工程,74.9,87.2,2.94,38,38,68
202300173,2025-2026-2,汽车工程学院,能源与动力工程,87.7,69.8,3.49,28,28,68
202300174,2023-2024-1,汽车工程学院,能源与动力工程,80.5,68.0,3.0,28,28,68
202300174,2023-2024-2,汽车工程学院,能源与动力工程,74.4,69.8,3.58,48,48,68
202300174,2024-2025-1,汽车工程学院,能源与动力工程,84.9,78.6,3.97,58,58,68
202300174,2024-2025-2,汽车工程学院,能源与动力工程,73.7,74.6,3.5,54,54,68
202300174,2025-2026-1,汽车工程学院,能源与动力工程,78.4,86.5,3.55,67,67,68
202300174,2025-2026-2,汽车工程学院,能源与动力工程,84.9,87.2,2.91,28,28,68
202300175,2023-2024-1,汽车工程学院,能源与动力工程,79.6,74.4,3.23,63,63,68
202300175,2023-2024-2,汽车工程学院,能源与动力工程,72.7,68.1,3.63,59,59,68
202300175,2024-2025-1,汽车工程学院,能源与动力工程,70.5,72.1,3.54,2,2,68
202300175,2024-2025-2,汽车工程学院,能源与动力工程,81.3,70.0,3.29,16,16,68
202300175,2025-2026-1,汽车工程学院,能源与动力工程,94.2,78.1,2.89,66,66,68
202300175,2025-2026-2,汽车工程学院,能源与动力工程,92.2,76.3,2.87,8,8,68
202300176,2023-2024-1,汽车工程学院,能源与动力工程,88.3,73.8,3.07,40,40,68
202300176,2023-2024-2,汽车工程学院,能源与动力工程,73.4,68.4,4.0,20,20,68
202300176,2024-2025-1,汽车工程学院,能源与动力工程,80.9,79.0,3.88,59,59,68
202300176,2024-2025-2,汽车工程学院,能源与动力工程,89.2,72.0,3.54,63,63,68
202300176,2025-2026-1,汽车工程学院,能源与动力工程,94.5,71.2,3.49,60,60,68
202300176,2025-2026-2,汽车工程学院,能源与动力工程,71.3,81.8,3.67,63,63,68
202300177,2023-2024-1,汽车工程学院,能源与动力工程,80.3,89.6,3.77,27,27,68
202300177,2023-2024-2,汽车工程学院,能源与动力工程,70.1,87.9,3.82,9,9,68
202300177,2024-2025-1,汽车工程学院,能源与动力工程,72.6,78.3,3.38,18,18,68
202300177,2024-2025-2,汽车工程学院,能源与动力工程,81.3,89.5,2.79,62,62,68
202300177,2025-2026-1,汽车工程学院,能源与动力工程,84.4,85.9,3.43,50,50,68
202300177,2025-2026-2,汽车工程学院,能源与动力工程,72.2,74.3,3.05,45,45,68
202300178,2023-2024-1,汽车工程学院,能源与动力工程,92.0,74.1,3.25,25,25,68
202300178,2023-2024-2,汽车工程学院,能源与动力工程,72.3,79.7,3.05,38,38,68
202300178,2024-2025-1,汽车工程学院,能源与动力工程,89.1,72.2,3.84,34,34,68
202300178,2024-2025-2,汽车工程学院,能源与动力工程,83.5,86.6,3.83,8,8,68
202300178,2025-2026-1,汽车工程学院,能源与动力工程,94.1,69.4,3.96,57,57,68
202300178,2025-2026-2,汽车工程学院,能源与动力工程,86.3,72.2,3.0,16,16,68
202300179,2023-2024-1,汽车工程学院,能源与动力工程,84.0,70.0,2.73,1,1,68
202300179,2023-2024-2,汽车工程学院,能源与动力工程,92.5,73.1,3.46,56,56,68
202300179,2024-2025-1,汽车工程学院,能源与动力工程,74.6,93.6,3.9,22,22,68
202300179,2024-2025-2,汽车工程学院,能源与动力工程,89.2,92.6,2.93,22,22,68
202300179,2025-2026-1,汽车工程学院,能源与动力工程,93.0,77.6,3.7,44,44,68
202300179,2025-2026-2,汽车工程学院,能源与动力工程,79.1,69.8,2.99,3,3,68
202300180,2023-2024-1,汽车工程学院,能源与动力工程,89.8,69.2,2.99,61,61,68
202300180,2023-2024-2,汽车工程学院,能源与动力工程,87.2,86.3,3.12,46,46,68
202300180,2024-2025-1,汽车工程学院,能源与动力工程,75.3,70.7,3.41,56,56,68
202300180,2024-2025-2,汽车工程学院,能源与动力工程,81.3,73.8,3.86,64,64,68
202300180,2025-2026-1,汽车工程学院,能源与动力工程,81.9,74.1,2.81,68,68,68
202300180,2025-2026-2,汽车工程学院,能源与动力工程,92.1,93.0,2.83,13,13,68
202300181,2023-2024-1,汽车工程学院,能源与动力工程,73.3,91.6,2.71,46,46,68
202300181,2023-2024-2,汽车工程学院,能源与动力工程,91.7,94.2,3.88,68,68,68
202300181,2024-2025-1,汽车工程学院,能源与动力工程,71.3,76.9,3.61,43,43,68
202300181,2024-2025-2,汽车工程学院,能源与动力工程,88.2,94.6,3.76,44,44,68
202300181,2025-2026-1,汽车工程学院,能源与动力工程,91.7,79.5,3.85,8,8,68
202300181,2025-2026-2,汽车工程学院,能源与动力工程,85.3,87.7,2.76,25,25,68
202300182,2023-2024-1,汽车工程学院,能源与动力工程,84.2,80.9,3.17,62,62,68
202300182,2023-2024-2,汽车工程学院,能源与动力工程,73.1,86.0,3.35,17,17,68
202300182,2024-2025-1,汽车工程学院,能源与动力工程,71.1,90.9,3.78,57,57,68
202300182,2024-2025-2,汽车工程学院,能源与动力工程,87.4,93.1,3.01,52,52,68
202300182,2025-2026-1,汽车工程学院,能源与动力工程,92.3,91.0,3.89,62,62,68
202300182,2025-2026-2,汽车工程学院,能源与动力工程,89.9,93.3,2.78,61,61,68
202300183,2023-2024-1,汽车工程学院,能源与动力工程,71.2,92.4,3.79,42,42,68
202300183,2023-2024-2,汽车工程学院,能源与动力工程,94.1,85.7,2.72,29,29,68
202300183,2024-2025-1,汽车工程学院,能源与动力工程,78.0,84.3,3.74,65,65,68
202300183,2024-2025-2,汽车工程学院,能源与动力工程,81.8,78.4,3.51,23,23,68
202300183,2025-2026-1,汽车工程学院,能源与动力工程,93.4,92.6,3.84,41,41,68
202300183,2025-2026-2,汽车工程学院,能源与动力工程,83.9,90.0,3.86,47,47,68
202300184,2023-2024-1,汽车工程学院,能源与动力工程,80.9,91.3,3.65,41,41,68
202300184,2023-2024-2,汽车工程学院,能源与动力工程,70.8,88.6,3.17,9,9,68
202300184,2024-2025-1,汽车工程学院,能源与动力工程,86.9,69.7,3.6,12,12,68
202300184,2024-2025-2,汽车工程学院,能源与动力工程,93.3,68.2,3.37,36,36,68
202300184,2025-2026-1,汽车工程学院,能源与动力工程,83.9,93.6,2.92,4,4,68
202300184,2025-2026-2,汽车工程学院,能源与动力工程,79.7,75.0,3.36,12,12,68
202300185,2023-2024-1,汽车工程学院,能源与动力工程,83.6,93.7,2.94,14,14,68
202300185,2023-2024-2,汽车工程学院,能源与动力工程,73.5,86.9,4.0,19,19,68
202300185,2024-2025-1,汽车工程学院,能源与动力工程,70.8,86.9,2.87,59,59,68
202300185,2024-2025-2,汽车工程学院,能源与动力工程,91.5,91.1,2.73,3,3,68
202300185,2025-2026-1,汽车工程学院,能源与动力工程,85.4,89.4,3.06,34,34,68
202300185,2025-2026-2,汽车工程学院,能源与动力工程,72.2,79.0,2.7,59,59,68
202300186,2023-2024-1,汽车工程学院,能源与动力工程,79.9,81.9,3.44,49,49,68
202300186,2023-2024-2,汽车工程学院,能源与动力工程,87.7,93.8,3.82,59,59,68
202300186,2024-2025-1,汽车工程学院,能源与动力工程,70.4,69.6,3.74,19,19,68
202300186,2024-2025-2,汽车工程学院,能源与动力工程,87.4,75.4,3.06,7,7,68
202300186,2025-2026-1,汽车工程学院,能源与动力工程,82.7,68.1,3.97,30,30,68
202300186,2025-2026-2,汽车工程学院,能源与动力工程,92.3,72.6,3.52,11,11,68
202300187,2023-2024-1,汽车工程学院,能源与动力工程,71.8,75.8,3.72,13,13,68
202300187,2023-2024-2,汽车工程学院,能源与动力工程,72.7,79.6,3.33,42,42,68
202300187,2024-2025-1,汽车工程学院,能源与动力工程,80.2,76.4,3.64,45,45,68
202300187,2024-2025-2,汽车工程学院,能源与动力工程,89.9,76.3,3.35,23,23,68
202300187,2025-2026-1,汽车工程学院,能源与动力工程,73.2,88.6,3.06,55,55,68
202300187,2025-2026-2,汽车工程学院,能源与动力工程,73.1,71.7,2.73,4,4,68
202300188,2023-2024-1,汽车工程学院,能源与动力工程,75.5,68.5,3.17,53,53,68
202300188,2023-2024-2,汽车工程学院,能源与动力工程,72.4,94.6,3.53,61,61,68
202300188,2024-2025-1,汽车工程学院,能源与动力工程,85.3,81.1,3.9,60,60,68
202300188,2024-2025-2,汽车工程学院,能源与动力工程,80.7,88.0,3.79,2,2,68
202300188,2025-2026-1,汽车工程学院,能源与动力工程,70.3,72.6,2.89,10,10,68
202300188,2025-2026-2,汽车工程学院,能源与动力工程,91.7,73.1,2.86,8,8,68
202300189,2023-2024-1,汽车工程学院,能源与动力工程,81.8,71.4,3.44,1,1,68
202300189,2023-2024-2,汽车工程学院,能源与动力工程,87.6,90.1,3.87,22,22,68
202300189,2024-2025-1,汽车工程学院,能源与动力工程,93.5,80.7,3.59,47,47,68
202300189,2024-2025-2,汽车工程学院,能源与动力工程,80.8,73.2,3.06,56,56,68
202300189,2025-2026-1,汽车工程学院,能源与动力工程,92.1,70.7,3.7,61,61,68
202300189,2025-2026-2,汽车工程学院,能源与动力工程,86.5,75.3,2.81,46,46,68
202300190,2023-2024-1,汽车工程学院,能源与动力工程,90.5,90.9,3.67,5,5,68
202300190,2023-2024-2,汽车工程学院,能源与动力工程,86.4,81.8,3.91,14,14,68
202300190,2024-2025-1,汽车工程学院,能源与动力工程,86.7,88.6,3.14,19,19,68
202300190,2024-2025-2,汽车工程学院,能源与动力工程,74.4,92.7,2.82,56,56,68
202300190,2025-2026-1,汽车工程学院,能源与动力工程,91.1,96.0,2.96,61,61,68
202300190,2025-2026-2,汽车工程学院,能源与动力工程,89.9,78.9,2.85,33,33,68
202300191,2023-2024-1,汽车工程学院,能源与动力工程,73.8,81.2,3.18,65,65,68
202300191,2023-2024-2,汽车工程学院,能源与动力工程,82.6,93.4,2.97,53,53,68
202300191,2024-2025-1,汽车工程学院,能源与动力工程,93.0,94.8,3.94,63,63,68
202300191,2024-2025-2,汽车工程学院,能源与动力工程,86.5,76.1,3.66,49,49,68
202300191,2025-2026-1,汽车工程学院,能源与动力工程,76.9,93.8,3.07,56,56,68
202300191,2025-2026-2,汽车工程学院,能源与动力工程,88.8,86.1,3.66,9,9,68
202300192,2023-2024-1,汽车工程学院,能源与动力工程,94.3,71.5,3.81,61,61,68
202300192,2023-2024-2,汽车工程学院,能源与动力工程,80.0,90.7,3.4,59,59,68
202300192,2024-2025-1,汽车工程学院,能源与动力工程,86.4,78.4,3.96,59,59,68
202300192,2024-2025-2,汽车工程学院,能源与动力工程,86.8,82.9,3.64,28,28,68
202300192,2025-2026-1,汽车工程学院,能源与动力工程,73.9,81.0,3.42,64,64,68
202300192,2025-2026-2,汽车工程学院,能源与动力工程,80.9,92.9,3.78,53,53,68
202300193,2023-2024-1,汽车工程学院,能源与动力工程,77.9,87.6,3.41,3,3,68
202300193,2023-2024-2,汽车工程学院,能源与动力工程,94.5,89.7,3.29,65,65,68
202300193,2024-2025-1,汽车工程学院,能源与动力工程,86.5,88.8,3.39,54,54,68
202300193,2024-2025-2,汽车工程学院,能源与动力工程,77.6,85.3,2.84,60,60,68
202300193,2025-2026-1,汽车工程学院,能源与动力工程,70.1,91.4,3.7,44,44,68
202300193,2025-2026-2,汽车工程学院,能源与动力工程,93.2,92.4,3.6,18,18,68
202300194,2023-2024-1,汽车工程学院,能源与动力工程,83.7,83.1,3.66,20,20,68
202300194,2023-2024-2,汽车工程学院,能源与动力工程,80.6,84.3,3.49,6,6,68
202300194,2024-2025-1,汽车工程学院,能源与动力工程,88.4,79.7,3.72,35,35,68
202300194,2024-2025-2,汽车工程学院,能源与动力工程,73.2,91.1,3.1,46,46,68
202300194,2025-2026-1,汽车工程学院,能源与动力工程,71.8,93.3,2.81,27,27,68
202300194,2025-2026-2,汽车工程学院,能源与动力工程,81.5,81.9,3.2,51,51,68
202300195,2023-2024-1,汽车工程学院,能源与动力工程,93.6,83.1,2.95,29,29,68
202300195,2023-2024-2,汽车工程学院,能源与动力工程,78.3,82.2,2.75,51,51,68
202300195,2024-2025-1,汽车工程学院,能源与动力工程,70.8,68.0,2.87,64,64,68
202300195,2024-2025-2,汽车工程学院,能源与动力工程,86.6,85.9,3.95,7,7,68
202300195,2025-2026-1,汽车工程学院,能源与动力工程,78.7,80.7,3.54,44,44,68
202300195,2025-2026-2,汽车工程学院,能源与动力工程,85.3,94.1,2.89,15,15,68
202300196,2023-2024-1,汽车工程学院,能源与动力工程,85.5,79.3,2.88,58,58,68
202300196,2023-2024-2,汽车工程学院,能源与动力工程,76.1,85.1,3.46,22,22,68
202300196,2024-2025-1,汽车工程学院,能源与动力工程,85.6,95.6,3.03,3,3,68
202300196,2024-2025-2,汽车工程学院,能源与动力工程,70.6,85.6,2.94,14,14,68
202300196,2025-2026-1,汽车工程学院,能源与动力工程,85.1,87.4,3.41,18,18,68
202300196,2025-2026-2,汽车工程学院,能源与动力工程,81.9,85.0,3.89,6,6,68
202300197,2023-2024-1,汽车工程学院,能源与动力工程,95.0,90.5,2.93,59,59,68
202300197,2023-2024-2,汽车工程学院,能源与动力工程,92.0,90.3,2.82,36,36,68
202300197,2024-2025-1,汽车工程学院,能源与动力工程,76.9,73.7,3.73,17,17,68
202300197,2024-2025-2,汽车工程学院,能源与动力工程,70.4,74.1,3.14,10,10,68
202300197,2025-2026-1,汽车工程学院,能源与动力工程,84.5,74.2,2.81,10,10,68
202300197,2025-2026-2,汽车工程学院,能源与动力工程,73.6,73.0,2.88,62,62,68
202300198,2023-2024-1,汽车工程学院,能源与动力工程,70.9,77.5,2.87,29,29,68
202300198,2023-2024-2,汽车工程学院,能源与动力工程,92.6,81.0,3.5,1,1,68
202300198,2024-2025-1,汽车工程学院,能源与动力工程,75.6,69.5,3.77,39,39,68
202300198,2024-2025-2,汽车工程学院,能源与动力工程,90.8,91.2,2.72,35,35,68
202300198,2025-2026-1,汽车工程学院,能源与动力工程,70.1,72.2,3.06,17,17,68
202300198,2025-2026-2,汽车工程学院,能源与动力工程,83.9,96.0,3.01,66,66,68
202300199,2023-2024-1,汽车工程学院,能源与动力工程,90.4,72.7,3.74,52,52,68
202300199,2023-2024-2,汽车工程学院,能源与动力工程,84.6,68.3,2.8,49,49,68
202300199,2024-2025-1,汽车工程学院,能源与动力工程,86.0,84.1,2.76,42,42,68
202300199,2024-2025-2,汽车工程学院,能源与动力工程,89.8,69.0,3.81,7,7,68
202300199,2025-2026-1,汽车工程学院,能源与动力工程,76.5,71.5,3.8,2,2,68
202300199,2025-2026-2,汽车工程学院,能源与动力工程,83.5,71.9,3.02,63,63,68
202300200,2023-2024-1,汽车工程学院,能源与动力工程,81.9,91.2,3.68,45,45,68
202300200,2023-2024-2,汽车工程学院,能源与动力工程,85.8,71.0,3.38,35,35,68
202300200,2024-2025-1,汽车工程学院,能源与动力工程,72.6,90.7,3.41,40,40,68
202300200,2024-2025-2,汽车工程学院,能源与动力工程,88.3,70.7,3.77,21,21,68
202300200,2025-2026-1,汽车工程学院,能源与动力工程,90.2,77.7,3.93,65,65,68
202300200,2025-2026-2,汽车工程学院,能源与动力工程,72.1,68.1,2.88,41,41,68
202300201,2023-2024-1,汽车工程学院,能源与动力工程,81.5,73.9,3.67,34,34,68
202300201,2023-2024-2,汽车工程学院,能源与动力工程,81.5,73.6,2.74,9,9,68
202300201,2024-2025-1,汽车工程学院,能源与动力工程,75.0,88.2,2.75,44,44,68
202300201,2024-2025-2,汽车工程学院,能源与动力工程,75.8,71.7,3.89,66,66,68
202300201,2025-2026-1,汽车工程学院,能源与动力工程,74.4,72.7,3.27,21,21,68
202300201,2025-2026-2,汽车工程学院,能源与动力工程,77.1,91.9,3.75,52,52,68
202300202,2023-2024-1,汽车工程学院,能源与动力工程,75.5,77.4,3.85,50,50,68
202300202,2023-2024-2,汽车工程学院,能源与动力工程,74.0,78.0,3.16,53,53,68
202300202,2024-2025-1,汽车工程学院,能源与动力工程,85.5,75.6,2.71,34,34,68
202300202,2024-2025-2,汽车工程学院,能源与动力工程,86.8,83.6,2.95,15,15,68
202300202,2025-2026-1,汽车工程学院,能源与动力工程,91.5,71.6,3.23,45,45,68
202300202,2025-2026-2,汽车工程学院,能源与动力工程,91.1,86.4,3.25,47,47,68
202300203,2023-2024-1,汽车工程学院,能源与动力工程,89.9,73.5,3.51,56,56,68
202300203,2023-2024-2,汽车工程学院,能源与动力工程,79.0,95.8,3.67,6,6,68
202300203,2024-2025-1,汽车工程学院,能源与动力工程,91.8,87.6,3.5,52,52,68
202300203,2024-2025-2,汽车工程学院,能源与动力工程,72.8,85.6,3.14,41,41,68
202300203,2025-2026-1,汽车工程学院,能源与动力工程,77.6,73.0,2.96,16,16,68
202300203,2025-2026-2,汽车工程学院,能源与动力工程,92.3,82.5,3.95,48,48,68
202300204,2023-2024-1,汽车工程学院,能源与动力工程,72.3,85.1,3.27,26,26,68
202300204,2023-2024-2,汽车工程学院,能源与动力工程,79.9,76.1,3.98,4,4,68
202300204,2024-2025-1,汽车工程学院,能源与动力工程,70.4,77.6,3.83,21,21,68
202300204,2024-2025-2,汽车工程学院,能源与动力工程,78.1,70.9,2.93,63,63,68
202300204,2025-2026-1,汽车工程学院,能源与动力工程,75.2,83.9,3.71,3,3,68
202300204,2025-2026-2,汽车工程学院,能源与动力工程,78.1,87.4,3.78,22,22,68
202300205,2023-2024-1,汽车工程学院,机械设计制造及其自动化,88.9,84.9,2.92,3,3,66
202300205,2023-2024-2,汽车工程学院,机械设计制造及其自动化,79.7,89.4,3.47,33,33,66
202300205,2024-2025-1,汽车工程学院,机械设计制造及其自动化,80.8,90.1,3.25,33,33,66
202300205,2024-2025-2,汽车工程学院,机械设计制造及其自动化,90.1,94.5,3.1,35,35,66
202300205,2025-2026-1,汽车工程学院,机械设计制造及其自动化,75.7,70.6,3.26,36,36,66
202300205,2025-2026-2,汽车工程学院,机械设计制造及其自动化,85.5,93.5,2.88,26,26,66
202300206,2023-2024-1,汽车工程学院,机械设计制造及其自动化,73.2,94.8,2.89,29,29,66
202300206,2023-2024-2,汽车工程学院,机械设计制造及其自动化,82.3,76.9,3.93,49,49,66
202300206,2024-2025-1,汽车工程学院,机械设计制造及其自动化,76.3,88.5,2.94,17,17,66
202300206,2024-2025-2,汽车工程学院,机械设计制造及其自动化,92.3,86.4,3.02,35,35,66
202300206,2025-2026-1,汽车工程学院,机械设计制造及其自动化,71.7,79.5,2.82,59,59,66
202300206,2025-2026-2,汽车工程学院,机械设计制造及其自动化,89.9,86.6,3.43,43,43,66
202300207,2023-2024-1,汽车工程学院,机械设计制造及其自动化,85.8,93.3,3.42,61,61,66
202300207,2023-2024-2,汽车工程学院,机械设计制造及其自动化,86.1,68.2,3.99,63,63,66
202300207,2024-2025-1,汽车工程学院,机械设计制造及其自动化,72.1,87.1,2.91,18,18,66
202300207,2024-2025-2,汽车工程学院,机械设计制造及其自动化,72.3,94.6,3.26,4,4,66
202300207,2025-2026-1,汽车工程学院,机械设计制造及其自动化,86.4,89.2,3.02,47,47,66
202300207,2025-2026-2,汽车工程学院,机械设计制造及其自动化,82.8,72.2,2.87,21,21,66
202300208,2023-2024-1,汽车工程学院,机械设计制造及其自动化,94.3,81.9,3.88,17,17,66
202300208,2023-2024-2,汽车工程学院,机械设计制造及其自动化,86.7,88.9,2.86,51,51,66
202300208,2024-2025-1,汽车工程学院,机械设计制造及其自动化,74.3,81.3,3.52,36,36,66
202300208,2024-2025-2,汽车工程学院,机械设计制造及其自动化,85.4,70.5,3.33,41,41,66
202300208,2025-2026-1,汽车工程学院,机械设计制造及其自动化,94.2,74.3,2.97,4,4,66
202300208,2025-2026-2,汽车工程学院,机械设计制造及其自动化,90.9,76.4,3.03,5,5,66
202300209,2023-2024-1,汽车工程学院,机械设计制造及其自动化,83.7,73.6,3.1,49,49,66
202300209,2023-2024-2,汽车工程学院,机械设计制造及其自动化,71.1,85.5,3.31,34,34,66
202300209,2024-2025-1,汽车工程学院,机械设计制造及其自动化,95.0,94.9,3.84,32,32,66
202300209,2024-2025-2,汽车工程学院,机械设计制造及其自动化,90.8,74.1,3.85,40,40,66
202300209,2025-2026-1,汽车工程学院,机械设计制造及其自动化,88.0,89.1,3.54,48,48,66
202300209,2025-2026-2,汽车工程学院,机械设计制造及其自动化,73.7,85.3,3.38,18,18,66
202300210,2023-2024-1,汽车工程学院,机械设计制造及其自动化,80.7,83.9,3.85,36,36,66
202300210,2023-2024-2,汽车工程学院,机械设计制造及其自动化,89.4,87.2,3.29,19,19,66
202300210,2024-2025-1,汽车工程学院,机械设计制造及其自动化,91.5,95.3,3.69,62,62,66
202300210,2024-2025-2,汽车工程学院,机械设计制造及其自动化,89.8,70.4,3.24,25,25,66
202300210,2025-2026-1,汽车工程学院,机械设计制造及其自动化,94.1,71.9,3.22,3,3,66
202300210,2025-2026-2,汽车工程学院,机械设计制造及其自动化,72.0,85.5,2.92,40,40,66
202300211,2023-2024-1,汽车工程学院,机械设计制造及其自动化,92.0,93.4,3.62,4,4,66
202300211,2023-2024-2,汽车工程学院,机械设计制造及其自动化,75.0,86.6,3.12,59,59,66
202300211,2024-2025-1,汽车工程学院,机械设计制造及其自动化,78.9,85.4,2.86,38,38,66
202300211,2024-2025-2,汽车工程学院,机械设计制造及其自动化,92.9,82.7,3.84,27,27,66
202300211,2025-2026-1,汽车工程学院,机械设计制造及其自动化,73.1,80.1,3.59,7,7,66
202300211,2025-2026-2,汽车工程学院,机械设计制造及其自动化,72.3,73.6,2.82,7,7,66
202300212,2023-2024-1,汽车工程学院,机械设计制造及其自动化,89.8,73.5,3.83,27,27,66
202300212,2023-2024-2,汽车工程学院,机械设计制造及其自动化,89.7,90.8,3.27,66,66,66
202300212,2024-2025-1,汽车工程学院,机械设计制造及其自动化,77.2,72.5,3.87,43,43,66
202300212,2024-2025-2,汽车工程学院,机械设计制造及其自动化,80.1,78.9,3.78,64,64,66
202300212,2025-2026-1,汽车工程学院,机械设计制造及其自动化,84.9,76.5,2.78,8,8,66
202300212,2025-2026-2,汽车工程学院,机械设计制造及其自动化,93.0,88.0,3.9,35,35,66
202300213,2023-2024-1,汽车工程学院,机械设计制造及其自动化,88.0,74.3,3.05,8,8,66
202300213,2023-2024-2,汽车工程学院,机械设计制造及其自动化,91.6,71.4,3.42,13,13,66
202300213,2024-2025-1,汽车工程学院,机械设计制造及其自动化,77.4,94.1,3.06,43,43,66
202300213,2024-2025-2,汽车工程学院,机械设计制造及其自动化,92.5,83.9,2.73,44,44,66
202300213,2025-2026-1,汽车工程学院,机械设计制造及其自动化,83.1,88.9,3.97,44,44,66
202300213,2025-2026-2,汽车工程学院,机械设计制造及其自动化,73.6,85.7,2.73,34,34,66
202300214,2023-2024-1,汽车工程学院,机械设计制造及其自动化,78.6,72.3,3.43,2,2,66
202300214,2023-2024-2,汽车工程学院,机械设计制造及其自动化,94.4,92.5,2.84,21,21,66
202300214,2024-2025-1,汽车工程学院,机械设计制造及其自动化,92.6,85.7,2.95,64,64,66
202300214,2024-2025-2,汽车工程学院,机械设计制造及其自动化,70.9,78.2,3.77,24,24,66
202300214,2025-2026-1,汽车工程学院,机械设计制造及其自动化,92.3,78.1,2.72,38,38,66
202300214,2025-2026-2,汽车工程学院,机械设计制造及其自动化,75.5,83.0,3.0,27,27,66
202300215,2023-2024-1,汽车工程学院,机械设计制造及其自动化,91.5,74.8,3.16,19,19,66
202300215,2023-2024-2,汽车工程学院,机械设计制造及其自动化,72.7,90.4,2.98,31,31,66
202300215,2024-2025-1,汽车工程学院,机械设计制造及其自动化,79.3,88.5,3.68,58,58,66
202300215,2024-2025-2,汽车工程学院,机械设计制造及其自动化,91.8,90.0,3.67,1,1,66
202300215,2025-2026-1,汽车工程学院,机械设计制造及其自动化,90.3,68.8,2.94,2,2,66
202300215,2025-2026-2,汽车工程学院,机械设计制造及其自动化,83.2,82.4,3.57,52,52,66
202300216,2023-2024-1,汽车工程学院,机械设计制造及其自动化,84.6,68.7,3.55,52,52,66
202300216,2023-2024-2,汽车工程学院,机械设计制造及其自动化,84.8,93.5,3.96,17,17,66
202300216,2024-2025-1,汽车工程学院,机械设计制造及其自动化,89.9,74.6,3.45,62,62,66
202300216,2024-2025-2,汽车工程学院,机械设计制造及其自动化,91.2,93.5,3.83,31,31,66
202300216,2025-2026-1,汽车工程学院,机械设计制造及其自动化,87.4,81.2,3.62,17,17,66
202300216,2025-2026-2,汽车工程学院,机械设计制造及其自动化,78.3,76.6,3.23,39,39,66
202300217,2023-2024-1,汽车工程学院,机械设计制造及其自动化,89.5,82.7,2.76,1,1,66
202300217,2023-2024-2,汽车工程学院,机械设计制造及其自动化,89.3,88.3,2.77,5,5,66
202300217,2024-2025-1,汽车工程学院,机械设计制造及其自动化,93.6,72.5,3.36,58,58,66
202300217,2024-2025-2,汽车工程学院,机械设计制造及其自动化,83.2,81.0,3.14,26,26,66
202300217,2025-2026-1,汽车工程学院,机械设计制造及其自动化,89.5,91.2,3.54,18,18,66
202300217,2025-2026-2,汽车工程学院,机械设计制造及其自动化,92.3,88.8,2.73,43,43,66
202300218,2023-2024-1,汽车工程学院,机械设计制造及其自动化,81.2,91.3,3.17,60,60,66
202300218,2023-2024-2,汽车工程学院,机械设计制造及其自动化,85.5,77.2,3.52,21,21,66
202300218,2024-2025-1,汽车工程学院,机械设计制造及其自动化,75.7,82.7,3.16,2,2,66
202300218,2024-2025-2,汽车工程学院,机械设计制造及其自动化,70.4,81.5,2.86,45,45,66
202300218,2025-2026-1,汽车工程学院,机械设计制造及其自动化,73.1,89.7,3.51,38,38,66
202300218,2025-2026-2,汽车工程学院,机械设计制造及其自动化,90.4,94.6,3.39,65,65,66
202300219,2023-2024-1,汽车工程学院,机械设计制造及其自动化,85.6,72.5,3.37,1,1,66
202300219,2023-2024-2,汽车工程学院,机械设计制造及其自动化,94.7,88.9,3.44,34,34,66
202300219,2024-2025-1,汽车工程学院,机械设计制造及其自动化,72.5,89.8,3.23,29,29,66
202300219,2024-2025-2,汽车工程学院,机械设计制造及其自动化,78.0,81.1,2.99,48,48,66
202300219,2025-2026-1,汽车工程学院,机械设计制造及其自动化,74.5,76.0,3.41,6,6,66
202300219,2025-2026-2,汽车工程学院,机械设计制造及其自动化,91.9,70.2,3.54,61,61,66
202300220,2023-2024-1,汽车工程学院,机械设计制造及其自动化,72.8,89.0,2.72,63,63,66
202300220,2023-2024-2,汽车工程学院,机械设计制造及其自动化,74.0,88.8,3.6,65,65,66
202300220,2024-2025-1,汽车工程学院,机械设计制造及其自动化,84.3,87.4,3.24,6,6,66
202300220,2024-2025-2,汽车工程学院,机械设计制造及其自动化,76.6,72.8,3.74,47,47,66
202300220,2025-2026-1,汽车工程学院,机械设计制造及其自动化,70.5,93.1,3.0,57,57,66
202300220,2025-2026-2,汽车工程学院,机械设计制造及其自动化,72.9,88.8,3.67,37,37,66
202300221,2023-2024-1,汽车工程学院,机械设计制造及其自动化,89.5,79.7,3.24,58,58,66
202300221,2023-2024-2,汽车工程学院,机械设计制造及其自动化,70.8,70.6,3.75,5,5,66
202300221,2024-2025-1,汽车工程学院,机械设计制造及其自动化,94.2,85.0,2.98,31,31,66
202300221,2024-2025-2,汽车工程学院,机械设计制造及其自动化,90.0,82.5,3.59,24,24,66
202300221,2025-2026-1,汽车工程学院,机械设计制造及其自动化,76.8,69.0,3.65,3,3,66
202300221,2025-2026-2,汽车工程学院,机械设计制造及其自动化,92.1,95.1,3.4,27,27,66
202300222,2023-2024-1,汽车工程学院,机械设计制造及其自动化,73.6,87.4,3.01,13,13,66
202300222,2023-2024-2,汽车工程学院,机械设计制造及其自动化,90.8,86.8,3.15,6,6,66
202300222,2024-2025-1,汽车工程学院,机械设计制造及其自动化,77.2,76.5,3.62,25,25,66
202300222,2024-2025-2,汽车工程学院,机械设计制造及其自动化,91.8,85.5,3.33,64,64,66
202300222,2025-2026-1,汽车工程学院,机械设计制造及其自动化,81.1,78.9,3.18,9,9,66
202300222,2025-2026-2,汽车工程学院,机械设计制造及其自动化,90.5,76.2,2.79,36,36,66
202300223,2023-2024-1,汽车工程学院,机械设计制造及其自动化,76.8,71.2,3.18,5,5,66
202300223,2023-2024-2,汽车工程学院,机械设计制造及其自动化,84.2,72.4,3.13,52,52,66
202300223,2024-2025-1,汽车工程学院,机械设计制造及其自动化,93.7,81.0,3.8,30,30,66
202300223,2024-2025-2,汽车工程学院,机械设计制造及其自动化,84.9,95.7,3.9,52,52,66
202300223,2025-2026-1,汽车工程学院,机械设计制造及其自动化,76.2,84.0,3.92,42,42,66
202300223,2025-2026-2,汽车工程学院,机械设计制造及其自动化,93.4,77.0,3.9,54,54,66
202300224,2023-2024-1,汽车工程学院,机械设计制造及其自动化,90.5,68.2,3.28,56,56,66
202300224,2023-2024-2,汽车工程学院,机械设计制造及其自动化,79.8,82.4,2.93,12,12,66
202300224,2024-2025-1,汽车工程学院,机械设计制造及其自动化,79.5,93.6,3.37,50,50,66
202300224,2024-2025-2,汽车工程学院,机械设计制造及其自动化,83.6,85.6,2.71,65,65,66
202300224,2025-2026-1,汽车工程学院,机械设计制造及其自动化,84.1,91.2,3.88,38,38,66
202300224,2025-2026-2,汽车工程学院,机械设计制造及其自动化,81.9,70.0,3.41,65,65,66
202300225,2023-2024-1,汽车工程学院,机械设计制造及其自动化,90.0,75.2,2.99,65,65,66
202300225,2023-2024-2,汽车工程学院,机械设计制造及其自动化,83.5,82.7,3.37,33,33,66
202300225,2024-2025-1,汽车工程学院,机械设计制造及其自动化,85.5,86.3,3.37,56,56,66
202300225,2024-2025-2,汽车工程学院,机械设计制造及其自动化,91.8,79.0,3.92,17,17,66
202300225,2025-2026-1,汽车工程学院,机械设计制造及其自动化,82.1,78.8,3.35,37,37,66
202300225,2025-2026-2,汽车工程学院,机械设计制造及其自动化,83.9,86.1,3.09,52,52,66
202300226,2023-2024-1,汽车工程学院,机械设计制造及其自动化,94.9,69.1,3.0,48,48,66
202300226,2023-2024-2,汽车工程学院,机械设计制造及其自动化,71.6,75.2,3.03,26,26,66
202300226,2024-2025-1,汽车工程学院,机械设计制造及其自动化,88.9,71.5,3.43,18,18,66
202300226,2024-2025-2,汽车工程学院,机械设计制造及其自动化,79.1,87.6,3.28,36,36,66
202300226,2025-2026-1,汽车工程学院,机械设计制造及其自动化,74.6,68.0,3.54,25,25,66
202300226,2025-2026-2,汽车工程学院,机械设计制造及其自动化,73.6,72.7,3.19,60,60,66
202300227,2023-2024-1,汽车工程学院,机械设计制造及其自动化,87.8,76.6,3.73,55,55,66
202300227,2023-2024-2,汽车工程学院,机械设计制造及其自动化,70.3,77.0,3.9,8,8,66
202300227,2024-2025-1,汽车工程学院,机械设计制造及其自动化,78.1,88.1,2.89,21,21,66
202300227,2024-2025-2,汽车工程学院,机械设计制造及其自动化,79.9,91.8,2.86,10,10,66
202300227,2025-2026-1,汽车工程学院,机械设计制造及其自动化,83.3,81.0,3.14,15,15,66
202300227,2025-2026-2,汽车工程学院,机械设计制造及其自动化,85.7,88.7,2.91,37,37,66
202300228,2023-2024-1,汽车工程学院,机械设计制造及其自动化,88.7,79.2,3.32,33,33,66
202300228,2023-2024-2,汽车工程学院,机械设计制造及其自动化,85.4,78.7,3.0,25,25,66
202300228,2024-2025-1,汽车工程学院,机械设计制造及其自动化,88.3,71.0,3.36,31,31,66
202300228,2024-2025-2,汽车工程学院,机械设计制造及其自动化,76.8,69.1,2.82,59,59,66
202300228,2025-2026-1,汽车工程学院,机械设计制造及其自动化,91.5,82.9,2.83,40,40,66
202300228,2025-2026-2,汽车工程学院,机械设计制造及其自动化,85.9,81.6,3.04,66,66,66
202300229,2023-2024-1,汽车工程学院,机械设计制造及其自动化,93.7,84.3,2.98,40,40,66
202300229,2023-2024-2,汽车工程学院,机械设计制造及其自动化,79.7,73.3,2.81,21,21,66
202300229,2024-2025-1,汽车工程学院,机械设计制造及其自动化,93.6,91.2,3.65,18,18,66
202300229,2024-2025-2,汽车工程学院,机械设计制造及其自动化,81.9,92.1,3.78,56,56,66
202300229,2025-2026-1,汽车工程学院,机械设计制造及其自动化,81.7,82.1,2.91,37,37,66
202300229,2025-2026-2,汽车工程学院,机械设计制造及其自动化,83.5,91.8,3.77,29,29,66
202300230,2023-2024-1,汽车工程学院,机械设计制造及其自动化,75.7,87.8,2.77,63,63,66
202300230,2023-2024-2,汽车工程学院,机械设计制造及其自动化,88.1,84.4,3.9,56,56,66
202300230,2024-2025-1,汽车工程学院,机械设计制造及其自动化,80.7,70.4,3.15,50,50,66
202300230,2024-2025-2,汽车工程学院,机械设计制造及其自动化,71.1,85.3,2.77,53,53,66
202300230,2025-2026-1,汽车工程学院,机械设计制造及其自动化,86.6,69.8,3.14,32,32,66
202300230,2025-2026-2,汽车工程学院,机械设计制造及其自动化,86.5,72.9,3.13,40,40,66
202300231,2023-2024-1,汽车工程学院,机械设计制造及其自动化,72.9,79.3,3.84,63,63,66
202300231,2023-2024-2,汽车工程学院,机械设计制造及其自动化,84.0,79.7,3.63,15,15,66
202300231,2024-2025-1,汽车工程学院,机械设计制造及其自动化,90.9,92.0,3.49,23,23,66
202300231,2024-2025-2,汽车工程学院,机械设计制造及其自动化,77.3,83.6,2.99,30,30,66
202300231,2025-2026-1,汽车工程学院,机械设计制造及其自动化,92.5,82.5,3.7,21,21,66
202300231,2025-2026-2,汽车工程学院,机械设计制造及其自动化,88.0,95.8,3.26,12,12,66
202300232,2023-2024-1,汽车工程学院,机械设计制造及其自动化,88.0,72.7,3.84,60,60,66
202300232,2023-2024-2,汽车工程学院,机械设计制造及其自动化,85.6,84.9,3.64,17,17,66
202300232,2024-2025-1,汽车工程学院,机械设计制造及其自动化,90.5,83.4,3.17,59,59,66
202300232,2024-2025-2,汽车工程学院,机械设计制造及其自动化,71.0,77.0,3.28,54,54,66
202300232,2025-2026-1,汽车工程学院,机械设计制造及其自动化,94.8,70.7,3.41,1,1,66
202300232,2025-2026-2,汽车工程学院,机械设计制造及其自动化,81.4,93.0,2.91,37,37,66
202300233,2023-2024-1,汽车工程学院,机械设计制造及其自动化,72.3,86.7,3.54,1,1,66
202300233,2023-2024-2,汽车工程学院,机械设计制造及其自动化,86.0,73.4,3.55,24,24,66
202300233,2024-2025-1,汽车工程学院,机械设计制造及其自动化,74.9,84.4,3.52,18,18,66
202300233,2024-2025-2,汽车工程学院,机械设计制造及其自动化,74.3,70.5,3.9,9,9,66
202300233,2025-2026-1,汽车工程学院,机械设计制造及其自动化,78.4,79.3,3.95,41,41,66
202300233,2025-2026-2,汽车工程学院,机械设计制造及其自动化,73.3,95.5,3.41,18,18,66
202300234,2023-2024-1,汽车工程学院,机械设计制造及其自动化,82.9,81.6,3.3,11,11,66
202300234,2023-2024-2,汽车工程学院,机械设计制造及其自动化,89.5,82.4,3.93,1,1,66
202300234,2024-2025-1,汽车工程学院,机械设计制造及其自动化,78.1,73.4,3.51,2,2,66
202300234,2024-2025-2,汽车工程学院,机械设计制造及其自动化,89.9,89.5,3.9,36,36,66
202300234,2025-2026-1,汽车工程学院,机械设计制造及其自动化,91.7,85.6,2.87,40,40,66
202300234,2025-2026-2,汽车工程学院,机械设计制造及其自动化,91.8,75.7,3.28,62,62,66
202300235,2023-2024-1,汽车工程学院,机械设计制造及其自动化,91.3,70.1,2.72,20,20,66
202300235,2023-2024-2,汽车工程学院,机械设计制造及其自动化,92.0,79.9,3.65,18,18,66
202300235,2024-2025-1,汽车工程学院,机械设计制造及其自动化,86.3,80.9,3.81,59,59,66
202300235,2024-2025-2,汽车工程学院,机械设计制造及其自动化,84.7,87.1,3.56,37,37,66
202300235,2025-2026-1,汽车工程学院,机械设计制造及其自动化,92.9,89.8,2.71,66,66,66
202300235,2025-2026-2,汽车工程学院,机械设计制造及其自动化,94.6,87.5,3.82,5,5,66
202300236,2023-2024-1,汽车工程学院,机械设计制造及其自动化,88.8,74.4,3.26,37,37,66
202300236,2023-2024-2,汽车工程学院,机械设计制造及其自动化,85.4,72.1,3.52,66,66,66
202300236,2024-2025-1,汽车工程学院,机械设计制造及其自动化,86.7,70.1,3.95,7,7,66
202300236,2024-2025-2,汽车工程学院,机械设计制造及其自动化,83.4,87.0,3.86,5,5,66
202300236,2025-2026-1,汽车工程学院,机械设计制造及其自动化,78.3,75.6,3.59,8,8,66
202300236,2025-2026-2,汽车工程学院,机械设计制造及其自动化,81.7,85.9,3.95,38,38,66
202300237,2023-2024-1,汽车工程学院,机械设计制造及其自动化,77.0,70.4,3.85,12,12,66
202300237,2023-2024-2,汽车工程学院,机械设计制造及其自动化,79.9,75.6,2.75,34,34,66
202300237,2024-2025-1,汽车工程学院,机械设计制造及其自动化,94.0,72.7,3.33,14,14,66
202300237,2024-2025-2,汽车工程学院,机械设计制造及其自动化,90.2,72.4,2.89,30,30,66
202300237,2025-2026-1,汽车工程学院,机械设计制造及其自动化,84.3,77.2,3.17,63,63,66
202300237,2025-2026-2,汽车工程学院,机械设计制造及其自动化,75.1,73.3,3.89,59,59,66
202300238,2023-2024-1,汽车工程学院,机械设计制造及其自动化,79.2,92.9,2.86,12,12,66
202300238,2023-2024-2,汽车工程学院,机械设计制造及其自动化,71.8,88.9,3.54,45,45,66
202300238,2024-2025-1,汽车工程学院,机械设计制造及其自动化,91.8,86.3,3.38,35,35,66
202300238,2024-2025-2,汽车工程学院,机械设计制造及其自动化,90.2,68.8,3.9,55,55,66
202300238,2025-2026-1,汽车工程学院,机械设计制造及其自动化,92.8,76.8,3.56,66,66,66
202300238,2025-2026-2,汽车工程学院,机械设计制造及其自动化,78.3,81.3,3.84,66,66,66
202300239,2023-2024-1,汽车工程学院,机械设计制造及其自动化,83.8,83.2,3.59,61,61,66
202300239,2023-2024-2,汽车工程学院,机械设计制造及其自动化,86.9,81.8,3.93,56,56,66
202300239,2024-2025-1,汽车工程学院,机械设计制造及其自动化,91.2,95.9,2.96,64,64,66
202300239,2024-2025-2,汽车工程学院,机械设计制造及其自动化,93.6,93.6,3.98,53,53,66
202300239,2025-2026-1,汽车工程学院,机械设计制造及其自动化,89.3,89.7,3.77,9,9,66
202300239,2025-2026-2,汽车工程学院,机械设计制造及其自动化,85.3,68.4,3.64,36,36,66
202300240,2023-2024-1,汽车工程学院,机械设计制造及其自动化,84.3,73.3,3.37,17,17,66
202300240,2023-2024-2,汽车工程学院,机械设计制造及其自动化,81.6,78.0,3.75,25,25,66
202300240,2024-2025-1,汽车工程学院,机械设计制造及其自动化,75.4,74.3,3.49,56,56,66
202300240,2024-2025-2,汽车工程学院,机械设计制造及其自动化,91.8,89.5,3.6,20,20,66
202300240,2025-2026-1,汽车工程学院,机械设计制造及其自动化,91.5,80.4,2.83,54,54,66
202300240,2025-2026-2,汽车工程学院,机械设计制造及其自动化,87.1,71.9,2.92,17,17,66
202300241,2023-2024-1,汽车工程学院,机械设计制造及其自动化,74.8,74.1,3.25,65,65,66
202300241,2023-2024-2,汽车工程学院,机械设计制造及其自动化,89.5,72.6,3.04,23,23,66
202300241,2024-2025-1,汽车工程学院,机械设计制造及其自动化,75.1,73.8,3.63,22,22,66
202300241,2024-2025-2,汽车工程学院,机械设计制造及其自动化,94.3,77.6,3.3,18,18,66
202300241,2025-2026-1,汽车工程学院,机械设计制造及其自动化,82.1,77.3,3.21,65,65,66
202300241,2025-2026-2,汽车工程学院,机械设计制造及其自动化,93.7,87.6,3.45,15,15,66
202300242,2023-2024-1,汽车工程学院,机械设计制造及其自动化,86.6,91.0,3.52,38,38,66
202300242,2023-2024-2,汽车工程学院,机械设计制造及其自动化,85.5,74.8,3.19,13,13,66
202300242,2024-2025-1,汽车工程学院,机械设计制造及其自动化,70.2,86.3,3.99,64,64,66
202300242,2024-2025-2,汽车工程学院,机械设计制造及其自动化,74.3,94.3,3.5,36,36,66
202300242,2025-2026-1,汽车工程学院,机械设计制造及其自动化,78.0,80.6,2.76,48,48,66
202300242,2025-2026-2,汽车工程学院,机械设计制造及其自动化,70.2,79.1,3.73,30,30,66
202300243,2023-2024-1,汽车工程学院,机械设计制造及其自动化,80.6,68.2,3.37,64,64,66
202300243,2023-2024-2,汽车工程学院,机械设计制造及其自动化,77.2,78.8,3.53,52,52,66
202300243,2024-2025-1,汽车工程学院,机械设计制造及其自动化,70.8,88.1,3.61,30,30,66
202300243,2024-2025-2,汽车工程学院,机械设计制造及其自动化,93.5,85.3,3.7,32,32,66
202300243,2025-2026-1,汽车工程学院,机械设计制造及其自动化,93.7,78.8,2.76,26,26,66
202300243,2025-2026-2,汽车工程学院,机械设计制造及其自动化,86.0,84.7,3.4,53,53,66
202300244,2023-2024-1,汽车工程学院,机械设计制造及其自动化,88.9,94.9,3.11,62,62,66
202300244,2023-2024-2,汽车工程学院,机械设计制造及其自动化,85.4,92.9,3.57,21,21,66
202300244,2024-2025-1,汽车工程学院,机械设计制造及其自动化,75.5,84.7,3.66,30,30,66
202300244,2024-2025-2,汽车工程学院,机械设计制造及其自动化,76.7,92.7,3.41,47,47,66
202300244,2025-2026-1,汽车工程学院,机械设计制造及其自动化,88.5,93.9,2.92,26,26,66
202300244,2025-2026-2,汽车工程学院,机械设计制造及其自动化,74.5,85.4,3.94,50,50,66
202300245,2023-2024-1,汽车工程学院,机械设计制造及其自动化,88.2,78.8,2.74,13,13,66
202300245,2023-2024-2,汽车工程学院,机械设计制造及其自动化,71.0,80.1,3.46,31,31,66
202300245,2024-2025-1,汽车工程学院,机械设计制造及其自动化,93.0,95.7,3.34,60,60,66
202300245,2024-2025-2,汽车工程学院,机械设计制造及其自动化,87.0,94.1,3.78,17,17,66
202300245,2025-2026-1,汽车工程学院,机械设计制造及其自动化,84.9,86.7,2.72,13,13,66
202300245,2025-2026-2,汽车工程学院,机械设计制造及其自动化,89.2,77.8,2.92,66,66,66
202300246,2023-2024-1,汽车工程学院,机械设计制造及其自动化,76.5,93.9,3.66,32,32,66
202300246,2023-2024-2,汽车工程学院,机械设计制造及其自动化,77.9,76.9,3.92,63,63,66
202300246,2024-2025-1,汽车工程学院,机械设计制造及其自动化,89.1,87.2,3.9,59,59,66
202300246,2024-2025-2,汽车工程学院,机械设计制造及其自动化,88.5,87.0,3.88,56,56,66
202300246,2025-2026-1,汽车工程学院,机械设计制造及其自动化,81.4,84.6,3.03,24,24,66
202300246,2025-2026-2,汽车工程学院,机械设计制造及其自动化,79.9,91.0,3.49,43,43,66
202300247,2023-2024-1,汽车工程学院,机械设计制造及其自动化,82.3,92.5,3.93,23,23,66
202300247,2023-2024-2,汽车工程学院,机械设计制造及其自动化,78.0,89.2,3.83,6,6,66
202300247,2024-2025-1,汽车工程学院,机械设计制造及其自动化,72.5,76.7,2.79,42,42,66
202300247,2024-2025-2,汽车工程学院,机械设计制造及其自动化,70.7,79.9,3.67,51,51,66
202300247,2025-2026-1,汽车工程学院,机械设计制造及其自动化,83.9,92.1,3.42,29,29,66
202300247,2025-2026-2,汽车工程学院,机械设计制造及其自动化,85.9,90.0,3.12,43,43,66
202300248,2023-2024-1,汽车工程学院,机械设计制造及其自动化,71.3,84.3,3.36,35,35,66
202300248,2023-2024-2,汽车工程学院,机械设计制造及其自动化,85.1,70.2,3.77,47,47,66
202300248,2024-2025-1,汽车工程学院,机械设计制造及其自动化,85.9,80.8,3.71,52,52,66
202300248,2024-2025-2,汽车工程学院,机械设计制造及其自动化,82.4,82.5,3.87,62,62,66
202300248,2025-2026-1,汽车工程学院,机械设计制造及其自动化,88.6,85.1,3.83,36,36,66
202300248,2025-2026-2,汽车工程学院,机械设计制造及其自动化,94.5,70.7,2.79,36,36,66
202300249,2023-2024-1,汽车工程学院,机械设计制造及其自动化,86.4,70.4,3.49,37,37,66
202300249,2023-2024-2,汽车工程学院,机械设计制造及其自动化,76.8,72.6,3.1,1,1,66
202300249,2024-2025-1,汽车工程学院,机械设计制造及其自动化,84.6,78.7,2.83,44,44,66
202300249,2024-2025-2,汽车工程学院,机械设计制造及其自动化,79.3,92.9,2.83,56,56,66
202300249,2025-2026-1,汽车工程学院,机械设计制造及其自动化,86.4,78.5,3.73,59,59,66
202300249,2025-2026-2,汽车工程学院,机械设计制造及其自动化,77.9,92.6,3.19,31,31,66
202300250,2023-2024-1,汽车工程学院,机械设计制造及其自动化,75.2,71.9,3.38,33,33,66
202300250,2023-2024-2,汽车工程学院,机械设计制造及其自动化,74.7,73.5,2.8,12,12,66
202300250,2024-2025-1,汽车工程学院,机械设计制造及其自动化,92.7,72.0,3.72,29,29,66
202300250,2024-2025-2,汽车工程学院,机械设计制造及其自动化,75.4,80.1,3.02,13,13,66
202300250,2025-2026-1,汽车工程学院,机械设计制造及其自动化,76.4,90.9,3.76,47,47,66
202300250,2025-2026-2,汽车工程学院,机械设计制造及其自动化,79.3,68.9,2.94,66,66,66
202300251,2023-2024-1,汽车工程学院,机械设计制造及其自动化,73.0,92.1,2.73,30,30,66
202300251,2023-2024-2,汽车工程学院,机械设计制造及其自动化,78.4,80.8,2.73,20,20,66
202300251,2024-2025-1,汽车工程学院,机械设计制造及其自动化,83.3,91.7,3.12,61,61,66
202300251,2024-2025-2,汽车工程学院,机械设计制造及其自动化,70.1,85.6,3.16,24,24,66
202300251,2025-2026-1,汽车工程学院,机械设计制造及其自动化,70.0,95.4,3.36,61,61,66
202300251,2025-2026-2,汽车工程学院,机械设计制造及其自动化,73.1,82.2,2.89,31,31,66
202300252,2023-2024-1,汽车工程学院,机械设计制造及其自动化,76.2,93.2,3.56,65,65,66
202300252,2023-2024-2,汽车工程学院,机械设计制造及其自动化,85.1,72.6,3.21,42,42,66
202300252,2024-2025-1,汽车工程学院,机械设计制造及其自动化,92.5,79.0,2.79,39,39,66
202300252,2024-2025-2,汽车工程学院,机械设计制造及其自动化,90.8,70.2,3.04,60,60,66
202300252,2025-2026-1,汽车工程学院,机械设计制造及其自动化,94.6,68.1,3.01,52,52,66
202300252,2025-2026-2,汽车工程学院,机械设计制造及其自动化,81.8,93.5,3.66,62,62,66
202300253,2023-2024-1,汽车工程学院,机械设计制造及其自动化,70.6,73.9,3.37,51,51,66
202300253,2023-2024-2,汽车工程学院,机械设计制造及其自动化,85.2,92.1,2.81,13,13,66
202300253,2024-2025-1,汽车工程学院,机械设计制造及其自动化,74.4,79.6,2.71,7,7,66
202300253,2024-2025-2,汽车工程学院,机械设计制造及其自动化,77.4,75.4,3.12,58,58,66
202300253,2025-2026-1,汽车工程学院,机械设计制造及其自动化,86.3,77.7,2.79,17,17,66
202300253,2025-2026-2,汽车工程学院,机械设计制造及其自动化,82.5,76.5,3.34,53,53,66
202300254,2023-2024-1,汽车工程学院,机械设计制造及其自动化,71.6,95.4,3.8,25,25,66
202300254,2023-2024-2,汽车工程学院,机械设计制造及其自动化,87.4,69.7,3.97,5,5,66
202300254,2024-2025-1,汽车工程学院,机械设计制造及其自动化,75.1,78.1,2.84,39,39,66
202300254,2024-2025-2,汽车工程学院,机械设计制造及其自动化,70.4,71.7,3.35,51,51,66
202300254,2025-2026-1,汽车工程学院,机械设计制造及其自动化,72.2,88.3,2.91,65,65,66
202300254,2025-2026-2,汽车工程学院,机械设计制造及其自动化,94.0,82.9,2.79,38,38,66
202300255,2023-2024-1,汽车工程学院,机械设计制造及其自动化,84.0,83.2,3.57,12,12,66
202300255,2023-2024-2,汽车工程学院,机械设计制造及其自动化,90.2,87.6,2.8,34,34,66
202300255,2024-2025-1,汽车工程学院,机械设计制造及其自动化,91.6,71.8,3.58,28,28,66
202300255,2024-2025-2,汽车工程学院,机械设计制造及其自动化,91.1,73.5,3.7,30,30,66
202300255,2025-2026-1,汽车工程学院,机械设计制造及其自动化,86.3,88.6,3.9,33,33,66
202300255,2025-2026-2,汽车工程学院,机械设计制造及其自动化,80.2,77.2,3.38,1,1,66
202300256,2023-2024-1,汽车工程学院,机械设计制造及其自动化,77.7,74.4,3.11,23,23,66
202300256,2023-2024-2,汽车工程学院,机械设计制造及其自动化,91.7,85.6,3.79,58,58,66
202300256,2024-2025-1,汽车工程学院,机械设计制造及其自动化,74.0,81.7,2.83,58,58,66
202300256,2024-2025-2,汽车工程学院,机械设计制造及其自动化,86.5,69.4,3.21,20,20,66
202300256,2025-2026-1,汽车工程学院,机械设计制造及其自动化,75.1,76.3,3.26,63,63,66
202300256,2025-2026-2,汽车工程学院,机械设计制造及其自动化,90.0,93.1,3.12,52,52,66
202300257,2023-2024-1,汽车工程学院,机械设计制造及其自动化,94.3,87.7,2.93,52,52,66
202300257,2023-2024-2,汽车工程学院,机械设计制造及其自动化,87.2,75.6,3.26,24,24,66
202300257,2024-2025-1,汽车工程学院,机械设计制造及其自动化,70.1,74.0,3.95,65,65,66
202300257,2024-2025-2,汽车工程学院,机械设计制造及其自动化,86.1,72.6,2.96,60,60,66
202300257,2025-2026-1,汽车工程学院,机械设计制造及其自动化,90.0,74.6,3.28,61,61,66
202300257,2025-2026-2,汽车工程学院,机械设计制造及其自动化,85.4,94.0,3.98,39,39,66
202300258,2023-2024-1,汽车工程学院,机械设计制造及其自动化,79.5,93.8,3.9,47,47,66
202300258,2023-2024-2,汽车工程学院,机械设计制造及其自动化,88.2,78.7,3.85,41,41,66
202300258,2024-2025-1,汽车工程学院,机械设计制造及其自动化,73.6,88.0,3.75,31,31,66
202300258,2024-2025-2,汽车工程学院,机械设计制造及其自动化,73.2,85.2,3.54,33,33,66
202300258,2025-2026-1,汽车工程学院,机械设计制造及其自动化,85.4,95.3,3.6,1,1,66
202300258,2025-2026-2,汽车工程学院,机械设计制造及其自动化,93.6,79.2,3.9,41,41,66
202300259,2023-2024-1,汽车工程学院,机械设计制造及其自动化,90.0,74.2,3.67,34,34,66
202300259,2023-2024-2,汽车工程学院,机械设计制造及其自动化,70.8,76.9,3.3,51,51,66
202300259,2024-2025-1,汽车工程学院,机械设计制造及其自动化,86.7,93.8,3.02,52,52,66
202300259,2024-2025-2,汽车工程学院,机械设计制造及其自动化,73.1,76.9,3.18,19,19,66
202300259,2025-2026-1,汽车工程学院,机械设计制造及其自动化,89.7,88.1,3.58,33,33,66
202300259,2025-2026-2,汽车工程学院,机械设计制造及其自动化,71.3,92.9,3.3,23,23,66
202300260,2023-2024-1,汽车工程学院,机械设计制造及其自动化,85.2,77.5,3.33,56,56,66
202300260,2023-2024-2,汽车工程学院,机械设计制造及其自动化,75.4,68.0,2.7,41,41,66
202300260,2024-2025-1,汽车工程学院,机械设计制造及其自动化,94.9,87.9,3.03,39,39,66
202300260,2024-2025-2,汽车工程学院,机械设计制造及其自动化,87.9,75.9,2.71,35,35,66
202300260,2025-2026-1,汽车工程学院,机械设计制造及其自动化,72.0,90.0,3.82,15,15,66
202300260,2025-2026-2,汽车工程学院,机械设计制造及其自动化,88.7,85.1,2.84,8,8,66
202300261,2023-2024-1,汽车工程学院,机械设计制造及其自动化,76.2,69.3,2.81,25,25,66
202300261,2023-2024-2,汽车工程学院,机械设计制造及其自动化,78.9,72.2,3.02,11,11,66
202300261,2024-2025-1,汽车工程学院,机械设计制造及其自动化,86.0,71.2,2.98,36,36,66
202300261,2024-2025-2,汽车工程学院,机械设计制造及其自动化,87.2,80.0,3.69,52,52,66
202300261,2025-2026-1,汽车工程学院,机械设计制造及其自动化,84.8,74.8,3.6,37,37,66
202300261,2025-2026-2,汽车工程学院,机械设计制造及其自动化,78.4,93.6,3.54,15,15,66
202300262,2023-2024-1,汽车工程学院,机械设计制造及其自动化,79.2,79.1,3.0,40,40,66
202300262,2023-2024-2,汽车工程学院,机械设计制造及其自动化,89.9,76.8,2.84,58,58,66
202300262,2024-2025-1,汽车工程学院,机械设计制造及其自动化,71.7,94.7,3.88,4,4,66
202300262,2024-2025-2,汽车工程学院,机械设计制造及其自动化,71.7,83.4,3.67,2,2,66
202300262,2025-2026-1,汽车工程学院,机械设计制造及其自动化,84.2,90.6,3.07,52,52,66
202300262,2025-2026-2,汽车工程学院,机械设计制造及其自动化,80.2,94.4,3.68,61,61,66
202300263,2023-2024-1,汽车工程学院,机械设计制造及其自动化,93.6,73.1,3.51,48,48,66
202300263,2023-2024-2,汽车工程学院,机械设计制造及其自动化,89.3,71.5,3.46,56,56,66
202300263,2024-2025-1,汽车工程学院,机械设计制造及其自动化,93.7,80.6,2.85,46,46,66
202300263,2024-2025-2,汽车工程学院,机械设计制造及其自动化,73.4,72.0,3.02,8,8,66
202300263,2025-2026-1,汽车工程学院,机械设计制造及其自动化,84.9,68.7,2.73,35,35,66
202300263,2025-2026-2,汽车工程学院,机械设计制造及其自动化,76.7,81.1,3.6,57,57,66
202300264,2023-2024-1,汽车工程学院,机械设计制造及其自动化,84.2,79.1,3.52,34,34,66
202300264,2023-2024-2,汽车工程学院,机械设计制造及其自动化,75.3,69.4,3.02,16,16,66
202300264,2024-2025-1,汽车工程学院,机械设计制造及其自动化,77.2,84.3,2.95,19,19,66
202300264,2024-2025-2,汽车工程学院,机械设计制造及其自动化,80.9,79.4,3.71,47,47,66
202300264,2025-2026-1,汽车工程学院,机械设计制造及其自动化,73.6,71.4,3.74,65,65,66
202300264,2025-2026-2,汽车工程学院,机械设计制造及其自动化,92.3,74.6,2.74,38,38,66
202300265,2023-2024-1,汽车工程学院,机械设计制造及其自动化,79.9,88.0,2.97,8,8,66
202300265,2023-2024-2,汽车工程学院,机械设计制造及其自动化,81.9,90.2,2.96,30,30,66
202300265,2024-2025-1,汽车工程学院,机械设计制造及其自动化,70.7,90.8,3.84,60,60,66
202300265,2024-2025-2,汽车工程学院,机械设计制造及其自动化,79.9,80.7,2.82,36,36,66
202300265,2025-2026-1,汽车工程学院,机械设计制造及其自动化,73.4,85.3,3.33,26,26,66
202300265,2025-2026-2,汽车工程学院,机械设计制造及其自动化,92.7,78.9,2.83,66,66,66
202300266,2023-2024-1,汽车工程学院,机械设计制造及其自动化,80.1,81.6,3.62,25,25,66
202300266,2023-2024-2,汽车工程学院,机械设计制造及其自动化,93.0,92.4,2.79,26,26,66
202300266,2024-2025-1,汽车工程学院,机械设计制造及其自动化,87.8,84.4,3.25,36,36,66
202300266,2024-2025-2,汽车工程学院,机械设计制造及其自动化,92.2,95.1,3.91,21,21,66
202300266,2025-2026-1,汽车工程学院,机械设计制造及其自动化,85.0,89.2,3.11,25,25,66
202300266,2025-2026-2,汽车工程学院,机械设计制造及其自动化,81.2,95.8,3.85,32,32,66
202300267,2023-2024-1,汽车工程学院,机械设计制造及其自动化,79.9,77.5,3.88,1,1,66
202300267,2023-2024-2,汽车工程学院,机械设计制造及其自动化,80.5,93.5,3.0,56,56,66
202300267,2024-2025-1,汽车工程学院,机械设计制造及其自动化,75.2,83.9,2.95,34,34,66
202300267,2024-2025-2,汽车工程学院,机械设计制造及其自动化,84.3,95.4,3.93,19,19,66
202300267,2025-2026-1,汽车工程学院,机械设计制造及其自动化,74.6,78.3,3.85,1,1,66
202300267,2025-2026-2,汽车工程学院,机械设计制造及其自动化,84.1,79.3,3.36,45,45,66
202300268,2023-2024-1,汽车工程学院,机械设计制造及其自动化,79.3,90.1,3.93,6,6,66
202300268,2023-2024-2,汽车工程学院,机械设计制造及其自动化,82.2,70.4,3.87,34,34,66
202300268,2024-2025-1,汽车工程学院,机械设计制造及其自动化,79.3,75.5,3.53,20,20,66
202300268,2024-2025-2,汽车工程学院,机械设计制造及其自动化,94.5,70.0,3.14,36,36,66
202300268,2025-2026-1,汽车工程学院,机械设计制造及其自动化,87.1,95.8,3.13,43,43,66
202300268,2025-2026-2,汽车工程学院,机械设计制造及其自动化,81.3,84.9,3.09,61,61,66
202300269,2023-2024-1,汽车工程学院,机械设计制造及其自动化,92.5,84.3,2.9,57,57,66
202300269,2023-2024-2,汽车工程学院,机械设计制造及其自动化,93.2,81.0,3.11,17,17,66
202300269,2024-2025-1,汽车工程学院,机械设计制造及其自动化,80.3,81.6,3.48,35,35,66
202300269,2024-2025-2,汽车工程学院,机械设计制造及其自动化,84.9,85.4,3.1,14,14,66
202300269,2025-2026-1,汽车工程学院,机械设计制造及其自动化,85.7,91.8,2.77,16,16,66
202300269,2025-2026-2,汽车工程学院,机械设计制造及其自动化,94.3,77.3,3.3,45,45,66
202300270,2023-2024-1,汽车工程学院,机械设计制造及其自动化,79.5,92.6,2.73,65,65,66
202300270,2023-2024-2,汽车工程学院,机械设计制造及其自动化,84.0,77.0,3.69,59,59,66
202300270,2024-2025-1,汽车工程学院,机械设计制造及其自动化,89.3,93.4,2.87,50,50,66
202300270,2024-2025-2,汽车工程学院,机械设计制造及其自动化,73.3,87.2,3.37,22,22,66
202300270,2025-2026-1,汽车工程学院,机械设计制造及其自动化,76.1,78.7,3.01,51,51,66
202300270,2025-2026-2,汽车工程学院,机械设计制造及其自动化,71.3,74.2,3.93,48,48,66
202300271,2023-2024-1,汽车工程学院,交通运输,81.1,76.3,3.4,25,25,30
202300271,2023-2024-2,汽车工程学院,交通运输,94.5,69.2,2.92,20,20,30
202300271,2024-2025-1,汽车工程学院,交通运输,73.2,87.9,2.7,28,28,30
202300271,2024-2025-2,汽车工程学院,交通运输,83.7,90.9,3.99,25,25,30
202300271,2025-2026-1,汽车工程学院,交通运输,79.6,85.4,3.66,25,25,30
202300271,2025-2026-2,汽车工程学院,交通运输,86.8,77.8,2.73,20,20,30
202300272,2023-2024-1,汽车工程学院,交通运输,94.3,80.8,2.91,29,29,30
202300272,2023-2024-2,汽车工程学院,交通运输,88.4,93.6,4.0,10,10,30
202300272,2024-2025-1,汽车工程学院,交通运输,79.8,92.8,3.43,15,15,30
202300272,2024-2025-2,汽车工程学院,交通运输,74.2,92.2,3.69,15,15,30
202300272,2025-2026-1,汽车工程学院,交通运输,81.0,74.1,3.07,1,1,30
202300272,2025-2026-2,汽车工程学院,交通运输,95.0,74.9,3.46,8,8,30
202300273,2023-2024-1,汽车工程学院,交通运输,94.8,72.9,3.67,23,23,30
202300273,2023-2024-2,汽车工程学院,交通运输,93.8,72.9,3.65,22,22,30
202300273,2024-2025-1,汽车工程学院,交通运输,78.0,81.0,3.02,7,7,30
202300273,2024-2025-2,汽车工程学院,交通运输,72.7,89.7,3.02,9,9,30
202300273,2025-2026-1,汽车工程学院,交通运输,86.3,95.9,3.33,4,4,30
202300273,2025-2026-2,汽车工程学院,交通运输,73.8,69.8,3.85,3,3,30
202300274,2023-2024-1,汽车工程学院,交通运输,70.6,68.6,3.3,21,21,30
202300274,2023-2024-2,汽车工程学院,交通运输,92.1,94.4,3.95,25,25,30
202300274,2024-2025-1,汽车工程学院,交通运输,93.6,83.0,3.86,8,8,30
202300274,2024-2025-2,汽车工程学院,交通运输,74.9,76.0,3.58,9,9,30
202300274,2025-2026-1,汽车工程学院,交通运输,93.2,84.8,2.95,4,4,30
202300274,2025-2026-2,汽车工程学院,交通运输,91.9,72.4,3.08,6,6,30
202300275,2023-2024-1,汽车工程学院,交通运输,73.0,86.9,2.81,21,21,30
202300275,2023-2024-2,汽车工程学院,交通运输,88.7,84.3,2.79,16,16,30
202300275,2024-2025-1,汽车工程学院,交通运输,72.2,70.0,3.34,27,27,30
202300275,2024-2025-2,汽车工程学院,交通运输,74.8,72.7,3.17,8,8,30
202300275,2025-2026-1,汽车工程学院,交通运输,70.2,88.6,2.98,29,29,30
202300275,2025-2026-2,汽车工程学院,交通运输,78.9,94.9,3.14,13,13,30
202300276,2023-2024-1,汽车工程学院,交通运输,92.2,70.3,3.07,8,8,30
202300276,2023-2024-2,汽车工程学院,交通运输,76.9,90.3,2.73,18,18,30
202300276,2024-2025-1,汽车工程学院,交通运输,80.5,78.2,3.08,10,10,30
202300276,2024-2025-2,汽车工程学院,交通运输,71.8,80.1,3.11,13,13,30
202300276,2025-2026-1,汽车工程学院,交通运输,92.2,79.3,3.53,10,10,30
202300276,2025-2026-2,汽车工程学院,交通运输,94.7,69.4,2.82,23,23,30
202300277,2023-2024-1,汽车工程学院,交通运输,93.4,68.2,2.77,26,26,30
202300277,2023-2024-2,汽车工程学院,交通运输,90.0,93.2,3.44,1,1,30
202300277,2024-2025-1,汽车工程学院,交通运输,76.4,86.9,3.49,6,6,30
202300277,2024-2025-2,汽车工程学院,交通运输,83.6,81.6,3.91,23,23,30
202300277,2025-2026-1,汽车工程学院,交通运输,78.0,88.1,3.48,5,5,30
202300277,2025-2026-2,汽车工程学院,交通运输,72.4,77.4,3.07,26,26,30
202300278,2023-2024-1,汽车工程学院,交通运输,92.6,84.7,3.74,4,4,30
202300278,2023-2024-2,汽车工程学院,交通运输,70.2,83.2,3.2,30,30,30
202300278,2024-2025-1,汽车工程学院,交通运输,87.0,90.1,2.98,5,5,30
202300278,2024-2025-2,汽车工程学院,交通运输,74.9,71.5,3.43,13,13,30
202300278,2025-2026-1,汽车工程学院,交通运输,86.5,80.0,3.74,12,12,30
202300278,2025-2026-2,汽车工程学院,交通运输,76.0,80.9,3.34,14,14,30
202300279,2023-2024-1,汽车工程学院,交通运输,83.6,89.3,2.91,11,11,30
202300279,2023-2024-2,汽车工程学院,交通运输,87.5,80.6,3.11,15,15,30
202300279,2024-2025-1,汽车工程学院,交通运输,73.0,89.0,3.6,20,20,30
202300279,2024-2025-2,汽车工程学院,交通运输,75.1,68.3,3.86,10,10,30
202300279,2025-2026-1,汽车工程学院,交通运输,72.0,78.9,3.94,14,14,30
202300279,2025-2026-2,汽车工程学院,交通运输,82.5,82.2,3.26,21,21,30
202300280,2023-2024-1,汽车工程学院,交通运输,92.1,80.6,3.25,16,16,30
202300280,2023-2024-2,汽车工程学院,交通运输,78.8,87.2,3.03,15,15,30
202300280,2024-2025-1,汽车工程学院,交通运输,71.2,93.7,3.09,2,2,30
202300280,2024-2025-2,汽车工程学院,交通运输,89.9,89.3,3.97,12,12,30
202300280,2025-2026-1,汽车工程学院,交通运输,81.6,76.2,3.2,17,17,30
202300280,2025-2026-2,汽车工程学院,交通运输,76.0,84.6,2.72,15,15,30
202300281,2023-2024-1,汽车工程学院,交通运输,89.2,94.0,3.14,9,9,30
202300281,2023-2024-2,汽车工程学院,交通运输,90.9,73.0,3.74,2,2,30
202300281,2024-2025-1,汽车工程学院,交通运输,79.4,92.5,3.81,20,20,30
202300281,2024-2025-2,汽车工程学院,交通运输,81.7,81.4,3.36,18,18,30
202300281,2025-2026-1,汽车工程学院,交通运输,90.1,76.4,3.22,13,13,30
202300281,2025-2026-2,汽车工程学院,交通运输,85.9,86.8,3.7,20,20,30
202300282,2023-2024-1,汽车工程学院,交通运输,87.3,90.4,3.56,23,23,30
202300282,2023-2024-2,汽车工程学院,交通运输,74.8,77.4,3.37,9,9,30
202300282,2024-2025-1,汽车工程学院,交通运输,90.0,73.1,3.87,6,6,30
202300282,2024-2025-2,汽车工程学院,交通运输,74.9,94.6,2.71,6,6,30
202300282,2025-2026-1,汽车工程学院,交通运输,77.5,87.4,3.6,28,28,30
202300282,2025-2026-2,汽车工程学院,交通运输,92.7,76.0,2.83,17,17,30
202300283,2023-2024-1,汽车工程学院,交通运输,91.7,79.5,2.76,25,25,30
202300283,2023-2024-2,汽车工程学院,交通运输,81.2,70.1,3.47,15,15,30
202300283,2024-2025-1,汽车工程学院,交通运输,72.5,87.6,3.82,7,7,30
202300283,2024-2025-2,汽车工程学院,交通运输,93.1,88.0,3.4,4,4,30
202300283,2025-2026-1,汽车工程学院,交通运输,70.4,84.1,3.23,3,3,30
202300283,2025-2026-2,汽车工程学院,交通运输,83.1,95.3,3.2,15,15,30
202300284,2023-2024-1,汽车工程学院,交通运输,92.7,72.2,3.04,15,15,30
202300284,2023-2024-2,汽车工程学院,交通运输,82.3,77.1,2.97,24,24,30
202300284,2024-2025-1,汽车工程学院,交通运输,73.7,77.1,3.29,28,28,30
202300284,2024-2025-2,汽车工程学院,交通运输,85.5,77.9,3.65,15,15,30
202300284,2025-2026-1,汽车工程学院,交通运输,71.7,87.7,3.62,23,23,30
202300284,2025-2026-2,汽车工程学院,交通运输,77.8,87.8,3.77,1,1,30
202300285,2023-2024-1,汽车工程学院,交通运输,84.3,74.5,3.26,9,9,30
202300285,2023-2024-2,汽车工程学院,交通运输,89.7,71.2,3.25,6,6,30
202300285,2024-2025-1,汽车工程学院,交通运输,85.5,75.4,2.86,15,15,30
202300285,2024-2025-2,汽车工程学院,交通运输,77.3,74.0,2.73,12,12,30
202300285,2025-2026-1,汽车工程学院,交通运输,70.4,95.7,3.85,6,6,30
202300285,2025-2026-2,汽车工程学院,交通运输,73.2,71.9,3.42,6,6,30
202300286,2023-2024-1,汽车工程学院,交通运输,89.7,83.6,2.8,14,14,30
202300286,2023-2024-2,汽车工程学院,交通运输,82.2,94.8,3.62,21,21,30
202300286,2024-2025-1,汽车工程学院,交通运输,78.4,86.9,3.29,30,30,30
202300286,2024-2025-2,汽车工程学院,交通运输,76.0,85.3,3.65,17,17,30
202300286,2025-2026-1,汽车工程学院,交通运输,84.1,70.5,2.91,15,15,30
202300286,2025-2026-2,汽车工程学院,交通运输,80.9,72.5,3.94,18,18,30
202300287,2023-2024-1,汽车工程学院,交通运输,85.5,74.2,3.07,21,21,30
202300287,2023-2024-2,汽车工程学院,交通运输,91.9,84.5,3.59,15,15,30
202300287,2024-2025-1,汽车工程学院,交通运输,82.7,69.0,2.99,20,20,30
202300287,2024-2025-2,汽车工程学院,交通运输,87.0,74.8,3.26,9,9,30
202300287,2025-2026-1,汽车工程学院,交通运输,71.9,73.6,3.14,17,17,30
202300287,2025-2026-2,汽车工程学院,交通运输,81.5,79.6,3.49,1,1,30
202300288,2023-2024-1,汽车工程学院,交通运输,83.1,87.6,3.45,9,9,30
202300288,2023-2024-2,汽车工程学院,交通运输,89.6,93.1,3.11,9,9,30
202300288,2024-2025-1,汽车工程学院,交通运输,78.7,82.5,3.99,27,27,30
202300288,2024-2025-2,汽车工程学院,交通运输,72.4,68.7,2.74,4,4,30
202300288,2025-2026-1,汽车工程学院,交通运输,81.2,94.8,4.0,28,28,30
202300288,2025-2026-2,汽车工程学院,交通运输,85.1,80.6,3.16,8,8,30
202300289,2023-2024-1,汽车工程学院,交通运输,77.7,73.3,3.72,26,26,30
202300289,2023-2024-2,汽车工程学院,交通运输,81.7,81.6,3.05,6,6,30
202300289,2024-2025-1,汽车工程学院,交通运输,94.4,75.2,3.99,26,26,30
202300289,2024-2025-2,汽车工程学院,交通运输,94.7,92.0,2.9,26,26,30
202300289,2025-2026-1,汽车工程学院,交通运输,91.3,71.8,3.09,1,1,30
202300289,2025-2026-2,汽车工程学院,交通运输,87.5,94.3,2.76,21,21,30
202300290,2023-2024-1,汽车工程学院,交通运输,73.2,95.5,3.17,6,6,30
202300290,2023-2024-2,汽车工程学院,交通运输,87.7,84.6,3.61,1,1,30
202300290,2024-2025-1,汽车工程学院,交通运输,79.7,86.3,3.04,1,1,30
202300290,2024-2025-2,汽车工程学院,交通运输,84.7,78.4,3.49,12,12,30
202300290,2025-2026-1,汽车工程学院,交通运输,81.1,84.0,3.77,21,21,30
202300290,2025-2026-2,汽车工程学院,交通运输,88.7,90.3,3.6,29,29,30
202300291,2023-2024-1,汽车工程学院,交通运输,83.6,85.3,3.72,1,1,30
202300291,2023-2024-2,汽车工程学院,交通运输,88.3,80.2,2.86,10,10,30
202300291,2024-2025-1,汽车工程学院,交通运输,71.2,81.0,3.24,11,11,30
202300291,2024-2025-2,汽车工程学院,交通运输,88.3,74.8,2.82,5,5,30
202300291,2025-2026-1,汽车工程学院,交通运输,89.5,77.3,2.98,20,20,30
202300291,2025-2026-2,汽车工程学院,交通运输,80.3,72.7,3.61,27,27,30
202300292,2023-2024-1,汽车工程学院,交通运输,93.8,89.9,3.88,7,7,30
202300292,2023-2024-2,汽车工程学院,交通运输,76.1,72.0,3.54,2,2,30
202300292,2024-2025-1,汽车工程学院,交通运输,90.2,70.6,3.09,12,12,30
202300292,2024-2025-2,汽车工程学院,交通运输,77.8,86.9,3.79,24,24,30
202300292,2025-2026-1,汽车工程学院,交通运输,79.7,69.6,3.06,25,25,30
202300292,2025-2026-2,汽车工程学院,交通运输,90.6,71.8,3.3,18,18,30
202300293,2023-2024-1,汽车工程学院,交通运输,79.4,80.7,3.6,15,15,30
202300293,2023-2024-2,汽车工程学院,交通运输,85.9,76.4,3.03,23,23,30
202300293,2024-2025-1,汽车工程学院,交通运输,88.6,87.1,3.76,17,17,30
202300293,2024-2025-2,汽车工程学院,交通运输,83.4,79.8,2.75,3,3,30
202300293,2025-2026-1,汽车工程学院,交通运输,75.2,91.2,3.99,9,9,30
202300293,2025-2026-2,汽车工程学院,交通运输,84.0,92.8,2.77,3,3,30
202300294,2023-2024-1,汽车工程学院,交通运输,87.1,79.8,2.7,10,10,30
202300294,2023-2024-2,汽车工程学院,交通运输,83.6,80.7,3.8,14,14,30
202300294,2024-2025-1,汽车工程学院,交通运输,77.3,68.1,3.77,20,20,30
202300294,2024-2025-2,汽车工程学院,交通运输,79.4,77.2,2.82,26,26,30
202300294,2025-2026-1,汽车工程学院,交通运输,71.2,76.0,3.46,4,4,30
202300294,2025-2026-2,汽车工程学院,交通运输,75.9,76.5,2.75,17,17,30
202300295,2023-2024-1,汽车工程学院,交通运输,77.1,91.0,3.92,25,25,30
202300295,2023-2024-2,汽车工程学院,交通运输,87.4,70.5,3.99,5,5,30
202300295,2024-2025-1,汽车工程学院,交通运输,91.9,79.5,3.46,7,7,30
202300295,2024-2025-2,汽车工程学院,交通运输,87.0,79.3,3.11,26,26,30
202300295,2025-2026-1,汽车工程学院,交通运输,79.9,85.5,2.91,18,18,30
202300295,2025-2026-2,汽车工程学院,交通运输,83.0,84.4,3.1,13,13,30
202300296,2023-2024-1,汽车工程学院,交通运输,93.6,73.7,2.87,17,17,30
202300296,2023-2024-2,汽车工程学院,交通运输,75.3,92.7,2.92,18,18,30
202300296,2024-2025-1,汽车工程学院,交通运输,86.4,83.9,3.49,15,15,30
202300296,2024-2025-2,汽车工程学院,交通运输,81.9,69.7,3.12,27,27,30
202300296,2025-2026-1,汽车工程学院,交通运输,86.5,69.4,3.06,22,22,30
202300296,2025-2026-2,汽车工程学院,交通运输,90.9,91.6,3.46,30,30,30
202300297,2023-2024-1,汽车工程学院,交通运输,83.6,83.7,2.85,14,14,30
202300297,2023-2024-2,汽车工程学院,交通运输,74.5,75.0,3.48,13,13,30
202300297,2024-2025-1,汽车工程学院,交通运输,87.7,68.9,2.97,19,19,30
202300297,2024-2025-2,汽车工程学院,交通运输,91.5,75.9,3.32,13,13,30
202300297,2025-2026-1,汽车工程学院,交通运输,93.0,95.6,3.19,17,17,30
202300297,2025-2026-2,汽车工程学院,交通运输,91.9,72.5,3.15,16,16,30
202300298,2023-2024-1,汽车工程学院,交通运输,86.8,79.1,3.38,30,30,30
202300298,2023-2024-2,汽车工程学院,交通运输,81.0,84.5,3.92,4,4,30
202300298,2024-2025-1,汽车工程学院,交通运输,94.7,72.3,3.42,7,7,30
202300298,2024-2025-2,汽车工程学院,交通运输,72.3,79.6,3.61,15,15,30
202300298,2025-2026-1,汽车工程学院,交通运输,73.8,78.8,3.02,17,17,30
202300298,2025-2026-2,汽车工程学院,交通运输,82.3,85.6,3.56,1,1,30
202300299,2023-2024-1,汽车工程学院,交通运输,92.4,95.6,3.94,26,26,30
202300299,2023-2024-2,汽车工程学院,交通运输,93.0,71.8,3.58,21,21,30
202300299,2024-2025-1,汽车工程学院,交通运输,70.9,79.4,3.77,21,21,30
202300299,2024-2025-2,汽车工程学院,交通运输,91.2,91.7,3.96,28,28,30
202300299,2025-2026-1,汽车工程学院,交通运输,92.5,80.3,3.23,7,7,30
202300299,2025-2026-2,汽车工程学院,交通运输,88.3,90.8,3.04,12,12,30
202300300,2023-2024-1,汽车工程学院,交通运输,90.1,74.3,3.9,10,10,30
202300300,2023-2024-2,汽车工程学院,交通运输,79.4,86.0,2.79,19,19,30
202300300,2024-2025-1,汽车工程学院,交通运输,72.5,89.5,2.96,3,3,30
202300300,2024-2025-2,汽车工程学院,交通运输,81.7,83.9,3.92,16,16,30
202300300,2025-2026-1,汽车工程学院,交通运输,81.3,89.2,3.32,3,3,30
202300300,2025-2026-2,汽车工程学院,交通运输,86.7,72.8,3.72,20,20,30
202400301,2024-2025-1,汽车工程学院,车辆工程,75.8,93.9,3.08,125,125,136
202400301,2024-2025-2,汽车工程学院,车辆工程,78.7,79.1,3.11,56,56,136
202400301,2025-2026-1,汽车工程学院,车辆工程,74.0,69.9,3.84,106,106,136
202400301,2025-2026-2,汽车工程学院,车辆工程,86.2,93.1,3.12,52,52,136
202400302,2024-2025-1,汽车工程学院,车辆工程,73.5,95.0,2.76,113,113,136
202400302,2024-2025-2,汽车工程学院,车辆工程,71.6,70.1,3.32,133,133,136
202400302,2025-2026-1,汽车工程学院,车辆工程,85.8,87.5,3.45,3,3,136
202400302,2025-2026-2,汽车工程学院,车辆工程,84.6,83.9,3.64,99,99,136
202400303,2024-2025-1,汽车工程学院,车辆工程,88.8,87.4,3.46,85,85,136
202400303,2024-2025-2,汽车工程学院,车辆工程,81.2,71.6,3.95,1,1,136
202400303,2025-2026-1,汽车工程学院,车辆工程,74.9,93.1,3.46,108,108,136
202400303,2025-2026-2,汽车工程学院,车辆工程,76.2,88.9,3.7,63,63,136
202400304,2024-2025-1,汽车工程学院,车辆工程,74.7,84.0,2.78,94,94,136
202400304,2024-2025-2,汽车工程学院,车辆工程,88.6,68.8,3.83,80,80,136
202400304,2025-2026-1,汽车工程学院,车辆工程,92.8,94.7,3.12,110,110,136
202400304,2025-2026-2,汽车工程学院,车辆工程,90.0,80.9,3.7,3,3,136
202400305,2024-2025-1,汽车工程学院,车辆工程,78.2,70.1,2.73,94,94,136
202400305,2024-2025-2,汽车工程学院,车辆工程,75.8,73.4,3.15,98,98,136
202400305,2025-2026-1,汽车工程学院,车辆工程,70.4,90.6,3.36,104,104,136
202400305,2025-2026-2,汽车工程学院,车辆工程,81.6,91.7,3.92,96,96,136
202400306,2024-2025-1,汽车工程学院,车辆工程,86.4,87.0,3.12,21,21,136
202400306,2024-2025-2,汽车工程学院,车辆工程,92.2,72.8,3.58,27,27,136
202400306,2025-2026-1,汽车工程学院,车辆工程,84.2,82.9,3.03,60,60,136
202400306,2025-2026-2,汽车工程学院,车辆工程,77.3,68.5,3.09,16,16,136
202400307,2024-2025-1,汽车工程学院,车辆工程,87.8,95.7,2.7,122,122,136
202400307,2024-2025-2,汽车工程学院,车辆工程,79.3,75.1,3.05,38,38,136
202400307,2025-2026-1,汽车工程学院,车辆工程,90.7,85.7,3.29,5,5,136
202400307,2025-2026-2,汽车工程学院,车辆工程,70.7,91.3,2.91,4,4,136
202400308,2024-2025-1,汽车工程学院,车辆工程,71.4,68.4,3.04,44,44,136
202400308,2024-2025-2,汽车工程学院,车辆工程,73.9,74.0,3.02,122,122,136
202400308,2025-2026-1,汽车工程学院,车辆工程,72.6,69.4,3.36,58,58,136
202400308,2025-2026-2,汽车工程学院,车辆工程,88.6,80.3,3.21,117,117,136
202400309,2024-2025-1,汽车工程学院,车辆工程,90.7,93.1,3.25,113,113,136
202400309,2024-2025-2,汽车工程学院,车辆工程,78.6,76.7,3.43,40,40,136
202400309,2025-2026-1,汽车工程学院,车辆工程,90.1,70.2,3.48,102,102,136
202400309,2025-2026-2,汽车工程学院,车辆工程,89.0,86.3,2.89,115,115,136
202400310,2024-2025-1,汽车工程学院,车辆工程,74.1,83.5,3.52,24,24,136
202400310,2024-2025-2,汽车工程学院,车辆工程,79.3,75.5,3.45,63,63,136
202400310,2025-2026-1,汽车工程学院,车辆工程,94.5,69.6,2.79,124,124,136
202400310,2025-2026-2,汽车工程学院,车辆工程,77.8,75.8,2.81,133,133,136
202400311,2024-2025-1,汽车工程学院,车辆工程,76.0,71.0,3.47,28,28,136
202400311,2024-2025-2,汽车工程学院,车辆工程,78.5,82.3,3.37,48,48,136
202400311,2025-2026-1,汽车工程学院,车辆工程,84.2,89.2,2.74,108,108,136
202400311,2025-2026-2,汽车工程学院,车辆工程,78.5,87.4,2.83,34,34,136
202400312,2024-2025-1,汽车工程学院,车辆工程,80.3,75.2,3.44,20,20,136
202400312,2024-2025-2,汽车工程学院,车辆工程,80.9,70.8,3.0,6,6,136
202400312,2025-2026-1,汽车工程学院,车辆工程,77.8,86.1,3.32,34,34,136
202400312,2025-2026-2,汽车工程学院,车辆工程,75.5,76.2,3.37,132,132,136
202400313,2024-2025-1,汽车工程学院,车辆工程,76.8,94.9,2.96,98,98,136
202400313,2024-2025-2,汽车工程学院,车辆工程,73.3,91.0,2.88,42,42,136
202400313,2025-2026-1,汽车工程学院,车辆工程,78.7,69.2,2.84,64,64,136
202400313,2025-2026-2,汽车工程学院,车辆工程,86.7,89.9,3.79,133,133,136
202400314,2024-2025-1,汽车工程学院,车辆工程,85.8,80.2,3.49,7,7,136
202400314,2024-2025-2,汽车工程学院,车辆工程,77.0,71.9,3.39,30,30,136
202400314,2025-2026-1,汽车工程学院,车辆工程,71.1,86.3,2.8,11,11,136
202400314,2025-2026-2,汽车工程学院,车辆工程,79.1,95.3,2.75,25,25,136
202400315,2024-2025-1,汽车工程学院,车辆工程,85.4,83.0,2.78,41,41,136
202400315,2024-2025-2,汽车工程学院,车辆工程,73.5,79.3,2.76,2,2,136
202400315,2025-2026-1,汽车工程学院,车辆工程,77.4,79.6,3.47,50,50,136
202400315,2025-2026-2,汽车工程学院,车辆工程,83.2,74.2,3.05,91,91,136
202400316,2024-2025-1,汽车工程学院,车辆工程,70.2,88.4,3.03,21,21,136
202400316,2024-2025-2,汽车工程学院,车辆工程,92.0,76.1,3.4,33,33,136
202400316,2025-2026-1,汽车工程学院,车辆工程,81.2,84.1,3.72,94,94,136
202400316,2025-2026-2,汽车工程学院,车辆工程,71.2,87.9,3.12,116,116,136
202400317,2024-2025-1,汽车工程学院,车辆工程,73.6,79.3,3.37,51,51,136
202400317,2024-2025-2,汽车工程学院,车辆工程,88.1,68.5,3.7,90,90,136
202400317,2025-2026-1,汽车工程学院,车辆工程,88.5,94.0,3.8,116,116,136
202400317,2025-2026-2,汽车工程学院,车辆工程,88.0,79.4,3.93,4,4,136
202400318,2024-2025-1,汽车工程学院,车辆工程,74.9,71.6,3.75,127,127,136
202400318,2024-2025-2,汽车工程学院,车辆工程,76.8,79.3,3.31,46,46,136
202400318,2025-2026-1,汽车工程学院,车辆工程,86.7,94.5,3.79,6,6,136
202400318,2025-2026-2,汽车工程学院,车辆工程,87.0,91.0,2.82,60,60,136
202400319,2024-2025-1,汽车工程学院,车辆工程,85.1,82.8,3.99,57,57,136
202400319,2024-2025-2,汽车工程学院,车辆工程,80.9,94.8,3.93,9,9,136
202400319,2025-2026-1,汽车工程学院,车辆工程,79.5,83.5,2.88,38,38,136
202400319,2025-2026-2,汽车工程学院,车辆工程,76.0,78.2,3.8,10,10,136
202400320,2024-2025-1,汽车工程学院,车辆工程,91.2,78.3,2.78,58,58,136
202400320,2024-2025-2,汽车工程学院,车辆工程,87.5,69.4,3.95,69,69,136
202400320,2025-2026-1,汽车工程学院,车辆工程,79.2,94.7,3.11,72,72,136
202400320,2025-2026-2,汽车工程学院,车辆工程,88.2,92.2,3.39,132,132,136
202400321,2024-2025-1,汽车工程学院,车辆工程,94.2,70.5,3.51,100,100,136
202400321,2024-2025-2,汽车工程学院,车辆工程,80.9,91.5,3.18,107,107,136
202400321,2025-2026-1,汽车工程学院,车辆工程,90.3,81.6,2.74,94,94,136
202400321,2025-2026-2,汽车工程学院,车辆工程,85.0,95.1,3.01,29,29,136
202400322,2024-2025-1,汽车工程学院,车辆工程,86.6,94.7,4.0,61,61,136
202400322,2024-2025-2,汽车工程学院,车辆工程,87.8,72.2,3.93,70,70,136
202400322,2025-2026-1,汽车工程学院,车辆工程,75.8,79.7,3.61,42,42,136
202400322,2025-2026-2,汽车工程学院,车辆工程,92.1,90.2,3.57,14,14,136
202400323,2024-2025-1,汽车工程学院,车辆工程,87.6,77.9,2.85,78,78,136
202400323,2024-2025-2,汽车工程学院,车辆工程,85.9,82.3,3.99,126,126,136
202400323,2025-2026-1,汽车工程学院,车辆工程,74.2,80.8,3.32,50,50,136
202400323,2025-2026-2,汽车工程学院,车辆工程,81.7,93.8,3.54,59,59,136
202400324,2024-2025-1,汽车工程学院,车辆工程,92.2,90.7,3.15,85,85,136
202400324,2024-2025-2,汽车工程学院,车辆工程,86.3,90.8,3.17,51,51,136
202400324,2025-2026-1,汽车工程学院,车辆工程,88.6,83.7,2.72,6,6,136
202400324,2025-2026-2,汽车工程学院,车辆工程,90.6,95.5,3.85,32,32,136
202400325,2024-2025-1,汽车工程学院,车辆工程,90.5,71.4,3.02,114,114,136
202400325,2024-2025-2,汽车工程学院,车辆工程,70.3,69.9,3.34,94,94,136
202400325,2025-2026-1,汽车工程学院,车辆工程,89.9,80.6,3.82,88,88,136
202400325,2025-2026-2,汽车工程学院,车辆工程,86.2,68.1,3.93,70,70,136
202400326,2024-2025-1,汽车工程学院,车辆工程,82.4,69.1,3.83,78,78,136
202400326,2024-2025-2,汽车工程学院,车辆工程,90.2,83.3,3.88,129,129,136
202400326,2025-2026-1,汽车工程学院,车辆工程,91.4,73.1,3.64,8,8,136
202400326,2025-2026-2,汽车工程学院,车辆工程,76.8,87.4,3.34,37,37,136
202400327,2024-2025-1,汽车工程学院,车辆工程,70.5,95.8,2.75,69,69,136
202400327,2024-2025-2,汽车工程学院,车辆工程,83.7,83.9,3.88,132,132,136
202400327,2025-2026-1,汽车工程学院,车辆工程,76.4,87.4,3.47,81,81,136
202400327,2025-2026-2,汽车工程学院,车辆工程,94.8,87.6,3.73,22,22,136
202400328,2024-2025-1,汽车工程学院,车辆工程,87.0,74.9,3.53,67,67,136
202400328,2024-2025-2,汽车工程学院,车辆工程,77.3,82.4,3.91,64,64,136
202400328,2025-2026-1,汽车工程学院,车辆工程,74.7,87.7,2.89,112,112,136
202400328,2025-2026-2,汽车工程学院,车辆工程,79.3,93.4,3.98,131,131,136
202400329,2024-2025-1,汽车工程学院,车辆工程,88.7,81.6,3.12,22,22,136
202400329,2024-2025-2,汽车工程学院,车辆工程,74.8,77.9,3.53,2,2,136
202400329,2025-2026-1,汽车工程学院,车辆工程,90.2,81.2,2.96,6,6,136
202400329,2025-2026-2,汽车工程学院,车辆工程,82.8,89.5,3.95,48,48,136
202400330,2024-2025-1,汽车工程学院,车辆工程,70.1,91.0,3.89,39,39,136
202400330,2024-2025-2,汽车工程学院,车辆工程,78.3,95.8,2.73,103,103,136
202400330,2025-2026-1,汽车工程学院,车辆工程,89.3,74.3,3.56,124,124,136
202400330,2025-2026-2,汽车工程学院,车辆工程,92.1,94.2,2.98,106,106,136
202400331,2024-2025-1,汽车工程学院,车辆工程,93.3,90.2,3.02,92,92,136
202400331,2024-2025-2,汽车工程学院,车辆工程,93.4,87.5,3.97,45,45,136
202400331,2025-2026-1,汽车工程学院,车辆工程,89.7,87.8,2.74,136,136,136
202400331,2025-2026-2,汽车工程学院,车辆工程,91.4,68.8,3.6,94,94,136
202400332,2024-2025-1,汽车工程学院,车辆工程,90.1,70.3,3.29,7,7,136
202400332,2024-2025-2,汽车工程学院,车辆工程,82.5,81.8,3.59,129,129,136
202400332,2025-2026-1,汽车工程学院,车辆工程,88.1,82.0,3.59,117,117,136
202400332,2025-2026-2,汽车工程学院,车辆工程,79.9,71.4,3.33,51,51,136
202400333,2024-2025-1,汽车工程学院,车辆工程,74.3,92.1,2.72,51,51,136
202400333,2024-2025-2,汽车工程学院,车辆工程,90.3,95.3,3.93,6,6,136
202400333,2025-2026-1,汽车工程学院,车辆工程,92.4,84.3,3.73,65,65,136
202400333,2025-2026-2,汽车工程学院,车辆工程,88.3,95.3,3.27,19,19,136
202400334,2024-2025-1,汽车工程学院,车辆工程,86.1,72.3,3.37,37,37,136
202400334,2024-2025-2,汽车工程学院,车辆工程,82.1,76.8,3.83,17,17,136
202400334,2025-2026-1,汽车工程学院,车辆工程,88.1,85.5,3.84,84,84,136
202400334,2025-2026-2,汽车工程学院,车辆工程,73.3,82.9,2.92,68,68,136
202400335,2024-2025-1,汽车工程学院,车辆工程,79.6,85.6,3.63,106,106,136
202400335,2024-2025-2,汽车工程学院,车辆工程,79.8,83.6,3.43,65,65,136
202400335,2025-2026-1,汽车工程学院,车辆工程,71.0,76.0,3.29,4,4,136
202400335,2025-2026-2,汽车工程学院,车辆工程,83.0,73.4,3.51,20,20,136
202400336,2024-2025-1,汽车工程学院,车辆工程,78.1,70.2,3.52,6,6,136
202400336,2024-2025-2,汽车工程学院,车辆工程,86.1,68.6,3.98,136,136,136
202400336,2025-2026-1,汽车工程学院,车辆工程,74.0,77.5,2.73,49,49,136
202400336,2025-2026-2,汽车工程学院,车辆工程,82.0,75.4,3.25,30,30,136
202400337,2024-2025-1,汽车工程学院,车辆工程,91.1,77.5,3.57,72,72,136
202400337,2024-2025-2,汽车工程学院,车辆工程,86.2,90.0,3.76,32,32,136
202400337,2025-2026-1,汽车工程学院,车辆工程,88.6,69.7,3.27,104,104,136
202400337,2025-2026-2,汽车工程学院,车辆工程,85.8,93.2,3.55,85,85,136
202400338,2024-2025-1,汽车工程学院,车辆工程,73.5,72.2,3.47,31,31,136
202400338,2024-2025-2,汽车工程学院,车辆工程,89.8,84.1,3.69,3,3,136
202400338,2025-2026-1,汽车工程学院,车辆工程,90.8,90.1,3.01,3,3,136
202400338,2025-2026-2,汽车工程学院,车辆工程,86.0,86.7,3.19,67,67,136
202400339,2024-2025-1,汽车工程学院,车辆工程,70.3,73.4,3.15,6,6,136
202400339,2024-2025-2,汽车工程学院,车辆工程,75.9,86.8,3.19,34,34,136
202400339,2025-2026-1,汽车工程学院,车辆工程,70.2,80.5,3.48,86,86,136
202400339,2025-2026-2,汽车工程学院,车辆工程,78.3,76.9,3.43,11,11,136
202400340,2024-2025-1,汽车工程学院,车辆工程,94.7,93.9,3.55,34,34,136
202400340,2024-2025-2,汽车工程学院,车辆工程,76.4,70.6,3.52,39,39,136
202400340,2025-2026-1,汽车工程学院,车辆工程,89.8,79.6,3.0,132,132,136
202400340,2025-2026-2,汽车工程学院,车辆工程,85.0,93.1,3.85,37,37,136
202400341,2024-2025-1,汽车工程学院,车辆工程,79.0,90.6,3.55,101,101,136
202400341,2024-2025-2,汽车工程学院,车辆工程,72.7,80.6,2.95,99,99,136
202400341,2025-2026-1,汽车工程学院,车辆工程,91.4,82.7,3.53,105,105,136
202400341,2025-2026-2,汽车工程学院,车辆工程,94.3,94.3,2.92,112,112,136
202400342,2024-2025-1,汽车工程学院,车辆工程,78.3,69.3,3.38,85,85,136
202400342,2024-2025-2,汽车工程学院,车辆工程,76.1,87.4,2.98,106,106,136
202400342,2025-2026-1,汽车工程学院,车辆工程,89.3,81.2,3.18,53,53,136
202400342,2025-2026-2,汽车工程学院,车辆工程,78.2,75.9,3.69,102,102,136
202400343,2024-2025-1,汽车工程学院,车辆工程,81.7,90.7,2.74,72,72,136
202400343,2024-2025-2,汽车工程学院,车辆工程,88.8,91.9,3.34,24,24,136
202400343,2025-2026-1,汽车工程学院,车辆工程,88.4,89.1,3.96,6,6,136
202400343,2025-2026-2,汽车工程学院,车辆工程,74.6,70.1,3.77,107,107,136
202400344,2024-2025-1,汽车工程学院,车辆工程,84.3,89.0,3.71,134,134,136
202400344,2024-2025-2,汽车工程学院,车辆工程,85.4,78.2,3.41,70,70,136
202400344,2025-2026-1,汽车工程学院,车辆工程,87.4,83.2,2.78,13,13,136
202400344,2025-2026-2,汽车工程学院,车辆工程,80.6,90.0,3.16,126,126,136
202400345,2024-2025-1,汽车工程学院,车辆工程,71.8,93.0,3.89,95,95,136
202400345,2024-2025-2,汽车工程学院,车辆工程,88.2,91.1,2.98,95,95,136
202400345,2025-2026-1,汽车工程学院,车辆工程,71.8,72.4,3.37,95,95,136
202400345,2025-2026-2,汽车工程学院,车辆工程,79.6,87.9,3.51,33,33,136
202400346,2024-2025-1,汽车工程学院,车辆工程,89.8,96.0,3.65,45,45,136
202400346,2024-2025-2,汽车工程学院,车辆工程,93.8,91.5,3.94,105,105,136
202400346,2025-2026-1,汽车工程学院,车辆工程,75.1,80.6,3.16,122,122,136
202400346,2025-2026-2,汽车工程学院,车辆工程,93.8,72.8,3.07,109,109,136
202400347,2024-2025-1,汽车工程学院,车辆工程,73.8,94.9,3.09,44,44,136
202400347,2024-2025-2,汽车工程学院,车辆工程,84.6,72.6,3.49,119,119,136
202400347,2025-2026-1,汽车工程学院,车辆工程,81.2,87.8,3.61,11,11,136
202400347,2025-2026-2,汽车工程学院,车辆工程,79.5,83.0,3.47,115,115,136
202400348,2024-2025-1,汽车工程学院,车辆工程,82.4,69.2,2.94,79,79,136
202400348,2024-2025-2,汽车工程学院,车辆工程,72.9,90.0,3.1,87,87,136
202400348,2025-2026-1,汽车工程学院,车辆工程,85.2,70.6,3.72,41,41,136
202400348,2025-2026-2,汽车工程学院,车辆工程,83.8,68.9,3.72,117,117,136
202400349,2024-2025-1,汽车工程学院,车辆工程,87.0,73.9,2.82,91,91,136
202400349,2024-2025-2,汽车工程学院,车辆工程,88.1,87.1,3.41,17,17,136
202400349,2025-2026-1,汽车工程学院,车辆工程,77.7,70.3,2.91,24,24,136
202400349,2025-2026-2,汽车工程学院,车辆工程,94.5,75.5,3.15,28,28,136
202400350,2024-2025-1,汽车工程学院,车辆工程,90.2,69.8,3.58,63,63,136
202400350,2024-2025-2,汽车工程学院,车辆工程,87.1,68.8,3.42,59,59,136
202400350,2025-2026-1,汽车工程学院,车辆工程,92.3,91.6,3.43,25,25,136
202400350,2025-2026-2,汽车工程学院,车辆工程,83.3,94.6,3.12,128,128,136
202400351,2024-2025-1,汽车工程学院,车辆工程,75.6,84.4,2.92,3,3,136
202400351,2024-2025-2,汽车工程学院,车辆工程,87.8,92.0,3.84,125,125,136
202400351,2025-2026-1,汽车工程学院,车辆工程,92.8,82.5,3.72,73,73,136
202400351,2025-2026-2,汽车工程学院,车辆工程,77.8,84.8,3.31,95,95,136
202400352,2024-2025-1,汽车工程学院,车辆工程,84.8,86.0,3.83,109,109,136
202400352,2024-2025-2,汽车工程学院,车辆工程,75.3,69.8,3.47,14,14,136
202400352,2025-2026-1,汽车工程学院,车辆工程,77.0,84.7,3.75,79,79,136
202400352,2025-2026-2,汽车工程学院,车辆工程,75.4,80.5,2.88,124,124,136
202400353,2024-2025-1,汽车工程学院,车辆工程,88.4,95.9,3.1,85,85,136
202400353,2024-2025-2,汽车工程学院,车辆工程,70.3,73.7,3.78,50,50,136
202400353,2025-2026-1,汽车工程学院,车辆工程,85.7,81.4,3.98,127,127,136
202400353,2025-2026-2,汽车工程学院,车辆工程,90.0,95.2,2.81,114,114,136
202400354,2024-2025-1,汽车工程学院,车辆工程,87.0,92.3,3.35,117,117,136
202400354,2024-2025-2,汽车工程学院,车辆工程,75.8,74.8,3.93,102,102,136
202400354,2025-2026-1,汽车工程学院,车辆工程,94.2,73.9,3.98,45,45,136
202400354,2025-2026-2,汽车工程学院,车辆工程,76.5,75.0,3.32,108,108,136
202400355,2024-2025-1,汽车工程学院,车辆工程,90.8,91.8,2.93,53,53,136
202400355,2024-2025-2,汽车工程学院,车辆工程,71.6,94.9,3.02,2,2,136
202400355,2025-2026-1,汽车工程学院,车辆工程,86.7,71.3,3.53,42,42,136
202400355,2025-2026-2,汽车工程学院,车辆工程,71.8,68.6,2.92,18,18,136
202400356,2024-2025-1,汽车工程学院,车辆工程,71.4,79.7,3.21,51,51,136
202400356,2024-2025-2,汽车工程学院,车辆工程,79.0,86.6,3.87,93,93,136
202400356,2025-2026-1,汽车工程学院,车辆工程,79.2,83.5,3.98,16,16,136
202400356,2025-2026-2,汽车工程学院,车辆工程,73.4,73.7,3.11,82,82,136
202400357,2024-2025-1,汽车工程学院,车辆工程,94.5,85.9,3.65,88,88,136
202400357,2024-2025-2,汽车工程学院,车辆工程,82.8,90.4,3.9,60,60,136
202400357,2025-2026-1,汽车工程学院,车辆工程,76.7,82.2,3.27,80,80,136
202400357,2025-2026-2,汽车工程学院,车辆工程,70.1,69.4,3.17,129,129,136
202400358,2024-2025-1,汽车工程学院,车辆工程,72.6,84.7,3.06,126,126,136
202400358,2024-2025-2,汽车工程学院,车辆工程,93.1,84.6,3.28,9,9,136
202400358,2025-2026-1,汽车工程学院,车辆工程,77.0,84.7,3.73,91,91,136
202400358,2025-2026-2,汽车工程学院,车辆工程,72.2,72.3,3.18,67,67,136
202400359,2024-2025-1,汽车工程学院,车辆工程,70.4,89.6,3.57,34,34,136
202400359,2024-2025-2,汽车工程学院,车辆工程,73.5,69.0,2.74,104,104,136
202400359,2025-2026-1,汽车工程学院,车辆工程,89.9,88.6,4.0,9,9,136
202400359,2025-2026-2,汽车工程学院,车辆工程,85.5,83.8,3.19,70,70,136
202400360,2024-2025-1,汽车工程学院,车辆工程,76.8,79.5,3.69,136,136,136
202400360,2024-2025-2,汽车工程学院,车辆工程,86.8,81.0,3.63,39,39,136
202400360,2025-2026-1,汽车工程学院,车辆工程,78.6,68.8,2.86,19,19,136
202400360,2025-2026-2,汽车工程学院,车辆工程,79.2,90.4,2.88,9,9,136
202400361,2024-2025-1,汽车工程学院,车辆工程,77.3,79.9,3.44,59,59,136
202400361,2024-2025-2,汽车工程学院,车辆工程,74.6,91.0,3.98,98,98,136
202400361,2025-2026-1,汽车工程学院,车辆工程,75.2,77.0,3.9,104,104,136
202400361,2025-2026-2,汽车工程学院,车辆工程,77.4,78.4,3.88,43,43,136
202400362,2024-2025-1,汽车工程学院,车辆工程,77.3,80.9,3.84,40,40,136
202400362,2024-2025-2,汽车工程学院,车辆工程,85.8,68.5,3.05,135,135,136
202400362,2025-2026-1,汽车工程学院,车辆工程,72.5,76.5,3.27,74,74,136
202400362,2025-2026-2,汽车工程学院,车辆工程,78.4,95.6,3.09,49,49,136
202400363,2024-2025-1,汽车工程学院,车辆工程,74.5,77.9,3.19,39,39,136
202400363,2024-2025-2,汽车工程学院,车辆工程,92.3,70.7,3.73,47,47,136
202400363,2025-2026-1,汽车工程学院,车辆工程,88.3,70.8,3.91,1,1,136
202400363,2025-2026-2,汽车工程学院,车辆工程,88.4,91.1,3.6,29,29,136
202400364,2024-2025-1,汽车工程学院,车辆工程,76.7,90.9,3.57,49,49,136
202400364,2024-2025-2,汽车工程学院,车辆工程,80.2,89.6,3.08,52,52,136
202400364,2025-2026-1,汽车工程学院,车辆工程,84.0,74.3,3.85,13,13,136
202400364,2025-2026-2,汽车工程学院,车辆工程,74.6,82.2,3.52,45,45,136
202400365,2024-2025-1,汽车工程学院,车辆工程,75.4,82.1,3.84,62,62,136
202400365,2024-2025-2,汽车工程学院,车辆工程,82.8,77.7,3.09,71,71,136
202400365,2025-2026-1,汽车工程学院,车辆工程,71.9,94.3,3.35,129,129,136
202400365,2025-2026-2,汽车工程学院,车辆工程,76.2,78.8,2.72,76,76,136
202400366,2024-2025-1,汽车工程学院,车辆工程,82.4,91.8,3.93,52,52,136
202400366,2024-2025-2,汽车工程学院,车辆工程,79.1,89.6,2.95,134,134,136
202400366,2025-2026-1,汽车工程学院,车辆工程,87.3,94.5,3.18,80,80,136
202400366,2025-2026-2,汽车工程学院,车辆工程,89.8,71.5,3.8,102,102,136
202400367,2024-2025-1,汽车工程学院,车辆工程,73.3,85.3,3.55,112,112,136
202400367,2024-2025-2,汽车工程学院,车辆工程,71.8,77.8,3.03,64,64,136
202400367,2025-2026-1,汽车工程学院,车辆工程,89.5,81.2,2.95,126,126,136
202400367,2025-2026-2,汽车工程学院,车辆工程,88.7,95.0,2.9,47,47,136
202400368,2024-2025-1,汽车工程学院,车辆工程,80.5,77.6,3.65,36,36,136
202400368,2024-2025-2,汽车工程学院,车辆工程,78.7,73.4,3.55,111,111,136
202400368,2025-2026-1,汽车工程学院,车辆工程,81.4,68.9,3.41,4,4,136
202400368,2025-2026-2,汽车工程学院,车辆工程,90.7,76.4,3.62,119,119,136
202400369,2024-2025-1,汽车工程学院,车辆工程,73.0,88.4,3.47,120,120,136
202400369,2024-2025-2,汽车工程学院,车辆工程,78.7,95.5,2.89,16,16,136
202400369,2025-2026-1,汽车工程学院,车辆工程,83.5,76.2,3.39,111,111,136
202400369,2025-2026-2,汽车工程学院,车辆工程,70.6,94.5,3.16,43,43,136
202400370,2024-2025-1,汽车工程学院,车辆工程,85.7,90.8,2.71,57,57,136
202400370,2024-2025-2,汽车工程学院,车辆工程,71.3,77.0,3.87,122,122,136
202400370,2025-2026-1,汽车工程学院,车辆工程,71.9,92.8,2.96,100,100,136
202400370,2025-2026-2,汽车工程学院,车辆工程,83.7,68.9,2.92,59,59,136
202400371,2024-2025-1,汽车工程学院,车辆工程,89.4,83.4,3.91,68,68,136
202400371,2024-2025-2,汽车工程学院,车辆工程,89.6,80.9,3.08,103,103,136
202400371,2025-2026-1,汽车工程学院,车辆工程,85.6,83.1,2.83,36,36,136
202400371,2025-2026-2,汽车工程学院,车辆工程,72.8,83.1,2.76,19,19,136
202400372,2024-2025-1,汽车工程学院,车辆工程,73.6,83.3,3.45,120,120,136
202400372,2024-2025-2,汽车工程学院,车辆工程,85.0,82.8,3.6,119,119,136
202400372,2025-2026-1,汽车工程学院,车辆工程,91.9,92.0,3.11,71,71,136
202400372,2025-2026-2,汽车工程学院,车辆工程,91.9,79.4,3.52,14,14,136
202400373,2024-2025-1,汽车工程学院,车辆工程,72.8,69.4,3.19,61,61,136
202400373,2024-2025-2,汽车工程学院,车辆工程,79.8,87.7,2.75,115,115,136
202400373,2025-2026-1,汽车工程学院,车辆工程,80.2,90.9,3.03,57,57,136
202400373,2025-2026-2,汽车工程学院,车辆工程,75.9,71.9,3.37,110,110,136
202400374,2024-2025-1,汽车工程学院,车辆工程,74.2,68.3,3.74,102,102,136
202400374,2024-2025-2,汽车工程学院,车辆工程,83.1,89.3,3.74,129,129,136
202400374,2025-2026-1,汽车工程学院,车辆工程,71.7,77.0,3.1,126,126,136
202400374,2025-2026-2,汽车工程学院,车辆工程,70.5,69.0,3.91,54,54,136
202400375,2024-2025-1,汽车工程学院,车辆工程,89.3,95.3,3.74,98,98,136
202400375,2024-2025-2,汽车工程学院,车辆工程,78.5,72.1,3.83,26,26,136
202400375,2025-2026-1,汽车工程学院,车辆工程,82.8,68.6,3.7,38,38,136
202400375,2025-2026-2,汽车工程学院,车辆工程,77.9,81.7,2.92,64,64,136
202400376,2024-2025-1,汽车工程学院,车辆工程,85.5,68.6,2.76,127,127,136
202400376,2024-2025-2,汽车工程学院,车辆工程,70.2,76.2,3.26,20,20,136
202400376,2025-2026-1,汽车工程学院,车辆工程,82.5,94.4,3.56,7,7,136
202400376,2025-2026-2,汽车工程学院,车辆工程,87.3,81.6,3.71,20,20,136
202400377,2024-2025-1,汽车工程学院,车辆工程,89.9,84.3,3.59,8,8,136
202400377,2024-2025-2,汽车工程学院,车辆工程,77.9,87.6,3.85,24,24,136
202400377,2025-2026-1,汽车工程学院,车辆工程,87.3,86.5,2.99,69,69,136
202400377,2025-2026-2,汽车工程学院,车辆工程,92.3,95.7,3.69,43,43,136
202400378,2024-2025-1,汽车工程学院,车辆工程,93.2,91.0,2.7,16,16,136
202400378,2024-2025-2,汽车工程学院,车辆工程,80.2,95.8,2.74,40,40,136
202400378,2025-2026-1,汽车工程学院,车辆工程,92.2,86.1,3.96,97,97,136
202400378,2025-2026-2,汽车工程学院,车辆工程,82.2,94.0,3.54,25,25,136
202400379,2024-2025-1,汽车工程学院,车辆工程,73.2,94.2,2.75,72,72,136
202400379,2024-2025-2,汽车工程学院,车辆工程,81.0,86.2,2.95,56,56,136
202400379,2025-2026-1,汽车工程学院,车辆工程,87.7,72.3,3.76,25,25,136
202400379,2025-2026-2,汽车工程学院,车辆工程,75.5,91.3,3.33,75,75,136
202400380,2024-2025-1,汽车工程学院,车辆工程,90.4,89.4,3.81,89,89,136
202400380,2024-2025-2,汽车工程学院,车辆工程,94.5,93.3,2.8,38,38,136
202400380,2025-2026-1,汽车工程学院,车辆工程,87.7,73.8,3.97,67,67,136
202400380,2025-2026-2,汽车工程学院,车辆工程,92.1,89.0,3.85,113,113,136
202400381,2024-2025-1,汽车工程学院,车辆工程,81.8,71.7,3.13,37,37,136
202400381,2024-2025-2,汽车工程学院,车辆工程,84.9,79.2,3.75,47,47,136
202400381,2025-2026-1,汽车工程学院,车辆工程,72.5,74.2,2.8,123,123,136
202400381,2025-2026-2,汽车工程学院,车辆工程,88.9,88.3,3.79,24,24,136
202400382,2024-2025-1,汽车工程学院,车辆工程,78.2,69.3,3.67,59,59,136
202400382,2024-2025-2,汽车工程学院,车辆工程,84.0,85.2,2.96,86,86,136
202400382,2025-2026-1,汽车工程学院,车辆工程,74.6,82.2,3.23,80,80,136
202400382,2025-2026-2,汽车工程学院,车辆工程,71.0,90.9,3.75,94,94,136
202400383,2024-2025-1,汽车工程学院,车辆工程,78.7,83.9,2.76,129,129,136
202400383,2024-2025-2,汽车工程学院,车辆工程,71.9,90.3,3.92,46,46,136
202400383,2025-2026-1,汽车工程学院,车辆工程,86.3,84.5,3.44,122,122,136
202400383,2025-2026-2,汽车工程学院,车辆工程,82.2,87.1,3.83,91,91,136
202400384,2024-2025-1,汽车工程学院,车辆工程,93.8,89.9,3.16,109,109,136
202400384,2024-2025-2,汽车工程学院,车辆工程,91.6,86.2,3.69,128,128,136
202400384,2025-2026-1,汽车工程学院,车辆工程,72.8,95.6,3.58,89,89,136
202400384,2025-2026-2,汽车工程学院,车辆工程,85.9,85.1,3.48,75,75,136
202400385,2024-2025-1,汽车工程学院,车辆工程,90.3,79.3,3.67,33,33,136
202400385,2024-2025-2,汽车工程学院,车辆工程,86.0,81.3,3.59,122,122,136
202400385,2025-2026-1,汽车工程学院,车辆工程,86.5,92.4,2.92,3,3,136
202400385,2025-2026-2,汽车工程学院,车辆工程,94.1,83.4,3.84,91,91,136
202400386,2024-2025-1,汽车工程学院,车辆工程,85.0,86.3,3.46,111,111,136
202400386,2024-2025-2,汽车工程学院,车辆工程,86.0,82.0,3.09,115,115,136
202400386,2025-2026-1,汽车工程学院,车辆工程,85.1,69.8,3.91,49,49,136
202400386,2025-2026-2,汽车工程学院,车辆工程,91.6,80.6,3.14,124,124,136
202400387,2024-2025-1,汽车工程学院,车辆工程,90.7,78.6,2.85,110,110,136
202400387,2024-2025-2,汽车工程学院,车辆工程,74.0,91.0,3.62,10,10,136
202400387,2025-2026-1,汽车工程学院,车辆工程,73.6,93.3,3.35,72,72,136
202400387,2025-2026-2,汽车工程学院,车辆工程,87.8,73.9,3.64,42,42,136
202400388,2024-2025-1,汽车工程学院,车辆工程,80.7,77.4,3.68,130,130,136
202400388,2024-2025-2,汽车工程学院,车辆工程,77.6,78.5,3.24,94,94,136
202400388,2025-2026-1,汽车工程学院,车辆工程,92.4,93.9,2.93,87,87,136
202400388,2025-2026-2,汽车工程学院,车辆工程,76.9,91.0,3.37,25,25,136
202400389,2024-2025-1,汽车工程学院,车辆工程,80.8,86.5,3.5,127,127,136
202400389,2024-2025-2,汽车工程学院,车辆工程,92.3,88.6,3.06,20,20,136
202400389,2025-2026-1,汽车工程学院,车辆工程,70.2,76.3,3.52,59,59,136
202400389,2025-2026-2,汽车工程学院,车辆工程,85.4,71.2,3.82,35,35,136
202400390,2024-2025-1,汽车工程学院,车辆工程,83.2,84.1,3.52,85,85,136
202400390,2024-2025-2,汽车工程学院,车辆工程,89.2,95.0,2.74,32,32,136
202400390,2025-2026-1,汽车工程学院,车辆工程,88.4,81.4,3.38,79,79,136
202400390,2025-2026-2,汽车工程学院,车辆工程,92.5,76.8,2.9,120,120,136
202400391,2024-2025-1,汽车工程学院,车辆工程,79.3,92.4,3.64,135,135,136
202400391,2024-2025-2,汽车工程学院,车辆工程,90.7,76.5,3.21,131,131,136
202400391,2025-2026-1,汽车工程学院,车辆工程,73.5,94.3,2.88,124,124,136
202400391,2025-2026-2,汽车工程学院,车辆工程,81.3,69.6,3.43,132,132,136
202400392,2024-2025-1,汽车工程学院,车辆工程,93.2,85.6,2.77,40,40,136
202400392,2024-2025-2,汽车工程学院,车辆工程,72.2,79.4,3.89,125,125,136
202400392,2025-2026-1,汽车工程学院,车辆工程,91.0,79.1,3.94,27,27,136
202400392,2025-2026-2,汽车工程学院,车辆工程,71.9,79.6,3.86,65,65,136
202400393,2024-2025-1,汽车工程学院,车辆工程,86.8,79.3,2.88,9,9,136
202400393,2024-2025-2,汽车工程学院,车辆工程,77.3,95.2,3.03,83,83,136
202400393,2025-2026-1,汽车工程学院,车辆工程,83.5,80.6,3.84,114,114,136
202400393,2025-2026-2,汽车工程学院,车辆工程,70.3,78.9,2.81,36,36,136
202400394,2024-2025-1,汽车工程学院,车辆工程,75.6,68.3,3.62,33,33,136
202400394,2024-2025-2,汽车工程学院,车辆工程,73.9,79.0,3.74,105,105,136
202400394,2025-2026-1,汽车工程学院,车辆工程,85.2,82.4,3.94,98,98,136
202400394,2025-2026-2,汽车工程学院,车辆工程,80.1,72.9,3.54,67,67,136
202400395,2024-2025-1,汽车工程学院,车辆工程,75.7,77.4,2.96,47,47,136
202400395,2024-2025-2,汽车工程学院,车辆工程,87.6,91.3,2.7,16,16,136
202400395,2025-2026-1,汽车工程学院,车辆工程,78.2,71.6,3.34,97,97,136
202400395,2025-2026-2,汽车工程学院,车辆工程,75.2,88.8,3.05,78,78,136
202400396,2024-2025-1,汽车工程学院,车辆工程,80.1,77.2,3.98,34,34,136
202400396,2024-2025-2,汽车工程学院,车辆工程,88.4,86.3,3.04,55,55,136
202400396,2025-2026-1,汽车工程学院,车辆工程,81.8,75.6,3.95,80,80,136
202400396,2025-2026-2,汽车工程学院,车辆工程,76.6,88.8,3.18,126,126,136
202400397,2024-2025-1,汽车工程学院,车辆工程,80.6,91.5,3.29,30,30,136
202400397,2024-2025-2,汽车工程学院,车辆工程,81.7,90.2,3.24,27,27,136
202400397,2025-2026-1,汽车工程学院,车辆工程,91.2,77.2,3.88,82,82,136
202400397,2025-2026-2,汽车工程学院,车辆工程,87.9,74.2,3.38,25,25,136
202400398,2024-2025-1,汽车工程学院,车辆工程,85.4,73.5,3.3,63,63,136
202400398,2024-2025-2,汽车工程学院,车辆工程,72.3,94.1,3.24,125,125,136
202400398,2025-2026-1,汽车工程学院,车辆工程,87.7,78.6,3.3,107,107,136
202400398,2025-2026-2,汽车工程学院,车辆工程,72.0,93.7,3.73,129,129,136
202400399,2024-2025-1,汽车工程学院,车辆工程,80.4,71.7,3.71,9,9,136
202400399,2024-2025-2,汽车工程学院,车辆工程,90.5,90.3,2.92,86,86,136
202400399,2025-2026-1,汽车工程学院,车辆工程,81.7,91.9,2.83,26,26,136
202400399,2025-2026-2,汽车工程学院,车辆工程,94.3,83.8,3.28,49,49,136
202400400,2024-2025-1,汽车工程学院,车辆工程,75.0,78.1,3.03,131,131,136
202400400,2024-2025-2,汽车工程学院,车辆工程,84.3,73.9,3.98,20,20,136
202400400,2025-2026-1,汽车工程学院,车辆工程,81.4,92.9,3.14,96,96,136
202400400,2025-2026-2,汽车工程学院,车辆工程,76.9,88.2,2.73,15,15,136
202400401,2024-2025-1,汽车工程学院,车辆工程,81.9,68.4,3.14,42,42,136
202400401,2024-2025-2,汽车工程学院,车辆工程,73.6,83.5,3.29,18,18,136
202400401,2025-2026-1,汽车工程学院,车辆工程,76.1,86.2,3.88,115,115,136
202400401,2025-2026-2,汽车工程学院,车辆工程,80.0,72.3,3.36,40,40,136
202400402,2024-2025-1,汽车工程学院,车辆工程,90.3,72.6,3.55,28,28,136
202400402,2024-2025-2,汽车工程学院,车辆工程,75.3,74.9,2.73,61,61,136
202400402,2025-2026-1,汽车工程学院,车辆工程,84.8,68.7,2.8,1,1,136
202400402,2025-2026-2,汽车工程学院,车辆工程,89.3,74.7,2.99,70,70,136
202400403,2024-2025-1,汽车工程学院,车辆工程,77.6,77.2,2.79,22,22,136
202400403,2024-2025-2,汽车工程学院,车辆工程,91.5,90.7,3.75,36,36,136
202400403,2025-2026-1,汽车工程学院,车辆工程,93.8,71.8,3.68,132,132,136
202400403,2025-2026-2,汽车工程学院,车辆工程,88.4,94.3,2.92,113,113,136
202400404,2024-2025-1,汽车工程学院,车辆工程,76.4,94.9,3.19,77,77,136
202400404,2024-2025-2,汽车工程学院,车辆工程,81.5,88.5,3.25,70,70,136
202400404,2025-2026-1,汽车工程学院,车辆工程,83.5,94.4,2.72,28,28,136
202400404,2025-2026-2,汽车工程学院,车辆工程,89.4,73.0,2.94,80,80,136
202400405,2024-2025-1,汽车工程学院,车辆工程,84.8,95.1,3.23,39,39,136
202400405,2024-2025-2,汽车工程学院,车辆工程,75.8,77.7,2.76,50,50,136
202400405,2025-2026-1,汽车工程学院,车辆工程,85.1,87.1,2.94,55,55,136
202400405,2025-2026-2,汽车工程学院,车辆工程,87.7,76.8,3.28,109,109,136
202400406,2024-2025-1,汽车工程学院,车辆工程,89.3,90.1,3.61,126,126,136
202400406,2024-2025-2,汽车工程学院,车辆工程,86.2,94.4,2.9,70,70,136
202400406,2025-2026-1,汽车工程学院,车辆工程,87.2,82.5,3.88,134,134,136
202400406,2025-2026-2,汽车工程学院,车辆工程,92.1,79.7,3.98,58,58,136
202400407,2024-2025-1,汽车工程学院,车辆工程,70.1,71.4,3.34,24,24,136
202400407,2024-2025-2,汽车工程学院,车辆工程,86.4,68.4,3.31,83,83,136
202400407,2025-2026-1,汽车工程学院,车辆工程,70.6,85.0,3.87,120,120,136
202400407,2025-2026-2,汽车工程学院,车辆工程,71.0,88.9,3.87,127,127,136
202400408,2024-2025-1,汽车工程学院,车辆工程,87.6,85.5,3.8,93,93,136
202400408,2024-2025-2,汽车工程学院,车辆工程,79.3,88.4,3.86,57,57,136
202400408,2025-2026-1,汽车工程学院,车辆工程,86.7,83.6,3.84,80,80,136
202400408,2025-2026-2,汽车工程学院,车辆工程,84.9,93.9,3.26,40,40,136
202400409,2024-2025-1,汽车工程学院,车辆工程,85.1,78.3,2.93,128,128,136
202400409,2024-2025-2,汽车工程学院,车辆工程,83.1,71.7,3.9,89,89,136
202400409,2025-2026-1,汽车工程学院,车辆工程,73.0,83.1,3.29,92,92,136
202400409,2025-2026-2,汽车工程学院,车辆工程,71.4,70.8,3.79,39,39,136
202400410,2024-2025-1,汽车工程学院,车辆工程,76.9,94.9,3.01,70,70,136
202400410,2024-2025-2,汽车工程学院,车辆工程,83.3,76.5,3.29,126,126,136
202400410,2025-2026-1,汽车工程学院,车辆工程,78.4,88.4,3.58,14,14,136
202400410,2025-2026-2,汽车工程学院,车辆工程,85.2,86.4,3.85,24,24,136
202400411,2024-2025-1,汽车工程学院,车辆工程,71.7,85.3,3.08,76,76,136
202400411,2024-2025-2,汽车工程学院,车辆工程,91.9,91.5,3.42,11,11,136
202400411,2025-2026-1,汽车工程学院,车辆工程,90.2,72.5,3.25,113,113,136
202400411,2025-2026-2,汽车工程学院,车辆工程,90.4,91.2,2.87,37,37,136
202400412,2024-2025-1,汽车工程学院,车辆工程,80.6,70.3,3.93,78,78,136
202400412,2024-2025-2,汽车工程学院,车辆工程,87.5,83.1,3.02,134,134,136
202400412,2025-2026-1,汽车工程学院,车辆工程,74.0,76.4,3.27,76,76,136
202400412,2025-2026-2,汽车工程学院,车辆工程,80.6,89.4,2.99,70,70,136
202400413,2024-2025-1,汽车工程学院,车辆工程,87.9,84.4,3.97,122,122,136
202400413,2024-2025-2,汽车工程学院,车辆工程,82.6,70.0,2.77,45,45,136
202400413,2025-2026-1,汽车工程学院,车辆工程,85.7,86.4,2.89,89,89,136
202400413,2025-2026-2,汽车工程学院,车辆工程,88.4,86.1,3.09,53,53,136
202400414,2024-2025-1,汽车工程学院,车辆工程,72.0,75.4,3.92,128,128,136
202400414,2024-2025-2,汽车工程学院,车辆工程,82.5,90.3,3.73,63,63,136
202400414,2025-2026-1,汽车工程学院,车辆工程,90.9,89.7,3.42,126,126,136
202400414,2025-2026-2,汽车工程学院,车辆工程,80.1,84.2,2.73,76,76,136
202400415,2024-2025-1,汽车工程学院,车辆工程,92.3,77.5,3.98,133,133,136
202400415,2024-2025-2,汽车工程学院,车辆工程,83.2,75.2,2.74,108,108,136
202400415,2025-2026-1,汽车工程学院,车辆工程,93.7,84.3,3.47,122,122,136
202400415,2025-2026-2,汽车工程学院,车辆工程,92.9,72.2,3.25,97,97,136
202400416,2024-2025-1,汽车工程学院,车辆工程,80.3,79.1,2.84,76,76,136
202400416,2024-2025-2,汽车工程学院,车辆工程,89.4,85.2,2.89,117,117,136
202400416,2025-2026-1,汽车工程学院,车辆工程,86.3,81.4,3.81,121,121,136
202400416,2025-2026-2,汽车工程学院,车辆工程,79.9,72.8,3.19,122,122,136
202400417,2024-2025-1,汽车工程学院,车辆工程,71.7,83.0,2.86,58,58,136
202400417,2024-2025-2,汽车工程学院,车辆工程,88.0,85.7,3.95,11,11,136
202400417,2025-2026-1,汽车工程学院,车辆工程,90.1,84.9,2.88,16,16,136
202400417,2025-2026-2,汽车工程学院,车辆工程,92.1,79.4,3.57,70,70,136
202400418,2024-2025-1,汽车工程学院,车辆工程,80.4,82.6,2.86,7,7,136
202400418,2024-2025-2,汽车工程学院,车辆工程,76.7,93.2,2.94,117,117,136
202400418,2025-2026-1,汽车工程学院,车辆工程,82.6,86.8,3.04,119,119,136
202400418,2025-2026-2,汽车工程学院,车辆工程,74.7,72.2,3.76,32,32,136
202400419,2024-2025-1,汽车工程学院,车辆工程,83.2,94.6,3.27,10,10,136
202400419,2024-2025-2,汽车工程学院,车辆工程,73.9,84.6,3.7,38,38,136
202400419,2025-2026-1,汽车工程学院,车辆工程,90.1,70.3,2.95,66,66,136
202400419,2025-2026-2,汽车工程学院,车辆工程,76.8,95.2,2.71,108,108,136
202400420,2024-2025-1,汽车工程学院,车辆工程,72.8,69.3,2.83,117,117,136
202400420,2024-2025-2,汽车工程学院,车辆工程,70.7,72.4,3.12,114,114,136
202400420,2025-2026-1,汽车工程学院,车辆工程,89.0,77.3,2.94,68,68,136
202400420,2025-2026-2,汽车工程学院,车辆工程,75.3,95.5,3.48,31,31,136
202400421,2024-2025-1,汽车工程学院,车辆工程,86.5,69.0,3.46,82,82,136
202400421,2024-2025-2,汽车工程学院,车辆工程,77.0,77.2,3.95,110,110,136
202400421,2025-2026-1,汽车工程学院,车辆工程,79.1,78.4,3.27,33,33,136
202400421,2025-2026-2,汽车工程学院,车辆工程,74.7,94.4,3.29,97,97,136
202400422,2024-2025-1,汽车工程学院,车辆工程,80.4,78.0,3.77,106,106,136
202400422,2024-2025-2,汽车工程学院,车辆工程,88.4,79.1,3.86,80,80,136
202400422,2025-2026-1,汽车工程学院,车辆工程,93.3,89.8,3.37,136,136,136
202400422,2025-2026-2,汽车工程学院,车辆工程,73.6,73.1,3.54,79,79,136
202400423,2024-2025-1,汽车工程学院,车辆工程,94.5,70.5,3.81,70,70,136
202400423,2024-2025-2,汽车工程学院,车辆工程,88.4,86.7,3.23,27,27,136
202400423,2025-2026-1,汽车工程学院,车辆工程,74.0,79.5,3.73,77,77,136
202400423,2025-2026-2,汽车工程学院,车辆工程,82.6,76.7,2.93,106,106,136
202400424,2024-2025-1,汽车工程学院,车辆工程,84.1,93.1,2.94,49,49,136
202400424,2024-2025-2,汽车工程学院,车辆工程,70.2,83.1,3.38,39,39,136
202400424,2025-2026-1,汽车工程学院,车辆工程,72.9,91.8,3.04,14,14,136
202400424,2025-2026-2,汽车工程学院,车辆工程,80.2,89.9,2.72,25,25,136
202400425,2024-2025-1,汽车工程学院,车辆工程,94.8,71.5,3.86,18,18,136
202400425,2024-2025-2,汽车工程学院,车辆工程,72.0,68.3,3.82,125,125,136
202400425,2025-2026-1,汽车工程学院,车辆工程,91.1,84.5,3.26,106,106,136
202400425,2025-2026-2,汽车工程学院,车辆工程,77.2,83.7,3.41,97,97,136
202400426,2024-2025-1,汽车工程学院,车辆工程,91.5,76.3,2.83,130,130,136
202400426,2024-2025-2,汽车工程学院,车辆工程,87.7,85.7,3.76,116,116,136
202400426,2025-2026-1,汽车工程学院,车辆工程,86.4,83.9,3.36,80,80,136
202400426,2025-2026-2,汽车工程学院,车辆工程,87.6,92.6,2.93,1,1,136
202400427,2024-2025-1,汽车工程学院,车辆工程,73.8,78.9,3.38,102,102,136
202400427,2024-2025-2,汽车工程学院,车辆工程,88.0,73.8,3.22,127,127,136
202400427,2025-2026-1,汽车工程学院,车辆工程,76.6,91.0,3.1,76,76,136
202400427,2025-2026-2,汽车工程学院,车辆工程,72.3,68.5,3.47,111,111,136
202400428,2024-2025-1,汽车工程学院,车辆工程,92.7,88.4,3.07,103,103,136
202400428,2024-2025-2,汽车工程学院,车辆工程,87.5,83.5,2.74,89,89,136
202400428,2025-2026-1,汽车工程学院,车辆工程,91.8,86.9,3.34,84,84,136
202400428,2025-2026-2,汽车工程学院,车辆工程,94.4,87.2,2.96,96,96,136
202400429,2024-2025-1,汽车工程学院,车辆工程,81.6,69.4,3.2,95,95,136
202400429,2024-2025-2,汽车工程学院,车辆工程,85.9,68.2,3.56,44,44,136
202400429,2025-2026-1,汽车工程学院,车辆工程,75.0,74.5,2.77,84,84,136
202400429,2025-2026-2,汽车工程学院,车辆工程,91.3,71.8,2.88,29,29,136
202400430,2024-2025-1,汽车工程学院,车辆工程,89.0,75.4,3.63,125,125,136
202400430,2024-2025-2,汽车工程学院,车辆工程,79.9,78.3,2.93,48,48,136
202400430,2025-2026-1,汽车工程学院,车辆工程,71.5,68.8,3.77,98,98,136
202400430,2025-2026-2,汽车工程学院,车辆工程,71.3,95.9,3.97,17,17,136
202400431,2024-2025-1,汽车工程学院,车辆工程,77.0,71.8,2.83,31,31,136
202400431,2024-2025-2,汽车工程学院,车辆工程,94.1,91.7,3.83,79,79,136
202400431,2025-2026-1,汽车工程学院,车辆工程,88.9,92.3,3.18,113,113,136
202400431,2025-2026-2,汽车工程学院,车辆工程,72.8,82.8,3.1,72,72,136
202400432,2024-2025-1,汽车工程学院,车辆工程,90.4,93.1,3.62,98,98,136
202400432,2024-2025-2,汽车工程学院,车辆工程,93.8,75.6,2.92,129,129,136
202400432,2025-2026-1,汽车工程学院,车辆工程,74.2,86.3,3.26,65,65,136
202400432,2025-2026-2,汽车工程学院,车辆工程,90.0,83.3,2.84,49,49,136
202400433,2024-2025-1,汽车工程学院,车辆工程,74.0,70.0,3.75,84,84,136
202400433,2024-2025-2,汽车工程学院,车辆工程,94.1,68.1,3.2,48,48,136
202400433,2025-2026-1,汽车工程学院,车辆工程,81.7,83.5,3.81,9,9,136
202400433,2025-2026-2,汽车工程学院,车辆工程,78.7,76.9,2.89,44,44,136
202400434,2024-2025-1,汽车工程学院,车辆工程,75.6,78.9,3.78,48,48,136
202400434,2024-2025-2,汽车工程学院,车辆工程,79.3,77.0,3.97,56,56,136
202400434,2025-2026-1,汽车工程学院,车辆工程,72.7,94.9,2.93,21,21,136
202400434,2025-2026-2,汽车工程学院,车辆工程,76.8,73.3,3.98,25,25,136
202400435,2024-2025-1,汽车工程学院,车辆工程,88.1,94.5,3.66,20,20,136
202400435,2024-2025-2,汽车工程学院,车辆工程,80.5,86.8,2.87,57,57,136
202400435,2025-2026-1,汽车工程学院,车辆工程,86.3,75.6,3.74,92,92,136
202400435,2025-2026-2,汽车工程学院,车辆工程,81.0,82.1,2.9,60,60,136
202400436,2024-2025-1,汽车工程学院,车辆工程,73.7,72.4,3.02,27,27,136
202400436,2024-2025-2,汽车工程学院,车辆工程,86.2,68.5,3.02,31,31,136
202400436,2025-2026-1,汽车工程学院,车辆工程,71.1,94.4,3.64,7,7,136
202400436,2025-2026-2,汽车工程学院,车辆工程,74.4,87.6,3.11,59,59,136
202400437,2024-2025-1,汽车工程学院,能源与动力工程,75.5,88.9,2.87,5,5,68
202400437,2024-2025-2,汽车工程学院,能源与动力工程,87.2,93.6,3.75,10,10,68
202400437,2025-2026-1,汽车工程学院,能源与动力工程,77.8,90.6,3.67,23,23,68
202400437,2025-2026-2,汽车工程学院,能源与动力工程,89.6,76.7,2.89,13,13,68
202400438,2024-2025-1,汽车工程学院,能源与动力工程,71.4,74.8,3.1,18,18,68
202400438,2024-2025-2,汽车工程学院,能源与动力工程,85.3,81.4,3.49,8,8,68
202400438,2025-2026-1,汽车工程学院,能源与动力工程,92.2,71.0,3.47,9,9,68
202400438,2025-2026-2,汽车工程学院,能源与动力工程,92.0,86.7,2.9,8,8,68
202400439,2024-2025-1,汽车工程学院,能源与动力工程,72.4,89.0,3.51,45,45,68
202400439,2024-2025-2,汽车工程学院,能源与动力工程,88.6,78.5,3.82,1,1,68
202400439,2025-2026-1,汽车工程学院,能源与动力工程,75.4,93.6,3.62,5,5,68
202400439,2025-2026-2,汽车工程学院,能源与动力工程,74.4,71.7,3.59,29,29,68
202400440,2024-2025-1,汽车工程学院,能源与动力工程,91.5,68.3,3.83,54,54,68
202400440,2024-2025-2,汽车工程学院,能源与动力工程,70.6,78.6,3.04,22,22,68
202400440,2025-2026-1,汽车工程学院,能源与动力工程,79.8,78.7,2.77,30,30,68
202400440,2025-2026-2,汽车工程学院,能源与动力工程,91.3,80.5,3.92,30,30,68
202400441,2024-2025-1,汽车工程学院,能源与动力工程,70.1,76.0,3.58,26,26,68
202400441,2024-2025-2,汽车工程学院,能源与动力工程,81.1,89.4,3.12,38,38,68
202400441,2025-2026-1,汽车工程学院,能源与动力工程,81.7,72.3,3.3,67,67,68
202400441,2025-2026-2,汽车工程学院,能源与动力工程,73.1,91.4,3.31,35,35,68
202400442,2024-2025-1,汽车工程学院,能源与动力工程,87.5,80.6,2.92,13,13,68
202400442,2024-2025-2,汽车工程学院,能源与动力工程,91.4,90.6,3.95,13,13,68
202400442,2025-2026-1,汽车工程学院,能源与动力工程,79.6,70.7,2.92,29,29,68
202400442,2025-2026-2,汽车工程学院,能源与动力工程,81.4,89.9,3.9,20,20,68
202400443,2024-2025-1,汽车工程学院,能源与动力工程,79.6,79.8,3.66,19,19,68
202400443,2024-2025-2,汽车工程学院,能源与动力工程,80.3,88.3,3.07,24,24,68
202400443,2025-2026-1,汽车工程学院,能源与动力工程,72.7,72.2,2.75,68,68,68
202400443,2025-2026-2,汽车工程学院,能源与动力工程,81.2,93.8,2.72,10,10,68
202400444,2024-2025-1,汽车工程学院,能源与动力工程,86.9,90.5,3.56,67,67,68
202400444,2024-2025-2,汽车工程学院,能源与动力工程,87.7,80.4,3.88,63,63,68
202400444,2025-2026-1,汽车工程学院,能源与动力工程,79.1,91.1,2.96,26,26,68
202400444,2025-2026-2,汽车工程学院,能源与动力工程,83.4,85.7,3.31,6,6,68
202400445,2024-2025-1,汽车工程学院,能源与动力工程,90.5,81.7,3.6,48,48,68
202400445,2024-2025-2,汽车工程学院,能源与动力工程,90.0,94.2,3.33,8,8,68
202400445,2025-2026-1,汽车工程学院,能源与动力工程,91.9,94.3,3.65,28,28,68
202400445,2025-2026-2,汽车工程学院,能源与动力工程,72.5,93.6,2.98,18,18,68
202400446,2024-2025-1,汽车工程学院,能源与动力工程,77.0,85.5,3.41,33,33,68
202400446,2024-2025-2,汽车工程学院,能源与动力工程,83.8,88.9,3.37,7,7,68
202400446,2025-2026-1,汽车工程学院,能源与动力工程,79.1,70.8,2.88,24,24,68
202400446,2025-2026-2,汽车工程学院,能源与动力工程,82.6,83.8,3.22,25,25,68
202400447,2024-2025-1,汽车工程学院,能源与动力工程,70.8,80.8,3.27,41,41,68
202400447,2024-2025-2,汽车工程学院,能源与动力工程,93.4,80.1,3.23,3,3,68
202400447,2025-2026-1,汽车工程学院,能源与动力工程,86.9,76.8,2.75,44,44,68
202400447,2025-2026-2,汽车工程学院,能源与动力工程,76.1,69.9,3.65,2,2,68
202400448,2024-2025-1,汽车工程学院,能源与动力工程,77.6,75.0,3.41,44,44,68
202400448,2024-2025-2,汽车工程学院,能源与动力工程,92.6,74.7,3.77,65,65,68
202400448,2025-2026-1,汽车工程学院,能源与动力工程,70.9,81.5,3.12,33,33,68
202400448,2025-2026-2,汽车工程学院,能源与动力工程,81.3,95.4,3.1,48,48,68
202400449,2024-2025-1,汽车工程学院,能源与动力工程,80.2,72.7,3.12,10,10,68
202400449,2024-2025-2,汽车工程学院,能源与动力工程,77.2,79.0,3.91,65,65,68
202400449,2025-2026-1,汽车工程学院,能源与动力工程,83.4,86.5,3.43,30,30,68
202400449,2025-2026-2,汽车工程学院,能源与动力工程,81.7,85.7,3.7,23,23,68
202400450,2024-2025-1,汽车工程学院,能源与动力工程,85.0,72.5,3.36,51,51,68
202400450,2024-2025-2,汽车工程学院,能源与动力工程,83.6,72.1,3.41,32,32,68
202400450,2025-2026-1,汽车工程学院,能源与动力工程,80.5,81.6,3.03,14,14,68
202400450,2025-2026-2,汽车工程学院,能源与动力工程,79.0,86.5,3.33,39,39,68
202400451,2024-2025-1,汽车工程学院,能源与动力工程,92.6,86.8,3.18,67,67,68
202400451,2024-2025-2,汽车工程学院,能源与动力工程,72.5,82.2,3.49,48,48,68
202400451,2025-2026-1,汽车工程学院,能源与动力工程,93.7,69.0,3.02,58,58,68
202400451,2025-2026-2,汽车工程学院,能源与动力工程,80.3,76.9,3.29,20,20,68
202400452,2024-2025-1,汽车工程学院,能源与动力工程,74.3,92.7,3.2,28,28,68
202400452,2024-2025-2,汽车工程学院,能源与动力工程,88.7,84.5,3.8,8,8,68
202400452,2025-2026-1,汽车工程学院,能源与动力工程,79.3,92.1,3.03,28,28,68
202400452,2025-2026-2,汽车工程学院,能源与动力工程,81.9,87.5,3.37,54,54,68
202400453,2024-2025-1,汽车工程学院,能源与动力工程,72.6,90.1,3.21,29,29,68
202400453,2024-2025-2,汽车工程学院,能源与动力工程,81.7,91.4,2.83,53,53,68
202400453,2025-2026-1,汽车工程学院,能源与动力工程,91.9,94.9,3.01,40,40,68
202400453,2025-2026-2,汽车工程学院,能源与动力工程,71.9,70.3,3.63,17,17,68
202400454,2024-2025-1,汽车工程学院,能源与动力工程,74.9,78.7,2.71,39,39,68
202400454,2024-2025-2,汽车工程学院,能源与动力工程,75.0,95.8,2.74,42,42,68
202400454,2025-2026-1,汽车工程学院,能源与动力工程,92.1,85.5,3.66,23,23,68
202400454,2025-2026-2,汽车工程学院,能源与动力工程,84.5,77.7,2.83,33,33,68
202400455,2024-2025-1,汽车工程学院,能源与动力工程,80.2,89.8,3.84,11,11,68
202400455,2024-2025-2,汽车工程学院,能源与动力工程,91.9,75.5,3.59,61,61,68
202400455,2025-2026-1,汽车工程学院,能源与动力工程,83.2,87.8,3.81,54,54,68
202400455,2025-2026-2,汽车工程学院,能源与动力工程,94.2,77.6,3.94,9,9,68
202400456,2024-2025-1,汽车工程学院,能源与动力工程,72.4,72.3,3.91,20,20,68
202400456,2024-2025-2,汽车工程学院,能源与动力工程,73.8,79.5,3.52,45,45,68
202400456,2025-2026-1,汽车工程学院,能源与动力工程,79.7,68.7,3.18,54,54,68
202400456,2025-2026-2,汽车工程学院,能源与动力工程,90.9,94.1,3.58,26,26,68
202400457,2024-2025-1,汽车工程学院,能源与动力工程,77.8,86.6,3.51,5,5,68
202400457,2024-2025-2,汽车工程学院,能源与动力工程,78.2,88.2,3.61,40,40,68
202400457,2025-2026-1,汽车工程学院,能源与动力工程,77.5,95.3,3.42,57,57,68
202400457,2025-2026-2,汽车工程学院,能源与动力工程,80.1,84.1,3.42,6,6,68
202400458,2024-2025-1,汽车工程学院,能源与动力工程,80.6,85.3,2.77,67,67,68
202400458,2024-2025-2,汽车工程学院,能源与动力工程,81.9,76.6,3.92,17,17,68
202400458,2025-2026-1,汽车工程学院,能源与动力工程,76.0,69.4,3.12,23,23,68
202400458,2025-2026-2,汽车工程学院,能源与动力工程,77.3,81.9,3.82,63,63,68
202400459,2024-2025-1,汽车工程学院,能源与动力工程,85.5,78.8,2.72,42,42,68
202400459,2024-2025-2,汽车工程学院,能源与动力工程,82.6,94.3,3.29,2,2,68
202400459,2025-2026-1,汽车工程学院,能源与动力工程,87.6,93.7,3.49,29,29,68
202400459,2025-2026-2,汽车工程学院,能源与动力工程,76.5,80.2,3.68,49,49,68
202400460,2024-2025-1,汽车工程学院,能源与动力工程,74.7,82.9,3.02,54,54,68
202400460,2024-2025-2,汽车工程学院,能源与动力工程,92.6,94.6,2.84,20,20,68
202400460,2025-2026-1,汽车工程学院,能源与动力工程,78.1,94.5,3.1,61,61,68
202400460,2025-2026-2,汽车工程学院,能源与动力工程,93.1,85.8,2.75,61,61,68
202400461,2024-2025-1,汽车工程学院,能源与动力工程,89.7,92.0,3.32,65,65,68
202400461,2024-2025-2,汽车工程学院,能源与动力工程,80.4,88.4,3.85,52,52,68
202400461,2025-2026-1,汽车工程学院,能源与动力工程,92.3,84.7,3.19,38,38,68
202400461,2025-2026-2,汽车工程学院,能源与动力工程,90.6,92.4,2.81,49,49,68
202400462,2024-2025-1,汽车工程学院,能源与动力工程,74.2,82.0,3.01,11,11,68
202400462,2024-2025-2,汽车工程学院,能源与动力工程,75.2,74.4,3.94,31,31,68
202400462,2025-2026-1,汽车工程学院,能源与动力工程,81.1,86.8,3.16,31,31,68
202400462,2025-2026-2,汽车工程学院,能源与动力工程,88.8,89.8,2.92,49,49,68
202400463,2024-2025-1,汽车工程学院,能源与动力工程,81.9,71.6,3.42,8,8,68
202400463,2024-2025-2,汽车工程学院,能源与动力工程,70.6,77.4,3.14,60,60,68
202400463,2025-2026-1,汽车工程学院,能源与动力工程,72.1,81.4,3.89,29,29,68
202400463,2025-2026-2,汽车工程学院,能源与动力工程,91.1,78.3,3.66,27,27,68
202400464,2024-2025-1,汽车工程学院,能源与动力工程,81.7,88.0,3.61,2,2,68
202400464,2024-2025-2,汽车工程学院,能源与动力工程,71.1,73.5,3.87,29,29,68
202400464,2025-2026-1,汽车工程学院,能源与动力工程,81.8,72.8,3.74,48,48,68
202400464,2025-2026-2,汽车工程学院,能源与动力工程,94.1,94.5,3.42,21,21,68
202400465,2024-2025-1,汽车工程学院,能源与动力工程,77.1,81.7,2.85,47,47,68
202400465,2024-2025-2,汽车工程学院,能源与动力工程,89.6,83.6,3.32,67,67,68
202400465,2025-2026-1,汽车工程学院,能源与动力工程,89.4,81.2,3.33,6,6,68
202400465,2025-2026-2,汽车工程学院,能源与动力工程,79.8,83.4,3.44,54,54,68
202400466,2024-2025-1,汽车工程学院,能源与动力工程,72.3,81.1,3.15,35,35,68
202400466,2024-2025-2,汽车工程学院,能源与动力工程,91.9,81.6,3.97,5,5,68
202400466,2025-2026-1,汽车工程学院,能源与动力工程,70.0,81.8,3.27,1,1,68
202400466,2025-2026-2,汽车工程学院,能源与动力工程,94.4,71.6,3.81,15,15,68
202400467,2024-2025-1,汽车工程学院,能源与动力工程,93.2,80.7,2.79,56,56,68
202400467,2024-2025-2,汽车工程学院,能源与动力工程,89.5,91.5,2.79,46,46,68
202400467,2025-2026-1,汽车工程学院,能源与动力工程,84.0,81.4,3.77,30,30,68
202400467,2025-2026-2,汽车工程学院,能源与动力工程,80.2,71.9,3.74,60,60,68
202400468,2024-2025-1,汽车工程学院,能源与动力工程,88.0,85.8,3.13,8,8,68
202400468,2024-2025-2,汽车工程学院,能源与动力工程,80.9,85.6,2.89,55,55,68
202400468,2025-2026-1,汽车工程学院,能源与动力工程,88.5,74.5,3.44,50,50,68
202400468,2025-2026-2,汽车工程学院,能源与动力工程,93.0,78.8,3.01,20,20,68
202400469,2024-2025-1,汽车工程学院,能源与动力工程,87.0,79.8,3.33,10,10,68
202400469,2024-2025-2,汽车工程学院,能源与动力工程,92.4,80.5,3.44,56,56,68
202400469,2025-2026-1,汽车工程学院,能源与动力工程,71.5,93.5,3.39,30,30,68
202400469,2025-2026-2,汽车工程学院,能源与动力工程,72.6,73.5,2.88,34,34,68
202400470,2024-2025-1,汽车工程学院,能源与动力工程,88.1,90.6,3.87,56,56,68
202400470,2024-2025-2,汽车工程学院,能源与动力工程,84.7,84.0,3.62,50,50,68
202400470,2025-2026-1,汽车工程学院,能源与动力工程,88.5,68.8,3.83,61,61,68
202400470,2025-2026-2,汽车工程学院,能源与动力工程,70.5,71.6,3.64,4,4,68
202400471,2024-2025-1,汽车工程学院,能源与动力工程,75.0,71.3,3.09,50,50,68
202400471,2024-2025-2,汽车工程学院,能源与动力工程,71.8,75.6,3.58,14,14,68
202400471,2025-2026-1,汽车工程学院,能源与动力工程,74.2,76.1,2.83,31,31,68
202400471,2025-2026-2,汽车工程学院,能源与动力工程,72.8,89.6,3.06,20,20,68
202400472,2024-2025-1,汽车工程学院,能源与动力工程,76.0,72.0,3.04,44,44,68
202400472,2024-2025-2,汽车工程学院,能源与动力工程,85.8,88.8,3.22,24,24,68
202400472,2025-2026-1,汽车工程学院,能源与动力工程,78.2,78.4,3.37,1,1,68
202400472,2025-2026-2,汽车工程学院,能源与动力工程,94.1,82.1,3.04,21,21,68
202400473,2024-2025-1,汽车工程学院,能源与动力工程,85.3,75.1,3.21,35,35,68
202400473,2024-2025-2,汽车工程学院,能源与动力工程,92.7,74.6,3.55,27,27,68
202400473,2025-2026-1,汽车工程学院,能源与动力工程,89.1,68.9,3.15,24,24,68
202400473,2025-2026-2,汽车工程学院,能源与动力工程,78.4,88.3,3.59,45,45,68
202400474,2024-2025-1,汽车工程学院,能源与动力工程,80.2,82.6,3.27,38,38,68
202400474,2024-2025-2,汽车工程学院,能源与动力工程,75.5,76.3,2.97,5,5,68
202400474,2025-2026-1,汽车工程学院,能源与动力工程,84.3,93.1,3.07,1,1,68
202400474,2025-2026-2,汽车工程学院,能源与动力工程,74.0,87.9,3.93,53,53,68
202400475,2024-2025-1,汽车工程学院,能源与动力工程,79.8,89.8,3.86,9,9,68
202400475,2024-2025-2,汽车工程学院,能源与动力工程,73.6,80.0,3.25,25,25,68
202400475,2025-2026-1,汽车工程学院,能源与动力工程,90.6,90.5,3.35,53,53,68
202400475,2025-2026-2,汽车工程学院,能源与动力工程,77.5,71.7,3.67,14,14,68
202400476,2024-2025-1,汽车工程学院,能源与动力工程,87.5,95.4,3.71,3,3,68
202400476,2024-2025-2,汽车工程学院,能源与动力工程,70.1,69.7,2.98,2,2,68
202400476,2025-2026-1,汽车工程学院,能源与动力工程,88.6,83.6,3.92,27,27,68
202400476,2025-2026-2,汽车工程学院,能源与动力工程,75.5,72.7,3.2,54,54,68
202400477,2024-2025-1,汽车工程学院,能源与动力工程,81.7,72.0,3.75,68,68,68
202400477,2024-2025-2,汽车工程学院,能源与动力工程,72.0,94.8,2.9,37,37,68
202400477,2025-2026-1,汽车工程学院,能源与动力工程,79.1,68.4,3.42,64,64,68
202400477,2025-2026-2,汽车工程学院,能源与动力工程,74.3,80.8,3.44,54,54,68
202400478,2024-2025-1,汽车工程学院,能源与动力工程,84.8,75.3,3.1,30,30,68
202400478,2024-2025-2,汽车工程学院,能源与动力工程,88.4,74.4,3.02,9,9,68
202400478,2025-2026-1,汽车工程学院,能源与动力工程,72.9,94.3,3.02,4,4,68
202400478,2025-2026-2,汽车工程学院,能源与动力工程,78.4,89.2,3.65,33,33,68
202400479,2024-2025-1,汽车工程学院,能源与动力工程,92.6,93.4,3.1,66,66,68
202400479,2024-2025-2,汽车工程学院,能源与动力工程,89.0,80.1,3.73,28,28,68
202400479,2025-2026-1,汽车工程学院,能源与动力工程,84.6,94.5,3.8,54,54,68
202400479,2025-2026-2,汽车工程学院,能源与动力工程,82.2,87.5,2.76,34,34,68
202400480,2024-2025-1,汽车工程学院,能源与动力工程,85.1,71.0,2.72,65,65,68
202400480,2024-2025-2,汽车工程学院,能源与动力工程,72.4,90.9,2.76,22,22,68
202400480,2025-2026-1,汽车工程学院,能源与动力工程,83.6,73.6,3.39,12,12,68
202400480,2025-2026-2,汽车工程学院,能源与动力工程,85.4,87.3,2.83,58,58,68
202400481,2024-2025-1,汽车工程学院,能源与动力工程,80.3,91.6,3.09,63,63,68
202400481,2024-2025-2,汽车工程学院,能源与动力工程,82.6,74.0,3.61,13,13,68
202400481,2025-2026-1,汽车工程学院,能源与动力工程,92.1,78.9,3.4,6,6,68
202400481,2025-2026-2,汽车工程学院,能源与动力工程,87.0,89.4,3.16,42,42,68
202400482,2024-2025-1,汽车工程学院,能源与动力工程,77.8,90.3,3.84,13,13,68
202400482,2024-2025-2,汽车工程学院,能源与动力工程,80.5,82.8,3.29,19,19,68
202400482,2025-2026-1,汽车工程学院,能源与动力工程,86.6,88.0,3.44,41,41,68
202400482,2025-2026-2,汽车工程学院,能源与动力工程,90.1,68.4,3.58,20,20,68
202400483,2024-2025-1,汽车工程学院,能源与动力工程,93.8,73.2,3.73,38,38,68
202400483,2024-2025-2,汽车工程学院,能源与动力工程,91.0,74.7,3.3,49,49,68
202400483,2025-2026-1,汽车工程学院,能源与动力工程,85.3,82.8,3.27,63,63,68
202400483,2025-2026-2,汽车工程学院,能源与动力工程,85.1,83.3,3.14,55,55,68
202400484,2024-2025-1,汽车工程学院,能源与动力工程,71.8,77.1,3.57,17,17,68
202400484,2024-2025-2,汽车工程学院,能源与动力工程,73.2,77.3,3.08,64,64,68
202400484,2025-2026-1,汽车工程学院,能源与动力工程,80.8,68.4,3.51,31,31,68
202400484,2025-2026-2,汽车工程学院,能源与动力工程,90.5,94.9,3.7,23,23,68
202400485,2024-2025-1,汽车工程学院,能源与动力工程,88.1,81.7,3.1,20,20,68
202400485,2024-2025-2,汽车工程学院,能源与动力工程,90.7,90.2,3.44,25,25,68
202400485,2025-2026-1,汽车工程学院,能源与动力工程,82.5,77.3,3.32,20,20,68
202400485,2025-2026-2,汽车工程学院,能源与动力工程,87.7,82.9,3.91,46,46,68
202400486,2024-2025-1,汽车工程学院,能源与动力工程,78.8,72.1,3.8,53,53,68
202400486,2024-2025-2,汽车工程学院,能源与动力工程,75.7,82.8,2.84,59,59,68
202400486,2025-2026-1,汽车工程学院,能源与动力工程,71.6,76.2,3.58,43,43,68
202400486,2025-2026-2,汽车工程学院,能源与动力工程,80.6,84.2,2.8,32,32,68
202400487,2024-2025-1,汽车工程学院,能源与动力工程,89.4,94.1,2.76,53,53,68
202400487,2024-2025-2,汽车工程学院,能源与动力工程,74.5,69.2,3.79,30,30,68
202400487,2025-2026-1,汽车工程学院,能源与动力工程,78.2,71.8,3.62,50,50,68
202400487,2025-2026-2,汽车工程学院,能源与动力工程,88.4,78.8,3.25,15,15,68
202400488,2024-2025-1,汽车工程学院,能源与动力工程,85.7,88.5,3.61,60,60,68
202400488,2024-2025-2,汽车工程学院,能源与动力工程,78.5,68.3,3.54,15,15,68
202400488,2025-2026-1,汽车工程学院,能源与动力工程,74.4,82.5,3.52,17,17,68
202400488,2025-2026-2,汽车工程学院,能源与动力工程,92.4,78.1,3.35,37,37,68
202400489,2024-2025-1,汽车工程学院,能源与动力工程,76.9,72.0,2.84,44,44,68
202400489,2024-2025-2,汽车工程学院,能源与动力工程,70.6,85.2,2.87,39,39,68
202400489,2025-2026-1,汽车工程学院,能源与动力工程,93.3,71.3,3.58,4,4,68
202400489,2025-2026-2,汽车工程学院,能源与动力工程,71.7,92.9,3.1,20,20,68
202400490,2024-2025-1,汽车工程学院,能源与动力工程,83.8,95.5,3.66,13,13,68
202400490,2024-2025-2,汽车工程学院,能源与动力工程,93.5,73.8,3.8,60,60,68
202400490,2025-2026-1,汽车工程学院,能源与动力工程,91.8,70.8,3.36,50,50,68
202400490,2025-2026-2,汽车工程学院,能源与动力工程,83.3,81.0,3.06,12,12,68
202400491,2024-2025-1,汽车工程学院,能源与动力工程,84.4,81.7,3.75,56,56,68
202400491,2024-2025-2,汽车工程学院,能源与动力工程,79.7,75.4,3.93,53,53,68
202400491,2025-2026-1,汽车工程学院,能源与动力工程,75.5,76.9,3.82,68,68,68
202400491,2025-2026-2,汽车工程学院,能源与动力工程,94.6,80.4,3.07,34,34,68
202400492,2024-2025-1,汽车工程学院,能源与动力工程,75.5,71.4,3.51,63,63,68
202400492,2024-2025-2,汽车工程学院,能源与动力工程,88.8,82.0,3.32,4,4,68
202400492,2025-2026-1,汽车工程学院,能源与动力工程,92.0,70.8,2.8,43,43,68
202400492,2025-2026-2,汽车工程学院,能源与动力工程,70.9,95.0,3.78,34,34,68
202400493,2024-2025-1,汽车工程学院,能源与动力工程,77.5,90.0,3.13,56,56,68
202400493,2024-2025-2,汽车工程学院,能源与动力工程,91.3,88.4,3.0,18,18,68
202400493,2025-2026-1,汽车工程学院,能源与动力工程,74.5,93.8,3.09,52,52,68
202400493,2025-2026-2,汽车工程学院,能源与动力工程,82.7,73.4,3.88,47,47,68
202400494,2024-2025-1,汽车工程学院,能源与动力工程,88.6,75.8,2.73,64,64,68
202400494,2024-2025-2,汽车工程学院,能源与动力工程,89.9,77.1,3.16,59,59,68
202400494,2025-2026-1,汽车工程学院,能源与动力工程,74.1,72.4,2.76,58,58,68
202400494,2025-2026-2,汽车工程学院,能源与动力工程,87.7,89.9,2.92,37,37,68
202400495,2024-2025-1,汽车工程学院,能源与动力工程,94.6,73.2,3.44,68,68,68
202400495,2024-2025-2,汽车工程学院,能源与动力工程,84.6,73.6,3.95,10,10,68
202400495,2025-2026-1,汽车工程学院,能源与动力工程,79.7,78.4,3.59,40,40,68
202400495,2025-2026-2,汽车工程学院,能源与动力工程,90.5,81.9,3.22,27,27,68
202400496,2024-2025-1,汽车工程学院,能源与动力工程,84.9,84.6,3.67,4,4,68
202400496,2024-2025-2,汽车工程学院,能源与动力工程,88.4,93.2,2.81,65,65,68
202400496,2025-2026-1,汽车工程学院,能源与动力工程,90.9,93.3,3.69,60,60,68
202400496,2025-2026-2,汽车工程学院,能源与动力工程,87.0,83.3,3.57,47,47,68
202400497,2024-2025-1,汽车工程学院,能源与动力工程,74.0,74.2,3.7,55,55,68
202400497,2024-2025-2,汽车工程学院,能源与动力工程,75.9,78.7,3.43,61,61,68
202400497,2025-2026-1,汽车工程学院,能源与动力工程,85.3,71.6,3.04,27,27,68
202400497,2025-2026-2,汽车工程学院,能源与动力工程,88.3,86.9,3.12,14,14,68
202400498,2024-2025-1,汽车工程学院,能源与动力工程,81.0,73.3,3.7,61,61,68
202400498,2024-2025-2,汽车工程学院,能源与动力工程,94.7,79.9,3.14,54,54,68
202400498,2025-2026-1,汽车工程学院,能源与动力工程,73.1,91.4,3.93,48,48,68
202400498,2025-2026-2,汽车工程学院,能源与动力工程,76.3,92.7,3.01,60,60,68
202400499,2024-2025-1,汽车工程学院,能源与动力工程,74.6,78.7,2.8,48,48,68
202400499,2024-2025-2,汽车工程学院,能源与动力工程,75.0,68.2,3.64,26,26,68
202400499,2025-2026-1,汽车工程学院,能源与动力工程,91.9,93.9,3.63,36,36,68
202400499,2025-2026-2,汽车工程学院,能源与动力工程,78.8,83.8,3.34,50,50,68
202400500,2024-2025-1,汽车工程学院,能源与动力工程,88.6,87.9,3.83,5,5,68
202400500,2024-2025-2,汽车工程学院,能源与动力工程,83.0,85.1,3.0,7,7,68
202400500,2025-2026-1,汽车工程学院,能源与动力工程,87.1,68.5,3.96,65,65,68
202400500,2025-2026-2,汽车工程学院,能源与动力工程,85.0,76.1,3.45,50,50,68
202400501,2024-2025-1,汽车工程学院,能源与动力工程,91.5,87.2,3.0,60,60,68
202400501,2024-2025-2,汽车工程学院,能源与动力工程,83.5,86.4,3.17,10,10,68
202400501,2025-2026-1,汽车工程学院,能源与动力工程,90.7,77.3,3.8,14,14,68
202400501,2025-2026-2,汽车工程学院,能源与动力工程,76.7,84.1,3.78,17,17,68
202400502,2024-2025-1,汽车工程学院,能源与动力工程,86.1,80.2,3.4,6,6,68
202400502,2024-2025-2,汽车工程学院,能源与动力工程,73.3,83.8,3.59,1,1,68
202400502,2025-2026-1,汽车工程学院,能源与动力工程,85.8,77.5,3.0,68,68,68
202400502,2025-2026-2,汽车工程学院,能源与动力工程,84.3,92.6,3.85,47,47,68
202400503,2024-2025-1,汽车工程学院,能源与动力工程,80.3,94.0,3.58,27,27,68
202400503,2024-2025-2,汽车工程学院,能源与动力工程,91.9,71.9,3.6,10,10,68
202400503,2025-2026-1,汽车工程学院,能源与动力工程,72.6,72.8,3.69,32,32,68
202400503,2025-2026-2,汽车工程学院,能源与动力工程,72.0,78.3,3.82,58,58,68
202400504,2024-2025-1,汽车工程学院,能源与动力工程,86.5,78.8,2.83,37,37,68
202400504,2024-2025-2,汽车工程学院,能源与动力工程,80.2,84.8,3.56,43,43,68
202400504,2025-2026-1,汽车工程学院,能源与动力工程,93.9,92.7,2.97,2,2,68
202400504,2025-2026-2,汽车工程学院,能源与动力工程,81.0,93.4,3.14,30,30,68
202400505,2024-2025-1,汽车工程学院,机械设计制造及其自动化,86.6,89.9,3.78,56,56,66
202400505,2024-2025-2,汽车工程学院,机械设计制造及其自动化,75.4,86.6,3.68,46,46,66
202400505,2025-2026-1,汽车工程学院,机械设计制造及其自动化,94.8,75.0,3.93,21,21,66
202400505,2025-2026-2,汽车工程学院,机械设计制造及其自动化,76.5,70.9,3.59,49,49,66
202400506,2024-2025-1,汽车工程学院,机械设计制造及其自动化,88.6,68.3,3.71,55,55,66
202400506,2024-2025-2,汽车工程学院,机械设计制造及其自动化,88.1,77.5,3.52,57,57,66
202400506,2025-2026-1,汽车工程学院,机械设计制造及其自动化,80.5,92.7,3.55,48,48,66
202400506,2025-2026-2,汽车工程学院,机械设计制造及其自动化,76.3,70.6,2.86,24,24,66
202400507,2024-2025-1,汽车工程学院,机械设计制造及其自动化,81.3,71.0,3.66,38,38,66
202400507,2024-2025-2,汽车工程学院,机械设计制造及其自动化,94.5,70.3,3.7,34,34,66
202400507,2025-2026-1,汽车工程学院,机械设计制造及其自动化,94.4,82.7,3.57,20,20,66
202400507,2025-2026-2,汽车工程学院,机械设计制造及其自动化,77.6,76.3,2.76,5,5,66
202400508,2024-2025-1,汽车工程学院,机械设计制造及其自动化,84.6,83.3,3.06,40,40,66
202400508,2024-2025-2,汽车工程学院,机械设计制造及其自动化,72.9,70.7,2.95,37,37,66
202400508,2025-2026-1,汽车工程学院,机械设计制造及其自动化,87.1,89.3,3.7,4,4,66
202400508,2025-2026-2,汽车工程学院,机械设计制造及其自动化,76.2,75.6,3.36,4,4,66
202400509,2024-2025-1,汽车工程学院,机械设计制造及其自动化,77.0,95.9,3.42,8,8,66
202400509,2024-2025-2,汽车工程学院,机械设计制造及其自动化,79.9,84.7,3.12,54,54,66
202400509,2025-2026-1,汽车工程学院,机械设计制造及其自动化,80.1,72.7,3.21,39,39,66
202400509,2025-2026-2,汽车工程学院,机械设计制造及其自动化,82.7,83.9,3.88,52,52,66
202400510,2024-2025-1,汽车工程学院,机械设计制造及其自动化,78.8,88.1,3.68,22,22,66
202400510,2024-2025-2,汽车工程学院,机械设计制造及其自动化,73.8,89.4,2.72,61,61,66
202400510,2025-2026-1,汽车工程学院,机械设计制造及其自动化,93.3,93.0,3.69,29,29,66
202400510,2025-2026-2,汽车工程学院,机械设计制造及其自动化,90.9,82.4,3.01,60,60,66
202400511,2024-2025-1,汽车工程学院,机械设计制造及其自动化,73.9,94.4,3.77,14,14,66
202400511,2024-2025-2,汽车工程学院,机械设计制造及其自动化,75.5,75.1,3.45,39,39,66
202400511,2025-2026-1,汽车工程学院,机械设计制造及其自动化,92.8,85.6,3.64,42,42,66
202400511,2025-2026-2,汽车工程学院,机械设计制造及其自动化,77.2,86.7,3.75,24,24,66
202400512,2024-2025-1,汽车工程学院,机械设计制造及其自动化,77.7,74.4,3.77,4,4,66
202400512,2024-2025-2,汽车工程学院,机械设计制造及其自动化,95.0,91.9,3.56,40,40,66
202400512,2025-2026-1,汽车工程学院,机械设计制造及其自动化,88.1,71.0,3.16,43,43,66
202400512,2025-2026-2,汽车工程学院,机械设计制造及其自动化,86.2,88.5,3.57,62,62,66
202400513,2024-2025-1,汽车工程学院,机械设计制造及其自动化,92.3,70.8,3.16,41,41,66
202400513,2024-2025-2,汽车工程学院,机械设计制造及其自动化,70.2,94.0,3.81,63,63,66
202400513,2025-2026-1,汽车工程学院,机械设计制造及其自动化,90.4,85.9,3.95,46,46,66
202400513,2025-2026-2,汽车工程学院,机械设计制造及其自动化,82.7,81.9,3.87,16,16,66
202400514,2024-2025-1,汽车工程学院,机械设计制造及其自动化,71.6,68.6,3.89,58,58,66
202400514,2024-2025-2,汽车工程学院,机械设计制造及其自动化,83.0,95.9,2.92,53,53,66
202400514,2025-2026-1,汽车工程学院,机械设计制造及其自动化,78.9,71.1,3.78,43,43,66
202400514,2025-2026-2,汽车工程学院,机械设计制造及其自动化,81.3,75.5,3.06,36,36,66
202400515,2024-2025-1,汽车工程学院,机械设计制造及其自动化,85.3,82.7,3.33,57,57,66
202400515,2024-2025-2,汽车工程学院,机械设计制造及其自动化,74.2,95.6,3.68,22,22,66
202400515,2025-2026-1,汽车工程学院,机械设计制造及其自动化,89.7,87.4,3.26,59,59,66
202400515,2025-2026-2,汽车工程学院,机械设计制造及其自动化,84.1,85.8,3.29,37,37,66
202400516,2024-2025-1,汽车工程学院,机械设计制造及其自动化,77.7,78.1,3.85,48,48,66
202400516,2024-2025-2,汽车工程学院,机械设计制造及其自动化,91.8,86.3,3.5,19,19,66
202400516,2025-2026-1,汽车工程学院,机械设计制造及其自动化,75.0,81.8,3.47,19,19,66
202400516,2025-2026-2,汽车工程学院,机械设计制造及其自动化,74.9,78.2,3.16,8,8,66
202400517,2024-2025-1,汽车工程学院,机械设计制造及其自动化,91.6,72.0,3.6,17,17,66
202400517,2024-2025-2,汽车工程学院,机械设计制造及其自动化,79.6,73.9,3.21,39,39,66
202400517,2025-2026-1,汽车工程学院,机械设计制造及其自动化,74.2,69.8,3.41,9,9,66
202400517,2025-2026-2,汽车工程学院,机械设计制造及其自动化,91.2,83.8,2.8,7,7,66
202400518,2024-2025-1,汽车工程学院,机械设计制造及其自动化,83.7,92.3,3.56,47,47,66
202400518,2024-2025-2,汽车工程学院,机械设计制造及其自动化,82.4,84.8,3.58,60,60,66
202400518,2025-2026-1,汽车工程学院,机械设计制造及其自动化,70.8,86.0,3.52,65,65,66
202400518,2025-2026-2,汽车工程学院,机械设计制造及其自动化,91.0,75.4,3.79,16,16,66
202400519,2024-2025-1,汽车工程学院,机械设计制造及其自动化,74.8,70.4,3.19,28,28,66
202400519,2024-2025-2,汽车工程学院,机械设计制造及其自动化,91.8,89.9,3.3,52,52,66
202400519,2025-2026-1,汽车工程学院,机械设计制造及其自动化,72.4,90.3,3.3,34,34,66
202400519,2025-2026-2,汽车工程学院,机械设计制造及其自动化,86.7,82.1,3.67,6,6,66
202400520,2024-2025-1,汽车工程学院,机械设计制造及其自动化,75.7,73.9,2.93,61,61,66
202400520,2024-2025-2,汽车工程学院,机械设计制造及其自动化,72.3,68.4,3.26,22,22,66
202400520,2025-2026-1,汽车工程学院,机械设计制造及其自动化,88.5,72.0,3.46,7,7,66
202400520,2025-2026-2,汽车工程学院,机械设计制造及其自动化,85.7,70.2,2.91,57,57,66
202400521,2024-2025-1,汽车工程学院,机械设计制造及其自动化,89.7,84.9,3.45,66,66,66
202400521,2024-2025-2,汽车工程学院,机械设计制造及其自动化,81.9,94.4,3.82,7,7,66
202400521,2025-2026-1,汽车工程学院,机械设计制造及其自动化,70.9,89.0,3.52,26,26,66
202400521,2025-2026-2,汽车工程学院,机械设计制造及其自动化,86.5,75.9,2.93,53,53,66
202400522,2024-2025-1,汽车工程学院,机械设计制造及其自动化,72.5,94.4,2.97,57,57,66
202400522,2024-2025-2,汽车工程学院,机械设计制造及其自动化,86.7,90.2,3.11,43,43,66
202400522,2025-2026-1,汽车工程学院,机械设计制造及其自动化,81.5,81.3,3.83,23,23,66
202400522,2025-2026-2,汽车工程学院,机械设计制造及其自动化,84.7,79.5,2.98,49,49,66
202400523,2024-2025-1,汽车工程学院,机械设计制造及其自动化,70.8,85.7,3.85,23,23,66
202400523,2024-2025-2,汽车工程学院,机械设计制造及其自动化,73.4,91.2,3.97,65,65,66
202400523,2025-2026-1,汽车工程学院,机械设计制造及其自动化,91.4,79.7,3.66,14,14,66
202400523,2025-2026-2,汽车工程学院,机械设计制造及其自动化,84.5,72.7,2.87,48,48,66
202400524,2024-2025-1,汽车工程学院,机械设计制造及其自动化,94.3,93.2,3.55,10,10,66
202400524,2024-2025-2,汽车工程学院,机械设计制造及其自动化,72.2,70.3,3.06,19,19,66
202400524,2025-2026-1,汽车工程学院,机械设计制造及其自动化,94.2,87.4,3.19,12,12,66
202400524,2025-2026-2,汽车工程学院,机械设计制造及其自动化,74.2,83.9,3.43,51,51,66
202400525,2024-2025-1,汽车工程学院,机械设计制造及其自动化,73.7,85.3,3.76,17,17,66
202400525,2024-2025-2,汽车工程学院,机械设计制造及其自动化,73.9,93.6,3.52,45,45,66
202400525,2025-2026-1,汽车工程学院,机械设计制造及其自动化,91.7,94.2,2.93,58,58,66
202400525,2025-2026-2,汽车工程学院,机械设计制造及其自动化,72.4,74.7,3.65,8,8,66
202400526,2024-2025-1,汽车工程学院,机械设计制造及其自动化,76.9,84.8,3.25,27,27,66
202400526,2024-2025-2,汽车工程学院,机械设计制造及其自动化,84.2,73.9,2.76,55,55,66
202400526,2025-2026-1,汽车工程学院,机械设计制造及其自动化,89.4,70.8,2.98,39,39,66
202400526,2025-2026-2,汽车工程学院,机械设计制造及其自动化,74.1,79.1,3.46,66,66,66
202400527,2024-2025-1,汽车工程学院,机械设计制造及其自动化,74.3,80.4,3.03,29,29,66
202400527,2024-2025-2,汽车工程学院,机械设计制造及其自动化,73.8,74.0,3.99,37,37,66
202400527,2025-2026-1,汽车工程学院,机械设计制造及其自动化,83.5,77.8,3.46,3,3,66
202400527,2025-2026-2,汽车工程学院,机械设计制造及其自动化,77.0,90.8,2.8,1,1,66
202400528,2024-2025-1,汽车工程学院,机械设计制造及其自动化,93.2,86.5,3.65,60,60,66
202400528,2024-2025-2,汽车工程学院,机械设计制造及其自动化,81.1,94.4,3.89,19,19,66
202400528,2025-2026-1,汽车工程学院,机械设计制造及其自动化,80.9,78.5,3.79,31,31,66
202400528,2025-2026-2,汽车工程学院,机械设计制造及其自动化,73.0,93.0,2.71,39,39,66
202400529,2024-2025-1,汽车工程学院,机械设计制造及其自动化,89.7,72.9,3.07,49,49,66
202400529,2024-2025-2,汽车工程学院,机械设计制造及其自动化,86.0,71.1,3.84,9,9,66
202400529,2025-2026-1,汽车工程学院,机械设计制造及其自动化,90.3,93.8,3.09,1,1,66
202400529,2025-2026-2,汽车工程学院,机械设计制造及其自动化,83.4,75.6,3.88,8,8,66
202400530,2024-2025-1,汽车工程学院,机械设计制造及其自动化,82.6,94.5,3.22,40,40,66
202400530,2024-2025-2,汽车工程学院,机械设计制造及其自动化,83.6,69.1,3.25,11,11,66
202400530,2025-2026-1,汽车工程学院,机械设计制造及其自动化,79.7,69.8,3.27,40,40,66
202400530,2025-2026-2,汽车工程学院,机械设计制造及其自动化,89.8,83.0,3.24,16,16,66
202400531,2024-2025-1,汽车工程学院,机械设计制造及其自动化,71.3,92.4,3.88,45,45,66
202400531,2024-2025-2,汽车工程学院,机械设计制造及其自动化,86.4,70.1,3.26,62,62,66
202400531,2025-2026-1,汽车工程学院,机械设计制造及其自动化,77.8,84.7,3.42,16,16,66
202400531,2025-2026-2,汽车工程学院,机械设计制造及其自动化,94.9,70.2,3.85,32,32,66
202400532,2024-2025-1,汽车工程学院,机械设计制造及其自动化,87.0,87.5,3.59,6,6,66
202400532,2024-2025-2,汽车工程学院,机械设计制造及其自动化,74.2,70.1,3.31,36,36,66
202400532,2025-2026-1,汽车工程学院,机械设计制造及其自动化,79.3,69.7,3.69,22,22,66
202400532,2025-2026-2,汽车工程学院,机械设计制造及其自动化,73.7,89.5,3.46,22,22,66
202400533,2024-2025-1,汽车工程学院,机械设计制造及其自动化,81.2,70.1,3.78,55,55,66
202400533,2024-2025-2,汽车工程学院,机械设计制造及其自动化,76.0,87.5,3.34,44,44,66
202400533,2025-2026-1,汽车工程学院,机械设计制造及其自动化,81.3,89.5,3.08,22,22,66
202400533,2025-2026-2,汽车工程学院,机械设计制造及其自动化,78.8,81.1,3.66,16,16,66
202400534,2024-2025-1,汽车工程学院,机械设计制造及其自动化,77.8,83.3,3.1,40,40,66
202400534,2024-2025-2,汽车工程学院,机械设计制造及其自动化,75.0,86.4,3.41,30,30,66
202400534,2025-2026-1,汽车工程学院,机械设计制造及其自动化,85.4,82.2,3.32,9,9,66
202400534,2025-2026-2,汽车工程学院,机械设计制造及其自动化,90.7,93.6,3.29,23,23,66
202400535,2024-2025-1,汽车工程学院,机械设计制造及其自动化,80.4,74.0,3.84,3,3,66
202400535,2024-2025-2,汽车工程学院,机械设计制造及其自动化,78.0,68.3,3.43,2,2,66
202400535,2025-2026-1,汽车工程学院,机械设计制造及其自动化,79.7,93.2,2.78,10,10,66
202400535,2025-2026-2,汽车工程学院,机械设计制造及其自动化,93.0,73.6,3.46,59,59,66
202400536,2024-2025-1,汽车工程学院,机械设计制造及其自动化,75.1,78.3,3.3,54,54,66
202400536,2024-2025-2,汽车工程学院,机械设计制造及其自动化,70.4,91.3,3.19,27,27,66
202400536,2025-2026-1,汽车工程学院,机械设计制造及其自动化,78.2,78.3,2.8,8,8,66
202400536,2025-2026-2,汽车工程学院,机械设计制造及其自动化,92.1,80.9,3.22,55,55,66
202400537,2024-2025-1,汽车工程学院,机械设计制造及其自动化,86.5,94.6,3.62,66,66,66
202400537,2024-2025-2,汽车工程学院,机械设计制造及其自动化,87.1,79.1,2.86,12,12,66
202400537,2025-2026-1,汽车工程学院,机械设计制造及其自动化,92.2,89.0,3.26,12,12,66
202400537,2025-2026-2,汽车工程学院,机械设计制造及其自动化,80.6,69.2,3.78,55,55,66
202400538,2024-2025-1,汽车工程学院,机械设计制造及其自动化,94.5,75.5,3.28,50,50,66
202400538,2024-2025-2,汽车工程学院,机械设计制造及其自动化,90.9,95.8,2.98,25,25,66
202400538,2025-2026-1,汽车工程学院,机械设计制造及其自动化,83.5,71.1,2.71,16,16,66
202400538,2025-2026-2,汽车工程学院,机械设计制造及其自动化,73.0,80.5,2.72,33,33,66
202400539,2024-2025-1,汽车工程学院,机械设计制造及其自动化,73.4,69.8,3.18,26,26,66
202400539,2024-2025-2,汽车工程学院,机械设计制造及其自动化,78.6,86.7,3.92,1,1,66
202400539,2025-2026-1,汽车工程学院,机械设计制造及其自动化,82.8,88.1,3.75,20,20,66
202400539,2025-2026-2,汽车工程学院,机械设计制造及其自动化,79.0,88.3,3.07,53,53,66
202400540,2024-2025-1,汽车工程学院,机械设计制造及其自动化,70.9,76.9,3.47,44,44,66
202400540,2024-2025-2,汽车工程学院,机械设计制造及其自动化,80.6,95.2,3.98,32,32,66
202400540,2025-2026-1,汽车工程学院,机械设计制造及其自动化,77.9,69.0,2.79,65,65,66
202400540,2025-2026-2,汽车工程学院,机械设计制造及其自动化,80.3,69.9,2.7,17,17,66
202400541,2024-2025-1,汽车工程学院,机械设计制造及其自动化,91.8,72.8,3.15,9,9,66
202400541,2024-2025-2,汽车工程学院,机械设计制造及其自动化,91.2,90.1,2.94,36,36,66
202400541,2025-2026-1,汽车工程学院,机械设计制造及其自动化,73.4,82.1,3.04,60,60,66
202400541,2025-2026-2,汽车工程学院,机械设计制造及其自动化,82.5,82.6,3.64,35,35,66
202400542,2024-2025-1,汽车工程学院,机械设计制造及其自动化,77.3,89.2,3.2,37,37,66
202400542,2024-2025-2,汽车工程学院,机械设计制造及其自动化,71.5,85.8,3.9,58,58,66
202400542,2025-2026-1,汽车工程学院,机械设计制造及其自动化,89.8,68.3,2.75,46,46,66
202400542,2025-2026-2,汽车工程学院,机械设计制造及其自动化,72.2,76.2,3.06,28,28,66
202400543,2024-2025-1,汽车工程学院,机械设计制造及其自动化,92.4,94.0,2.99,40,40,66
202400543,2024-2025-2,汽车工程学院,机械设计制造及其自动化,71.0,91.1,3.66,49,49,66
202400543,2025-2026-1,汽车工程学院,机械设计制造及其自动化,91.3,85.9,3.25,29,29,66
202400543,2025-2026-2,汽车工程学院,机械设计制造及其自动化,93.2,80.6,3.57,63,63,66
202400544,2024-2025-1,汽车工程学院,机械设计制造及其自动化,89.7,76.2,2.95,12,12,66
202400544,2024-2025-2,汽车工程学院,机械设计制造及其自动化,90.3,76.5,3.19,22,22,66
202400544,2025-2026-1,汽车工程学院,机械设计制造及其自动化,82.7,68.9,3.57,33,33,66
202400544,2025-2026-2,汽车工程学院,机械设计制造及其自动化,76.3,77.6,3.81,2,2,66
202400545,2024-2025-1,汽车工程学院,机械设计制造及其自动化,74.7,76.6,3.94,19,19,66
202400545,2024-2025-2,汽车工程学院,机械设计制造及其自动化,90.0,73.6,3.86,63,63,66
202400545,2025-2026-1,汽车工程学院,机械设计制造及其自动化,83.6,70.2,3.4,43,43,66
202400545,2025-2026-2,汽车工程学院,机械设计制造及其自动化,72.5,89.2,3.25,35,35,66
202400546,2024-2025-1,汽车工程学院,机械设计制造及其自动化,77.0,71.9,3.89,61,61,66
202400546,2024-2025-2,汽车工程学院,机械设计制造及其自动化,70.5,77.4,3.92,56,56,66
202400546,2025-2026-1,汽车工程学院,机械设计制造及其自动化,86.0,77.1,2.91,39,39,66
202400546,2025-2026-2,汽车工程学院,机械设计制造及其自动化,82.9,88.8,3.09,6,6,66
202400547,2024-2025-1,汽车工程学院,机械设计制造及其自动化,80.6,79.7,3.58,47,47,66
202400547,2024-2025-2,汽车工程学院,机械设计制造及其自动化,90.1,74.2,3.3,37,37,66
202400547,2025-2026-1,汽车工程学院,机械设计制造及其自动化,89.4,89.4,3.88,44,44,66
202400547,2025-2026-2,汽车工程学院,机械设计制造及其自动化,86.4,87.2,3.69,51,51,66
202400548,2024-2025-1,汽车工程学院,机械设计制造及其自动化,76.9,87.9,3.0,44,44,66
202400548,2024-2025-2,汽车工程学院,机械设计制造及其自动化,93.3,73.6,3.66,8,8,66
202400548,2025-2026-1,汽车工程学院,机械设计制造及其自动化,94.1,87.4,3.33,7,7,66
202400548,2025-2026-2,汽车工程学院,机械设计制造及其自动化,87.1,73.8,3.39,48,48,66
202400549,2024-2025-1,汽车工程学院,机械设计制造及其自动化,91.6,95.2,3.09,34,34,66
202400549,2024-2025-2,汽车工程学院,机械设计制造及其自动化,92.6,76.8,3.58,33,33,66
202400549,2025-2026-1,汽车工程学院,机械设计制造及其自动化,73.3,75.2,2.9,43,43,66
202400549,2025-2026-2,汽车工程学院,机械设计制造及其自动化,91.3,72.2,2.89,49,49,66
202400550,2024-2025-1,汽车工程学院,机械设计制造及其自动化,75.0,75.6,3.95,51,51,66
202400550,2024-2025-2,汽车工程学院,机械设计制造及其自动化,93.1,76.6,3.02,35,35,66
202400550,2025-2026-1,汽车工程学院,机械设计制造及其自动化,74.4,85.4,2.87,38,38,66
202400550,2025-2026-2,汽车工程学院,机械设计制造及其自动化,76.1,69.4,2.94,61,61,66
202400551,2024-2025-1,汽车工程学院,机械设计制造及其自动化,82.2,87.9,3.77,40,40,66
202400551,2024-2025-2,汽车工程学院,机械设计制造及其自动化,90.3,81.1,2.98,32,32,66
202400551,2025-2026-1,汽车工程学院,机械设计制造及其自动化,80.1,91.1,2.9,31,31,66
202400551,2025-2026-2,汽车工程学院,机械设计制造及其自动化,75.1,87.0,3.58,38,38,66
202400552,2024-2025-1,汽车工程学院,机械设计制造及其自动化,88.1,83.8,3.03,46,46,66
202400552,2024-2025-2,汽车工程学院,机械设计制造及其自动化,81.3,95.1,3.55,42,42,66
202400552,2025-2026-1,汽车工程学院,机械设计制造及其自动化,74.1,82.8,3.5,31,31,66
202400552,2025-2026-2,汽车工程学院,机械设计制造及其自动化,94.7,95.7,2.72,59,59,66
202400553,2024-2025-1,汽车工程学院,机械设计制造及其自动化,94.9,82.3,3.53,26,26,66
202400553,2024-2025-2,汽车工程学院,机械设计制造及其自动化,81.7,68.1,3.85,7,7,66
202400553,2025-2026-1,汽车工程学院,机械设计制造及其自动化,80.6,69.6,2.82,24,24,66
202400553,2025-2026-2,汽车工程学院,机械设计制造及其自动化,86.2,69.4,3.23,28,28,66
202400554,2024-2025-1,汽车工程学院,机械设计制造及其自动化,92.2,79.6,3.86,22,22,66
202400554,2024-2025-2,汽车工程学院,机械设计制造及其自动化,94.6,90.5,3.62,63,63,66
202400554,2025-2026-1,汽车工程学院,机械设计制造及其自动化,92.3,76.0,3.63,11,11,66
202400554,2025-2026-2,汽车工程学院,机械设计制造及其自动化,75.0,78.7,3.15,8,8,66
202400555,2024-2025-1,汽车工程学院,机械设计制造及其自动化,84.5,76.6,3.23,27,27,66
202400555,2024-2025-2,汽车工程学院,机械设计制造及其自动化,78.5,75.1,3.79,31,31,66
202400555,2025-2026-1,汽车工程学院,机械设计制造及其自动化,90.5,89.8,3.49,47,47,66
202400555,2025-2026-2,汽车工程学院,机械设计制造及其自动化,75.8,91.7,3.65,56,56,66
202400556,2024-2025-1,汽车工程学院,机械设计制造及其自动化,75.1,70.6,3.42,43,43,66
202400556,2024-2025-2,汽车工程学院,机械设计制造及其自动化,79.8,75.1,3.43,25,25,66
202400556,2025-2026-1,汽车工程学院,机械设计制造及其自动化,70.7,78.2,3.56,59,59,66
202400556,2025-2026-2,汽车工程学院,机械设计制造及其自动化,87.2,95.8,3.99,15,15,66
202400557,2024-2025-1,汽车工程学院,机械设计制造及其自动化,94.4,84.1,2.77,23,23,66
202400557,2024-2025-2,汽车工程学院,机械设计制造及其自动化,81.7,77.7,3.3,24,24,66
202400557,2025-2026-1,汽车工程学院,机械设计制造及其自动化,74.0,91.2,3.45,61,61,66
202400557,2025-2026-2,汽车工程学院,机械设计制造及其自动化,85.7,92.4,3.27,1,1,66
202400558,2024-2025-1,汽车工程学院,机械设计制造及其自动化,88.8,92.5,3.19,22,22,66
202400558,2024-2025-2,汽车工程学院,机械设计制造及其自动化,84.0,85.9,3.31,26,26,66
202400558,2025-2026-1,汽车工程学院,机械设计制造及其自动化,84.3,75.2,3.12,35,35,66
202400558,2025-2026-2,汽车工程学院,机械设计制造及其自动化,88.1,80.8,3.83,45,45,66
202400559,2024-2025-1,汽车工程学院,机械设计制造及其自动化,90.0,72.0,3.48,4,4,66
202400559,2024-2025-2,汽车工程学院,机械设计制造及其自动化,75.2,89.2,3.64,50,50,66
202400559,2025-2026-1,汽车工程学院,机械设计制造及其自动化,77.9,85.1,3.18,41,41,66
202400559,2025-2026-2,汽车工程学院,机械设计制造及其自动化,85.6,78.4,3.74,17,17,66
202400560,2024-2025-1,汽车工程学院,机械设计制造及其自动化,76.7,82.1,4.0,34,34,66
202400560,2024-2025-2,汽车工程学院,机械设计制造及其自动化,70.9,87.9,3.45,66,66,66
202400560,2025-2026-1,汽车工程学院,机械设计制造及其自动化,83.8,69.5,3.15,12,12,66
202400560,2025-2026-2,汽车工程学院,机械设计制造及其自动化,87.7,69.1,2.94,21,21,66
202400561,2024-2025-1,汽车工程学院,机械设计制造及其自动化,91.6,90.3,2.71,9,9,66
202400561,2024-2025-2,汽车工程学院,机械设计制造及其自动化,82.4,87.6,3.12,12,12,66
202400561,2025-2026-1,汽车工程学院,机械设计制造及其自动化,90.3,68.7,3.4,7,7,66
202400561,2025-2026-2,汽车工程学院,机械设计制造及其自动化,88.5,80.8,3.02,34,34,66
202400562,2024-2025-1,汽车工程学院,机械设计制造及其自动化,91.1,75.9,2.77,47,47,66
202400562,2024-2025-2,汽车工程学院,机械设计制造及其自动化,80.2,73.3,3.2,62,62,66
202400562,2025-2026-1,汽车工程学院,机械设计制造及其自动化,87.8,95.2,3.74,38,38,66
202400562,2025-2026-2,汽车工程学院,机械设计制造及其自动化,94.6,69.7,3.78,31,31,66
202400563,2024-2025-1,汽车工程学院,机械设计制造及其自动化,81.7,72.8,3.97,14,14,66
202400563,2024-2025-2,汽车工程学院,机械设计制造及其自动化,76.3,70.0,2.76,33,33,66
202400563,2025-2026-1,汽车工程学院,机械设计制造及其自动化,71.7,94.2,3.87,9,9,66
202400563,2025-2026-2,汽车工程学院,机械设计制造及其自动化,81.9,92.2,3.6,66,66,66
202400564,2024-2025-1,汽车工程学院,机械设计制造及其自动化,92.0,91.0,3.81,13,13,66
202400564,2024-2025-2,汽车工程学院,机械设计制造及其自动化,89.6,83.8,3.37,59,59,66
202400564,2025-2026-1,汽车工程学院,机械设计制造及其自动化,80.5,90.1,3.65,56,56,66
202400564,2025-2026-2,汽车工程学院,机械设计制造及其自动化,90.0,82.7,2.74,55,55,66
202400565,2024-2025-1,汽车工程学院,机械设计制造及其自动化,81.9,78.7,3.15,28,28,66
202400565,2024-2025-2,汽车工程学院,机械设计制造及其自动化,85.0,84.8,3.36,23,23,66
202400565,2025-2026-1,汽车工程学院,机械设计制造及其自动化,89.3,89.4,3.65,21,21,66
202400565,2025-2026-2,汽车工程学院,机械设计制造及其自动化,78.8,95.7,3.24,56,56,66
202400566,2024-2025-1,汽车工程学院,机械设计制造及其自动化,80.1,94.6,3.08,41,41,66
202400566,2024-2025-2,汽车工程学院,机械设计制造及其自动化,72.7,84.2,2.96,41,41,66
202400566,2025-2026-1,汽车工程学院,机械设计制造及其自动化,92.5,77.0,3.97,41,41,66
202400566,2025-2026-2,汽车工程学院,机械设计制造及其自动化,78.5,74.0,3.74,3,3,66
202400567,2024-2025-1,汽车工程学院,机械设计制造及其自动化,75.6,72.5,2.96,20,20,66
202400567,2024-2025-2,汽车工程学院,机械设计制造及其自动化,85.6,81.3,2.74,3,3,66
202400567,2025-2026-1,汽车工程学院,机械设计制造及其自动化,92.7,89.7,2.87,34,34,66
202400567,2025-2026-2,汽车工程学院,机械设计制造及其自动化,74.0,82.3,3.94,53,53,66
202400568,2024-2025-1,汽车工程学院,机械设计制造及其自动化,89.2,74.7,3.66,64,64,66
202400568,2024-2025-2,汽车工程学院,机械设计制造及其自动化,82.6,91.0,2.97,48,48,66
202400568,2025-2026-1,汽车工程学院,机械设计制造及其自动化,76.8,71.2,2.79,16,16,66
202400568,2025-2026-2,汽车工程学院,机械设计制造及其自动化,78.4,85.6,3.56,2,2,66
202400569,2024-2025-1,汽车工程学院,机械设计制造及其自动化,91.7,83.8,2.93,65,65,66
202400569,2024-2025-2,汽车工程学院,机械设计制造及其自动化,76.2,83.4,3.72,16,16,66
202400569,2025-2026-1,汽车工程学院,机械设计制造及其自动化,79.1,78.2,3.97,49,49,66
202400569,2025-2026-2,汽车工程学院,机械设计制造及其自动化,81.8,70.7,3.79,64,64,66
202400570,2024-2025-1,汽车工程学院,机械设计制造及其自动化,94.6,80.0,3.85,20,20,66
202400570,2024-2025-2,汽车工程学院,机械设计制造及其自动化,91.9,94.9,3.73,3,3,66
202400570,2025-2026-1,汽车工程学院,机械设计制造及其自动化,92.7,87.4,3.07,21,21,66
202400570,2025-2026-2,汽车工程学院,机械设计制造及其自动化,89.9,70.9,3.3,63,63,66
202400571,2024-2025-1,汽车工程学院,交通运输,75.5,69.3,3.58,16,16,30
202400571,2024-2025-2,汽车工程学院,交通运输,76.0,74.5,3.77,1,1,30
202400571,2025-2026-1,汽车工程学院,交通运输,83.4,94.6,3.01,23,23,30
202400571,2025-2026-2,汽车工程学院,交通运输,93.2,90.2,2.87,22,22,30
202400572,2024-2025-1,汽车工程学院,交通运输,81.2,90.5,3.92,25,25,30
202400572,2024-2025-2,汽车工程学院,交通运输,85.3,71.6,3.75,2,2,30
202400572,2025-2026-1,汽车工程学院,交通运输,77.6,95.4,2.93,1,1,30
202400572,2025-2026-2,汽车工程学院,交通运输,74.5,74.2,3.42,6,6,30
202400573,2024-2025-1,汽车工程学院,交通运输,81.4,75.5,2.78,24,24,30
202400573,2024-2025-2,汽车工程学院,交通运输,75.9,84.9,3.15,24,24,30
202400573,2025-2026-1,汽车工程学院,交通运输,81.9,82.8,3.05,29,29,30
202400573,2025-2026-2,汽车工程学院,交通运输,87.0,78.8,3.86,16,16,30
202400574,2024-2025-1,汽车工程学院,交通运输,83.3,86.4,3.66,4,4,30
202400574,2024-2025-2,汽车工程学院,交通运输,89.7,68.9,3.2,23,23,30
202400574,2025-2026-1,汽车工程学院,交通运输,87.1,77.8,3.54,4,4,30
202400574,2025-2026-2,汽车工程学院,交通运输,89.3,84.8,3.57,9,9,30
202400575,2024-2025-1,汽车工程学院,交通运输,75.4,69.2,3.95,6,6,30
202400575,2024-2025-2,汽车工程学院,交通运输,85.5,70.7,2.77,28,28,30
202400575,2025-2026-1,汽车工程学院,交通运输,84.4,84.5,3.06,16,16,30
202400575,2025-2026-2,汽车工程学院,交通运输,89.4,78.9,2.82,28,28,30
202400576,2024-2025-1,汽车工程学院,交通运输,75.5,93.4,3.12,8,8,30
202400576,2024-2025-2,汽车工程学院,交通运输,78.0,70.6,3.68,25,25,30
202400576,2025-2026-1,汽车工程学院,交通运输,87.5,94.4,3.88,13,13,30
202400576,2025-2026-2,汽车工程学院,交通运输,78.0,82.0,3.97,29,29,30
202400577,2024-2025-1,汽车工程学院,交通运输,70.2,81.5,3.91,27,27,30
202400577,2024-2025-2,汽车工程学院,交通运输,86.9,95.2,2.87,7,7,30
202400577,2025-2026-1,汽车工程学院,交通运输,82.0,88.5,3.99,27,27,30
202400577,2025-2026-2,汽车工程学院,交通运输,87.2,90.7,3.86,25,25,30
202400578,2024-2025-1,汽车工程学院,交通运输,86.1,74.2,3.62,22,22,30
202400578,2024-2025-2,汽车工程学院,交通运输,79.0,77.2,3.21,21,21,30
202400578,2025-2026-1,汽车工程学院,交通运输,78.0,84.7,3.35,4,4,30
202400578,2025-2026-2,汽车工程学院,交通运输,89.7,69.2,3.32,25,25,30
202400579,2024-2025-1,汽车工程学院,交通运输,72.7,68.4,3.19,5,5,30
202400579,2024-2025-2,汽车工程学院,交通运输,77.0,79.7,2.82,22,22,30
202400579,2025-2026-1,汽车工程学院,交通运输,90.1,80.8,2.92,27,27,30
202400579,2025-2026-2,汽车工程学院,交通运输,73.2,78.9,3.25,27,27,30
202400580,2024-2025-1,汽车工程学院,交通运输,94.6,91.5,3.19,21,21,30
202400580,2024-2025-2,汽车工程学院,交通运输,80.2,84.3,3.91,19,19,30
202400580,2025-2026-1,汽车工程学院,交通运输,81.2,77.0,3.53,10,10,30
202400580,2025-2026-2,汽车工程学院,交通运输,87.6,87.9,2.8,14,14,30
202400581,2024-2025-1,汽车工程学院,交通运输,71.3,69.4,3.14,15,15,30
202400581,2024-2025-2,汽车工程学院,交通运输,92.5,92.0,3.87,4,4,30
202400581,2025-2026-1,汽车工程学院,交通运输,85.1,78.0,3.68,12,12,30
202400581,2025-2026-2,汽车工程学院,交通运输,87.3,91.8,2.75,17,17,30
202400582,2024-2025-1,汽车工程学院,交通运输,92.2,71.4,3.7,28,28,30
202400582,2024-2025-2,汽车工程学院,交通运输,85.1,74.7,3.99,18,18,30
202400582,2025-2026-1,汽车工程学院,交通运输,73.6,80.0,3.7,28,28,30
202400582,2025-2026-2,汽车工程学院,交通运输,78.1,72.4,3.64,19,19,30
202400583,2024-2025-1,汽车工程学院,交通运输,80.3,75.3,3.21,21,21,30
202400583,2024-2025-2,汽车工程学院,交通运输,86.8,93.3,3.66,11,11,30
202400583,2025-2026-1,汽车工程学院,交通运输,76.4,84.6,3.38,30,30,30
202400583,2025-2026-2,汽车工程学院,交通运输,85.6,91.3,2.86,4,4,30
202400584,2024-2025-1,汽车工程学院,交通运输,90.1,75.6,3.0,12,12,30
202400584,2024-2025-2,汽车工程学院,交通运输,72.8,92.7,2.98,6,6,30
202400584,2025-2026-1,汽车工程学院,交通运输,79.0,82.7,2.79,16,16,30
202400584,2025-2026-2,汽车工程学院,交通运输,87.2,89.3,3.2,22,22,30
202400585,2024-2025-1,汽车工程学院,交通运输,79.6,80.4,3.63,10,10,30
202400585,2024-2025-2,汽车工程学院,交通运输,71.6,68.6,3.13,6,6,30
202400585,2025-2026-1,汽车工程学院,交通运输,84.4,74.7,3.37,14,14,30
202400585,2025-2026-2,汽车工程学院,交通运输,80.6,70.4,3.82,21,21,30
202400586,2024-2025-1,汽车工程学院,交通运输,78.5,95.8,2.82,3,3,30
202400586,2024-2025-2,汽车工程学院,交通运输,77.1,95.4,3.34,5,5,30
202400586,2025-2026-1,汽车工程学院,交通运输,83.7,69.9,3.76,30,30,30
202400586,2025-2026-2,汽车工程学院,交通运输,75.6,84.7,3.8,12,12,30
202400587,2024-2025-1,汽车工程学院,交通运输,93.7,69.2,3.07,7,7,30
202400587,2024-2025-2,汽车工程学院,交通运输,94.5,73.1,3.39,26,26,30
202400587,2025-2026-1,汽车工程学院,交通运输,82.3,84.9,3.29,29,29,30
202400587,2025-2026-2,汽车工程学院,交通运输,77.5,75.3,2.95,2,2,30
202400588,2024-2025-1,汽车工程学院,交通运输,86.5,91.3,3.53,14,14,30
202400588,2024-2025-2,汽车工程学院,交通运输,88.0,75.3,3.15,5,5,30
202400588,2025-2026-1,汽车工程学院,交通运输,81.4,68.4,3.63,22,22,30
202400588,2025-2026-2,汽车工程学院,交通运输,88.8,83.6,3.97,5,5,30
202400589,2024-2025-1,汽车工程学院,交通运输,94.1,83.6,3.87,20,20,30
202400589,2024-2025-2,汽车工程学院,交通运输,85.0,76.7,3.47,28,28,30
202400589,2025-2026-1,汽车工程学院,交通运输,76.3,72.8,2.96,10,10,30
202400589,2025-2026-2,汽车工程学院,交通运输,92.3,85.4,3.16,2,2,30
202400590,2024-2025-1,汽车工程学院,交通运输,71.4,77.4,3.08,29,29,30
202400590,2024-2025-2,汽车工程学院,交通运输,92.5,79.7,3.49,15,15,30
202400590,2025-2026-1,汽车工程学院,交通运输,93.2,68.5,3.72,12,12,30
202400590,2025-2026-2,汽车工程学院,交通运输,79.8,88.6,3.3,19,19,30
202400591,2024-2025-1,汽车工程学院,交通运输,81.9,70.6,3.88,5,5,30
202400591,2024-2025-2,汽车工程学院,交通运输,74.8,69.8,3.01,3,3,30
202400591,2025-2026-1,汽车工程学院,交通运输,88.9,90.4,3.08,15,15,30
202400591,2025-2026-2,汽车工程学院,交通运输,74.5,70.9,3.44,17,17,30
202400592,2024-2025-1,汽车工程学院,交通运输,94.5,95.5,3.1,17,17,30
202400592,2024-2025-2,汽车工程学院,交通运输,93.6,72.5,2.89,2,2,30
202400592,2025-2026-1,汽车工程学院,交通运输,73.3,68.3,3.27,11,11,30
202400592,2025-2026-2,汽车工程学院,交通运输,82.0,79.1,2.89,8,8,30
202400593,2024-2025-1,汽车工程学院,交通运输,92.8,75.3,2.9,3,3,30
202400593,2024-2025-2,汽车工程学院,交通运输,78.0,82.7,3.29,26,26,30
202400593,2025-2026-1,汽车工程学院,交通运输,85.9,94.3,2.9,17,17,30
202400593,2025-2026-2,汽车工程学院,交通运输,85.6,78.5,3.11,25,25,30
202400594,2024-2025-1,汽车工程学院,交通运输,73.3,83.8,3.53,11,11,30
202400594,2024-2025-2,汽车工程学院,交通运输,72.7,78.9,3.33,30,30,30
202400594,2025-2026-1,汽车工程学院,交通运输,86.2,74.4,3.75,4,4,30
202400594,2025-2026-2,汽车工程学院,交通运输,83.0,95.6,3.16,6,6,30
202400595,2024-2025-1,汽车工程学院,交通运输,84.8,89.4,2.71,5,5,30
202400595,2024-2025-2,汽车工程学院,交通运输,82.1,82.5,3.1,3,3,30
202400595,2025-2026-1,汽车工程学院,交通运输,78.5,72.1,3.79,24,24,30
202400595,2025-2026-2,汽车工程学院,交通运输,80.8,72.3,2.74,19,19,30
202400596,2024-2025-1,汽车工程学院,交通运输,71.7,88.3,3.04,28,28,30
202400596,2024-2025-2,汽车工程学院,交通运输,84.3,93.5,3.5,18,18,30
202400596,2025-2026-1,汽车工程学院,交通运输,92.8,93.3,3.95,7,7,30
202400596,2025-2026-2,汽车工程学院,交通运输,74.8,82.2,3.42,21,21,30
202400597,2024-2025-1,汽车工程学院,交通运输,93.7,87.8,3.91,9,9,30
202400597,2024-2025-2,汽车工程学院,交通运输,71.4,95.5,3.87,27,27,30
202400597,2025-2026-1,汽车工程学院,交通运输,85.2,68.7,2.96,16,16,30
202400597,2025-2026-2,汽车工程学院,交通运输,75.9,92.9,3.26,18,18,30
202400598,2024-2025-1,汽车工程学院,交通运输,92.9,82.5,3.9,14,14,30
202400598,2024-2025-2,汽车工程学院,交通运输,93.2,73.8,3.2,9,9,30
202400598,2025-2026-1,汽车工程学院,交通运输,72.7,89.1,3.68,10,10,30
202400598,2025-2026-2,汽车工程学院,交通运输,91.6,74.7,3.74,15,15,30
202400599,2024-2025-1,汽车工程学院,交通运输,94.5,80.2,3.59,10,10,30
202400599,2024-2025-2,汽车工程学院,交通运输,74.7,83.4,3.13,18,18,30
202400599,2025-2026-1,汽车工程学院,交通运输,79.9,89.0,3.11,8,8,30
202400599,2025-2026-2,汽车工程学院,交通运输,85.4,74.2,3.88,25,25,30
202400600,2024-2025-1,汽车工程学院,交通运输,77.4,72.6,3.09,30,30,30
202400600,2024-2025-2,汽车工程学院,交通运输,86.0,87.6,3.86,29,29,30
202400600,2025-2026-1,汽车工程学院,交通运输,88.1,93.3,2.86,14,14,30
202400600,2025-2026-2,汽车工程学院,交通运输,70.3,82.6,3.91,23,23,30
202500601,2025-2026-1,汽车工程学院,车辆工程,70.6,83.0,3.36,127,127,136
202500601,2025-2026-2,汽车工程学院,车辆工程,79.9,78.2,3.28,125,125,136
202500602,2025-2026-1,汽车工程学院,车辆工程,94.2,86.8,3.21,106,106,136
202500602,2025-2026-2,汽车工程学院,车辆工程,82.2,87.1,3.48,121,121,136
202500603,2025-2026-1,汽车工程学院,车辆工程,77.8,80.6,3.49,75,75,136
202500603,2025-2026-2,汽车工程学院,车辆工程,85.0,73.6,2.83,116,116,136
202500604,2025-2026-1,汽车工程学院,车辆工程,77.3,70.1,3.23,83,83,136
202500604,2025-2026-2,汽车工程学院,车辆工程,94.6,95.7,2.9,22,22,136
202500605,2025-2026-1,汽车工程学院,车辆工程,77.3,94.2,3.15,53,53,136
202500605,2025-2026-2,汽车工程学院,车辆工程,82.0,78.7,3.29,62,62,136
202500606,2025-2026-1,汽车工程学院,车辆工程,75.0,83.0,2.72,44,44,136
202500606,2025-2026-2,汽车工程学院,车辆工程,88.0,79.0,3.13,55,55,136
202500607,2025-2026-1,汽车工程学院,车辆工程,74.2,72.8,3.06,134,134,136
202500607,2025-2026-2,汽车工程学院,车辆工程,84.2,77.9,3.76,21,21,136
202500608,2025-2026-1,汽车工程学院,车辆工程,86.6,88.8,2.73,40,40,136
202500608,2025-2026-2,汽车工程学院,车辆工程,83.7,85.4,3.32,116,116,136
202500609,2025-2026-1,汽车工程学院,车辆工程,91.3,68.9,3.42,101,101,136
202500609,2025-2026-2,汽车工程学院,车辆工程,80.7,84.4,3.06,91,91,136
202500610,2025-2026-1,汽车工程学院,车辆工程,72.6,70.4,2.97,21,21,136
202500610,2025-2026-2,汽车工程学院,车辆工程,91.7,93.5,3.6,63,63,136
202500611,2025-2026-1,汽车工程学院,车辆工程,79.9,69.7,3.38,127,127,136
202500611,2025-2026-2,汽车工程学院,车辆工程,91.7,92.4,3.39,135,135,136
202500612,2025-2026-1,汽车工程学院,车辆工程,93.1,69.1,2.85,19,19,136
202500612,2025-2026-2,汽车工程学院,车辆工程,86.7,69.2,3.35,18,18,136
202500613,2025-2026-1,汽车工程学院,车辆工程,80.1,95.4,3.46,100,100,136
202500613,2025-2026-2,汽车工程学院,车辆工程,71.0,77.9,2.95,130,130,136
202500614,2025-2026-1,汽车工程学院,车辆工程,85.6,78.4,3.08,36,36,136
202500614,2025-2026-2,汽车工程学院,车辆工程,92.6,79.8,3.61,28,28,136
202500615,2025-2026-1,汽车工程学院,车辆工程,72.9,74.4,3.25,27,27,136
202500615,2025-2026-2,汽车工程学院,车辆工程,83.7,72.2,3.37,121,121,136
202500616,2025-2026-1,汽车工程学院,车辆工程,86.0,74.7,2.83,94,94,136
202500616,2025-2026-2,汽车工程学院,车辆工程,71.1,90.6,2.98,21,21,136
202500617,2025-2026-1,汽车工程学院,车辆工程,75.8,83.1,3.78,62,62,136
202500617,2025-2026-2,汽车工程学院,车辆工程,76.7,80.3,2.95,98,98,136
202500618,2025-2026-1,汽车工程学院,车辆工程,75.7,88.3,3.29,125,125,136
202500618,2025-2026-2,汽车工程学院,车辆工程,89.0,77.4,3.45,107,107,136
202500619,2025-2026-1,汽车工程学院,车辆工程,72.3,90.2,3.02,120,120,136
202500619,2025-2026-2,汽车工程学院,车辆工程,73.9,89.1,3.89,31,31,136
202500620,2025-2026-1,汽车工程学院,车辆工程,84.6,87.4,3.4,132,132,136
202500620,2025-2026-2,汽车工程学院,车辆工程,86.1,80.9,3.13,130,130,136
202500621,2025-2026-1,汽车工程学院,车辆工程,71.9,75.9,3.51,17,17,136
202500621,2025-2026-2,汽车工程学院,车辆工程,76.2,89.5,3.33,90,90,136
202500622,2025-2026-1,汽车工程学院,车辆工程,85.6,69.9,3.89,101,101,136
202500622,2025-2026-2,汽车工程学院,车辆工程,75.9,83.1,3.47,80,80,136
202500623,2025-2026-1,汽车工程学院,车辆工程,85.8,82.7,3.43,78,78,136
202500623,2025-2026-2,汽车工程学院,车辆工程,76.0,73.8,3.86,53,53,136
202500624,2025-2026-1,汽车工程学院,车辆工程,81.2,71.5,3.33,34,34,136
202500624,2025-2026-2,汽车工程学院,车辆工程,80.0,71.5,3.76,9,9,136
202500625,2025-2026-1,汽车工程学院,车辆工程,90.8,75.0,2.93,26,26,136
202500625,2025-2026-2,汽车工程学院,车辆工程,76.6,72.5,3.58,18,18,136
202500626,2025-2026-1,汽车工程学院,车辆工程,80.7,79.9,3.81,127,127,136
202500626,2025-2026-2,汽车工程学院,车辆工程,77.6,84.5,3.75,70,70,136
202500627,2025-2026-1,汽车工程学院,车辆工程,81.3,93.6,3.94,49,49,136
202500627,2025-2026-2,汽车工程学院,车辆工程,90.0,72.9,3.0,86,86,136
202500628,2025-2026-1,汽车工程学院,车辆工程,81.2,83.2,3.29,43,43,136
202500628,2025-2026-2,汽车工程学院,车辆工程,85.3,81.4,3.01,114,114,136
202500629,2025-2026-1,汽车工程学院,车辆工程,92.4,81.7,3.17,66,66,136
202500629,2025-2026-2,汽车工程学院,车辆工程,86.1,69.1,2.88,18,18,136
202500630,2025-2026-1,汽车工程学院,车辆工程,73.4,92.9,3.05,106,106,136
202500630,2025-2026-2,汽车工程学院,车辆工程,87.7,91.9,3.57,60,60,136
202500631,2025-2026-1,汽车工程学院,车辆工程,78.5,83.2,3.08,108,108,136
202500631,2025-2026-2,汽车工程学院,车辆工程,76.4,89.9,3.54,63,63,136
202500632,2025-2026-1,汽车工程学院,车辆工程,79.8,72.0,3.61,32,32,136
202500632,2025-2026-2,汽车工程学院,车辆工程,81.6,94.9,3.6,70,70,136
202500633,2025-2026-1,汽车工程学院,车辆工程,89.2,90.5,3.23,64,64,136
202500633,2025-2026-2,汽车工程学院,车辆工程,85.2,87.2,3.13,62,62,136
202500634,2025-2026-1,汽车工程学院,车辆工程,82.2,74.1,2.96,10,10,136
202500634,2025-2026-2,汽车工程学院,车辆工程,87.1,85.9,3.25,84,84,136
202500635,2025-2026-1,汽车工程学院,车辆工程,94.2,83.5,2.92,6,6,136
202500635,2025-2026-2,汽车工程学院,车辆工程,91.4,84.4,2.88,133,133,136
202500636,2025-2026-1,汽车工程学院,车辆工程,72.0,89.0,3.81,27,27,136
202500636,2025-2026-2,汽车工程学院,车辆工程,82.2,86.0,2.77,3,3,136
202500637,2025-2026-1,汽车工程学院,车辆工程,80.6,92.8,3.07,63,63,136
202500637,2025-2026-2,汽车工程学院,车辆工程,94.5,86.1,2.82,5,5,136
202500638,2025-2026-1,汽车工程学院,车辆工程,85.1,95.0,3.32,106,106,136
202500638,2025-2026-2,汽车工程学院,车辆工程,75.7,83.3,3.94,7,7,136
202500639,2025-2026-1,汽车工程学院,车辆工程,71.0,84.2,3.24,118,118,136
202500639,2025-2026-2,汽车工程学院,车辆工程,77.0,69.3,2.82,61,61,136
202500640,2025-2026-1,汽车工程学院,车辆工程,82.5,88.1,2.78,26,26,136
202500640,2025-2026-2,汽车工程学院,车辆工程,85.7,85.5,3.23,131,131,136
202500641,2025-2026-1,汽车工程学院,车辆工程,91.3,75.5,3.58,33,33,136
202500641,2025-2026-2,汽车工程学院,车辆工程,91.9,88.5,3.11,62,62,136
202500642,2025-2026-1,汽车工程学院,车辆工程,75.4,80.5,2.75,16,16,136
202500642,2025-2026-2,汽车工程学院,车辆工程,76.6,69.4,3.92,43,43,136
202500643,2025-2026-1,汽车工程学院,车辆工程,74.7,75.6,3.96,78,78,136
202500643,2025-2026-2,汽车工程学院,车辆工程,77.8,81.7,3.16,53,53,136
202500644,2025-2026-1,汽车工程学院,车辆工程,75.7,80.4,3.77,19,19,136
202500644,2025-2026-2,汽车工程学院,车辆工程,86.5,77.7,3.87,112,112,136
202500645,2025-2026-1,汽车工程学院,车辆工程,85.3,74.9,3.95,55,55,136
202500645,2025-2026-2,汽车工程学院,车辆工程,76.9,79.7,2.99,58,58,136
202500646,2025-2026-1,汽车工程学院,车辆工程,70.5,88.8,3.53,35,35,136
202500646,2025-2026-2,汽车工程学院,车辆工程,91.8,75.9,3.45,103,103,136
202500647,2025-2026-1,汽车工程学院,车辆工程,82.2,95.3,3.84,69,69,136
202500647,2025-2026-2,汽车工程学院,车辆工程,73.9,83.5,3.5,75,75,136
202500648,2025-2026-1,汽车工程学院,车辆工程,73.0,77.8,2.83,59,59,136
202500648,2025-2026-2,汽车工程学院,车辆工程,89.3,89.1,3.63,3,3,136
202500649,2025-2026-1,汽车工程学院,车辆工程,92.3,70.6,2.72,19,19,136
202500649,2025-2026-2,汽车工程学院,车辆工程,84.8,95.0,3.09,37,37,136
202500650,2025-2026-1,汽车工程学院,车辆工程,76.9,77.9,3.69,92,92,136
202500650,2025-2026-2,汽车工程学院,车辆工程,92.0,79.9,2.73,11,11,136
202500651,2025-2026-1,汽车工程学院,车辆工程,81.3,89.6,3.96,135,135,136
202500651,2025-2026-2,汽车工程学院,车辆工程,75.4,84.3,3.03,4,4,136
202500652,2025-2026-1,汽车工程学院,车辆工程,87.9,85.7,3.42,112,112,136
202500652,2025-2026-2,汽车工程学院,车辆工程,87.5,88.4,3.21,14,14,136
202500653,2025-2026-1,汽车工程学院,车辆工程,74.4,76.4,3.22,87,87,136
202500653,2025-2026-2,汽车工程学院,车辆工程,86.7,94.9,3.16,105,105,136
202500654,2025-2026-1,汽车工程学院,车辆工程,82.8,85.5,3.5,61,61,136
202500654,2025-2026-2,汽车工程学院,车辆工程,83.6,81.5,3.28,97,97,136
202500655,2025-2026-1,汽车工程学院,车辆工程,81.7,81.0,2.74,41,41,136
202500655,2025-2026-2,汽车工程学院,车辆工程,87.3,94.3,3.66,47,47,136
202500656,2025-2026-1,汽车工程学院,车辆工程,89.5,94.4,3.63,52,52,136
202500656,2025-2026-2,汽车工程学院,车辆工程,74.1,87.5,3.1,75,75,136
202500657,2025-2026-1,汽车工程学院,车辆工程,81.0,79.9,3.55,58,58,136
202500657,2025-2026-2,汽车工程学院,车辆工程,84.2,92.1,2.71,131,131,136
202500658,2025-2026-1,汽车工程学院,车辆工程,76.0,85.6,3.6,6,6,136
202500658,2025-2026-2,汽车工程学院,车辆工程,72.1,84.2,3.42,38,38,136
202500659,2025-2026-1,汽车工程学院,车辆工程,90.3,76.3,2.78,23,23,136
202500659,2025-2026-2,汽车工程学院,车辆工程,92.3,73.1,3.98,26,26,136
202500660,2025-2026-1,汽车工程学院,车辆工程,81.5,90.8,3.5,96,96,136
202500660,2025-2026-2,汽车工程学院,车辆工程,88.1,76.0,2.81,65,65,136
202500661,2025-2026-1,汽车工程学院,车辆工程,91.1,82.0,3.94,86,86,136
202500661,2025-2026-2,汽车工程学院,车辆工程,82.1,93.5,3.53,62,62,136
202500662,2025-2026-1,汽车工程学院,车辆工程,89.3,68.3,3.44,121,121,136
202500662,2025-2026-2,汽车工程学院,车辆工程,83.2,80.5,2.95,82,82,136
202500663,2025-2026-1,汽车工程学院,车辆工程,73.7,89.5,3.95,117,117,136
202500663,2025-2026-2,汽车工程学院,车辆工程,71.4,70.8,2.79,134,134,136
202500664,2025-2026-1,汽车工程学院,车辆工程,92.9,68.7,2.9,31,31,136
202500664,2025-2026-2,汽车工程学院,车辆工程,71.4,74.0,2.98,135,135,136
202500665,2025-2026-1,汽车工程学院,车辆工程,80.8,72.2,3.53,72,72,136
202500665,2025-2026-2,汽车工程学院,车辆工程,89.0,83.8,2.91,21,21,136
202500666,2025-2026-1,汽车工程学院,车辆工程,71.2,81.6,2.75,3,3,136
202500666,2025-2026-2,汽车工程学院,车辆工程,78.5,85.1,3.36,121,121,136
202500667,2025-2026-1,汽车工程学院,车辆工程,79.4,82.7,3.78,77,77,136
202500667,2025-2026-2,汽车工程学院,车辆工程,89.0,94.7,2.9,115,115,136
202500668,2025-2026-1,汽车工程学院,车辆工程,90.8,95.0,3.9,4,4,136
202500668,2025-2026-2,汽车工程学院,车辆工程,70.6,87.3,3.89,87,87,136
202500669,2025-2026-1,汽车工程学院,车辆工程,94.0,88.8,3.11,8,8,136
202500669,2025-2026-2,汽车工程学院,车辆工程,85.0,68.3,2.72,93,93,136
202500670,2025-2026-1,汽车工程学院,车辆工程,73.0,88.2,3.22,10,10,136
202500670,2025-2026-2,汽车工程学院,车辆工程,82.7,74.8,2.92,64,64,136
202500671,2025-2026-1,汽车工程学院,车辆工程,84.0,72.1,3.9,43,43,136
202500671,2025-2026-2,汽车工程学院,车辆工程,84.4,86.4,3.79,70,70,136
202500672,2025-2026-1,汽车工程学院,车辆工程,75.8,89.4,3.82,63,63,136
202500672,2025-2026-2,汽车工程学院,车辆工程,89.5,75.1,3.84,4,4,136
202500673,2025-2026-1,汽车工程学院,车辆工程,91.6,88.2,3.98,124,124,136
202500673,2025-2026-2,汽车工程学院,车辆工程,88.7,92.9,3.73,63,63,136
202500674,2025-2026-1,汽车工程学院,车辆工程,78.2,80.9,2.92,55,55,136
202500674,2025-2026-2,汽车工程学院,车辆工程,72.4,82.8,3.38,134,134,136
202500675,2025-2026-1,汽车工程学院,车辆工程,70.2,94.0,3.66,121,121,136
202500675,2025-2026-2,汽车工程学院,车辆工程,78.2,93.7,3.26,31,31,136
202500676,2025-2026-1,汽车工程学院,车辆工程,88.3,77.7,3.98,102,102,136
202500676,2025-2026-2,汽车工程学院,车辆工程,89.2,95.8,3.76,67,67,136
202500677,2025-2026-1,汽车工程学院,车辆工程,94.5,79.8,2.84,35,35,136
202500677,2025-2026-2,汽车工程学院,车辆工程,88.5,93.6,3.12,129,129,136
202500678,2025-2026-1,汽车工程学院,车辆工程,94.9,70.2,2.7,53,53,136
202500678,2025-2026-2,汽车工程学院,车辆工程,70.3,93.4,3.33,135,135,136
202500679,2025-2026-1,汽车工程学院,车辆工程,82.9,79.3,2.87,19,19,136
202500679,2025-2026-2,汽车工程学院,车辆工程,94.2,95.5,2.79,6,6,136
202500680,2025-2026-1,汽车工程学院,车辆工程,86.0,79.8,3.96,132,132,136
202500680,2025-2026-2,汽车工程学院,车辆工程,89.7,75.2,3.36,80,80,136
202500681,2025-2026-1,汽车工程学院,车辆工程,76.7,69.6,3.93,122,122,136
202500681,2025-2026-2,汽车工程学院,车辆工程,78.2,87.9,3.85,99,99,136
202500682,2025-2026-1,汽车工程学院,车辆工程,82.8,90.7,3.02,37,37,136
202500682,2025-2026-2,汽车工程学院,车辆工程,81.4,93.2,3.93,59,59,136
202500683,2025-2026-1,汽车工程学院,车辆工程,77.3,70.9,3.37,108,108,136
202500683,2025-2026-2,汽车工程学院,车辆工程,72.2,78.5,3.89,55,55,136
202500684,2025-2026-1,汽车工程学院,车辆工程,82.0,75.6,3.11,111,111,136
202500684,2025-2026-2,汽车工程学院,车辆工程,70.4,80.2,3.34,30,30,136
202500685,2025-2026-1,汽车工程学院,车辆工程,88.5,88.8,3.6,4,4,136
202500685,2025-2026-2,汽车工程学院,车辆工程,86.9,76.6,3.99,57,57,136
202500686,2025-2026-1,汽车工程学院,车辆工程,94.6,81.2,3.28,51,51,136
202500686,2025-2026-2,汽车工程学院,车辆工程,82.6,70.9,3.11,116,116,136
202500687,2025-2026-1,汽车工程学院,车辆工程,85.3,84.3,3.86,3,3,136
202500687,2025-2026-2,汽车工程学院,车辆工程,78.5,85.0,3.0,122,122,136
202500688,2025-2026-1,汽车工程学院,车辆工程,75.6,92.9,3.34,82,82,136
202500688,2025-2026-2,汽车工程学院,车辆工程,93.3,73.8,3.89,61,61,136
202500689,2025-2026-1,汽车工程学院,车辆工程,78.3,79.1,3.25,38,38,136
202500689,2025-2026-2,汽车工程学院,车辆工程,80.3,69.6,2.71,45,45,136
202500690,2025-2026-1,汽车工程学院,车辆工程,71.0,82.7,3.87,83,83,136
202500690,2025-2026-2,汽车工程学院,车辆工程,71.2,91.8,2.99,31,31,136
202500691,2025-2026-1,汽车工程学院,车辆工程,92.0,73.7,3.08,42,42,136
202500691,2025-2026-2,汽车工程学院,车辆工程,90.5,79.1,3.65,74,74,136
202500692,2025-2026-1,汽车工程学院,车辆工程,83.5,71.3,3.5,10,10,136
202500692,2025-2026-2,汽车工程学院,车辆工程,78.8,72.9,2.92,59,59,136
202500693,2025-2026-1,汽车工程学院,车辆工程,76.0,81.0,3.68,57,57,136
202500693,2025-2026-2,汽车工程学院,车辆工程,92.1,93.4,3.68,73,73,136
202500694,2025-2026-1,汽车工程学院,车辆工程,92.8,75.9,3.65,42,42,136
202500694,2025-2026-2,汽车工程学院,车辆工程,70.5,93.5,2.96,112,112,136
202500695,2025-2026-1,汽车工程学院,车辆工程,73.1,95.1,2.87,19,19,136
202500695,2025-2026-2,汽车工程学院,车辆工程,73.8,74.9,3.06,25,25,136
202500696,2025-2026-1,汽车工程学院,车辆工程,90.5,94.0,3.57,42,42,136
202500696,2025-2026-2,汽车工程学院,车辆工程,93.5,88.8,3.58,61,61,136
202500697,2025-2026-1,汽车工程学院,车辆工程,92.9,85.9,3.23,3,3,136
202500697,2025-2026-2,汽车工程学院,车辆工程,86.1,78.7,3.09,87,87,136
202500698,2025-2026-1,汽车工程学院,车辆工程,81.6,72.7,3.05,30,30,136
202500698,2025-2026-2,汽车工程学院,车辆工程,87.1,82.4,3.07,28,28,136
202500699,2025-2026-1,汽车工程学院,车辆工程,72.5,82.8,3.95,97,97,136
202500699,2025-2026-2,汽车工程学院,车辆工程,71.3,85.3,3.44,127,127,136
202500700,2025-2026-1,汽车工程学院,车辆工程,71.0,71.9,2.91,131,131,136
202500700,2025-2026-2,汽车工程学院,车辆工程,75.5,68.6,2.72,44,44,136
202500701,2025-2026-1,汽车工程学院,车辆工程,88.1,68.4,3.33,136,136,136
202500701,2025-2026-2,汽车工程学院,车辆工程,71.4,72.9,3.03,65,65,136
202500702,2025-2026-1,汽车工程学院,车辆工程,90.3,89.0,3.71,42,42,136
202500702,2025-2026-2,汽车工程学院,车辆工程,85.0,78.3,3.74,97,97,136
202500703,2025-2026-1,汽车工程学院,车辆工程,82.9,75.9,3.05,10,10,136
202500703,2025-2026-2,汽车工程学院,车辆工程,82.1,85.0,3.44,15,15,136
202500704,2025-2026-1,汽车工程学院,车辆工程,84.5,71.7,3.3,120,120,136
202500704,2025-2026-2,汽车工程学院,车辆工程,91.3,77.1,3.49,98,98,136
202500705,2025-2026-1,汽车工程学院,车辆工程,82.6,75.8,3.62,49,49,136
202500705,2025-2026-2,汽车工程学院,车辆工程,87.4,88.8,3.31,117,117,136
202500706,2025-2026-1,汽车工程学院,车辆工程,90.8,83.4,2.8,23,23,136
202500706,2025-2026-2,汽车工程学院,车辆工程,71.6,68.7,3.94,93,93,136
202500707,2025-2026-1,汽车工程学院,车辆工程,70.4,93.3,2.75,96,96,136
202500707,2025-2026-2,汽车工程学院,车辆工程,73.1,90.7,3.97,132,132,136
202500708,2025-2026-1,汽车工程学院,车辆工程,76.4,81.8,3.5,131,131,136
202500708,2025-2026-2,汽车工程学院,车辆工程,71.7,69.9,2.88,65,65,136
202500709,2025-2026-1,汽车工程学院,车辆工程,92.2,76.2,3.64,113,113,136
202500709,2025-2026-2,汽车工程学院,车辆工程,88.8,87.9,3.84,113,113,136
202500710,2025-2026-1,汽车工程学院,车辆工程,86.0,73.2,3.38,79,79,136
202500710,2025-2026-2,汽车工程学院,车辆工程,84.7,84.5,3.62,48,48,136
202500711,2025-2026-1,汽车工程学院,车辆工程,94.0,84.3,3.6,7,7,136
202500711,2025-2026-2,汽车工程学院,车辆工程,71.7,93.8,3.64,124,124,136
202500712,2025-2026-1,汽车工程学院,车辆工程,80.9,85.5,3.37,59,59,136
202500712,2025-2026-2,汽车工程学院,车辆工程,76.6,95.9,3.49,123,123,136
202500713,2025-2026-1,汽车工程学院,车辆工程,81.9,72.6,2.79,14,14,136
202500713,2025-2026-2,汽车工程学院,车辆工程,81.7,80.1,3.48,87,87,136
202500714,2025-2026-1,汽车工程学院,车辆工程,89.1,73.5,3.82,57,57,136
202500714,2025-2026-2,汽车工程学院,车辆工程,70.4,91.1,3.63,81,81,136
202500715,2025-2026-1,汽车工程学院,车辆工程,81.0,80.7,3.43,97,97,136
202500715,2025-2026-2,汽车工程学院,车辆工程,89.6,69.7,3.69,126,126,136
202500716,2025-2026-1,汽车工程学院,车辆工程,70.9,85.1,3.9,133,133,136
202500716,2025-2026-2,汽车工程学院,车辆工程,90.4,94.3,3.99,92,92,136
202500717,2025-2026-1,汽车工程学院,车辆工程,84.1,89.9,3.16,63,63,136
202500717,2025-2026-2,汽车工程学院,车辆工程,80.3,75.6,3.17,73,73,136
202500718,2025-2026-1,汽车工程学院,车辆工程,80.7,89.6,2.95,127,127,136
202500718,2025-2026-2,汽车工程学院,车辆工程,94.3,91.5,3.7,37,37,136
202500719,2025-2026-1,汽车工程学院,车辆工程,78.3,79.0,3.79,116,116,136
202500719,2025-2026-2,汽车工程学院,车辆工程,79.0,84.1,3.34,49,49,136
202500720,2025-2026-1,汽车工程学院,车辆工程,75.4,74.8,3.97,55,55,136
202500720,2025-2026-2,汽车工程学院,车辆工程,86.4,79.6,3.2,54,54,136
202500721,2025-2026-1,汽车工程学院,车辆工程,76.3,84.4,3.76,103,103,136
202500721,2025-2026-2,汽车工程学院,车辆工程,93.4,85.8,3.37,3,3,136
202500722,2025-2026-1,汽车工程学院,车辆工程,93.6,74.5,3.05,58,58,136
202500722,2025-2026-2,汽车工程学院,车辆工程,78.8,92.7,3.81,91,91,136
202500723,2025-2026-1,汽车工程学院,车辆工程,83.0,71.1,3.23,70,70,136
202500723,2025-2026-2,汽车工程学院,车辆工程,77.4,71.4,3.83,115,115,136
202500724,2025-2026-1,汽车工程学院,车辆工程,93.3,86.8,3.51,17,17,136
202500724,2025-2026-2,汽车工程学院,车辆工程,81.1,72.3,3.57,54,54,136
202500725,2025-2026-1,汽车工程学院,车辆工程,72.6,89.2,3.52,73,73,136
202500725,2025-2026-2,汽车工程学院,车辆工程,88.1,72.1,2.9,24,24,136
202500726,2025-2026-1,汽车工程学院,车辆工程,88.1,81.2,3.7,98,98,136
202500726,2025-2026-2,汽车工程学院,车辆工程,93.9,73.1,3.01,128,128,136
202500727,2025-2026-1,汽车工程学院,车辆工程,87.1,86.5,3.1,36,36,136
202500727,2025-2026-2,汽车工程学院,车辆工程,91.0,88.4,3.58,31,31,136
202500728,2025-2026-1,汽车工程学院,车辆工程,78.3,68.7,3.59,8,8,136
202500728,2025-2026-2,汽车工程学院,车辆工程,77.3,84.0,3.46,119,119,136
202500729,2025-2026-1,汽车工程学院,车辆工程,82.2,78.7,2.89,100,100,136
202500729,2025-2026-2,汽车工程学院,车辆工程,77.3,81.8,3.92,4,4,136
202500730,2025-2026-1,汽车工程学院,车辆工程,77.9,94.7,3.55,93,93,136
202500730,2025-2026-2,汽车工程学院,车辆工程,73.2,69.2,3.99,101,101,136
202500731,2025-2026-1,汽车工程学院,车辆工程,79.5,90.9,3.74,90,90,136
202500731,2025-2026-2,汽车工程学院,车辆工程,89.9,91.0,3.05,36,36,136
202500732,2025-2026-1,汽车工程学院,车辆工程,82.7,84.9,3.74,38,38,136
202500732,2025-2026-2,汽车工程学院,车辆工程,93.7,78.3,3.06,25,25,136
202500733,2025-2026-1,汽车工程学院,车辆工程,82.6,77.7,3.12,86,86,136
202500733,2025-2026-2,汽车工程学院,车辆工程,78.5,86.9,3.65,94,94,136
202500734,2025-2026-1,汽车工程学院,车辆工程,92.2,88.8,3.9,48,48,136
202500734,2025-2026-2,汽车工程学院,车辆工程,91.5,68.4,3.7,4,4,136
202500735,2025-2026-1,汽车工程学院,车辆工程,80.7,82.1,3.06,4,4,136
202500735,2025-2026-2,汽车工程学院,车辆工程,89.6,88.1,3.29,82,82,136
202500736,2025-2026-1,汽车工程学院,车辆工程,87.6,82.0,3.93,64,64,136
202500736,2025-2026-2,汽车工程学院,车辆工程,84.4,75.0,3.7,58,58,136
202500737,2025-2026-1,汽车工程学院,能源与动力工程,81.6,72.3,3.98,4,4,68
202500737,2025-2026-2,汽车工程学院,能源与动力工程,85.0,94.6,4.0,59,59,68
202500738,2025-2026-1,汽车工程学院,能源与动力工程,70.8,71.4,3.7,54,54,68
202500738,2025-2026-2,汽车工程学院,能源与动力工程,83.8,79.8,2.91,38,38,68
202500739,2025-2026-1,汽车工程学院,能源与动力工程,80.3,94.0,2.98,11,11,68
202500739,2025-2026-2,汽车工程学院,能源与动力工程,83.7,85.5,3.98,56,56,68
202500740,2025-2026-1,汽车工程学院,能源与动力工程,78.3,69.4,3.86,32,32,68
202500740,2025-2026-2,汽车工程学院,能源与动力工程,73.7,80.7,2.92,56,56,68
202500741,2025-2026-1,汽车工程学院,能源与动力工程,87.0,70.9,3.19,52,52,68
202500741,2025-2026-2,汽车工程学院,能源与动力工程,82.7,80.4,3.49,61,61,68
202500742,2025-2026-1,汽车工程学院,能源与动力工程,74.4,80.0,3.74,29,29,68
202500742,2025-2026-2,汽车工程学院,能源与动力工程,72.5,68.8,3.81,13,13,68
202500743,2025-2026-1,汽车工程学院,能源与动力工程,85.4,93.6,3.33,1,1,68
202500743,2025-2026-2,汽车工程学院,能源与动力工程,78.3,71.9,3.05,17,17,68
202500744,2025-2026-1,汽车工程学院,能源与动力工程,92.9,79.0,3.9,65,65,68
202500744,2025-2026-2,汽车工程学院,能源与动力工程,74.3,95.2,3.22,58,58,68
202500745,2025-2026-1,汽车工程学院,能源与动力工程,82.4,78.2,3.98,66,66,68
202500745,2025-2026-2,汽车工程学院,能源与动力工程,75.1,94.1,3.06,47,47,68
202500746,2025-2026-1,汽车工程学院,能源与动力工程,78.7,72.4,2.92,39,39,68
202500746,2025-2026-2,汽车工程学院,能源与动力工程,93.3,86.0,3.86,11,11,68
202500747,2025-2026-1,汽车工程学院,能源与动力工程,78.8,84.2,3.75,42,42,68
202500747,2025-2026-2,汽车工程学院,能源与动力工程,79.1,89.8,3.56,61,61,68
202500748,2025-2026-1,汽车工程学院,能源与动力工程,78.2,92.5,3.13,35,35,68
202500748,2025-2026-2,汽车工程学院,能源与动力工程,72.3,68.6,2.75,54,54,68
202500749,2025-2026-1,汽车工程学院,能源与动力工程,88.3,88.0,3.96,47,47,68
202500749,2025-2026-2,汽车工程学院,能源与动力工程,84.2,72.8,3.98,35,35,68
202500750,2025-2026-1,汽车工程学院,能源与动力工程,92.1,86.3,3.11,63,63,68
202500750,2025-2026-2,汽车工程学院,能源与动力工程,84.8,72.5,3.39,46,46,68
202500751,2025-2026-1,汽车工程学院,能源与动力工程,78.3,76.3,3.76,24,24,68
202500751,2025-2026-2,汽车工程学院,能源与动力工程,76.5,95.6,3.72,6,6,68
202500752,2025-2026-1,汽车工程学院,能源与动力工程,88.3,80.1,3.69,23,23,68
202500752,2025-2026-2,汽车工程学院,能源与动力工程,74.5,68.1,3.36,30,30,68
202500753,2025-2026-1,汽车工程学院,能源与动力工程,88.5,76.4,3.44,42,42,68
202500753,2025-2026-2,汽车工程学院,能源与动力工程,76.9,83.0,2.85,64,64,68
202500754,2025-2026-1,汽车工程学院,能源与动力工程,73.1,73.7,3.57,36,36,68
202500754,2025-2026-2,汽车工程学院,能源与动力工程,81.9,77.8,3.72,6,6,68
202500755,2025-2026-1,汽车工程学院,能源与动力工程,76.3,78.6,3.71,23,23,68
202500755,2025-2026-2,汽车工程学院,能源与动力工程,90.9,90.7,2.74,12,12,68
202500756,2025-2026-1,汽车工程学院,能源与动力工程,81.4,77.4,3.76,19,19,68
202500756,2025-2026-2,汽车工程学院,能源与动力工程,74.7,90.3,3.56,53,53,68
202500757,2025-2026-1,汽车工程学院,能源与动力工程,88.4,70.0,2.92,34,34,68
202500757,2025-2026-2,汽车工程学院,能源与动力工程,82.9,70.4,3.92,12,12,68
202500758,2025-2026-1,汽车工程学院,能源与动力工程,92.7,76.8,3.97,39,39,68
202500758,2025-2026-2,汽车工程学院,能源与动力工程,93.8,91.7,3.82,17,17,68
202500759,2025-2026-1,汽车工程学院,能源与动力工程,88.8,68.2,3.62,7,7,68
202500759,2025-2026-2,汽车工程学院,能源与动力工程,70.0,76.3,2.79,3,3,68
202500760,2025-2026-1,汽车工程学院,能源与动力工程,71.9,76.9,3.39,67,67,68
202500760,2025-2026-2,汽车工程学院,能源与动力工程,92.0,93.0,2.81,23,23,68
202500761,2025-2026-1,汽车工程学院,能源与动力工程,92.2,85.3,2.72,34,34,68
202500761,2025-2026-2,汽车工程学院,能源与动力工程,93.5,79.1,3.96,37,37,68
202500762,2025-2026-1,汽车工程学院,能源与动力工程,82.6,78.9,3.24,34,34,68
202500762,2025-2026-2,汽车工程学院,能源与动力工程,72.0,83.7,3.85,57,57,68
202500763,2025-2026-1,汽车工程学院,能源与动力工程,75.6,95.5,3.17,52,52,68
202500763,2025-2026-2,汽车工程学院,能源与动力工程,88.8,85.2,3.96,9,9,68
202500764,2025-2026-1,汽车工程学院,能源与动力工程,92.9,79.8,3.24,40,40,68
202500764,2025-2026-2,汽车工程学院,能源与动力工程,70.7,86.2,3.26,1,1,68
202500765,2025-2026-1,汽车工程学院,能源与动力工程,92.8,88.3,3.42,29,29,68
202500765,2025-2026-2,汽车工程学院,能源与动力工程,80.3,76.0,2.75,23,23,68
202500766,2025-2026-1,汽车工程学院,能源与动力工程,75.2,86.1,3.29,15,15,68
202500766,2025-2026-2,汽车工程学院,能源与动力工程,90.1,72.9,3.53,22,22,68
202500767,2025-2026-1,汽车工程学院,能源与动力工程,91.7,93.0,3.08,40,40,68
202500767,2025-2026-2,汽车工程学院,能源与动力工程,89.2,95.8,3.58,61,61,68
202500768,2025-2026-1,汽车工程学院,能源与动力工程,84.0,81.6,3.39,60,60,68
202500768,2025-2026-2,汽车工程学院,能源与动力工程,83.3,90.0,3.04,41,41,68
202500769,2025-2026-1,汽车工程学院,能源与动力工程,86.6,83.4,3.68,64,64,68
202500769,2025-2026-2,汽车工程学院,能源与动力工程,90.9,85.7,3.26,52,52,68
202500770,2025-2026-1,汽车工程学院,能源与动力工程,76.9,88.6,3.6,36,36,68
202500770,2025-2026-2,汽车工程学院,能源与动力工程,89.0,91.9,2.84,20,20,68
202500771,2025-2026-1,汽车工程学院,能源与动力工程,70.8,83.5,3.32,60,60,68
202500771,2025-2026-2,汽车工程学院,能源与动力工程,91.0,81.4,3.35,40,40,68
202500772,2025-2026-1,汽车工程学院,能源与动力工程,70.8,74.4,2.72,30,30,68
202500772,2025-2026-2,汽车工程学院,能源与动力工程,81.2,85.0,3.36,55,55,68
202500773,2025-2026-1,汽车工程学院,能源与动力工程,94.9,91.8,3.22,14,14,68
202500773,2025-2026-2,汽车工程学院,能源与动力工程,84.7,74.5,3.78,19,19,68
202500774,2025-2026-1,汽车工程学院,能源与动力工程,71.8,78.3,2.83,57,57,68
202500774,2025-2026-2,汽车工程学院,能源与动力工程,83.5,81.7,3.51,26,26,68
202500775,2025-2026-1,汽车工程学院,能源与动力工程,72.3,73.5,3.56,62,62,68
202500775,2025-2026-2,汽车工程学院,能源与动力工程,86.3,85.2,3.56,57,57,68
202500776,2025-2026-1,汽车工程学院,能源与动力工程,88.5,83.6,3.21,61,61,68
202500776,2025-2026-2,汽车工程学院,能源与动力工程,89.7,80.9,3.27,7,7,68
202500777,2025-2026-1,汽车工程学院,能源与动力工程,81.7,95.9,3.55,55,55,68
202500777,2025-2026-2,汽车工程学院,能源与动力工程,72.3,71.0,3.82,42,42,68
202500778,2025-2026-1,汽车工程学院,能源与动力工程,81.2,85.3,3.24,5,5,68
202500778,2025-2026-2,汽车工程学院,能源与动力工程,88.5,92.0,2.86,1,1,68
202500779,2025-2026-1,汽车工程学院,能源与动力工程,79.5,73.8,2.91,9,9,68
202500779,2025-2026-2,汽车工程学院,能源与动力工程,94.2,77.6,2.87,54,54,68
202500780,2025-2026-1,汽车工程学院,能源与动力工程,88.3,83.4,3.17,65,65,68
202500780,2025-2026-2,汽车工程学院,能源与动力工程,70.2,86.1,2.86,40,40,68
202500781,2025-2026-1,汽车工程学院,能源与动力工程,74.6,70.2,3.68,16,16,68
202500781,2025-2026-2,汽车工程学院,能源与动力工程,81.9,88.4,2.92,33,33,68
202500782,2025-2026-1,汽车工程学院,能源与动力工程,89.6,87.5,3.14,36,36,68
202500782,2025-2026-2,汽车工程学院,能源与动力工程,73.6,79.2,3.71,54,54,68
202500783,2025-2026-1,汽车工程学院,能源与动力工程,80.0,84.1,2.87,26,26,68
202500783,2025-2026-2,汽车工程学院,能源与动力工程,72.2,84.4,3.29,52,52,68
202500784,2025-2026-1,汽车工程学院,能源与动力工程,89.0,68.1,3.28,56,56,68
202500784,2025-2026-2,汽车工程学院,能源与动力工程,77.7,89.2,3.17,23,23,68
202500785,2025-2026-1,汽车工程学院,能源与动力工程,95.0,80.0,3.71,11,11,68
202500785,2025-2026-2,汽车工程学院,能源与动力工程,78.7,72.6,3.25,30,30,68
202500786,2025-2026-1,汽车工程学院,能源与动力工程,81.1,92.3,3.74,59,59,68
202500786,2025-2026-2,汽车工程学院,能源与动力工程,84.2,73.0,3.87,39,39,68
202500787,2025-2026-1,汽车工程学院,能源与动力工程,75.2,82.9,3.7,34,34,68
202500787,2025-2026-2,汽车工程学院,能源与动力工程,91.1,70.4,3.83,9,9,68
202500788,2025-2026-1,汽车工程学院,能源与动力工程,92.2,71.9,3.6,5,5,68
202500788,2025-2026-2,汽车工程学院,能源与动力工程,91.4,73.9,3.59,48,48,68
202500789,2025-2026-1,汽车工程学院,能源与动力工程,86.2,69.3,3.89,26,26,68
202500789,2025-2026-2,汽车工程学院,能源与动力工程,90.6,92.8,2.93,52,52,68
202500790,2025-2026-1,汽车工程学院,能源与动力工程,85.3,81.6,3.26,3,3,68
202500790,2025-2026-2,汽车工程学院,能源与动力工程,89.3,80.7,2.98,43,43,68
202500791,2025-2026-1,汽车工程学院,能源与动力工程,90.1,86.6,3.38,1,1,68
202500791,2025-2026-2,汽车工程学院,能源与动力工程,88.0,72.1,3.64,66,66,68
202500792,2025-2026-1,汽车工程学院,能源与动力工程,90.2,94.4,3.9,16,16,68
202500792,2025-2026-2,汽车工程学院,能源与动力工程,79.4,71.7,3.2,46,46,68
202500793,2025-2026-1,汽车工程学院,能源与动力工程,71.9,94.8,3.3,21,21,68
202500793,2025-2026-2,汽车工程学院,能源与动力工程,84.2,76.3,3.14,25,25,68
202500794,2025-2026-1,汽车工程学院,能源与动力工程,72.7,83.4,3.69,60,60,68
202500794,2025-2026-2,汽车工程学院,能源与动力工程,90.1,78.2,3.95,27,27,68
202500795,2025-2026-1,汽车工程学院,能源与动力工程,70.1,92.1,3.52,21,21,68
202500795,2025-2026-2,汽车工程学院,能源与动力工程,73.9,90.1,3.96,66,66,68
202500796,2025-2026-1,汽车工程学院,能源与动力工程,91.8,84.6,3.77,57,57,68
202500796,2025-2026-2,汽车工程学院,能源与动力工程,93.4,95.4,3.59,47,47,68
202500797,2025-2026-1,汽车工程学院,能源与动力工程,88.9,78.9,2.79,15,15,68
202500797,2025-2026-2,汽车工程学院,能源与动力工程,91.5,87.7,3.86,19,19,68
202500798,2025-2026-1,汽车工程学院,能源与动力工程,76.1,78.8,3.41,16,16,68
202500798,2025-2026-2,汽车工程学院,能源与动力工程,77.6,92.4,2.79,4,4,68
202500799,2025-2026-1,汽车工程学院,能源与动力工程,80.0,77.1,3.63,50,50,68
202500799,2025-2026-2,汽车工程学院,能源与动力工程,82.1,69.7,2.82,32,32,68
202500800,2025-2026-1,汽车工程学院,能源与动力工程,82.0,70.9,3.05,10,10,68
202500800,2025-2026-2,汽车工程学院,能源与动力工程,75.9,75.9,3.71,1,1,68
202500801,2025-2026-1,汽车工程学院,能源与动力工程,93.5,93.9,3.58,14,14,68
202500801,2025-2026-2,汽车工程学院,能源与动力工程,81.6,90.7,3.37,33,33,68
202500802,2025-2026-1,汽车工程学院,能源与动力工程,90.5,79.3,3.6,6,6,68
202500802,2025-2026-2,汽车工程学院,能源与动力工程,77.8,88.2,3.0,15,15,68
202500803,2025-2026-1,汽车工程学院,能源与动力工程,71.8,70.7,3.74,63,63,68
202500803,2025-2026-2,汽车工程学院,能源与动力工程,84.5,85.5,3.7,9,9,68
202500804,2025-2026-1,汽车工程学院,能源与动力工程,70.0,72.9,3.03,9,9,68
202500804,2025-2026-2,汽车工程学院,能源与动力工程,89.0,91.5,3.81,26,26,68
202500805,2025-2026-1,汽车工程学院,机械设计制造及其自动化,76.7,95.9,3.01,59,59,66
202500805,2025-2026-2,汽车工程学院,机械设计制造及其自动化,82.6,87.2,3.51,36,36,66
202500806,2025-2026-1,汽车工程学院,机械设计制造及其自动化,76.9,89.3,3.47,17,17,66
202500806,2025-2026-2,汽车工程学院,机械设计制造及其自动化,76.3,80.4,2.88,18,18,66
202500807,2025-2026-1,汽车工程学院,机械设计制造及其自动化,94.0,79.3,2.89,53,53,66
202500807,2025-2026-2,汽车工程学院,机械设计制造及其自动化,73.3,70.9,3.79,45,45,66
202500808,2025-2026-1,汽车工程学院,机械设计制造及其自动化,94.6,93.4,2.81,44,44,66
202500808,2025-2026-2,汽车工程学院,机械设计制造及其自动化,89.5,80.9,3.47,22,22,66
202500809,2025-2026-1,汽车工程学院,机械设计制造及其自动化,87.8,86.3,3.45,32,32,66
202500809,2025-2026-2,汽车工程学院,机械设计制造及其自动化,91.4,84.5,3.38,49,49,66
202500810,2025-2026-1,汽车工程学院,机械设计制造及其自动化,86.4,77.6,2.73,25,25,66
202500810,2025-2026-2,汽车工程学院,机械设计制造及其自动化,79.3,68.4,3.87,49,49,66
202500811,2025-2026-1,汽车工程学院,机械设计制造及其自动化,89.6,76.4,2.89,3,3,66
202500811,2025-2026-2,汽车工程学院,机械设计制造及其自动化,79.4,93.8,3.83,21,21,66
202500812,2025-2026-1,汽车工程学院,机械设计制造及其自动化,91.7,68.7,3.64,5,5,66
202500812,2025-2026-2,汽车工程学院,机械设计制造及其自动化,70.3,75.3,3.67,8,8,66
202500813,2025-2026-1,汽车工程学院,机械设计制造及其自动化,78.4,70.0,3.66,65,65,66
202500813,2025-2026-2,汽车工程学院,机械设计制造及其自动化,78.6,82.9,3.27,11,11,66
202500814,2025-2026-1,汽车工程学院,机械设计制造及其自动化,72.5,80.3,3.39,64,64,66
202500814,2025-2026-2,汽车工程学院,机械设计制造及其自动化,90.0,70.3,2.84,10,10,66
202500815,2025-2026-1,汽车工程学院,机械设计制造及其自动化,84.2,68.8,3.07,23,23,66
202500815,2025-2026-2,汽车工程学院,机械设计制造及其自动化,72.5,74.4,3.93,37,37,66
202500816,2025-2026-1,汽车工程学院,机械设计制造及其自动化,85.2,70.7,3.19,44,44,66
202500816,2025-2026-2,汽车工程学院,机械设计制造及其自动化,76.8,87.6,3.58,50,50,66
202500817,2025-2026-1,汽车工程学院,机械设计制造及其自动化,84.3,78.4,2.94,32,32,66
202500817,2025-2026-2,汽车工程学院,机械设计制造及其自动化,81.3,74.4,3.02,57,57,66
202500818,2025-2026-1,汽车工程学院,机械设计制造及其自动化,93.7,90.2,2.94,61,61,66
202500818,2025-2026-2,汽车工程学院,机械设计制造及其自动化,85.1,74.3,3.67,4,4,66
202500819,2025-2026-1,汽车工程学院,机械设计制造及其自动化,90.8,69.8,3.63,28,28,66
202500819,2025-2026-2,汽车工程学院,机械设计制造及其自动化,83.3,91.2,3.02,56,56,66
202500820,2025-2026-1,汽车工程学院,机械设计制造及其自动化,80.5,75.8,3.31,38,38,66
202500820,2025-2026-2,汽车工程学院,机械设计制造及其自动化,94.1,94.6,3.71,37,37,66
202500821,2025-2026-1,汽车工程学院,机械设计制造及其自动化,93.9,93.0,3.7,46,46,66
202500821,2025-2026-2,汽车工程学院,机械设计制造及其自动化,82.4,76.8,3.49,57,57,66
202500822,2025-2026-1,汽车工程学院,机械设计制造及其自动化,82.0,86.0,3.38,4,4,66
202500822,2025-2026-2,汽车工程学院,机械设计制造及其自动化,93.0,75.8,3.49,51,51,66
202500823,2025-2026-1,汽车工程学院,机械设计制造及其自动化,76.6,86.9,2.82,51,51,66
202500823,2025-2026-2,汽车工程学院,机械设计制造及其自动化,82.2,76.7,3.39,44,44,66
202500824,2025-2026-1,汽车工程学院,机械设计制造及其自动化,75.8,93.2,3.35,60,60,66
202500824,2025-2026-2,汽车工程学院,机械设计制造及其自动化,85.0,78.6,3.2,62,62,66
202500825,2025-2026-1,汽车工程学院,机械设计制造及其自动化,85.2,73.7,2.9,17,17,66
202500825,2025-2026-2,汽车工程学院,机械设计制造及其自动化,85.7,73.5,3.3,40,40,66
202500826,2025-2026-1,汽车工程学院,机械设计制造及其自动化,82.7,68.2,3.1,23,23,66
202500826,2025-2026-2,汽车工程学院,机械设计制造及其自动化,88.2,84.8,2.95,3,3,66
202500827,2025-2026-1,汽车工程学院,机械设计制造及其自动化,79.8,73.4,3.39,33,33,66
202500827,2025-2026-2,汽车工程学院,机械设计制造及其自动化,80.0,71.6,2.77,39,39,66
202500828,2025-2026-1,汽车工程学院,机械设计制造及其自动化,88.1,84.7,2.88,19,19,66
202500828,2025-2026-2,汽车工程学院,机械设计制造及其自动化,82.8,78.9,3.99,57,57,66
202500829,2025-2026-1,汽车工程学院,机械设计制造及其自动化,94.0,85.6,3.27,31,31,66
202500829,2025-2026-2,汽车工程学院,机械设计制造及其自动化,83.0,87.9,3.58,62,62,66
202500830,2025-2026-1,汽车工程学院,机械设计制造及其自动化,83.4,73.5,3.51,50,50,66
202500830,2025-2026-2,汽车工程学院,机械设计制造及其自动化,74.3,95.7,3.26,39,39,66
202500831,2025-2026-1,汽车工程学院,机械设计制造及其自动化,78.8,91.4,3.35,61,61,66
202500831,2025-2026-2,汽车工程学院,机械设计制造及其自动化,73.2,94.9,3.15,58,58,66
202500832,2025-2026-1,汽车工程学院,机械设计制造及其自动化,92.1,69.2,2.99,48,48,66
202500832,2025-2026-2,汽车工程学院,机械设计制造及其自动化,71.5,92.9,2.86,58,58,66
202500833,2025-2026-1,汽车工程学院,机械设计制造及其自动化,71.5,82.9,3.9,37,37,66
202500833,2025-2026-2,汽车工程学院,机械设计制造及其自动化,81.3,90.4,2.71,36,36,66
202500834,2025-2026-1,汽车工程学院,机械设计制造及其自动化,90.7,71.7,3.51,57,57,66
202500834,2025-2026-2,汽车工程学院,机械设计制造及其自动化,81.9,89.3,3.67,10,10,66
202500835,2025-2026-1,汽车工程学院,机械设计制造及其自动化,76.3,80.0,3.67,64,64,66
202500835,2025-2026-2,汽车工程学院,机械设计制造及其自动化,92.7,86.4,3.87,46,46,66
202500836,2025-2026-1,汽车工程学院,机械设计制造及其自动化,85.9,76.3,3.55,12,12,66
202500836,2025-2026-2,汽车工程学院,机械设计制造及其自动化,75.4,92.0,2.96,59,59,66
202500837,2025-2026-1,汽车工程学院,机械设计制造及其自动化,92.4,92.0,3.8,5,5,66
202500837,2025-2026-2,汽车工程学院,机械设计制造及其自动化,85.9,81.3,3.53,10,10,66
202500838,2025-2026-1,汽车工程学院,机械设计制造及其自动化,86.2,91.3,2.8,22,22,66
202500838,2025-2026-2,汽车工程学院,机械设计制造及其自动化,82.9,80.6,3.48,28,28,66
202500839,2025-2026-1,汽车工程学院,机械设计制造及其自动化,77.4,95.2,2.72,53,53,66
202500839,2025-2026-2,汽车工程学院,机械设计制造及其自动化,89.9,76.2,3.54,3,3,66
202500840,2025-2026-1,汽车工程学院,机械设计制造及其自动化,88.3,70.0,3.39,66,66,66
202500840,2025-2026-2,汽车工程学院,机械设计制造及其自动化,84.3,84.4,2.81,63,63,66
202500841,2025-2026-1,汽车工程学院,机械设计制造及其自动化,88.0,87.2,3.55,59,59,66
202500841,2025-2026-2,汽车工程学院,机械设计制造及其自动化,92.7,86.0,3.51,42,42,66
202500842,2025-2026-1,汽车工程学院,机械设计制造及其自动化,76.8,81.6,3.38,24,24,66
202500842,2025-2026-2,汽车工程学院,机械设计制造及其自动化,75.1,86.0,3.53,5,5,66
202500843,2025-2026-1,汽车工程学院,机械设计制造及其自动化,83.7,89.8,2.83,23,23,66
202500843,2025-2026-2,汽车工程学院,机械设计制造及其自动化,88.4,79.1,3.16,59,59,66
202500844,2025-2026-1,汽车工程学院,机械设计制造及其自动化,88.9,72.2,3.05,23,23,66
202500844,2025-2026-2,汽车工程学院,机械设计制造及其自动化,76.5,88.0,3.25,24,24,66
202500845,2025-2026-1,汽车工程学院,机械设计制造及其自动化,75.0,75.0,3.23,11,11,66
202500845,2025-2026-2,汽车工程学院,机械设计制造及其自动化,72.1,89.9,3.57,51,51,66
202500846,2025-2026-1,汽车工程学院,机械设计制造及其自动化,71.4,86.0,3.01,40,40,66
202500846,2025-2026-2,汽车工程学院,机械设计制造及其自动化,73.8,72.9,3.04,55,55,66
202500847,2025-2026-1,汽车工程学院,机械设计制造及其自动化,92.6,77.6,2.73,9,9,66
202500847,2025-2026-2,汽车工程学院,机械设计制造及其自动化,80.6,77.5,2.79,55,55,66
202500848,2025-2026-1,汽车工程学院,机械设计制造及其自动化,78.1,80.3,3.9,34,34,66
202500848,2025-2026-2,汽车工程学院,机械设计制造及其自动化,86.5,89.1,3.94,54,54,66
202500849,2025-2026-1,汽车工程学院,机械设计制造及其自动化,71.0,70.4,3.44,10,10,66
202500849,2025-2026-2,汽车工程学院,机械设计制造及其自动化,76.7,80.3,3.0,17,17,66
202500850,2025-2026-1,汽车工程学院,机械设计制造及其自动化,80.5,77.8,3.81,1,1,66
202500850,2025-2026-2,汽车工程学院,机械设计制造及其自动化,91.8,75.8,3.25,65,65,66
202500851,2025-2026-1,汽车工程学院,机械设计制造及其自动化,71.6,93.8,3.99,36,36,66
202500851,2025-2026-2,汽车工程学院,机械设计制造及其自动化,90.3,79.0,3.28,44,44,66
202500852,2025-2026-1,汽车工程学院,机械设计制造及其自动化,83.8,94.5,3.6,9,9,66
202500852,2025-2026-2,汽车工程学院,机械设计制造及其自动化,94.7,91.0,3.36,3,3,66
202500853,2025-2026-1,汽车工程学院,机械设计制造及其自动化,90.8,76.5,3.42,48,48,66
202500853,2025-2026-2,汽车工程学院,机械设计制造及其自动化,84.3,80.1,3.83,40,40,66
202500854,2025-2026-1,汽车工程学院,机械设计制造及其自动化,83.8,76.4,3.35,66,66,66
202500854,2025-2026-2,汽车工程学院,机械设计制造及其自动化,70.8,92.2,3.71,3,3,66
202500855,2025-2026-1,汽车工程学院,机械设计制造及其自动化,74.0,95.2,3.35,63,63,66
202500855,2025-2026-2,汽车工程学院,机械设计制造及其自动化,72.4,76.9,2.82,27,27,66
202500856,2025-2026-1,汽车工程学院,机械设计制造及其自动化,73.9,83.6,3.34,42,42,66
202500856,2025-2026-2,汽车工程学院,机械设计制造及其自动化,73.0,89.3,3.39,17,17,66
202500857,2025-2026-1,汽车工程学院,机械设计制造及其自动化,78.8,71.2,3.09,45,45,66
202500857,2025-2026-2,汽车工程学院,机械设计制造及其自动化,94.6,95.2,3.28,31,31,66
202500858,2025-2026-1,汽车工程学院,机械设计制造及其自动化,91.6,87.1,3.27,54,54,66
202500858,2025-2026-2,汽车工程学院,机械设计制造及其自动化,85.8,72.6,3.06,26,26,66
202500859,2025-2026-1,汽车工程学院,机械设计制造及其自动化,90.7,69.7,3.32,4,4,66
202500859,2025-2026-2,汽车工程学院,机械设计制造及其自动化,91.2,79.4,3.81,54,54,66
202500860,2025-2026-1,汽车工程学院,机械设计制造及其自动化,71.2,69.7,3.59,58,58,66
202500860,2025-2026-2,汽车工程学院,机械设计制造及其自动化,78.4,73.0,3.43,35,35,66
202500861,2025-2026-1,汽车工程学院,机械设计制造及其自动化,75.9,92.9,3.84,4,4,66
202500861,2025-2026-2,汽车工程学院,机械设计制造及其自动化,80.5,94.3,3.01,66,66,66
202500862,2025-2026-1,汽车工程学院,机械设计制造及其自动化,79.2,68.0,3.46,12,12,66
202500862,2025-2026-2,汽车工程学院,机械设计制造及其自动化,72.7,92.3,3.96,59,59,66
202500863,2025-2026-1,汽车工程学院,机械设计制造及其自动化,84.9,89.6,3.68,27,27,66
202500863,2025-2026-2,汽车工程学院,机械设计制造及其自动化,70.1,75.4,3.08,62,62,66
202500864,2025-2026-1,汽车工程学院,机械设计制造及其自动化,82.6,81.5,3.51,27,27,66
202500864,2025-2026-2,汽车工程学院,机械设计制造及其自动化,80.1,84.0,3.59,59,59,66
202500865,2025-2026-1,汽车工程学院,机械设计制造及其自动化,76.4,79.2,3.3,35,35,66
202500865,2025-2026-2,汽车工程学院,机械设计制造及其自动化,78.9,70.1,3.19,58,58,66
202500866,2025-2026-1,汽车工程学院,机械设计制造及其自动化,84.2,95.2,3.13,63,63,66
202500866,2025-2026-2,汽车工程学院,机械设计制造及其自动化,76.5,85.1,3.44,36,36,66
202500867,2025-2026-1,汽车工程学院,机械设计制造及其自动化,70.3,75.2,3.14,62,62,66
202500867,2025-2026-2,汽车工程学院,机械设计制造及其自动化,79.1,68.9,3.49,13,13,66
202500868,2025-2026-1,汽车工程学院,机械设计制造及其自动化,89.7,69.9,3.97,35,35,66
202500868,2025-2026-2,汽车工程学院,机械设计制造及其自动化,82.5,74.0,3.89,28,28,66
202500869,2025-2026-1,汽车工程学院,机械设计制造及其自动化,85.0,82.2,3.57,28,28,66
202500869,2025-2026-2,汽车工程学院,机械设计制造及其自动化,93.0,82.6,3.23,47,47,66
202500870,2025-2026-1,汽车工程学院,机械设计制造及其自动化,88.4,73.5,3.28,35,35,66
202500870,2025-2026-2,汽车工程学院,机械设计制造及其自动化,82.1,94.9,3.2,45,45,66
202500871,2025-2026-1,汽车工程学院,交通运输,90.6,93.9,3.32,8,8,30
202500871,2025-2026-2,汽车工程学院,交通运输,92.7,76.3,3.45,28,28,30
202500872,2025-2026-1,汽车工程学院,交通运输,78.3,70.2,3.45,20,20,30
202500872,2025-2026-2,汽车工程学院,交通运输,87.0,83.6,3.97,14,14,30
202500873,2025-2026-1,汽车工程学院,交通运输,82.5,88.6,3.81,21,21,30
202500873,2025-2026-2,汽车工程学院,交通运输,87.8,71.3,3.63,20,20,30
202500874,2025-2026-1,汽车工程学院,交通运输,94.8,86.9,3.75,13,13,30
202500874,2025-2026-2,汽车工程学院,交通运输,70.6,86.5,3.85,8,8,30
202500875,2025-2026-1,汽车工程学院,交通运输,73.6,79.5,3.54,15,15,30
202500875,2025-2026-2,汽车工程学院,交通运输,91.8,69.3,3.5,12,12,30
202500876,2025-2026-1,汽车工程学院,交通运输,87.6,91.0,3.84,9,9,30
202500876,2025-2026-2,汽车工程学院,交通运输,73.4,85.7,3.83,6,6,30
202500877,2025-2026-1,汽车工程学院,交通运输,80.4,86.3,3.5,15,15,30
202500877,2025-2026-2,汽车工程学院,交通运输,73.0,91.6,3.32,4,4,30
202500878,2025-2026-1,汽车工程学院,交通运输,74.2,83.0,3.46,20,20,30
202500878,2025-2026-2,汽车工程学院,交通运输,77.5,74.7,3.83,23,23,30
202500879,2025-2026-1,汽车工程学院,交通运输,78.0,80.4,3.76,1,1,30
202500879,2025-2026-2,汽车工程学院,交通运输,87.7,69.6,2.88,24,24,30
202500880,2025-2026-1,汽车工程学院,交通运输,79.3,82.7,3.73,10,10,30
202500880,2025-2026-2,汽车工程学院,交通运输,88.2,82.2,3.45,1,1,30
202500881,2025-2026-1,汽车工程学院,交通运输,81.7,74.1,2.77,23,23,30
202500881,2025-2026-2,汽车工程学院,交通运输,77.9,85.2,3.12,16,16,30
202500882,2025-2026-1,汽车工程学院,交通运输,89.0,93.6,3.43,13,13,30
202500882,2025-2026-2,汽车工程学院,交通运输,78.0,82.4,3.91,16,16,30
202500883,2025-2026-1,汽车工程学院,交通运输,74.2,79.8,2.79,21,21,30
202500883,2025-2026-2,汽车工程学院,交通运输,72.1,68.7,3.87,1,1,30
202500884,2025-2026-1,汽车工程学院,交通运输,87.9,74.3,3.48,18,18,30
202500884,2025-2026-2,汽车工程学院,交通运输,91.3,76.9,2.95,17,17,30
202500885,2025-2026-1,汽车工程学院,交通运输,84.5,68.6,3.39,11,11,30
202500885,2025-2026-2,汽车工程学院,交通运输,80.7,90.8,3.01,1,1,30
202500886,2025-2026-1,汽车工程学院,交通运输,86.7,94.3,3.23,12,12,30
202500886,2025-2026-2,汽车工程学院,交通运输,82.3,77.2,3.19,9,9,30
202500887,2025-2026-1,汽车工程学院,交通运输,72.8,74.4,2.87,28,28,30
202500887,2025-2026-2,汽车工程学院,交通运输,88.1,73.8,3.27,21,21,30
202500888,2025-2026-1,汽车工程学院,交通运输,70.9,95.3,3.36,1,1,30
202500888,2025-2026-2,汽车工程学院,交通运输,92.6,83.9,3.97,23,23,30
202500889,2025-2026-1,汽车工程学院,交通运输,70.0,86.9,3.13,18,18,30
202500889,2025-2026-2,汽车工程学院,交通运输,78.9,74.7,2.79,6,6,30
202500890,2025-2026-1,汽车工程学院,交通运输,87.5,76.9,3.68,12,12,30
202500890,2025-2026-2,汽车工程学院,交通运输,89.7,88.7,3.43,19,19,30
202500891,2025-2026-1,汽车工程学院,交通运输,75.5,88.3,3.22,11,11,30
202500891,2025-2026-2,汽车工程学院,交通运输,86.2,95.6,3.42,26,26,30
202500892,2025-2026-1,汽车工程学院,交通运输,88.1,88.0,3.97,4,4,30
202500892,2025-2026-2,汽车工程学院,交通运输,81.5,71.5,3.55,20,20,30
202500893,2025-2026-1,汽车工程学院,交通运输,71.5,87.3,3.46,12,12,30
202500893,2025-2026-2,汽车工程学院,交通运输,81.5,74.9,3.13,2,2,30
202500894,2025-2026-1,汽车工程学院,交通运输,71.4,75.2,3.24,2,2,30
202500894,2025-2026-2,汽车工程学院,交通运输,78.2,68.1,3.55,18,18,30
202500895,2025-2026-1,汽车工程学院,交通运输,94.0,92.5,3.72,2,2,30
202500895,2025-2026-2,汽车工程学院,交通运输,93.4,93.4,2.83,7,7,30
202500896,2025-2026-1,汽车工程学院,交通运输,94.9,89.2,3.27,2,2,30
202500896,2025-2026-2,汽车工程学院,交通运输,85.9,89.5,3.85,2,2,30
202500897,2025-2026-1,汽车工程学院,交通运输,89.3,86.4,2.77,5,5,30
202500897,2025-2026-2,汽车工程学院,交通运输,76.3,69.0,3.23,5,5,30
202500898,2025-2026-1,汽车工程学院,交通运输,72.3,93.8,3.61,10,10,30
202500898,2025-2026-2,汽车工程学院,交通运输,76.7,94.5,3.86,10,10,30
202500899,2025-2026-1,汽车工程学院,交通运输,74.6,90.2,3.54,23,23,30
202500899,2025-2026-2,汽车工程学院,交通运输,80.0,86.8,2.72,14,14,30
202500900,2025-2026-1,汽车工程学院,交通运输,74.4,84.9,3.88,29,29,30
202500900,2025-2026-2,汽车工程学院,交通运输,74.2,84.9,3.79,5,5,30
