学号,类别,名称,补充说明,获奖情况,人员次序,获得日期,结题时间,认定学分,状态,审核人,审核意见
202300001,前沿学术报告,汽车百家讲坛,第11期以后·汽车轻量化设计与新材料应用,,,2024-06-06,,0.25,通过,李文静,佐证材料完整，予以通过
202300001,年度创新创业项目,校级·一般成员,基于STM32的智能循迹小车,,一般成员,2025-09-24,2026-06-30,1.0,通过,李文静,符合认定条件，通过
202300001,科技创新竞赛,全国大学生智能汽车竞赛,,国家级·二等奖,负责人,2024-04-21,,4.0,通过,李文静,材料齐全，同意认定
202300001,创业实践,新能源汽车科普工作室,创业训练计划·负责人,,负责人,2025-03-27,,3.0,通过,李文静,符合认定条件，通过
202300001,学术论文,汽车主动悬架半主动控制策略仿真,SCI/EI 收录·第二作者,,第二作者,2026-03-11,,4.0,通过,李文静,符合认定条件，通过
202300001,申请专利,一种新能源汽车充电枪锁止机构,外观设计专利·第一发明人,,第一发明人,2025-01-14,,2.0,通过,李文静,佐证材料完整，予以通过
202300001,其他实践活动,暑期高校科学营活动,学术交流访问·出境交流,,,2024-09-27,,2.0,通过,李文静,材料齐全，同意认定
202300002,前沿学术报告,汽车百家讲坛,第1-5期·智能制造与数字化工厂实践,,,2024-12-17,,0.25,待审核,,
202300002,年度创新创业项目,省级·一般成员,车载OBD数据采集与驾驶行为分析,,一般成员,2025-04-12,2026-06-30,1.5,通过,李文静,佐证材料完整，予以通过
202300002,科技创新竞赛,全国大学生智能汽车竞赛,,国家级·三等奖,第三完成人,2026-08-17,,1.0,通过,李文静,符合认定条件，通过
202300002,创业实践,新能源汽车科普工作室,注册成立公司·法人代表,,法人代表,2026-08-14,,6.0,通过,李文静,佐证材料完整，予以通过
202300002,学术论文,低温环境下锂电池充放电特性研究,国际/国内会议·其他作者,,其他作者,2025-09-06,,1.0,待审核,,
202300002,申请专利,一种电动汽车电池包液冷结构,外观设计专利·第一发明人,,第一发明人,2025-01-20,,2.0,待审核,,
202300002,其他实践活动,汽车工程学院企业行,技能资格培训·高级,,,2025-07-02,,1.5,待审核,,
202300003,前沿学术报告,汽车百家讲坛,第1-5期·汽车空气动力学优化设计,,,2026-05-16,,0.25,通过,李文静,材料齐全，同意认定
202300003,年度创新创业项目,国家级·负责人,智能导览机器人设计与实现,,负责人,2025-04-11,2026-06-30,6.0,通过,李文静,佐证材料完整，予以通过
202300003,科技创新竞赛,山东省大学生机电产品创新设计竞赛,,校级·三等奖,负责人,2025-12-18,,0.5,待审核,,
202300003,创业实践,大学生汽车文创工作室,创业训练计划·负责人,,负责人,2025-05-06,,3.0,通过,李文静,材料齐全，同意认定
202300003,学术论文,基于多目标优化的车身结构轻量化设计,普通期刊·其他作者,,其他作者,2026-07-22,,0.5,通过,李文静,符合认定条件，通过
202300003,申请专利,一种可调节角度的车载平板支架,实用新型专利·其他发明人,,其他发明人,2025-03-06,,1.5,通过,李文静,符合认定条件，通过
202300003,其他实践活动,汽车工程学院企业行,学术交流访问·境内交流,,,2024-09-08,,1.0,通过,李文静,符合认定条件，通过
202300004,前沿学术报告,汽车百家讲坛,第1-5期·智能网联汽车技术前沿,,,2024-09-03,,0.25,待审核,,
202300004,年度创新创业项目,省级·负责人,基于深度学习的交通标志识别系统,,负责人,2025-06-10,2026-06-30,4.0,通过,李文静,材料齐全，同意认定
202300004,科技创新竞赛,全国大学生智能汽车竞赛,,国家级·三等奖,负责人,2026-08-09,,2.0,待审核,,
202300004,创业实践,大学生汽车文创工作室,注册成立公司·合伙人,,合伙人,2026-01-22,,4.0,待院长审批,李文静,初审通过，转院长审批
202300004,学术论文,基于多目标优化的车身结构轻量化设计,核心期刊·第二作者,,第二作者,2025-10-25,,2.0,待审核,,
202300004,申请专利,一种可调节角度的车载平板支架,实用新型专利·第一发明人,,第一发明人,2025-01-28,,3.0,通过,李文静,符合认定条件，通过
202300004,其他实践活动,汽车工程学院企业行,学科冬夏令营·校级,,,2024-03-08,,0.5,待审核,,
202300005,前沿学术报告,汽车百家讲坛,第1-5期·无人驾驶环境感知技术进展,,,2026-08-11,,0.25,通过,李文静,材料齐全，同意认定
202300005,年度创新创业项目,校级·负责人,智能导览机器人设计与实现,,负责人,2025-09-03,2026-06-30,2.0,通过,李文静,材料齐全，同意认定
202300005,科技创新竞赛,全国大学生智能汽车竞赛,,国家级·三等奖,第二完成人,2024-12-23,,1.4,待审核,,
202300005,创业实践,新能源汽车科普工作室,创业训练计划·团队成员,,团队成员,2026-08-24,,1.5,通过,李文静,佐证材料完整，予以通过
202300005,学术论文,基于YOLO的车距保持辅助算法研究,普通期刊·第一作者,,第一作者,2025-03-24,,2.0,通过,李文静,符合认定条件，通过
202300005,申请专利,一种车载智能空气净化装置,实用新型专利·其他发明人,,其他发明人,2026-04-27,,1.5,通过,李文静,佐证材料完整，予以通过
202300005,其他实践活动,汽车工程学院企业行,学科冬夏令营·校级,,,2026-03-03,,0.5,通过,李文静,材料齐全，同意认定
202300006,前沿学术报告,名家学术讲座,单场·汽车轻量化设计与新材料应用,,,2024-03-19,,0.5,通过,李文静,材料齐全，同意认定
202300006,年度创新创业项目,校级·一般成员,新能源汽车电池热管理优化研究,,一般成员,2024-03-26,2026-06-30,1.0,待审核,,
202300006,科技创新竞赛,校智能车校内选拔赛,,校级·一等奖,第三完成人,2024-04-20,,0.5,通过,李文静,材料齐全，同意认定
202300006,创业实践,校园二手书流转平台,注册成立公司·法人代表,,法人代表,2025-07-12,,6.0,待审核,,
202300006,学术论文,基于YOLO的车距保持辅助算法研究,普通期刊·第二作者,,第二作者,2025-05-06,,1.0,待审核,,
202300006,申请专利,一种基于视觉的后视镜盲区监测装置,发明专利·第一发明人,,第一发明人,2026-05-22,,6.0,通过,李文静,材料齐全，同意认定
202300006,其他实践活动,汽车工程学院企业行,学术交流访问·出境交流,,,2025-12-23,,2.0,待审核,,
202300007,前沿学术报告,汽车百家讲坛,第1-5期·动力电池热管理关键技术,,,2024-07-25,,0.25,通过,李文静,符合认定条件，通过
202300007,年度创新创业项目,国家级·负责人,车载OBD数据采集与驾驶行为分析,,负责人,2025-01-28,2026-06-30,6.0,通过,李文静,符合认定条件，通过
202300007,科技创新竞赛,挑战杯全国大学生课外学术科技作品竞赛,,国家级·二等奖,第三完成人,2024-04-07,,2.0,通过,李文静,符合认定条件，通过
202300007,创业实践,校园二手书流转平台,入驻孵化器·团队成员,,团队成员,2026-07-20,,2.0,通过,李文静,佐证材料完整，予以通过
202300007,学术论文,电动汽车无线充电耦合机构优化设计,普通期刊·第一作者,,第一作者,2026-05-12,,2.0,待审核,,
202300007,申请专利,一种可调节角度的车载平板支架,实用新型专利·第一发明人,,第一发明人,2026-05-10,,3.0,待审核,,
202300007,其他实践活动,汽车造型设计工作坊,学科冬夏令营·省级,,,2025-12-11,,1.0,通过,李文静,佐证材料完整，予以通过
202300008,前沿学术报告,名家学术讲座,单场·智能网联汽车技术前沿,,,2024-06-07,,0.5,通过,李文静,材料齐全，同意认定
202300008,年度创新创业项目,省级·核心成员,太阳能小车能量管理策略研究,,核心成员,2025-07-06,2026-06-30,3.0,通过,李文静,符合认定条件，通过
202300008,科技创新竞赛,全国大学生节能减排社会实践与科技竞赛,,省级·二等奖,负责人,2024-06-25,,2.0,待审核,,
202300008,创业实践,二手车检测陪购服务工作室,注册成立公司·合伙人,,合伙人,2026-06-24,,4.0,通过,李文静,佐证材料完整，予以通过
202300008,学术论文,基于YOLO的车距保持辅助算法研究,核心期刊·第一作者,,第一作者,2026-08-07,,4.0,通过,李文静,材料齐全，同意认定
202300008,申请专利,一种基于视觉的后视镜盲区监测装置,实用新型专利·其他发明人,,其他发明人,2025-08-19,,1.5,通过,李文静,符合认定条件，通过
202300008,其他实践活动,德国亚琛工业大学线上交流项目,学科冬夏令营·校级,,,2026-08-17,,0.5,通过,李文静,符合认定条件，通过
202300009,前沿学术报告,汽车百家讲坛,第1-5期·汽车空气动力学优化设计,,,2025-10-09,,0.25,公示中,李文静,符合认定条件，通过
202300009,年度创新创业项目,院级·一般成员,基于STM32的智能循迹小车,,一般成员,2025-09-08,2026-06-30,0.5,通过,李文静,佐证材料完整，予以通过
202300009,科技创新竞赛,全国大学生智能汽车竞赛,,省级·二等奖,第二完成人,2025-12-28,,1.4,通过,李文静,佐证材料完整，予以通过
202300009,创业实践,校园二手书流转平台,入驻孵化器·负责人,,负责人,2025-07-13,,4.0,通过,李文静,材料齐全，同意认定
202300009,学术论文,混合动力汽车能量管理策略仿真,国际/国内会议·其他作者,,其他作者,2026-07-09,,1.0,通过,李文静,符合认定条件，通过
202300009,申请专利,一种可调节角度的车载平板支架,实用新型专利·第一发明人,,第一发明人,2026-01-23,,3.0,待审核,,
202300009,其他实践活动,汽车造型设计工作坊,学科冬夏令营·国家级,,,2026-04-17,,2.0,通过,李文静,符合认定条件，通过
202300010,前沿学术报告,汽车百家讲坛,第6-10期·车载总线与嵌入式系统开发,,,2024-10-04,,0.25,通过,李文静,材料齐全，同意认定
202300010,年度创新创业项目,国家级·一般成员,基于STM32的智能循迹小车,,一般成员,2024-06-09,2026-06-30,2.0,通过,李文静,符合认定条件，通过
202300010,科技创新竞赛,校智能车校内选拔赛,,校级·三等奖,第二完成人,2025-12-08,,0.35,待审核,,
202300010,创业实践,大学生汽车文创工作室,创业训练计划·团队成员,,团队成员,2025-01-15,,1.5,通过,李文静,符合认定条件，通过
202300010,学术论文,基于深度学习的路面裂缝检测方法研究,普通期刊·第一作者,,第一作者,2025-02-01,,2.0,通过,李文静,材料齐全，同意认定
202300010,申请专利,一种电动汽车电池包液冷结构,外观设计专利·其他发明人,,其他发明人,2026-01-03,,1.0,通过,李文静,佐证材料完整，予以通过
202300010,其他实践活动,暑期高校科学营活动,学科冬夏令营·国家级,,,2026-03-12,,2.0,通过,李文静,材料齐全，同意认定
202300011,前沿学术报告,名家学术讲座,单场·汽车空气动力学优化设计,,,2024-02-08,,0.5,通过,李文静,材料齐全，同意认定
202300011,年度创新创业项目,国家级·负责人,车载OBD数据采集与驾驶行为分析,,负责人,2024-04-22,2026-06-30,6.0,通过,李文静,符合认定条件，通过
202300011,科技创新竞赛,全国大学生机械创新设计大赛,,省级·二等奖,第一完成人,2025-06-14,,2.0,通过,李文静,材料齐全，同意认定
202300011,创业实践,大学生汽车文创工作室,注册成立公司·合伙人,,合伙人,2026-06-10,,4.0,通过,李文静,符合认定条件，通过
202300011,学术论文,低温环境下锂电池充放电特性研究,国际/国内会议·其他作者,,其他作者,2026-06-08,,1.0,通过,李文静,符合认定条件，通过
202300011,申请专利,一种基于视觉的后视镜盲区监测装置,实用新型专利·其他发明人,,其他发明人,2026-01-18,,1.5,通过,李文静,佐证材料完整，予以通过
202300011,其他实践活动,全国大学生汽车科技夏令营,学科冬夏令营·省级,,,2025-03-01,,1.0,通过,李文静,佐证材料完整，予以通过
202300012,前沿学术报告,汽车百家讲坛,第11期以后·汽车芯片与域控制器架构,,,2026-04-20,,0.25,通过,李文静,符合认定条件，通过
202300012,年度创新创业项目,省级·负责人,新能源汽车电池热管理优化研究,,负责人,2025-06-10,2026-06-30,4.0,通过,李文静,材料齐全，同意认定
202300012,科技创新竞赛,全国大学生智能汽车竞赛,,国家级·二等奖,核心成员,2024-08-06,,2.4,通过,李文静,佐证材料完整，予以通过
202300012,创业实践,大学生汽车文创工作室,创业训练计划·团队成员,,团队成员,2026-01-27,,1.5,通过,李文静,符合认定条件，通过
202300012,学术论文,电动汽车无线充电耦合机构优化设计,普通期刊·第一作者,,第一作者,2026-08-17,,2.0,通过,李文静,佐证材料完整，予以通过
202300012,申请专利,一种车载智能空气净化装置,实用新型专利·第一发明人,,第一发明人,2026-07-21,,3.0,通过,李文静,材料齐全，同意认定
202300012,其他实践活动,暑期高校科学营活动,学科冬夏令营·国家级,,,2026-08-22,,2.0,通过,李文静,符合认定条件，通过
202300013,前沿学术报告,汽车百家讲坛,第1-5期·无人驾驶环境感知技术进展,,,2024-09-26,,0.25,通过,李文静,材料齐全，同意认定
202300013,年度创新创业项目,国家级·核心成员,汽车内饰件轻量化设计,,核心成员,2024-09-25,2026-06-30,4.0,通过,李文静,佐证材料完整，予以通过
202300013,科技创新竞赛,中国大学生方程式汽车大赛,,国家级·三等奖,第二完成人,2024-05-14,,1.4,通过,李文静,符合认定条件，通过
202300013,创业实践,校园二手书流转平台,创业训练计划·负责人,,负责人,2025-06-01,,3.0,通过,李文静,符合认定条件，通过
202300013,学术论文,基于深度学习的路面裂缝检测方法研究,国际/国内会议·其他作者,,其他作者,2025-09-12,,1.0,通过,李文静,符合认定条件，通过
202300013,申请专利,一种电动汽车电池包液冷结构,实用新型专利·其他发明人,,其他发明人,2025-06-24,,1.5,通过,李文静,材料齐全，同意认定
202300013,其他实践活动,智能驾驶技术专题培训,学科冬夏令营·国家级,,,2026-04-10,,2.0,通过,李文静,材料齐全，同意认定
202300014,前沿学术报告,信息科学论坛,第6期以后·车载总线与嵌入式系统开发,,,2024-08-02,,0.25,通过,李文静,材料齐全，同意认定
202300014,年度创新创业项目,省级·核心成员,校园共享电动车调度优化研究,,核心成员,2025-02-08,2026-06-30,3.0,通过,李文静,符合认定条件，通过
202300014,科技创新竞赛,山东省大学生机电产品创新设计竞赛,,校级·二等奖,第三完成人,2026-05-11,,0.25,待院长审批,李文静,初审通过，转院长审批
202300014,创业实践,新能源汽车科普工作室,入驻孵化器·团队成员,,团队成员,2025-11-22,,2.0,待审核,,
202300014,学术论文,汽车主动悬架半主动控制策略仿真,普通期刊·其他作者,,其他作者,2026-05-18,,0.5,通过,李文静,佐证材料完整，予以通过
202300014,申请专利,一种基于视觉的后视镜盲区监测装置,外观设计专利·其他发明人,,其他发明人,2025-05-23,,1.0,通过,李文静,符合认定条件，通过
202300014,其他实践活动,汽车工程学院企业行,学科冬夏令营·校级,,,2024-06-27,,0.5,通过,李文静,材料齐全，同意认定
202300015,前沿学术报告,汽车百家讲坛,第11期以后·汽车芯片与域控制器架构,,,2026-05-05,,0.25,通过,李文静,佐证材料完整，予以通过
202300015,年度创新创业项目,省级·负责人,基于机器视觉的行人过街检测系统,,负责人,2024-04-22,2026-06-30,4.0,通过,李文静,佐证材料完整，予以通过
202300015,科技创新竞赛,全国大学生智能汽车竞赛,,国家级·一等奖,第二完成人,2024-01-12,,4.2,通过,李文静,符合认定条件，通过
202300015,创业实践,新能源汽车科普工作室,创业训练计划·负责人,,负责人,2026-06-02,,3.0,通过,李文静,符合认定条件，通过
202300015,学术论文,低温环境下锂电池充放电特性研究,国际/国内会议·第二作者,,第二作者,2025-11-22,,2.0,通过,李文静,佐证材料完整，予以通过
202300015,申请专利,一种可调节角度的车载平板支架,实用新型专利·第一发明人,,第一发明人,2026-05-04,,3.0,通过,李文静,符合认定条件，通过
202300015,其他实践活动,全国大学生汽车科技夏令营,学科冬夏令营·国家级,,,2026-03-27,,2.0,通过,李文静,佐证材料完整，予以通过
202300016,前沿学术报告,汽车百家讲坛,第11期以后·汽车轻量化设计与新材料应用,,,2026-01-26,,0.25,通过,李文静,材料齐全，同意认定
202300016,年度创新创业项目,校级·核心成员,车载OBD数据采集与驾驶行为分析,,核心成员,2024-09-09,2026-06-30,1.5,通过,李文静,符合认定条件，通过
202300016,科技创新竞赛,山东省大学生机电产品创新设计竞赛,,省级·二等奖,核心成员,2025-02-09,,1.2,待审核,,
202300016,创业实践,校园二手书流转平台,入驻孵化器·团队成员,,团队成员,2026-06-17,,2.0,通过,李文静,佐证材料完整，予以通过
202300016,学术论文,基于YOLO的车距保持辅助算法研究,核心期刊·第一作者,,第一作者,2026-04-14,,4.0,通过,李文静,材料齐全，同意认定
202300016,申请专利,一种电动汽车电池包液冷结构,实用新型专利·第一发明人,,第一发明人,2025-06-25,,3.0,公示中,李文静,材料齐全，同意认定
202300016,其他实践活动,汽车工程学院企业行,学术交流访问·出境交流,,,2025-08-22,,2.0,通过,李文静,佐证材料完整，予以通过
202300017,前沿学术报告,汽车百家讲坛,第6-10期·智能网联汽车技术前沿,,,2024-11-06,,0.25,通过,李文静,材料齐全，同意认定
202300017,年度创新创业项目,省级·一般成员,智能导览机器人设计与实现,,一般成员,2025-09-21,2026-06-30,1.5,通过,李文静,佐证材料完整，予以通过
202300017,科技创新竞赛,全国大学生机械创新设计大赛,,国家级·一等奖,负责人,2026-05-03,,6.0,通过,李文静,佐证材料完整，予以通过
202300017,创业实践,大学生汽车文创工作室,创业训练计划·团队成员,,团队成员,2025-08-17,,1.5,待院长审批,李文静,初审通过，转院长审批
202300017,学术论文,基于深度学习的路面裂缝检测方法研究,核心期刊·其他作者,,其他作者,2025-06-26,,1.0,通过,李文静,材料齐全，同意认定
202300017,申请专利,一种多功能汽车后备箱收纳架,外观设计专利·第一发明人,,第一发明人,2026-03-02,,2.0,通过,李文静,符合认定条件，通过
202300017,其他实践活动,暑期高校科学营活动,学科冬夏令营·校级,,,2025-12-23,,0.5,待审核,,
202300018,前沿学术报告,汽车百家讲坛,第11期以后·汽车轻量化设计与新材料应用,,,2025-06-05,,0.25,通过,李文静,材料齐全，同意认定
202300018,年度创新创业项目,省级·核心成员,基于机器视觉的行人过街检测系统,,核心成员,2025-01-04,2026-06-30,3.0,通过,李文静,佐证材料完整，予以通过
202300018,科技创新竞赛,校智能车校内选拔赛,,校级·一等奖,第三完成人,2026-01-05,,0.5,通过,李文静,符合认定条件，通过
202300018,创业实践,校内共享打印服务站,入驻孵化器·团队成员,,团队成员,2026-08-22,,2.0,通过,李文静,符合认定条件，通过
202300018,学术论文,基于YOLO的车距保持辅助算法研究,国际/国内会议·第一作者,,第一作者,2025-06-17,,3.0,通过,李文静,佐证材料完整，予以通过
202300018,申请专利,一种多功能汽车后备箱收纳架,实用新型专利·第一发明人,,第一发明人,2026-02-17,,3.0,通过,李文静,符合认定条件，通过
202300018,其他实践活动,暑期高校科学营活动,学科冬夏令营·国家级,,,2025-08-17,,2.0,通过,李文静,佐证材料完整，予以通过
202300019,前沿学术报告,汽车百家讲坛,第11期以后·车载总线与嵌入式系统开发,,,2024-02-16,,0.25,通过,李文静,符合认定条件，通过
202300019,年度创新创业项目,校级·一般成员,氢燃料电池汽车散热性能仿真分析,,一般成员,2025-02-06,2026-06-30,1.0,通过,李文静,佐证材料完整，予以通过
202300019,科技创新竞赛,全国大学生节能减排社会实践与科技竞赛,,国家级·三等奖,第二完成人,2024-06-13,,1.4,通过,李文静,佐证材料完整，予以通过
202300019,创业实践,校内共享打印服务站,创业训练计划·负责人,,负责人,2025-05-14,,3.0,通过,李文静,佐证材料完整，予以通过
202300019,学术论文,汽车主动悬架半主动控制策略仿真,核心期刊·其他作者,,其他作者,2025-12-07,,1.0,通过,李文静,材料齐全，同意认定
202300019,申请专利,一种可调节角度的车载平板支架,实用新型专利·其他发明人,,其他发明人,2026-07-13,,1.5,通过,李文静,佐证材料完整，予以通过
202300019,其他实践活动,全国大学生汽车科技夏令营,技能资格培训·高级,,,2026-02-17,,1.5,通过,李文静,佐证材料完整，予以通过
202300020,前沿学术报告,名家学术讲座,单场·动力电池热管理关键技术,,,2026-03-03,,0.5,通过,李文静,符合认定条件，通过
202300020,年度创新创业项目,校级·核心成员,基于机器视觉的行人过街检测系统,,核心成员,2024-10-21,2026-06-30,1.5,通过,李文静,材料齐全，同意认定
202300020,科技创新竞赛,挑战杯全国大学生课外学术科技作品竞赛,,国家级·三等奖,负责人,2025-06-08,,2.0,通过,李文静,材料齐全，同意认定
202300020,创业实践,校园二手书流转平台,创业训练计划·团队成员,,团队成员,2025-12-15,,1.5,通过,李文静,符合认定条件，通过
202300020,学术论文,基于YOLO的车距保持辅助算法研究,普通期刊·第二作者,,第二作者,2025-04-03,,1.0,通过,李文静,佐证材料完整，予以通过
202300020,申请专利,一种多功能汽车后备箱收纳架,发明专利·第一发明人,,第一发明人,2025-11-18,,6.0,通过,李文静,符合认定条件，通过
202300020,其他实践活动,暑期高校科学营活动,技能资格培训·高级,,,2024-12-25,,1.5,通过,李文静,佐证材料完整，予以通过
202300021,前沿学术报告,汽车百家讲坛,第11期以后·智能制造与数字化工厂实践,,,2025-01-09,,0.25,通过,李文静,符合认定条件，通过
202300021,年度创新创业项目,省级·负责人,基于STM32的智能循迹小车,,负责人,2025-11-18,2026-06-30,4.0,通过,李文静,符合认定条件，通过
202300021,科技创新竞赛,全国大学生数学建模竞赛,,国家级·三等奖,第三完成人,2025-03-12,,1.0,通过,李文静,符合认定条件，通过
202300021,创业实践,智能驾培服务平台,入驻孵化器·团队成员,,团队成员,2025-04-23,,2.0,待审核,,
202300021,学术论文,燃料电池汽车氢气循环系统特性分析,国际/国内会议·第二作者,,第二作者,2026-04-18,,2.0,通过,李文静,符合认定条件，通过
202300021,申请专利,一种新能源汽车充电枪锁止机构,发明专利·其他发明人,,其他发明人,2026-06-11,,3.0,待审核,,
202300021,其他实践活动,德国亚琛工业大学线上交流项目,学术交流访问·境内交流,,,2026-06-15,,1.0,通过,李文静,佐证材料完整，予以通过
202300022,前沿学术报告,信息科学论坛,第1-5期·汽车轻量化设计与新材料应用,,,2025-07-21,,0.25,通过,李文静,符合认定条件，通过
202300022,年度创新创业项目,校级·负责人,基于STM32的智能循迹小车,,负责人,2025-10-08,2026-06-30,2.0,通过,李文静,佐证材料完整，予以通过
202300022,科技创新竞赛,山东省大学生机电产品创新设计竞赛,,校级·一等奖,负责人,2025-08-09,,1.0,待院长审批,李文静,初审通过，转院长审批
202300022,创业实践,二手车检测陪购服务工作室,注册成立公司·合伙人,,合伙人,2025-06-06,,4.0,通过,李文静,佐证材料完整，予以通过
202300022,学术论文,燃料电池汽车氢气循环系统特性分析,国际/国内会议·其他作者,,其他作者,2026-08-04,,1.0,通过,李文静,材料齐全，同意认定
202300022,申请专利,一种电动汽车电池包液冷结构,实用新型专利·第一发明人,,第一发明人,2025-06-15,,3.0,通过,李文静,佐证材料完整，予以通过
202300022,其他实践活动,汽车造型设计工作坊,技能资格培训·高级,,,2024-12-15,,1.5,待审核,,
202300023,前沿学术报告,名家学术讲座,单场·氢能及燃料电池汽车产业展望,,,2024-04-20,,0.5,通过,李文静,佐证材料完整，予以通过
202300023,年度创新创业项目,院级·核心成员,车载OBD数据采集与驾驶行为分析,,核心成员,2025-03-12,2026-06-30,0.5,通过,李文静,材料齐全，同意认定
202300023,科技创新竞赛,中国国际大学生创新大赛,,省级·一等奖,第三完成人,2026-02-06,,1.5,待审核,,
202300023,创业实践,大学生汽车文创工作室,入驻孵化器·团队成员,,团队成员,2025-08-19,,2.0,通过,李文静,佐证材料完整，予以通过
202300023,学术论文,汽车主动悬架半主动控制策略仿真,SCI/EI 收录·其他作者,,其他作者,2026-03-08,,2.0,通过,李文静,符合认定条件，通过
202300023,申请专利,一种新能源汽车充电枪锁止机构,实用新型专利·其他发明人,,其他发明人,2025-10-07,,1.5,待院长审批,李文静,初审通过，转院长审批
202300023,其他实践活动,暑期高校科学营活动,技能资格培训·中级,,,2026-08-18,,1.0,通过,李文静,佐证材料完整，予以通过
202300024,前沿学术报告,汽车百家讲坛,第1-5期·汽车空气动力学优化设计,,,2025-08-21,,0.25,通过,李文静,材料齐全，同意认定
202300024,年度创新创业项目,校级·一般成员,轮胎花纹与湿滑路面制动性能仿真,,一般成员,2024-12-17,2026-06-30,1.0,通过,李文静,佐证材料完整，予以通过
202300024,科技创新竞赛,挑战杯全国大学生课外学术科技作品竞赛,,国家级·二等奖,第二完成人,2026-02-17,,2.8,通过,李文静,符合认定条件，通过
202300024,创业实践,校园二手书流转平台,注册成立公司·合伙人,,合伙人,2026-06-13,,4.0,通过,李文静,材料齐全，同意认定
202300024,学术论文,基于多目标优化的车身结构轻量化设计,国际/国内会议·第二作者,,第二作者,2026-04-23,,2.0,通过,李文静,材料齐全，同意认定
202300024,申请专利,一种车载智能空气净化装置,外观设计专利·第一发明人,,第一发明人,2026-04-23,,2.0,通过,李文静,符合认定条件，通过
202300024,其他实践活动,汽车造型设计工作坊,学术交流访问·出境交流,,,2026-03-07,,2.0,通过,李文静,材料齐全，同意认定
202300025,前沿学术报告,名家学术讲座,单场·汽车轻量化设计与新材料应用,,,2026-06-09,,0.5,通过,李文静,材料齐全，同意认定
202300025,年度创新创业项目,院级·核心成员,新能源汽车电池热管理优化研究,,核心成员,2024-03-14,2026-06-30,0.5,通过,李文静,材料齐全，同意认定
202300025,科技创新竞赛,山东省大学生机电产品创新设计竞赛,,省级·三等奖,第三完成人,2024-02-18,,0.5,通过,李文静,材料齐全，同意认定
202300025,创业实践,二手车检测陪购服务工作室,创业训练计划·团队成员,,团队成员,2025-05-26,,1.5,通过,李文静,材料齐全，同意认定
202300025,学术论文,基于YOLO的车距保持辅助算法研究,核心期刊·第一作者,,第一作者,2026-03-12,,4.0,通过,李文静,材料齐全，同意认定
202300025,申请专利,一种电动汽车电池包液冷结构,外观设计专利·第一发明人,,第一发明人,2026-04-21,,2.0,通过,李文静,符合认定条件，通过
202300025,其他实践活动,汽车造型设计工作坊,技能资格培训·初级,,,2024-06-05,,0.5,待审核,,
202300026,前沿学术报告,汽车百家讲坛,第1-5期·车载总线与嵌入式系统开发,,,2026-07-28,,0.25,通过,李文静,符合认定条件，通过
202300026,年度创新创业项目,校级·核心成员,轮胎花纹与湿滑路面制动性能仿真,,核心成员,2024-03-02,2026-06-30,1.5,待审核,,
202300026,科技创新竞赛,全国大学生数学建模竞赛,,省级·三等奖,核心成员,2026-02-11,,0.6,通过,李文静,符合认定条件，通过
202300026,创业实践,校内共享打印服务站,创业训练计划·团队成员,,团队成员,2026-03-15,,1.5,通过,李文静,符合认定条件，通过
202300026,学术论文,电动汽车无线充电耦合机构优化设计,国际/国内会议·第一作者,,第一作者,2026-01-22,,3.0,通过,李文静,材料齐全，同意认定
202300026,申请专利,一种新能源汽车充电枪锁止机构,实用新型专利·其他发明人,,其他发明人,2025-05-17,,1.5,公示中,李文静,佐证材料完整，予以通过
202300026,其他实践活动,汽车造型设计工作坊,学术交流访问·出境交流,,,2024-05-18,,2.0,通过,李文静,符合认定条件，通过
202300027,前沿学术报告,汽车百家讲坛,第11期以后·智能网联汽车技术前沿,,,2026-07-15,,0.25,通过,李文静,符合认定条件，通过
202300027,年度创新创业项目,省级·负责人,基于深度学习的交通标志识别系统,,负责人,2024-10-09,2026-06-30,4.0,通过,李文静,佐证材料完整，予以通过
202300027,科技创新竞赛,全国大学生智能汽车竞赛,,省级·一等奖,第三完成人,2024-06-01,,1.5,公示中,李文静,符合认定条件，通过
202300027,创业实践,智能驾培服务平台,创业训练计划·负责人,,负责人,2026-08-21,,3.0,通过,李文静,材料齐全，同意认定
202300027,学术论文,汽车主动悬架半主动控制策略仿真,普通期刊·第一作者,,第一作者,2026-06-08,,2.0,通过,李文静,符合认定条件，通过
202300027,申请专利,一种电动汽车电池包液冷结构,实用新型专利·其他发明人,,其他发明人,2026-06-01,,1.5,通过,李文静,佐证材料完整，予以通过
202300027,其他实践活动,德国亚琛工业大学线上交流项目,学科冬夏令营·国家级,,,2024-12-12,,2.0,通过,李文静,佐证材料完整，予以通过
202300028,前沿学术报告,名家学术讲座,单场·无人驾驶环境感知技术进展,,,2026-06-12,,0.5,通过,李文静,材料齐全，同意认定
202300028,年度创新创业项目,校级·负责人,二手车价格预测模型构建,,负责人,2024-04-02,2026-06-30,2.0,待审核,,
202300028,科技创新竞赛,中国大学生方程式汽车大赛,,国家级·二等奖,负责人,2024-11-10,,4.0,通过,李文静,佐证材料完整，予以通过
202300028,创业实践,新能源汽车科普工作室,入驻孵化器·团队成员,,团队成员,2025-12-23,,2.0,通过,李文静,符合认定条件，通过
202300028,学术论文,基于深度学习的路面裂缝检测方法研究,普通期刊·其他作者,,其他作者,2025-02-03,,0.5,通过,李文静,佐证材料完整，予以通过
202300028,申请专利,一种车载智能空气净化装置,发明专利·第一发明人,,第一发明人,2026-06-24,,6.0,公示中,李文静,符合认定条件，通过
202300028,其他实践活动,德国亚琛工业大学线上交流项目,学科冬夏令营·省级,,,2024-05-07,,1.0,通过,李文静,佐证材料完整，予以通过
202300029,前沿学术报告,汽车百家讲坛,第6-10期·无人驾驶环境感知技术进展,,,2026-02-20,,0.25,待审核,,
202300029,年度创新创业项目,校级·核心成员,基于深度学习的交通标志识别系统,,核心成员,2025-05-18,2026-06-30,1.5,通过,李文静,符合认定条件，通过
202300029,科技创新竞赛,中国大学生方程式汽车大赛,,国家级·三等奖,第三完成人,2024-05-12,,1.0,通过,李文静,佐证材料完整，予以通过
202300029,创业实践,新能源汽车科普工作室,注册成立公司·团队成员,,团队成员,2025-12-23,,2.0,通过,李文静,符合认定条件，通过
202300029,学术论文,低温环境下锂电池充放电特性研究,普通期刊·其他作者,,其他作者,2026-05-24,,0.5,通过,李文静,符合认定条件，通过
202300029,申请专利,一种基于视觉的后视镜盲区监测装置,实用新型专利·其他发明人,,其他发明人,2026-01-06,,1.5,待审核,,
202300029,其他实践活动,汽车工程学院企业行,技能资格培训·中级,,,2026-04-20,,1.0,通过,李文静,符合认定条件，通过
202300030,前沿学术报告,名家学术讲座,单场·新能源汽车动力总成发展趋势,,,2026-08-15,,0.5,通过,李文静,符合认定条件，通过
202300030,年度创新创业项目,省级·负责人,基于深度学习的交通标志识别系统,,负责人,2025-12-02,2026-06-30,4.0,通过,李文静,佐证材料完整，予以通过
202300030,科技创新竞赛,中国国际大学生创新大赛,,国家级·一等奖,第二完成人,2024-09-07,,4.2,通过,李文静,佐证材料完整，予以通过
202300030,创业实践,新能源汽车科普工作室,注册成立公司·团队成员,,团队成员,2025-11-15,,2.0,待院长审批,李文静,初审通过，转院长审批
202300030,学术论文,电动汽车无线充电耦合机构优化设计,国际/国内会议·其他作者,,其他作者,2026-01-23,,1.0,通过,李文静,符合认定条件，通过
202300030,申请专利,一种电动汽车电池包液冷结构,发明专利·其他发明人,,其他发明人,2025-03-14,,3.0,通过,李文静,符合认定条件，通过
202300030,其他实践活动,智能驾驶技术专题培训,学术交流访问·境内交流,,,2024-01-12,,1.0,通过,李文静,佐证材料完整，予以通过
202300031,前沿学术报告,名家学术讲座,单场·氢能及燃料电池汽车产业展望,,,2024-07-13,,0.5,待审核,,
202300031,年度创新创业项目,院级·负责人,轮胎花纹与湿滑路面制动性能仿真,,负责人,2024-07-14,2026-06-30,1.0,通过,李文静,材料齐全，同意认定
202300031,科技创新竞赛,山东省大学生机电产品创新设计竞赛,,校级·一等奖,第三完成人,2025-06-18,,0.5,通过,李文静,材料齐全，同意认定
202300031,创业实践,校内共享打印服务站,创业训练计划·负责人,,负责人,2026-04-18,,3.0,通过,李文静,符合认定条件，通过
202300031,学术论文,低温环境下锂电池充放电特性研究,普通期刊·第一作者,,第一作者,2025-06-26,,2.0,通过,李文静,符合认定条件，通过
202300031,申请专利,一种车载智能空气净化装置,实用新型专利·其他发明人,,其他发明人,2025-12-19,,1.5,通过,李文静,佐证材料完整，予以通过
202300031,其他实践活动,德国亚琛工业大学线上交流项目,学科冬夏令营·校级,,,2024-06-02,,0.5,公示中,李文静,材料齐全，同意认定
202300032,前沿学术报告,名家学术讲座,单场·动力电池热管理关键技术,,,2025-09-26,,0.5,通过,李文静,符合认定条件，通过
202300032,年度创新创业项目,校级·核心成员,新能源汽车电池热管理优化研究,,核心成员,2024-03-14,2026-06-30,1.5,通过,李文静,符合认定条件，通过
202300032,科技创新竞赛,全国大学生节能减排社会实践与科技竞赛,,国家级·二等奖,第三完成人,2025-09-20,,2.0,通过,李文静,材料齐全，同意认定
202300032,创业实践,新能源汽车科普工作室,创业训练计划·负责人,,负责人,2026-02-16,,3.0,通过,李文静,佐证材料完整，予以通过
202300032,学术论文,汽车主动悬架半主动控制策略仿真,核心期刊·其他作者,,其他作者,2025-01-19,,1.0,通过,李文静,佐证材料完整，予以通过
202300032,申请专利,一种多功能汽车后备箱收纳架,实用新型专利·其他发明人,,其他发明人,2026-03-01,,1.5,待院长审批,李文静,初审通过，转院长审批
202300032,其他实践活动,暑期高校科学营活动,学术交流访问·境内交流,,,2025-12-02,,1.0,待审核,,
202300033,前沿学术报告,名家学术讲座,单场·车载总线与嵌入式系统开发,,,2025-04-18,,0.5,通过,李文静,材料齐全，同意认定
202300033,年度创新创业项目,校级·一般成员,轮胎花纹与湿滑路面制动性能仿真,,一般成员,2025-01-24,2026-06-30,1.0,待审核,,
202300033,科技创新竞赛,全国大学生机械创新设计大赛,,省级·三等奖,第二完成人,2025-04-13,,0.7,通过,李文静,材料齐全，同意认定
202300033,创业实践,智能驾培服务平台,入驻孵化器·团队成员,,团队成员,2025-10-28,,2.0,通过,李文静,佐证材料完整，予以通过
202300033,学术论文,汽车主动悬架半主动控制策略仿真,普通期刊·其他作者,,其他作者,2026-02-18,,0.5,通过,李文静,符合认定条件，通过
202300033,申请专利,一种可调节角度的车载平板支架,外观设计专利·其他发明人,,其他发明人,2025-07-15,,1.0,通过,李文静,符合认定条件，通过
202300033,其他实践活动,德国亚琛工业大学线上交流项目,技能资格培训·高级,,,2026-03-28,,1.5,通过,李文静,材料齐全，同意认定
202300034,前沿学术报告,信息科学论坛,第6期以后·汽车空气动力学优化设计,,,2024-07-03,,0.25,待审核,,
202300034,年度创新创业项目,校级·一般成员,氢燃料电池汽车散热性能仿真分析,,一般成员,2024-05-26,2026-06-30,1.0,待审核,,
202300034,科技创新竞赛,中国大学生方程式汽车大赛,,国家级·一等奖,第二完成人,2026-06-05,,4.2,待审核,,
202300034,创业实践,二手车检测陪购服务工作室,入驻孵化器·负责人,,负责人,2025-04-10,,4.0,通过,李文静,佐证材料完整，予以通过
202300034,学术论文,基于YOLO的车距保持辅助算法研究,普通期刊·第二作者,,第二作者,2026-04-24,,1.0,通过,李文静,符合认定条件，通过
202300034,申请专利,一种多功能汽车后备箱收纳架,实用新型专利·第一发明人,,第一发明人,2026-03-26,,3.0,通过,李文静,材料齐全，同意认定
202300034,其他实践活动,暑期高校科学营活动,技能资格培训·初级,,,2026-04-13,,0.5,通过,李文静,佐证材料完整，予以通过
202300035,前沿学术报告,汽车百家讲坛,第11期以后·新能源汽车动力总成发展趋势,,,2026-04-17,,0.25,通过,李文静,符合认定条件，通过
202300035,年度创新创业项目,国家级·负责人,汽车内饰件轻量化设计,,负责人,2025-06-15,2026-06-30,6.0,通过,李文静,符合认定条件，通过
202300035,科技创新竞赛,全国大学生节能减排社会实践与科技竞赛,,省级·一等奖,第三完成人,2025-09-06,,1.5,待审核,,
202300035,创业实践,校园二手书流转平台,创业训练计划·负责人,,负责人,2025-08-28,,3.0,通过,李文静,符合认定条件，通过
202300035,学术论文,基于YOLO的车距保持辅助算法研究,国际/国内会议·第一作者,,第一作者,2025-04-07,,3.0,通过,李文静,材料齐全，同意认定
202300035,申请专利,一种多功能汽车后备箱收纳架,发明专利·其他发明人,,其他发明人,2025-11-25,,3.0,通过,李文静,材料齐全，同意认定
202300035,其他实践活动,全国大学生汽车科技夏令营,技能资格培训·高级,,,2024-09-24,,1.5,通过,李文静,符合认定条件，通过
202300036,前沿学术报告,信息科学论坛,第1-5期·动力电池热管理关键技术,,,2024-04-01,,0.25,待审核,,
202300036,年度创新创业项目,校级·负责人,氢燃料电池汽车散热性能仿真分析,,负责人,2025-10-13,2026-06-30,2.0,通过,李文静,佐证材料完整，予以通过
202300036,科技创新竞赛,中国大学生方程式汽车大赛,,国家级·二等奖,第三完成人,2026-05-24,,2.0,通过,李文静,佐证材料完整，予以通过
202300036,创业实践,校内共享打印服务站,入驻孵化器·团队成员,,团队成员,2026-01-27,,2.0,通过,李文静,材料齐全，同意认定
202300036,学术论文,电动汽车无线充电耦合机构优化设计,国际/国内会议·第二作者,,第二作者,2025-01-02,,2.0,通过,李文静,符合认定条件，通过
202300036,申请专利,一种电动汽车电池包液冷结构,实用新型专利·其他发明人,,其他发明人,2026-06-25,,1.5,待审核,,
202300036,其他实践活动,暑期高校科学营活动,学科冬夏令营·国家级,,,2024-05-05,,2.0,通过,李文静,佐证材料完整，予以通过
202300037,前沿学术报告,汽车百家讲坛,第6-10期·汽车芯片与域控制器架构,,,2024-10-23,,0.25,通过,李文静,佐证材料完整，予以通过
202300037,年度创新创业项目,校级·核心成员,基于深度学习的交通标志识别系统,,核心成员,2024-03-08,2026-06-30,1.5,通过,李文静,符合认定条件，通过
202300037,科技创新竞赛,挑战杯全国大学生课外学术科技作品竞赛,,省级·三等奖,第二完成人,2025-09-13,,0.7,通过,李文静,佐证材料完整，予以通过
202300037,创业实践,大学生汽车文创工作室,入驻孵化器·负责人,,负责人,2025-02-18,,4.0,通过,李文静,符合认定条件，通过
202300037,学术论文,电动汽车无线充电耦合机构优化设计,核心期刊·第二作者,,第二作者,2025-12-06,,2.0,通过,李文静,材料齐全，同意认定
202300037,申请专利,一种电动汽车电池包液冷结构,外观设计专利·第一发明人,,第一发明人,2026-03-12,,2.0,通过,李文静,材料齐全，同意认定
202300037,其他实践活动,汽车造型设计工作坊,学术交流访问·境内交流,,,2024-09-03,,1.0,公示中,李文静,佐证材料完整，予以通过
202300038,前沿学术报告,汽车百家讲坛,第1-5期·智能制造与数字化工厂实践,,,2024-10-01,,0.25,通过,李文静,佐证材料完整，予以通过
202300038,年度创新创业项目,校级·一般成员,轮胎花纹与湿滑路面制动性能仿真,,一般成员,2024-04-24,2026-06-30,1.0,通过,李文静,佐证材料完整，予以通过
202300038,科技创新竞赛,全国大学生数学建模竞赛,,国家级·二等奖,第一完成人,2025-07-19,,4.0,通过,李文静,符合认定条件，通过
202300038,创业实践,二手车检测陪购服务工作室,注册成立公司·团队成员,,团队成员,2025-05-02,,2.0,通过,李文静,材料齐全，同意认定
202300038,学术论文,基于深度学习的路面裂缝检测方法研究,核心期刊·第一作者,,第一作者,2026-01-13,,4.0,公示中,李文静,佐证材料完整，予以通过
202300038,申请专利,一种车载智能空气净化装置,实用新型专利·第一发明人,,第一发明人,2026-08-26,,3.0,通过,李文静,佐证材料完整，予以通过
202300038,其他实践活动,全国大学生汽车科技夏令营,学术交流访问·境内交流,,,2024-01-12,,1.0,通过,李文静,佐证材料完整，予以通过
202300039,前沿学术报告,名家学术讲座,单场·汽车轻量化设计与新材料应用,,,2024-03-13,,0.5,通过,李文静,佐证材料完整，予以通过
202300039,年度创新创业项目,院级·一般成员,智能导览机器人设计与实现,,一般成员,2025-07-24,2026-06-30,0.5,通过,李文静,材料齐全，同意认定
202300039,科技创新竞赛,全国大学生数学建模竞赛,,国家级·三等奖,第一完成人,2025-02-04,,2.0,待审核,,
202300039,创业实践,校内共享打印服务站,创业训练计划·负责人,,负责人,2026-06-06,,3.0,通过,李文静,符合认定条件，通过
202300039,学术论文,基于深度学习的路面裂缝检测方法研究,普通期刊·第二作者,,第二作者,2025-12-06,,1.0,公示中,李文静,佐证材料完整，予以通过
202300039,申请专利,一种新能源汽车充电枪锁止机构,实用新型专利·第一发明人,,第一发明人,2026-06-02,,3.0,通过,李文静,材料齐全，同意认定
202300039,其他实践活动,德国亚琛工业大学线上交流项目,学术交流访问·出境交流,,,2024-08-04,,2.0,通过,李文静,符合认定条件，通过
202300040,前沿学术报告,汽车百家讲坛,第6-10期·氢能及燃料电池汽车产业展望,,,2025-04-28,,0.25,通过,李文静,符合认定条件，通过
202300040,年度创新创业项目,省级·一般成员,智能导览机器人设计与实现,,一般成员,2024-12-27,2026-06-30,1.5,通过,李文静,符合认定条件，通过
202300040,科技创新竞赛,全国大学生数学建模竞赛,,国家级·三等奖,负责人,2026-07-10,,2.0,通过,李文静,佐证材料完整，予以通过
202300040,创业实践,智能驾培服务平台,入驻孵化器·负责人,,负责人,2026-02-01,,4.0,通过,李文静,材料齐全，同意认定
202300040,学术论文,基于深度学习的路面裂缝检测方法研究,普通期刊·第一作者,,第一作者,2026-04-14,,2.0,通过,李文静,佐证材料完整，予以通过
202300040,申请专利,一种基于视觉的后视镜盲区监测装置,实用新型专利·第一发明人,,第一发明人,2025-08-26,,3.0,通过,李文静,材料齐全，同意认定
202300040,其他实践活动,德国亚琛工业大学线上交流项目,学科冬夏令营·校级,,,2024-01-07,,0.5,通过,李文静,佐证材料完整，予以通过
202300041,前沿学术报告,汽车百家讲坛,第1-5期·车载总线与嵌入式系统开发,,,2025-01-10,,0.25,通过,李文静,符合认定条件，通过
202300041,年度创新创业项目,校级·一般成员,太阳能小车能量管理策略研究,,一般成员,2025-03-24,2026-06-30,1.0,通过,李文静,材料齐全，同意认定
202300041,科技创新竞赛,全国大学生数学建模竞赛,,国家级·二等奖,第三完成人,2025-11-11,,2.0,待院长审批,李文静,初审通过，转院长审批
202300041,创业实践,新能源汽车科普工作室,注册成立公司·法人代表,,法人代表,2026-06-06,,6.0,通过,李文静,佐证材料完整，予以通过
202300041,学术论文,电动汽车无线充电耦合机构优化设计,普通期刊·第一作者,,第一作者,2025-03-28,,2.0,通过,李文静,佐证材料完整，予以通过
202300041,申请专利,一种多功能汽车后备箱收纳架,外观设计专利·其他发明人,,其他发明人,2025-03-13,,1.0,待院长审批,李文静,初审通过，转院长审批
202300041,其他实践活动,暑期高校科学营活动,学术交流访问·境内交流,,,2026-04-20,,1.0,通过,李文静,材料齐全，同意认定
202300042,前沿学术报告,汽车百家讲坛,第6-10期·汽车空气动力学优化设计,,,2024-04-16,,0.25,通过,李文静,材料齐全，同意认定
202300042,年度创新创业项目,省级·负责人,基于深度学习的交通标志识别系统,,负责人,2025-04-17,2026-06-30,4.0,通过,李文静,符合认定条件，通过
202300042,科技创新竞赛,中国国际大学生创新大赛,,国家级·三等奖,第一完成人,2024-06-28,,2.0,公示中,李文静,符合认定条件，通过
202300042,创业实践,二手车检测陪购服务工作室,入驻孵化器·团队成员,,团队成员,2025-05-15,,2.0,通过,李文静,佐证材料完整，予以通过
202300042,学术论文,电动汽车无线充电耦合机构优化设计,普通期刊·其他作者,,其他作者,2026-02-10,,0.5,待审核,,
202300042,申请专利,一种车载智能空气净化装置,实用新型专利·第一发明人,,第一发明人,2025-05-02,,3.0,待审核,,
202300042,其他实践活动,汽车造型设计工作坊,学科冬夏令营·省级,,,2025-01-11,,1.0,通过,李文静,符合认定条件，通过
202300043,前沿学术报告,信息科学论坛,第1-5期·汽车芯片与域控制器架构,,,2026-04-14,,0.25,通过,李文静,材料齐全，同意认定
202300043,年度创新创业项目,校级·一般成员,轮胎花纹与湿滑路面制动性能仿真,,一般成员,2025-07-28,2026-06-30,1.0,通过,李文静,佐证材料完整，予以通过
202300043,科技创新竞赛,中国国际大学生创新大赛,,国家级·一等奖,负责人,2024-01-01,,6.0,通过,李文静,符合认定条件，通过
202300043,创业实践,校园二手书流转平台,注册成立公司·法人代表,,法人代表,2026-05-23,,6.0,待院长审批,李文静,初审通过，转院长审批
202300043,学术论文,基于多目标优化的车身结构轻量化设计,核心期刊·其他作者,,其他作者,2026-01-06,,1.0,通过,李文静,符合认定条件，通过
202300043,申请专利,一种多功能汽车后备箱收纳架,外观设计专利·其他发明人,,其他发明人,2025-02-17,,1.0,通过,李文静,佐证材料完整，予以通过
202300043,其他实践活动,德国亚琛工业大学线上交流项目,学科冬夏令营·校级,,,2025-03-19,,0.5,通过,李文静,符合认定条件，通过
202300044,前沿学术报告,汽车百家讲坛,第11期以后·智能制造与数字化工厂实践,,,2024-01-09,,0.25,通过,李文静,材料齐全，同意认定
202300044,年度创新创业项目,校级·负责人,二手车价格预测模型构建,,负责人,2025-07-09,2026-06-30,2.0,通过,李文静,佐证材料完整，予以通过
202300044,科技创新竞赛,全国大学生数学建模竞赛,,国家级·三等奖,第二完成人,2026-02-05,,1.4,通过,李文静,材料齐全，同意认定
202300044,创业实践,智能驾培服务平台,入驻孵化器·团队成员,,团队成员,2025-11-26,,2.0,通过,李文静,佐证材料完整，予以通过
202300044,学术论文,汽车主动悬架半主动控制策略仿真,国际/国内会议·其他作者,,其他作者,2025-03-27,,1.0,通过,李文静,材料齐全，同意认定
202300044,申请专利,一种基于视觉的后视镜盲区监测装置,发明专利·其他发明人,,其他发明人,2025-08-26,,3.0,通过,李文静,材料齐全，同意认定
202300044,其他实践活动,智能驾驶技术专题培训,技能资格培训·高级,,,2025-04-15,,1.5,通过,李文静,佐证材料完整，予以通过
202300045,前沿学术报告,汽车百家讲坛,第1-5期·新能源汽车动力总成发展趋势,,,2025-02-11,,0.25,通过,李文静,佐证材料完整，予以通过
202300045,年度创新创业项目,院级·负责人,基于深度学习的交通标志识别系统,,负责人,2024-08-20,2026-06-30,1.0,通过,李文静,佐证材料完整，予以通过
202300045,科技创新竞赛,中国国际大学生创新大赛,,省级·一等奖,核心成员,2026-05-14,,1.8,公示中,李文静,佐证材料完整，予以通过
202300045,创业实践,智能驾培服务平台,注册成立公司·法人代表,,法人代表,2026-08-16,,6.0,通过,李文静,佐证材料完整，予以通过
202300045,学术论文,基于深度学习的路面裂缝检测方法研究,核心期刊·第一作者,,第一作者,2025-08-10,,4.0,待审核,,
202300045,申请专利,一种车载智能空气净化装置,发明专利·其他发明人,,其他发明人,2025-10-08,,3.0,通过,李文静,佐证材料完整，予以通过
202300045,其他实践活动,智能驾驶技术专题培训,学术交流访问·出境交流,,,2025-01-12,,2.0,通过,李文静,佐证材料完整，予以通过
202300046,前沿学术报告,汽车百家讲坛,第11期以后·智能制造与数字化工厂实践,,,2025-08-17,,0.25,待审核,,
202300046,年度创新创业项目,省级·一般成员,基于STM32的智能循迹小车,,一般成员,2024-04-21,2026-06-30,1.5,通过,李文静,佐证材料完整，予以通过
202300046,科技创新竞赛,全国大学生数学建模竞赛,,国家级·二等奖,核心成员,2026-07-22,,2.4,待院长审批,李文静,初审通过，转院长审批
202300046,创业实践,校内共享打印服务站,入驻孵化器·团队成员,,团队成员,2026-04-15,,2.0,通过,李文静,材料齐全，同意认定
202300046,学术论文,混合动力汽车能量管理策略仿真,国际/国内会议·第二作者,,第二作者,2025-03-15,,2.0,通过,李文静,材料齐全，同意认定
202300046,申请专利,一种新能源汽车充电枪锁止机构,实用新型专利·第一发明人,,第一发明人,2025-11-25,,3.0,通过,李文静,符合认定条件，通过
202300046,其他实践活动,汽车工程学院企业行,学科冬夏令营·省级,,,2024-05-24,,1.0,通过,李文静,佐证材料完整，予以通过
202300047,前沿学术报告,名家学术讲座,单场·智能制造与数字化工厂实践,,,2024-12-22,,0.5,待审核,,
202300047,年度创新创业项目,省级·一般成员,轮胎花纹与湿滑路面制动性能仿真,,一般成员,2025-07-28,2026-06-30,1.5,通过,李文静,符合认定条件，通过
202300047,科技创新竞赛,全国大学生数学建模竞赛,,国家级·二等奖,第三完成人,2024-08-11,,2.0,通过,李文静,材料齐全，同意认定
202300047,创业实践,智能驾培服务平台,注册成立公司·合伙人,,合伙人,2025-04-03,,4.0,待审核,,
202300047,学术论文,电动汽车无线充电耦合机构优化设计,国际/国内会议·第一作者,,第一作者,2026-01-16,,3.0,通过,李文静,材料齐全，同意认定
202300047,申请专利,一种多功能汽车后备箱收纳架,实用新型专利·其他发明人,,其他发明人,2025-10-19,,1.5,通过,李文静,材料齐全，同意认定
202300047,其他实践活动,智能驾驶技术专题培训,技能资格培训·高级,,,2026-03-26,,1.5,通过,李文静,材料齐全，同意认定
202300048,前沿学术报告,汽车百家讲坛,第11期以后·动力电池热管理关键技术,,,2024-06-06,,0.25,待审核,,
202300048,年度创新创业项目,省级·负责人,车载OBD数据采集与驾驶行为分析,,负责人,2025-02-15,2026-06-30,4.0,通过,李文静,材料齐全，同意认定
202300048,科技创新竞赛,全国大学生节能减排社会实践与科技竞赛,,国家级·二等奖,第三完成人,2026-08-26,,2.0,通过,李文静,佐证材料完整，予以通过
202300048,创业实践,智能驾培服务平台,创业训练计划·负责人,,负责人,2026-01-03,,3.0,通过,李文静,佐证材料完整，予以通过
202300048,学术论文,基于YOLO的车距保持辅助算法研究,核心期刊·其他作者,,其他作者,2025-10-10,,1.0,待审核,,
202300048,申请专利,一种可调节角度的车载平板支架,发明专利·其他发明人,,其他发明人,2026-02-24,,3.0,待院长审批,李文静,初审通过，转院长审批
202300048,其他实践活动,智能驾驶技术专题培训,学科冬夏令营·省级,,,2024-05-19,,1.0,通过,李文静,符合认定条件，通过
202300049,前沿学术报告,名家学术讲座,单场·动力电池热管理关键技术,,,2025-01-18,,0.5,通过,李文静,佐证材料完整，予以通过
202300049,年度创新创业项目,国家级·负责人,氢燃料电池汽车散热性能仿真分析,,负责人,2025-09-07,2026-06-30,6.0,待审核,,
202300049,科技创新竞赛,全国大学生数学建模竞赛,,国家级·二等奖,第一完成人,2024-07-19,,4.0,通过,李文静,材料齐全，同意认定
202300049,创业实践,新能源汽车科普工作室,入驻孵化器·团队成员,,团队成员,2026-04-28,,2.0,通过,李文静,材料齐全，同意认定
202300049,学术论文,基于深度学习的路面裂缝检测方法研究,普通期刊·第一作者,,第一作者,2026-07-03,,2.0,通过,李文静,符合认定条件，通过
202300049,申请专利,一种可调节角度的车载平板支架,发明专利·其他发明人,,其他发明人,2025-08-14,,3.0,通过,李文静,符合认定条件，通过
202300049,其他实践活动,智能驾驶技术专题培训,技能资格培训·高级,,,2024-03-14,,1.5,通过,李文静,佐证材料完整，予以通过
202300050,前沿学术报告,汽车百家讲坛,第11期以后·氢能及燃料电池汽车产业展望,,,2025-10-10,,0.25,通过,李文静,符合认定条件，通过
202300050,年度创新创业项目,省级·核心成员,太阳能小车能量管理策略研究,,核心成员,2024-06-13,2026-06-30,3.0,通过,李文静,材料齐全，同意认定
202300050,科技创新竞赛,全国大学生智能汽车竞赛,,省级·二等奖,第三完成人,2025-08-25,,1.0,通过,李文静,佐证材料完整，予以通过
202300050,创业实践,二手车检测陪购服务工作室,入驻孵化器·负责人,,负责人,2026-04-04,,4.0,通过,李文静,符合认定条件，通过
202300050,学术论文,基于深度学习的路面裂缝检测方法研究,普通期刊·其他作者,,其他作者,2025-03-28,,0.5,通过,李文静,佐证材料完整，予以通过
202300050,申请专利,一种基于视觉的后视镜盲区监测装置,外观设计专利·第一发明人,,第一发明人,2026-07-26,,2.0,公示中,李文静,材料齐全，同意认定
202300050,其他实践活动,德国亚琛工业大学线上交流项目,技能资格培训·高级,,,2024-08-12,,1.5,通过,李文静,符合认定条件，通过
202300051,前沿学术报告,汽车百家讲坛,第11期以后·汽车芯片与域控制器架构,,,2025-10-22,,0.25,待审核,,
202300051,年度创新创业项目,省级·一般成员,新能源汽车电池热管理优化研究,,一般成员,2025-03-11,2026-06-30,1.5,通过,李文静,符合认定条件，通过
202300051,科技创新竞赛,中国国际大学生创新大赛,,国家级·一等奖,核心成员,2025-11-07,,3.6,通过,李文静,符合认定条件，通过
202300051,创业实践,二手车检测陪购服务工作室,入驻孵化器·负责人,,负责人,2025-09-04,,4.0,待院长审批,李文静,初审通过，转院长审批
202300051,学术论文,汽车主动悬架半主动控制策略仿真,国际/国内会议·第二作者,,第二作者,2025-07-24,,2.0,通过,李文静,材料齐全，同意认定
202300051,申请专利,一种可调节角度的车载平板支架,实用新型专利·第一发明人,,第一发明人,2025-02-08,,3.0,通过,李文静,符合认定条件，通过
202300051,其他实践活动,汽车造型设计工作坊,技能资格培训·初级,,,2025-04-03,,0.5,通过,李文静,佐证材料完整，予以通过
202300052,前沿学术报告,信息科学论坛,第1-5期·无人驾驶环境感知技术进展,,,2025-06-21,,0.25,通过,李文静,符合认定条件，通过
202300052,年度创新创业项目,校级·负责人,二手车价格预测模型构建,,负责人,2024-11-13,2026-06-30,2.0,通过,李文静,佐证材料完整，予以通过
202300052,科技创新竞赛,挑战杯全国大学生课外学术科技作品竞赛,,省级·三等奖,负责人,2024-05-10,,1.0,通过,李文静,佐证材料完整，予以通过
202300052,创业实践,二手车检测陪购服务工作室,创业训练计划·团队成员,,团队成员,2026-06-01,,1.5,通过,李文静,佐证材料完整，予以通过
202300052,学术论文,低温环境下锂电池充放电特性研究,核心期刊·第一作者,,第一作者,2026-01-11,,4.0,通过,李文静,材料齐全，同意认定
202300052,申请专利,一种新能源汽车充电枪锁止机构,实用新型专利·第一发明人,,第一发明人,2026-04-07,,3.0,通过,李文静,符合认定条件，通过
202300052,其他实践活动,汽车造型设计工作坊,学术交流访问·境内交流,,,2026-01-20,,1.0,通过,李文静,材料齐全，同意认定
202300053,前沿学术报告,信息科学论坛,第6期以后·智能网联汽车技术前沿,,,2026-01-17,,0.25,通过,李文静,佐证材料完整，予以通过
202300053,年度创新创业项目,省级·核心成员,车载OBD数据采集与驾驶行为分析,,核心成员,2024-02-18,2026-06-30,3.0,通过,李文静,佐证材料完整，予以通过
202300053,科技创新竞赛,校智能车校内选拔赛,,校级·三等奖,核心成员,2024-10-18,,0.3,待审核,,
202300053,创业实践,大学生汽车文创工作室,入驻孵化器·负责人,,负责人,2025-08-28,,4.0,通过,李文静,符合认定条件，通过
202300053,学术论文,汽车主动悬架半主动控制策略仿真,国际/国内会议·第一作者,,第一作者,2026-02-04,,3.0,通过,李文静,符合认定条件，通过
202300053,申请专利,一种基于视觉的后视镜盲区监测装置,发明专利·其他发明人,,其他发明人,2025-09-16,,3.0,待审核,,
202300053,其他实践活动,暑期高校科学营活动,学科冬夏令营·省级,,,2024-12-05,,1.0,待审核,,
202300054,前沿学术报告,信息科学论坛,第6期以后·新能源汽车动力总成发展趋势,,,2026-05-09,,0.25,公示中,李文静,佐证材料完整，予以通过
202300054,年度创新创业项目,校级·一般成员,二手车价格预测模型构建,,一般成员,2024-04-09,2026-06-30,1.0,通过,李文静,符合认定条件，通过
202300054,科技创新竞赛,山东省大学生机电产品创新设计竞赛,,省级·三等奖,核心成员,2025-09-08,,0.6,通过,李文静,符合认定条件，通过
202300054,创业实践,校园二手书流转平台,注册成立公司·法人代表,,法人代表,2025-07-26,,6.0,通过,李文静,佐证材料完整，予以通过
202300054,学术论文,基于YOLO的车距保持辅助算法研究,国际/国内会议·第二作者,,第二作者,2025-01-19,,2.0,通过,李文静,佐证材料完整，予以通过
202300054,申请专利,一种可调节角度的车载平板支架,实用新型专利·第一发明人,,第一发明人,2025-12-01,,3.0,通过,李文静,材料齐全，同意认定
202300054,其他实践活动,汽车造型设计工作坊,学科冬夏令营·省级,,,2025-03-28,,1.0,通过,李文静,符合认定条件，通过
202300055,前沿学术报告,信息科学论坛,第6期以后·汽车轻量化设计与新材料应用,,,2024-02-24,,0.25,通过,李文静,符合认定条件，通过
202300055,年度创新创业项目,院级·一般成员,基于STM32的智能循迹小车,,一般成员,2025-02-13,2026-06-30,0.5,通过,李文静,材料齐全，同意认定
202300055,科技创新竞赛,全国大学生数学建模竞赛,,国家级·二等奖,第一完成人,2025-01-19,,4.0,待审核,,
202300055,创业实践,校内共享打印服务站,创业训练计划·团队成员,,团队成员,2026-03-18,,1.5,通过,李文静,材料齐全，同意认定
202300055,学术论文,基于多目标优化的车身结构轻量化设计,普通期刊·其他作者,,其他作者,2026-02-21,,0.5,通过,李文静,材料齐全，同意认定
202300055,申请专利,一种电动汽车电池包液冷结构,发明专利·其他发明人,,其他发明人,2025-06-04,,3.0,通过,李文静,符合认定条件，通过
202300055,其他实践活动,德国亚琛工业大学线上交流项目,技能资格培训·初级,,,2024-10-10,,0.5,通过,李文静,符合认定条件，通过
202300056,前沿学术报告,名家学术讲座,单场·车载总线与嵌入式系统开发,,,2025-11-05,,0.5,通过,李文静,符合认定条件，通过
202300056,年度创新创业项目,校级·负责人,车载OBD数据采集与驾驶行为分析,,负责人,2025-09-03,2026-06-30,2.0,通过,李文静,符合认定条件，通过
202300056,科技创新竞赛,全国大学生机械创新设计大赛,,国家级·一等奖,第二完成人,2025-11-24,,4.2,通过,李文静,佐证材料完整，予以通过
202300056,创业实践,二手车检测陪购服务工作室,入驻孵化器·负责人,,负责人,2026-03-24,,4.0,通过,李文静,材料齐全，同意认定
202300056,学术论文,电动汽车无线充电耦合机构优化设计,核心期刊·其他作者,,其他作者,2026-01-15,,1.0,通过,李文静,佐证材料完整，予以通过
202300056,申请专利,一种多功能汽车后备箱收纳架,实用新型专利·第一发明人,,第一发明人,2026-08-21,,3.0,通过,李文静,符合认定条件，通过
202300056,其他实践活动,暑期高校科学营活动,学术交流访问·出境交流,,,2024-08-23,,2.0,通过,李文静,材料齐全，同意认定
202300057,前沿学术报告,信息科学论坛,第6期以后·智能制造与数字化工厂实践,,,2024-11-17,,0.25,通过,李文静,材料齐全，同意认定
202300057,年度创新创业项目,校级·负责人,轮胎花纹与湿滑路面制动性能仿真,,负责人,2025-11-10,2026-06-30,2.0,通过,李文静,符合认定条件，通过
202300057,科技创新竞赛,中国大学生方程式汽车大赛,,国家级·二等奖,第一完成人,2026-08-08,,4.0,待审核,,
202300057,创业实践,新能源汽车科普工作室,注册成立公司·团队成员,,团队成员,2026-05-20,,2.0,待审核,,
202300057,学术论文,汽车主动悬架半主动控制策略仿真,国际/国内会议·其他作者,,其他作者,2026-02-24,,1.0,待审核,,
202300057,申请专利,一种基于视觉的后视镜盲区监测装置,实用新型专利·第一发明人,,第一发明人,2025-10-20,,3.0,通过,李文静,材料齐全，同意认定
202300057,其他实践活动,德国亚琛工业大学线上交流项目,技能资格培训·初级,,,2026-03-13,,0.5,通过,李文静,材料齐全，同意认定
202300058,前沿学术报告,名家学术讲座,单场·智能制造与数字化工厂实践,,,2026-06-11,,0.5,通过,李文静,符合认定条件，通过
202300058,年度创新创业项目,校级·核心成员,基于机器视觉的行人过街检测系统,,核心成员,2024-12-02,2026-06-30,1.5,通过,李文静,材料齐全，同意认定
202300058,科技创新竞赛,中国大学生方程式汽车大赛,,国家级·二等奖,第一完成人,2026-06-14,,4.0,公示中,李文静,佐证材料完整，予以通过
202300058,创业实践,二手车检测陪购服务工作室,入驻孵化器·负责人,,负责人,2026-01-01,,4.0,通过,李文静,佐证材料完整，予以通过
202300058,学术论文,基于YOLO的车距保持辅助算法研究,国际/国内会议·第一作者,,第一作者,2026-01-18,,3.0,通过,李文静,佐证材料完整，予以通过
202300058,申请专利,一种多功能汽车后备箱收纳架,实用新型专利·其他发明人,,其他发明人,2025-09-07,,1.5,待审核,,
202300058,其他实践活动,德国亚琛工业大学线上交流项目,学术交流访问·出境交流,,,2024-10-28,,2.0,通过,李文静,材料齐全，同意认定
202300059,前沿学术报告,信息科学论坛,第1-5期·智能网联汽车技术前沿,,,2026-05-11,,0.25,通过,李文静,材料齐全，同意认定
202300059,年度创新创业项目,校级·负责人,基于STM32的智能循迹小车,,负责人,2024-07-01,2026-06-30,2.0,通过,李文静,佐证材料完整，予以通过
202300059,科技创新竞赛,中国大学生方程式汽车大赛,,国家级·二等奖,负责人,2025-08-27,,4.0,通过,李文静,材料齐全，同意认定
202300059,创业实践,新能源汽车科普工作室,入驻孵化器·团队成员,,团队成员,2026-07-18,,2.0,通过,李文静,符合认定条件，通过
202300059,学术论文,低温环境下锂电池充放电特性研究,核心期刊·第一作者,,第一作者,2025-10-23,,4.0,通过,李文静,材料齐全，同意认定
202300059,申请专利,一种新能源汽车充电枪锁止机构,实用新型专利·第一发明人,,第一发明人,2026-04-10,,3.0,通过,李文静,佐证材料完整，予以通过
202300059,其他实践活动,暑期高校科学营活动,技能资格培训·初级,,,2025-08-19,,0.5,待审核,,
202300060,前沿学术报告,名家学术讲座,单场·无人驾驶环境感知技术进展,,,2024-09-05,,0.5,通过,李文静,材料齐全，同意认定
202300060,年度创新创业项目,校级·一般成员,太阳能小车能量管理策略研究,,一般成员,2024-02-07,2026-06-30,1.0,通过,李文静,符合认定条件，通过
202300060,科技创新竞赛,全国大学生机械创新设计大赛,,国家级·二等奖,第一完成人,2026-06-21,,4.0,通过,李文静,佐证材料完整，予以通过
202300060,创业实践,新能源汽车科普工作室,创业训练计划·团队成员,,团队成员,2026-06-01,,1.5,待审核,,
202300060,学术论文,基于深度学习的路面裂缝检测方法研究,国际/国内会议·第二作者,,第二作者,2026-07-01,,2.0,通过,李文静,佐证材料完整，予以通过
202300060,申请专利,一种新能源汽车充电枪锁止机构,外观设计专利·其他发明人,,其他发明人,2025-05-20,,1.0,通过,李文静,材料齐全，同意认定
202300060,其他实践活动,汽车工程学院企业行,学术交流访问·境内交流,,,2025-05-11,,1.0,通过,李文静,符合认定条件，通过
202300061,前沿学术报告,汽车百家讲坛,第11期以后·动力电池热管理关键技术,,,2026-04-28,,0.25,通过,李文静,材料齐全，同意认定
202300061,年度创新创业项目,校级·核心成员,基于STM32的智能循迹小车,,核心成员,2025-06-01,2026-06-30,1.5,待审核,,
202300061,科技创新竞赛,全国大学生数学建模竞赛,,省级·二等奖,负责人,2024-06-01,,2.0,通过,李文静,符合认定条件，通过
202300061,创业实践,二手车检测陪购服务工作室,注册成立公司·法人代表,,法人代表,2025-12-03,,6.0,待审核,,
202300061,学术论文,基于YOLO的车距保持辅助算法研究,核心期刊·第一作者,,第一作者,2026-04-11,,4.0,通过,李文静,材料齐全，同意认定
202300061,申请专利,一种基于视觉的后视镜盲区监测装置,外观设计专利·其他发明人,,其他发明人,2025-04-23,,1.0,待审核,,
202300061,其他实践活动,德国亚琛工业大学线上交流项目,学术交流访问·境内交流,,,2024-12-04,,1.0,通过,李文静,符合认定条件，通过
202300062,前沿学术报告,信息科学论坛,第1-5期·动力电池热管理关键技术,,,2025-05-21,,0.25,通过,李文静,佐证材料完整，予以通过
202300062,年度创新创业项目,院级·一般成员,基于深度学习的交通标志识别系统,,一般成员,2024-03-05,2026-06-30,0.5,通过,李文静,材料齐全，同意认定
202300062,科技创新竞赛,全国大学生节能减排社会实践与科技竞赛,,省级·一等奖,第三完成人,2024-08-05,,1.5,待院长审批,李文静,初审通过，转院长审批
202300062,创业实践,新能源汽车科普工作室,创业训练计划·团队成员,,团队成员,2025-04-09,,1.5,通过,李文静,佐证材料完整，予以通过
202300062,学术论文,汽车主动悬架半主动控制策略仿真,SCI/EI 收录·第二作者,,第二作者,2026-05-05,,4.0,通过,李文静,材料齐全，同意认定
202300062,申请专利,一种基于视觉的后视镜盲区监测装置,实用新型专利·第一发明人,,第一发明人,2025-06-17,,3.0,通过,李文静,符合认定条件，通过
202300062,其他实践活动,汽车造型设计工作坊,技能资格培训·初级,,,2025-01-28,,0.5,通过,李文静,符合认定条件，通过
202300063,前沿学术报告,汽车百家讲坛,第1-5期·汽车轻量化设计与新材料应用,,,2024-01-03,,0.25,公示中,李文静,符合认定条件，通过
202300063,年度创新创业项目,校级·一般成员,氢燃料电池汽车散热性能仿真分析,,一般成员,2024-07-05,2026-06-30,1.0,通过,李文静,材料齐全，同意认定
202300063,科技创新竞赛,中国国际大学生创新大赛,,省级·二等奖,负责人,2026-01-09,,2.0,通过,李文静,符合认定条件，通过
202300063,创业实践,新能源汽车科普工作室,注册成立公司·团队成员,,团队成员,2025-09-28,,2.0,待审核,,
202300063,学术论文,燃料电池汽车氢气循环系统特性分析,国际/国内会议·第二作者,,第二作者,2025-05-01,,2.0,通过,李文静,符合认定条件，通过
202300063,申请专利,一种电动汽车电池包液冷结构,实用新型专利·其他发明人,,其他发明人,2025-08-03,,1.5,待审核,,
202300063,其他实践活动,智能驾驶技术专题培训,学科冬夏令营·省级,,,2025-05-16,,1.0,待审核,,
202300064,前沿学术报告,汽车百家讲坛,第1-5期·无人驾驶环境感知技术进展,,,2025-11-25,,0.25,通过,李文静,佐证材料完整，予以通过
202300064,年度创新创业项目,省级·核心成员,基于STM32的智能循迹小车,,核心成员,2024-07-02,2026-06-30,3.0,公示中,李文静,材料齐全，同意认定
202300064,科技创新竞赛,全国大学生智能汽车竞赛,,国家级·二等奖,负责人,2024-05-23,,4.0,通过,李文静,材料齐全，同意认定
202300064,创业实践,大学生汽车文创工作室,注册成立公司·合伙人,,合伙人,2025-03-23,,4.0,待审核,,
202300064,学术论文,电动汽车无线充电耦合机构优化设计,核心期刊·第一作者,,第一作者,2026-06-21,,4.0,通过,李文静,符合认定条件，通过
202300064,申请专利,一种可调节角度的车载平板支架,外观设计专利·第一发明人,,第一发明人,2026-07-11,,2.0,通过,李文静,材料齐全，同意认定
202300064,其他实践活动,汽车工程学院企业行,学术交流访问·境内交流,,,2024-12-22,,1.0,待审核,,
202300065,前沿学术报告,信息科学论坛,第1-5期·动力电池热管理关键技术,,,2024-07-01,,0.25,通过,李文静,材料齐全，同意认定
202300065,年度创新创业项目,院级·一般成员,氢燃料电池汽车散热性能仿真分析,,一般成员,2025-06-23,2026-06-30,0.5,通过,李文静,佐证材料完整，予以通过
202300065,科技创新竞赛,挑战杯全国大学生课外学术科技作品竞赛,,国家级·三等奖,第三完成人,2024-02-19,,1.0,通过,李文静,材料齐全，同意认定
202300065,创业实践,二手车检测陪购服务工作室,注册成立公司·团队成员,,团队成员,2026-05-18,,2.0,通过,李文静,佐证材料完整，予以通过
202300065,学术论文,混合动力汽车能量管理策略仿真,SCI/EI 收录·其他作者,,其他作者,2026-04-28,,2.0,通过,李文静,符合认定条件，通过
202300065,申请专利,一种可调节角度的车载平板支架,实用新型专利·第一发明人,,第一发明人,2026-08-20,,3.0,待审核,,
202300065,其他实践活动,汽车工程学院企业行,技能资格培训·初级,,,2026-01-13,,0.5,通过,李文静,佐证材料完整，予以通过
202300066,前沿学术报告,汽车百家讲坛,第6-10期·新能源汽车动力总成发展趋势,,,2026-03-11,,0.25,通过,李文静,材料齐全，同意认定
202300066,年度创新创业项目,校级·核心成员,基于STM32的智能循迹小车,,核心成员,2024-06-01,2026-06-30,1.5,通过,李文静,佐证材料完整，予以通过
202300066,科技创新竞赛,全国大学生数学建模竞赛,,国家级·二等奖,负责人,2026-02-23,,4.0,待审核,,
202300066,创业实践,校园二手书流转平台,注册成立公司·法人代表,,法人代表,2025-12-24,,6.0,通过,李文静,材料齐全，同意认定
202300066,学术论文,混合动力汽车能量管理策略仿真,核心期刊·第一作者,,第一作者,2026-04-07,,4.0,通过,李文静,佐证材料完整，予以通过
202300066,申请专利,一种多功能汽车后备箱收纳架,实用新型专利·第一发明人,,第一发明人,2026-04-14,,3.0,待审核,,
202300066,其他实践活动,汽车工程学院企业行,技能资格培训·中级,,,2025-01-02,,1.0,通过,李文静,材料齐全，同意认定
202300067,前沿学术报告,汽车百家讲坛,第6-10期·智能网联汽车技术前沿,,,2025-05-05,,0.25,通过,李文静,佐证材料完整，予以通过
202300067,年度创新创业项目,校级·负责人,校园共享电动车调度优化研究,,负责人,2024-10-05,2026-06-30,2.0,通过,李文静,佐证材料完整，予以通过
202300067,科技创新竞赛,校智能车校内选拔赛,,校级·一等奖,负责人,2025-06-28,,1.0,待审核,,
202300067,创业实践,校园二手书流转平台,注册成立公司·团队成员,,团队成员,2026-08-03,,2.0,待审核,,
202300067,学术论文,燃料电池汽车氢气循环系统特性分析,普通期刊·第一作者,,第一作者,2026-06-03,,2.0,通过,李文静,符合认定条件，通过
202300067,申请专利,一种基于视觉的后视镜盲区监测装置,发明专利·其他发明人,,其他发明人,2026-01-04,,3.0,通过,李文静,佐证材料完整，予以通过
202300067,其他实践活动,汽车造型设计工作坊,学科冬夏令营·国家级,,,2025-02-10,,2.0,通过,李文静,佐证材料完整，予以通过
202300068,前沿学术报告,名家学术讲座,单场·汽车芯片与域控制器架构,,,2026-08-14,,0.5,通过,李文静,材料齐全，同意认定
202300068,年度创新创业项目,省级·负责人,智能导览机器人设计与实现,,负责人,2025-10-23,2026-06-30,4.0,通过,李文静,材料齐全，同意认定
202300068,科技创新竞赛,中国国际大学生创新大赛,,国家级·三等奖,第二完成人,2024-03-19,,1.4,通过,李文静,符合认定条件，通过
202300068,创业实践,智能驾培服务平台,创业训练计划·负责人,,负责人,2025-12-12,,3.0,通过,李文静,材料齐全，同意认定
202300068,学术论文,电动汽车无线充电耦合机构优化设计,SCI/EI 收录·第一作者,,第一作者,2026-04-04,,6.0,通过,李文静,材料齐全，同意认定
202300068,申请专利,一种新能源汽车充电枪锁止机构,外观设计专利·其他发明人,,其他发明人,2026-01-23,,1.0,待院长审批,李文静,初审通过，转院长审批
202300068,其他实践活动,汽车工程学院企业行,技能资格培训·高级,,,2026-06-13,,1.5,通过,李文静,佐证材料完整，予以通过
202300069,前沿学术报告,汽车百家讲坛,第6-10期·汽车空气动力学优化设计,,,2026-07-12,,0.25,通过,李文静,材料齐全，同意认定
202300069,年度创新创业项目,省级·负责人,车载OBD数据采集与驾驶行为分析,,负责人,2024-02-19,2026-06-30,4.0,通过,李文静,符合认定条件，通过
202300069,科技创新竞赛,山东省大学生机电产品创新设计竞赛,,省级·二等奖,第一完成人,2025-10-25,,2.0,通过,李文静,符合认定条件，通过
202300069,创业实践,校园二手书流转平台,创业训练计划·负责人,,负责人,2025-04-22,,3.0,通过,李文静,符合认定条件，通过
202300069,学术论文,基于YOLO的车距保持辅助算法研究,普通期刊·第二作者,,第二作者,2026-07-05,,1.0,通过,李文静,材料齐全，同意认定
202300069,申请专利,一种车载智能空气净化装置,实用新型专利·其他发明人,,其他发明人,2026-02-21,,1.5,通过,李文静,符合认定条件，通过
202300069,其他实践活动,德国亚琛工业大学线上交流项目,技能资格培训·高级,,,2025-05-03,,1.5,通过,李文静,符合认定条件，通过
202300070,前沿学术报告,名家学术讲座,单场·无人驾驶环境感知技术进展,,,2026-03-02,,0.5,通过,李文静,符合认定条件，通过
202300070,年度创新创业项目,校级·负责人,轮胎花纹与湿滑路面制动性能仿真,,负责人,2025-08-28,2026-06-30,2.0,待审核,,
202300070,科技创新竞赛,挑战杯全国大学生课外学术科技作品竞赛,,国家级·三等奖,核心成员,2024-01-27,,1.2,待审核,,
202300070,创业实践,新能源汽车科普工作室,入驻孵化器·负责人,,负责人,2025-09-08,,4.0,待院长审批,李文静,初审通过，转院长审批
202300070,学术论文,基于多目标优化的车身结构轻量化设计,普通期刊·第一作者,,第一作者,2025-06-17,,2.0,待审核,,
202300070,申请专利,一种车载智能空气净化装置,实用新型专利·第一发明人,,第一发明人,2025-06-07,,3.0,通过,李文静,佐证材料完整，予以通过
202300070,其他实践活动,全国大学生汽车科技夏令营,技能资格培训·中级,,,2024-05-19,,1.0,通过,李文静,材料齐全，同意认定
202300071,前沿学术报告,汽车百家讲坛,第6-10期·车载总线与嵌入式系统开发,,,2024-10-01,,0.25,通过,李文静,材料齐全，同意认定
202300071,年度创新创业项目,校级·负责人,基于STM32的智能循迹小车,,负责人,2024-10-21,2026-06-30,2.0,通过,李文静,符合认定条件，通过
202300071,科技创新竞赛,校智能车校内选拔赛,,校级·一等奖,负责人,2026-05-12,,1.0,公示中,李文静,材料齐全，同意认定
202300071,创业实践,新能源汽车科普工作室,入驻孵化器·负责人,,负责人,2026-07-18,,4.0,通过,李文静,佐证材料完整，予以通过
202300071,学术论文,基于深度学习的路面裂缝检测方法研究,国际/国内会议·第二作者,,第二作者,2026-03-11,,2.0,通过,李文静,佐证材料完整，予以通过
202300071,申请专利,一种多功能汽车后备箱收纳架,发明专利·其他发明人,,其他发明人,2026-02-02,,3.0,通过,李文静,符合认定条件，通过
202300071,其他实践活动,暑期高校科学营活动,学术交流访问·境内交流,,,2024-06-26,,1.0,通过,李文静,符合认定条件，通过
202300072,前沿学术报告,汽车百家讲坛,第1-5期·汽车空气动力学优化设计,,,2024-01-01,,0.25,通过,李文静,材料齐全，同意认定
202300072,年度创新创业项目,校级·核心成员,二手车价格预测模型构建,,核心成员,2025-01-10,2026-06-30,1.5,通过,李文静,符合认定条件，通过
202300072,科技创新竞赛,全国大学生节能减排社会实践与科技竞赛,,国家级·三等奖,核心成员,2024-11-23,,1.2,通过,李文静,材料齐全，同意认定
202300072,创业实践,校园二手书流转平台,入驻孵化器·团队成员,,团队成员,2025-12-12,,2.0,待审核,,
202300072,学术论文,混合动力汽车能量管理策略仿真,国际/国内会议·其他作者,,其他作者,2026-02-21,,1.0,通过,李文静,佐证材料完整，予以通过
202300072,申请专利,一种新能源汽车充电枪锁止机构,外观设计专利·第一发明人,,第一发明人,2026-03-20,,2.0,待审核,,
202300072,其他实践活动,全国大学生汽车科技夏令营,技能资格培训·中级,,,2025-07-04,,1.0,通过,李文静,材料齐全，同意认定
202300073,前沿学术报告,汽车百家讲坛,第1-5期·氢能及燃料电池汽车产业展望,,,2026-02-23,,0.25,通过,李文静,符合认定条件，通过
202300073,年度创新创业项目,国家级·核心成员,轮胎花纹与湿滑路面制动性能仿真,,核心成员,2025-11-13,2026-06-30,4.0,待审核,,
202300073,科技创新竞赛,校智能车校内选拔赛,,校级·三等奖,第三完成人,2025-10-19,,0.25,通过,李文静,佐证材料完整，予以通过
202300073,创业实践,二手车检测陪购服务工作室,入驻孵化器·团队成员,,团队成员,2026-08-19,,2.0,通过,李文静,材料齐全，同意认定
202300073,学术论文,基于多目标优化的车身结构轻量化设计,核心期刊·第二作者,,第二作者,2026-06-16,,2.0,通过,李文静,佐证材料完整，予以通过
202300073,申请专利,一种新能源汽车充电枪锁止机构,外观设计专利·第一发明人,,第一发明人,2025-01-20,,2.0,通过,李文静,材料齐全，同意认定
202300073,其他实践活动,汽车工程学院企业行,技能资格培训·中级,,,2026-01-21,,1.0,通过,李文静,佐证材料完整，予以通过
202300074,前沿学术报告,信息科学论坛,第1-5期·车载总线与嵌入式系统开发,,,2025-04-09,,0.25,通过,李文静,材料齐全，同意认定
202300074,年度创新创业项目,省级·核心成员,车载OBD数据采集与驾驶行为分析,,核心成员,2025-03-06,2026-06-30,3.0,待审核,,
202300074,科技创新竞赛,中国国际大学生创新大赛,,国家级·一等奖,负责人,2024-12-27,,6.0,通过,李文静,材料齐全，同意认定
202300074,创业实践,大学生汽车文创工作室,创业训练计划·负责人,,负责人,2025-11-10,,3.0,通过,李文静,材料齐全，同意认定
202300074,学术论文,基于深度学习的路面裂缝检测方法研究,国际/国内会议·其他作者,,其他作者,2025-02-05,,1.0,通过,李文静,材料齐全，同意认定
202300074,申请专利,一种新能源汽车充电枪锁止机构,外观设计专利·其他发明人,,其他发明人,2025-10-26,,1.0,待审核,,
202300074,其他实践活动,智能驾驶技术专题培训,学科冬夏令营·国家级,,,2026-01-28,,2.0,通过,李文静,材料齐全，同意认定
202300075,前沿学术报告,汽车百家讲坛,第6-10期·车载总线与嵌入式系统开发,,,2025-04-09,,0.25,通过,李文静,符合认定条件，通过
202300075,年度创新创业项目,国家级·核心成员,基于深度学习的交通标志识别系统,,核心成员,2025-03-24,2026-06-30,4.0,通过,李文静,材料齐全，同意认定
202300075,科技创新竞赛,全国大学生节能减排社会实践与科技竞赛,,国家级·二等奖,第二完成人,2025-02-11,,2.8,通过,李文静,符合认定条件，通过
202300075,创业实践,智能驾培服务平台,入驻孵化器·团队成员,,团队成员,2025-08-07,,2.0,待院长审批,李文静,初审通过，转院长审批
202300075,学术论文,基于YOLO的车距保持辅助算法研究,国际/国内会议·其他作者,,其他作者,2026-08-07,,1.0,待院长审批,李文静,初审通过，转院长审批
202300075,申请专利,一种基于视觉的后视镜盲区监测装置,外观设计专利·其他发明人,,其他发明人,2025-10-22,,1.0,通过,李文静,佐证材料完整，予以通过
202300075,其他实践活动,暑期高校科学营活动,学术交流访问·出境交流,,,2024-01-24,,2.0,通过,李文静,符合认定条件，通过
202300076,前沿学术报告,汽车百家讲坛,第6-10期·新能源汽车动力总成发展趋势,,,2026-01-13,,0.25,通过,李文静,佐证材料完整，予以通过
202300076,年度创新创业项目,院级·一般成员,基于机器视觉的行人过街检测系统,,一般成员,2025-12-24,2026-06-30,0.5,通过,李文静,材料齐全，同意认定
202300076,科技创新竞赛,全国大学生机械创新设计大赛,,国家级·二等奖,第二完成人,2024-10-09,,2.8,通过,李文静,佐证材料完整，予以通过
202300076,创业实践,新能源汽车科普工作室,创业训练计划·团队成员,,团队成员,2026-03-15,,1.5,公示中,李文静,符合认定条件，通过
202300076,学术论文,低温环境下锂电池充放电特性研究,国际/国内会议·第一作者,,第一作者,2025-08-27,,3.0,公示中,李文静,材料齐全，同意认定
202300076,申请专利,一种多功能汽车后备箱收纳架,发明专利·第一发明人,,第一发明人,2025-06-06,,6.0,通过,李文静,符合认定条件，通过
202300076,其他实践活动,汽车工程学院企业行,学术交流访问·出境交流,,,2024-06-23,,2.0,通过,李文静,符合认定条件，通过
202300077,前沿学术报告,汽车百家讲坛,第11期以后·智能制造与数字化工厂实践,,,2025-05-28,,0.25,通过,李文静,材料齐全，同意认定
202300077,年度创新创业项目,省级·负责人,基于深度学习的交通标志识别系统,,负责人,2024-07-22,2026-06-30,4.0,公示中,李文静,符合认定条件，通过
202300077,科技创新竞赛,山东省大学生机电产品创新设计竞赛,,省级·二等奖,第一完成人,2025-04-17,,2.0,通过,李文静,符合认定条件，通过
202300077,创业实践,大学生汽车文创工作室,注册成立公司·法人代表,,法人代表,2026-04-10,,6.0,通过,李文静,材料齐全，同意认定
202300077,学术论文,电动汽车无线充电耦合机构优化设计,普通期刊·其他作者,,其他作者,2025-12-08,,0.5,通过,李文静,符合认定条件，通过
202300077,申请专利,一种车载智能空气净化装置,实用新型专利·第一发明人,,第一发明人,2026-04-13,,3.0,通过,李文静,佐证材料完整，予以通过
202300077,其他实践活动,汽车工程学院企业行,学科冬夏令营·国家级,,,2025-07-21,,2.0,通过,李文静,佐证材料完整，予以通过
202300078,前沿学术报告,汽车百家讲坛,第6-10期·汽车空气动力学优化设计,,,2024-10-01,,0.25,待审核,,
202300078,年度创新创业项目,省级·负责人,车载OBD数据采集与驾驶行为分析,,负责人,2024-08-16,2026-06-30,4.0,待审核,,
202300078,科技创新竞赛,中国国际大学生创新大赛,,国家级·二等奖,第一完成人,2024-05-16,,4.0,通过,李文静,佐证材料完整，予以通过
202300078,创业实践,校内共享打印服务站,创业训练计划·团队成员,,团队成员,2025-11-18,,1.5,通过,李文静,佐证材料完整，予以通过
202300078,学术论文,燃料电池汽车氢气循环系统特性分析,普通期刊·其他作者,,其他作者,2026-04-12,,0.5,通过,李文静,符合认定条件，通过
202300078,申请专利,一种新能源汽车充电枪锁止机构,发明专利·其他发明人,,其他发明人,2026-07-14,,3.0,通过,李文静,符合认定条件，通过
202300078,其他实践活动,暑期高校科学营活动,学科冬夏令营·省级,,,2025-01-01,,1.0,待审核,,
202300079,前沿学术报告,名家学术讲座,单场·汽车空气动力学优化设计,,,2026-01-05,,0.5,待审核,,
202300079,年度创新创业项目,省级·负责人,氢燃料电池汽车散热性能仿真分析,,负责人,2025-08-22,2026-06-30,4.0,通过,李文静,材料齐全，同意认定
202300079,科技创新竞赛,中国国际大学生创新大赛,,国家级·一等奖,第一完成人,2024-12-07,,6.0,待院长审批,李文静,初审通过，转院长审批
202300079,创业实践,校内共享打印服务站,入驻孵化器·团队成员,,团队成员,2025-10-27,,2.0,通过,李文静,佐证材料完整，予以通过
202300079,学术论文,低温环境下锂电池充放电特性研究,核心期刊·第一作者,,第一作者,2026-04-01,,4.0,通过,李文静,材料齐全，同意认定
202300079,申请专利,一种新能源汽车充电枪锁止机构,外观设计专利·第一发明人,,第一发明人,2026-04-02,,2.0,通过,李文静,材料齐全，同意认定
202300079,其他实践活动,全国大学生汽车科技夏令营,学术交流访问·境内交流,,,2026-04-13,,1.0,通过,李文静,材料齐全，同意认定
202300080,前沿学术报告,名家学术讲座,单场·无人驾驶环境感知技术进展,,,2026-06-08,,0.5,通过,李文静,材料齐全，同意认定
202300080,年度创新创业项目,省级·一般成员,汽车内饰件轻量化设计,,一般成员,2024-03-03,2026-06-30,1.5,通过,李文静,材料齐全，同意认定
202300080,科技创新竞赛,全国大学生节能减排社会实践与科技竞赛,,国家级·三等奖,第三完成人,2025-04-04,,1.0,通过,李文静,佐证材料完整，予以通过
202300080,创业实践,校园二手书流转平台,入驻孵化器·负责人,,负责人,2025-06-06,,4.0,公示中,李文静,佐证材料完整，予以通过
202300080,学术论文,电动汽车无线充电耦合机构优化设计,核心期刊·第二作者,,第二作者,2026-01-22,,2.0,通过,李文静,符合认定条件，通过
202300080,申请专利,一种多功能汽车后备箱收纳架,外观设计专利·第一发明人,,第一发明人,2025-01-21,,2.0,通过,李文静,佐证材料完整，予以通过
202300080,其他实践活动,德国亚琛工业大学线上交流项目,学术交流访问·境内交流,,,2026-07-09,,1.0,通过,李文静,材料齐全，同意认定
202300081,前沿学术报告,汽车百家讲坛,第11期以后·汽车空气动力学优化设计,,,2026-05-20,,0.25,通过,李文静,佐证材料完整，予以通过
202300081,年度创新创业项目,校级·一般成员,二手车价格预测模型构建,,一般成员,2024-10-23,2026-06-30,1.0,通过,李文静,符合认定条件，通过
202300081,科技创新竞赛,挑战杯全国大学生课外学术科技作品竞赛,,国家级·二等奖,负责人,2026-04-15,,4.0,待审核,,
202300081,创业实践,智能驾培服务平台,入驻孵化器·团队成员,,团队成员,2026-08-12,,2.0,待院长审批,李文静,初审通过，转院长审批
202300081,学术论文,基于深度学习的路面裂缝检测方法研究,普通期刊·第二作者,,第二作者,2025-05-04,,1.0,通过,李文静,佐证材料完整，予以通过
202300081,申请专利,一种可调节角度的车载平板支架,实用新型专利·其他发明人,,其他发明人,2025-11-24,,1.5,待审核,,
202300081,其他实践活动,智能驾驶技术专题培训,技能资格培训·中级,,,2024-07-18,,1.0,公示中,李文静,材料齐全，同意认定
202300082,前沿学术报告,名家学术讲座,单场·汽车芯片与域控制器架构,,,2026-07-26,,0.5,通过,李文静,佐证材料完整，予以通过
202300082,年度创新创业项目,院级·一般成员,新能源汽车电池热管理优化研究,,一般成员,2025-07-11,2026-06-30,0.5,通过,李文静,符合认定条件，通过
202300082,科技创新竞赛,山东省大学生机电产品创新设计竞赛,,省级·一等奖,负责人,2026-04-25,,3.0,通过,李文静,材料齐全，同意认定
202300082,创业实践,智能驾培服务平台,注册成立公司·团队成员,,团队成员,2026-03-15,,2.0,通过,李文静,符合认定条件，通过
202300082,学术论文,混合动力汽车能量管理策略仿真,国际/国内会议·第一作者,,第一作者,2025-02-01,,3.0,通过,李文静,佐证材料完整，予以通过
202300082,申请专利,一种车载智能空气净化装置,实用新型专利·第一发明人,,第一发明人,2025-09-20,,3.0,通过,李文静,材料齐全，同意认定
202300082,其他实践活动,智能驾驶技术专题培训,学科冬夏令营·校级,,,2025-05-22,,0.5,通过,李文静,符合认定条件，通过
202300083,前沿学术报告,信息科学论坛,第1-5期·智能制造与数字化工厂实践,,,2026-04-24,,0.25,待审核,,
202300083,年度创新创业项目,省级·核心成员,车载OBD数据采集与驾驶行为分析,,核心成员,2024-03-16,2026-06-30,3.0,公示中,李文静,佐证材料完整，予以通过
202300083,科技创新竞赛,全国大学生机械创新设计大赛,,省级·三等奖,第三完成人,2024-01-28,,0.5,通过,李文静,符合认定条件，通过
202300083,创业实践,二手车检测陪购服务工作室,入驻孵化器·负责人,,负责人,2025-11-04,,4.0,通过,李文静,符合认定条件，通过
202300083,学术论文,燃料电池汽车氢气循环系统特性分析,普通期刊·第二作者,,第二作者,2026-01-18,,1.0,通过,李文静,佐证材料完整，予以通过
202300083,申请专利,一种新能源汽车充电枪锁止机构,外观设计专利·第一发明人,,第一发明人,2026-02-10,,2.0,通过,李文静,符合认定条件，通过
202300083,其他实践活动,汽车工程学院企业行,技能资格培训·中级,,,2026-04-21,,1.0,通过,李文静,材料齐全，同意认定
202300084,前沿学术报告,汽车百家讲坛,第11期以后·新能源汽车动力总成发展趋势,,,2024-05-13,,0.25,通过,李文静,符合认定条件，通过
202300084,年度创新创业项目,校级·负责人,轮胎花纹与湿滑路面制动性能仿真,,负责人,2024-01-20,2026-06-30,2.0,通过,李文静,符合认定条件，通过
202300084,科技创新竞赛,校智能车校内选拔赛,,校级·二等奖,第二完成人,2025-09-02,,0.35,通过,李文静,佐证材料完整，予以通过
202300084,创业实践,二手车检测陪购服务工作室,注册成立公司·团队成员,,团队成员,2026-08-19,,2.0,通过,李文静,佐证材料完整，予以通过
202300084,学术论文,基于深度学习的路面裂缝检测方法研究,国际/国内会议·第二作者,,第二作者,2026-03-10,,2.0,通过,李文静,佐证材料完整，予以通过
202300084,申请专利,一种电动汽车电池包液冷结构,实用新型专利·第一发明人,,第一发明人,2025-11-21,,3.0,通过,李文静,材料齐全，同意认定
202300084,其他实践活动,智能驾驶技术专题培训,学术交流访问·出境交流,,,2025-04-22,,2.0,通过,李文静,材料齐全，同意认定
202300085,前沿学术报告,名家学术讲座,单场·智能网联汽车技术前沿,,,2026-07-20,,0.5,通过,李文静,佐证材料完整，予以通过
202300085,年度创新创业项目,国家级·核心成员,轮胎花纹与湿滑路面制动性能仿真,,核心成员,2024-01-23,2026-06-30,4.0,待审核,,
202300085,科技创新竞赛,全国大学生智能汽车竞赛,,国家级·三等奖,第二完成人,2026-04-04,,1.4,通过,李文静,材料齐全，同意认定
202300085,创业实践,大学生汽车文创工作室,注册成立公司·法人代表,,法人代表,2026-05-21,,6.0,通过,李文静,材料齐全，同意认定
202300085,学术论文,基于多目标优化的车身结构轻量化设计,核心期刊·第二作者,,第二作者,2025-08-10,,2.0,通过,李文静,符合认定条件，通过
202300085,申请专利,一种可调节角度的车载平板支架,外观设计专利·第一发明人,,第一发明人,2025-01-25,,2.0,通过,李文静,符合认定条件，通过
202300085,其他实践活动,德国亚琛工业大学线上交流项目,学术交流访问·境内交流,,,2024-03-08,,1.0,通过,李文静,佐证材料完整，予以通过
202300086,前沿学术报告,名家学术讲座,单场·智能网联汽车技术前沿,,,2026-06-03,,0.5,待审核,,
202300086,年度创新创业项目,校级·负责人,智能导览机器人设计与实现,,负责人,2025-05-27,2026-06-30,2.0,待审核,,
202300086,科技创新竞赛,中国国际大学生创新大赛,,国家级·二等奖,第三完成人,2024-03-05,,2.0,通过,李文静,符合认定条件，通过
202300086,创业实践,校内共享打印服务站,注册成立公司·合伙人,,合伙人,2026-01-28,,4.0,通过,李文静,符合认定条件，通过
202300086,学术论文,基于多目标优化的车身结构轻量化设计,国际/国内会议·其他作者,,其他作者,2026-03-28,,1.0,待审核,,
202300086,申请专利,一种电动汽车电池包液冷结构,实用新型专利·第一发明人,,第一发明人,2025-10-01,,3.0,通过,李文静,佐证材料完整，予以通过
202300086,其他实践活动,德国亚琛工业大学线上交流项目,学科冬夏令营·校级,,,2025-01-20,,0.5,通过,李文静,材料齐全，同意认定
202300087,前沿学术报告,名家学术讲座,单场·动力电池热管理关键技术,,,2026-07-17,,0.5,通过,李文静,符合认定条件，通过
202300087,年度创新创业项目,院级·核心成员,智能导览机器人设计与实现,,核心成员,2025-06-15,2026-06-30,0.5,通过,李文静,符合认定条件，通过
202300087,科技创新竞赛,全国大学生节能减排社会实践与科技竞赛,,国家级·三等奖,第三完成人,2025-01-08,,1.0,待院长审批,李文静,初审通过，转院长审批
202300087,创业实践,二手车检测陪购服务工作室,注册成立公司·合伙人,,合伙人,2026-07-05,,4.0,通过,李文静,佐证材料完整，予以通过
202300087,学术论文,基于深度学习的路面裂缝检测方法研究,国际/国内会议·第一作者,,第一作者,2026-03-05,,3.0,通过,李文静,符合认定条件，通过
202300087,申请专利,一种车载智能空气净化装置,外观设计专利·其他发明人,,其他发明人,2026-08-03,,1.0,通过,李文静,佐证材料完整，予以通过
202300087,其他实践活动,全国大学生汽车科技夏令营,技能资格培训·初级,,,2025-11-11,,0.5,通过,李文静,佐证材料完整，予以通过
202300088,前沿学术报告,汽车百家讲坛,第1-5期·汽车轻量化设计与新材料应用,,,2025-07-02,,0.25,通过,李文静,佐证材料完整，予以通过
202300088,年度创新创业项目,省级·核心成员,氢燃料电池汽车散热性能仿真分析,,核心成员,2025-01-17,2026-06-30,3.0,通过,李文静,材料齐全，同意认定
202300088,科技创新竞赛,全国大学生数学建模竞赛,,国家级·三等奖,第一完成人,2026-06-01,,2.0,待审核,,
202300088,创业实践,校园二手书流转平台,注册成立公司·合伙人,,合伙人,2025-09-09,,4.0,通过,李文静,符合认定条件，通过
202300088,学术论文,燃料电池汽车氢气循环系统特性分析,普通期刊·第二作者,,第二作者,2026-03-22,,1.0,通过,李文静,材料齐全，同意认定
202300088,申请专利,一种车载智能空气净化装置,发明专利·其他发明人,,其他发明人,2025-07-07,,3.0,待院长审批,李文静,初审通过，转院长审批
202300088,其他实践活动,德国亚琛工业大学线上交流项目,学科冬夏令营·校级,,,2026-07-17,,0.5,通过,李文静,材料齐全，同意认定
202300089,前沿学术报告,信息科学论坛,第6期以后·汽车轻量化设计与新材料应用,,,2025-12-19,,0.25,待审核,,
202300089,年度创新创业项目,校级·一般成员,二手车价格预测模型构建,,一般成员,2025-03-19,2026-06-30,1.0,通过,李文静,符合认定条件，通过
202300089,科技创新竞赛,挑战杯全国大学生课外学术科技作品竞赛,,国家级·二等奖,第三完成人,2024-07-23,,2.0,待审核,,
202300089,创业实践,大学生汽车文创工作室,注册成立公司·法人代表,,法人代表,2026-06-18,,6.0,通过,李文静,材料齐全，同意认定
202300089,学术论文,基于多目标优化的车身结构轻量化设计,国际/国内会议·第一作者,,第一作者,2026-01-13,,3.0,待院长审批,李文静,初审通过，转院长审批
202300089,申请专利,一种新能源汽车充电枪锁止机构,实用新型专利·第一发明人,,第一发明人,2025-11-05,,3.0,通过,李文静,材料齐全，同意认定
202300089,其他实践活动,智能驾驶技术专题培训,技能资格培训·初级,,,2025-04-25,,0.5,通过,李文静,佐证材料完整，予以通过
202300090,前沿学术报告,汽车百家讲坛,第11期以后·智能制造与数字化工厂实践,,,2026-05-20,,0.25,通过,李文静,佐证材料完整，予以通过
202300090,年度创新创业项目,院级·核心成员,轮胎花纹与湿滑路面制动性能仿真,,核心成员,2025-06-26,2026-06-30,0.5,通过,李文静,符合认定条件，通过
202300090,科技创新竞赛,中国大学生方程式汽车大赛,,国家级·一等奖,第三完成人,2024-07-25,,3.0,通过,李文静,符合认定条件，通过
202300090,创业实践,二手车检测陪购服务工作室,注册成立公司·合伙人,,合伙人,2025-07-20,,4.0,通过,李文静,材料齐全，同意认定
202300090,学术论文,低温环境下锂电池充放电特性研究,国际/国内会议·第一作者,,第一作者,2025-06-24,,3.0,通过,李文静,材料齐全，同意认定
202300090,申请专利,一种电动汽车电池包液冷结构,实用新型专利·其他发明人,,其他发明人,2026-06-14,,1.5,通过,李文静,符合认定条件，通过
202300090,其他实践活动,暑期高校科学营活动,学科冬夏令营·校级,,,2024-04-18,,0.5,通过,李文静,符合认定条件，通过
202300091,前沿学术报告,名家学术讲座,单场·汽车芯片与域控制器架构,,,2026-03-03,,0.5,通过,李文静,符合认定条件，通过
202300091,年度创新创业项目,校级·一般成员,轮胎花纹与湿滑路面制动性能仿真,,一般成员,2025-10-16,2026-06-30,1.0,通过,李文静,符合认定条件，通过
202300091,科技创新竞赛,校智能车校内选拔赛,,校级·一等奖,第三完成人,2024-01-26,,0.5,通过,李文静,材料齐全，同意认定
202300091,创业实践,校内共享打印服务站,注册成立公司·团队成员,,团队成员,2026-01-12,,2.0,通过,李文静,材料齐全，同意认定
202300091,学术论文,基于多目标优化的车身结构轻量化设计,国际/国内会议·第二作者,,第二作者,2025-06-02,,2.0,通过,李文静,材料齐全，同意认定
202300091,申请专利,一种新能源汽车充电枪锁止机构,实用新型专利·其他发明人,,其他发明人,2026-04-21,,1.5,通过,李文静,材料齐全，同意认定
202300091,其他实践活动,暑期高校科学营活动,技能资格培训·中级,,,2025-08-02,,1.0,通过,李文静,材料齐全，同意认定
202300092,前沿学术报告,名家学术讲座,单场·动力电池热管理关键技术,,,2024-11-04,,0.5,待审核,,
202300092,年度创新创业项目,省级·负责人,校园共享电动车调度优化研究,,负责人,2024-04-10,2026-06-30,4.0,通过,李文静,符合认定条件，通过
202300092,科技创新竞赛,中国国际大学生创新大赛,,省级·二等奖,核心成员,2024-06-01,,1.2,通过,李文静,佐证材料完整，予以通过
202300092,创业实践,二手车检测陪购服务工作室,创业训练计划·负责人,,负责人,2025-03-26,,3.0,待审核,,
202300092,学术论文,基于YOLO的车距保持辅助算法研究,国际/国内会议·第二作者,,第二作者,2025-07-21,,2.0,公示中,李文静,材料齐全，同意认定
202300092,申请专利,一种多功能汽车后备箱收纳架,实用新型专利·第一发明人,,第一发明人,2026-01-04,,3.0,通过,李文静,佐证材料完整，予以通过
202300092,其他实践活动,暑期高校科学营活动,技能资格培训·高级,,,2025-09-13,,1.5,待审核,,
202300093,前沿学术报告,信息科学论坛,第1-5期·无人驾驶环境感知技术进展,,,2025-09-21,,0.25,通过,李文静,符合认定条件，通过
202300093,年度创新创业项目,校级·核心成员,车载OBD数据采集与驾驶行为分析,,核心成员,2024-02-06,2026-06-30,1.5,公示中,李文静,符合认定条件，通过
202300093,科技创新竞赛,挑战杯全国大学生课外学术科技作品竞赛,,国家级·三等奖,第一完成人,2025-10-07,,2.0,通过,李文静,符合认定条件，通过
202300093,创业实践,大学生汽车文创工作室,注册成立公司·团队成员,,团队成员,2026-05-23,,2.0,通过,李文静,符合认定条件，通过
202300093,学术论文,电动汽车无线充电耦合机构优化设计,国际/国内会议·第一作者,,第一作者,2026-05-11,,3.0,通过,李文静,符合认定条件，通过
202300093,申请专利,一种电动汽车电池包液冷结构,实用新型专利·其他发明人,,其他发明人,2026-06-17,,1.5,待审核,,
202300093,其他实践活动,汽车工程学院企业行,技能资格培训·初级,,,2026-02-20,,0.5,通过,李文静,材料齐全，同意认定
202300094,前沿学术报告,汽车百家讲坛,第11期以后·车载总线与嵌入式系统开发,,,2025-05-22,,0.25,通过,李文静,符合认定条件，通过
202300094,年度创新创业项目,院级·一般成员,基于机器视觉的行人过街检测系统,,一般成员,2025-08-12,2026-06-30,0.5,通过,李文静,佐证材料完整，予以通过
202300094,科技创新竞赛,全国大学生数学建模竞赛,,省级·二等奖,第二完成人,2026-06-25,,1.4,待院长审批,李文静,初审通过，转院长审批
202300094,创业实践,校园二手书流转平台,注册成立公司·团队成员,,团队成员,2026-05-03,,2.0,通过,李文静,符合认定条件，通过
202300094,学术论文,混合动力汽车能量管理策略仿真,普通期刊·第一作者,,第一作者,2025-09-12,,2.0,通过,李文静,符合认定条件，通过
202300094,申请专利,一种多功能汽车后备箱收纳架,实用新型专利·第一发明人,,第一发明人,2025-07-13,,3.0,通过,李文静,符合认定条件，通过
202300094,其他实践活动,全国大学生汽车科技夏令营,学科冬夏令营·国家级,,,2024-02-03,,2.0,通过,李文静,佐证材料完整，予以通过
202300095,前沿学术报告,汽车百家讲坛,第1-5期·动力电池热管理关键技术,,,2025-09-12,,0.25,通过,李文静,佐证材料完整，予以通过
202300095,年度创新创业项目,省级·负责人,轮胎花纹与湿滑路面制动性能仿真,,负责人,2024-04-25,2026-06-30,4.0,通过,李文静,符合认定条件，通过
202300095,科技创新竞赛,中国国际大学生创新大赛,,国家级·一等奖,核心成员,2026-06-16,,3.6,通过,李文静,材料齐全，同意认定
202300095,创业实践,校园二手书流转平台,创业训练计划·负责人,,负责人,2026-03-21,,3.0,通过,李文静,佐证材料完整，予以通过
202300095,学术论文,基于YOLO的车距保持辅助算法研究,国际/国内会议·第二作者,,第二作者,2025-10-10,,2.0,通过,李文静,符合认定条件，通过
202300095,申请专利,一种电动汽车电池包液冷结构,实用新型专利·第一发明人,,第一发明人,2025-10-21,,3.0,通过,李文静,佐证材料完整，予以通过
202300095,其他实践活动,暑期高校科学营活动,学术交流访问·出境交流,,,2024-12-05,,2.0,通过,李文静,佐证材料完整，予以通过
202300096,前沿学术报告,信息科学论坛,第1-5期·氢能及燃料电池汽车产业展望,,,2026-03-23,,0.25,通过,李文静,材料齐全，同意认定
202300096,年度创新创业项目,省级·负责人,基于深度学习的交通标志识别系统,,负责人,2024-01-07,2026-06-30,4.0,待审核,,
202300096,科技创新竞赛,挑战杯全国大学生课外学术科技作品竞赛,,国家级·一等奖,第二完成人,2026-08-01,,4.2,通过,李文静,材料齐全，同意认定
202300096,创业实践,智能驾培服务平台,入驻孵化器·团队成员,,团队成员,2026-04-19,,2.0,待院长审批,李文静,初审通过，转院长审批
202300096,学术论文,汽车主动悬架半主动控制策略仿真,核心期刊·第二作者,,第二作者,2025-08-14,,2.0,通过,李文静,佐证材料完整，予以通过
202300096,申请专利,一种可调节角度的车载平板支架,实用新型专利·其他发明人,,其他发明人,2026-07-20,,1.5,待审核,,
202300096,其他实践活动,暑期高校科学营活动,学术交流访问·出境交流,,,2024-08-06,,2.0,通过,李文静,佐证材料完整，予以通过
202300097,前沿学术报告,汽车百家讲坛,第6-10期·无人驾驶环境感知技术进展,,,2026-02-07,,0.25,通过,李文静,材料齐全，同意认定
202300097,年度创新创业项目,省级·核心成员,新能源汽车电池热管理优化研究,,核心成员,2025-10-21,2026-06-30,3.0,待审核,,
202300097,科技创新竞赛,全国大学生智能汽车竞赛,,省级·二等奖,核心成员,2024-12-02,,1.2,通过,李文静,材料齐全，同意认定
202300097,创业实践,校园二手书流转平台,创业训练计划·负责人,,负责人,2025-06-03,,3.0,通过,李文静,材料齐全，同意认定
202300097,学术论文,混合动力汽车能量管理策略仿真,核心期刊·第二作者,,第二作者,2026-05-17,,2.0,通过,李文静,符合认定条件，通过
202300097,申请专利,一种可调节角度的车载平板支架,发明专利·第一发明人,,第一发明人,2025-10-13,,6.0,通过,李文静,材料齐全，同意认定
202300097,其他实践活动,汽车工程学院企业行,技能资格培训·高级,,,2025-05-11,,1.5,通过,李文静,佐证材料完整，予以通过
202300098,前沿学术报告,汽车百家讲坛,第11期以后·无人驾驶环境感知技术进展,,,2026-08-07,,0.25,通过,李文静,佐证材料完整，予以通过
202300098,年度创新创业项目,校级·一般成员,二手车价格预测模型构建,,一般成员,2024-05-08,2026-06-30,1.0,通过,李文静,材料齐全，同意认定
202300098,科技创新竞赛,中国国际大学生创新大赛,,国家级·三等奖,第一完成人,2026-03-25,,2.0,通过,李文静,材料齐全，同意认定
202300098,创业实践,二手车检测陪购服务工作室,创业训练计划·团队成员,,团队成员,2025-11-03,,1.5,公示中,李文静,符合认定条件，通过
202300098,学术论文,基于多目标优化的车身结构轻量化设计,SCI/EI 收录·第二作者,,第二作者,2025-03-14,,4.0,通过,李文静,材料齐全，同意认定
202300098,申请专利,一种多功能汽车后备箱收纳架,实用新型专利·第一发明人,,第一发明人,2026-03-27,,3.0,通过,李文静,材料齐全，同意认定
202300098,其他实践活动,汽车工程学院企业行,学术交流访问·境内交流,,,2025-08-07,,1.0,通过,李文静,佐证材料完整，予以通过
202300099,前沿学术报告,汽车百家讲坛,第1-5期·汽车空气动力学优化设计,,,2025-05-21,,0.25,通过,李文静,符合认定条件，通过
202300099,年度创新创业项目,省级·一般成员,轮胎花纹与湿滑路面制动性能仿真,,一般成员,2025-12-24,2026-06-30,1.5,通过,李文静,佐证材料完整，予以通过
202300099,科技创新竞赛,全国大学生智能汽车竞赛,,省级·二等奖,第一完成人,2024-07-13,,2.0,公示中,李文静,符合认定条件，通过
202300099,创业实践,校园二手书流转平台,入驻孵化器·团队成员,,团队成员,2026-04-02,,2.0,待审核,,
202300099,学术论文,汽车主动悬架半主动控制策略仿真,SCI/EI 收录·第一作者,,第一作者,2025-05-09,,6.0,待审核,,
202300099,申请专利,一种车载智能空气净化装置,实用新型专利·其他发明人,,其他发明人,2026-02-16,,1.5,通过,李文静,材料齐全，同意认定
202300099,其他实践活动,汽车造型设计工作坊,技能资格培训·初级,,,2026-05-27,,0.5,通过,李文静,佐证材料完整，予以通过
202300100,前沿学术报告,汽车百家讲坛,第1-5期·氢能及燃料电池汽车产业展望,,,2025-07-03,,0.25,通过,李文静,佐证材料完整，予以通过
202300100,年度创新创业项目,校级·一般成员,轮胎花纹与湿滑路面制动性能仿真,,一般成员,2025-12-05,2026-06-30,1.0,通过,李文静,符合认定条件，通过
202300100,科技创新竞赛,挑战杯全国大学生课外学术科技作品竞赛,,国家级·二等奖,第一完成人,2024-05-26,,4.0,通过,李文静,佐证材料完整，予以通过
202300100,创业实践,校园二手书流转平台,入驻孵化器·团队成员,,团队成员,2025-02-06,,2.0,公示中,李文静,符合认定条件，通过
202300100,学术论文,燃料电池汽车氢气循环系统特性分析,国际/国内会议·第一作者,,第一作者,2025-03-04,,3.0,待审核,,
202300100,申请专利,一种多功能汽车后备箱收纳架,实用新型专利·第一发明人,,第一发明人,2026-03-11,,3.0,待审核,,
202300100,其他实践活动,汽车造型设计工作坊,学术交流访问·境内交流,,,2025-06-27,,1.0,通过,李文静,佐证材料完整，予以通过
202300101,前沿学术报告,汽车百家讲坛,第6-10期·汽车空气动力学优化设计,,,2025-02-22,,0.25,通过,李文静,材料齐全，同意认定
202300101,年度创新创业项目,校级·一般成员,轮胎花纹与湿滑路面制动性能仿真,,一般成员,2024-04-08,2026-06-30,1.0,通过,李文静,材料齐全，同意认定
202300101,科技创新竞赛,全国大学生数学建模竞赛,,国家级·三等奖,负责人,2026-06-15,,2.0,待审核,,
202300101,创业实践,新能源汽车科普工作室,创业训练计划·负责人,,负责人,2025-08-27,,3.0,通过,李文静,佐证材料完整，予以通过
202300101,学术论文,基于YOLO的车距保持辅助算法研究,普通期刊·第二作者,,第二作者,2025-06-20,,1.0,通过,李文静,材料齐全，同意认定
202300101,申请专利,一种可调节角度的车载平板支架,实用新型专利·其他发明人,,其他发明人,2025-07-26,,1.5,通过,李文静,材料齐全，同意认定
202300101,其他实践活动,智能驾驶技术专题培训,技能资格培训·初级,,,2025-10-22,,0.5,公示中,李文静,佐证材料完整，予以通过
202300102,前沿学术报告,汽车百家讲坛,第11期以后·智能网联汽车技术前沿,,,2024-04-21,,0.25,通过,李文静,佐证材料完整，予以通过
202300102,年度创新创业项目,校级·核心成员,基于STM32的智能循迹小车,,核心成员,2024-01-11,2026-06-30,1.5,待审核,,
202300102,科技创新竞赛,校智能车校内选拔赛,,校级·二等奖,第三完成人,2026-02-08,,0.25,通过,李文静,符合认定条件，通过
202300102,创业实践,大学生汽车文创工作室,入驻孵化器·团队成员,,团队成员,2026-04-28,,2.0,通过,李文静,材料齐全，同意认定
202300102,学术论文,燃料电池汽车氢气循环系统特性分析,核心期刊·其他作者,,其他作者,2025-06-19,,1.0,通过,李文静,材料齐全，同意认定
202300102,申请专利,一种多功能汽车后备箱收纳架,发明专利·第一发明人,,第一发明人,2025-01-27,,6.0,待院长审批,李文静,初审通过，转院长审批
202300102,其他实践活动,德国亚琛工业大学线上交流项目,学术交流访问·出境交流,,,2024-12-28,,2.0,通过,李文静,材料齐全，同意认定
202300103,前沿学术报告,信息科学论坛,第1-5期·汽车芯片与域控制器架构,,,2026-08-28,,0.25,通过,李文静,佐证材料完整，予以通过
202300103,年度创新创业项目,校级·一般成员,氢燃料电池汽车散热性能仿真分析,,一般成员,2025-06-13,2026-06-30,1.0,通过,李文静,符合认定条件，通过
202300103,科技创新竞赛,全国大学生智能汽车竞赛,,国家级·二等奖,第三完成人,2024-11-06,,2.0,通过,李文静,符合认定条件，通过
202300103,创业实践,智能驾培服务平台,入驻孵化器·负责人,,负责人,2026-04-22,,4.0,待审核,,
202300103,学术论文,电动汽车无线充电耦合机构优化设计,SCI/EI 收录·第一作者,,第一作者,2025-02-23,,6.0,通过,李文静,佐证材料完整，予以通过
202300103,申请专利,一种基于视觉的后视镜盲区监测装置,实用新型专利·第一发明人,,第一发明人,2026-06-18,,3.0,通过,李文静,符合认定条件，通过
202300103,其他实践活动,智能驾驶技术专题培训,学术交流访问·出境交流,,,2024-09-28,,2.0,待审核,,
202300104,前沿学术报告,汽车百家讲坛,第1-5期·汽车空气动力学优化设计,,,2024-06-15,,0.25,通过,李文静,材料齐全，同意认定
202300104,年度创新创业项目,校级·负责人,二手车价格预测模型构建,,负责人,2024-03-26,2026-06-30,2.0,通过,李文静,符合认定条件，通过
202300104,科技创新竞赛,校智能车校内选拔赛,,校级·三等奖,第三完成人,2024-02-21,,0.25,通过,李文静,材料齐全，同意认定
202300104,创业实践,大学生汽车文创工作室,注册成立公司·团队成员,,团队成员,2026-04-13,,2.0,通过,李文静,符合认定条件，通过
202300104,学术论文,基于深度学习的路面裂缝检测方法研究,国际/国内会议·第一作者,,第一作者,2025-12-05,,3.0,待审核,,
202300104,申请专利,一种电动汽车电池包液冷结构,外观设计专利·其他发明人,,其他发明人,2025-10-12,,1.0,待院长审批,李文静,初审通过，转院长审批
202300104,其他实践活动,德国亚琛工业大学线上交流项目,技能资格培训·高级,,,2024-10-11,,1.5,通过,李文静,佐证材料完整，予以通过
202300105,前沿学术报告,名家学术讲座,单场·车载总线与嵌入式系统开发,,,2024-07-03,,0.5,通过,李文静,符合认定条件，通过
202300105,年度创新创业项目,校级·负责人,太阳能小车能量管理策略研究,,负责人,2024-10-10,2026-06-30,2.0,通过,李文静,符合认定条件，通过
202300105,科技创新竞赛,全国大学生节能减排社会实践与科技竞赛,,国家级·一等奖,第三完成人,2024-09-08,,3.0,通过,李文静,材料齐全，同意认定
202300105,创业实践,校园二手书流转平台,入驻孵化器·团队成员,,团队成员,2026-03-23,,2.0,通过,李文静,佐证材料完整，予以通过
202300105,学术论文,燃料电池汽车氢气循环系统特性分析,普通期刊·第一作者,,第一作者,2025-10-10,,2.0,待审核,,
202300105,申请专利,一种多功能汽车后备箱收纳架,外观设计专利·其他发明人,,其他发明人,2025-05-04,,1.0,通过,李文静,佐证材料完整，予以通过
202300105,其他实践活动,暑期高校科学营活动,技能资格培训·高级,,,2024-08-16,,1.5,通过,李文静,佐证材料完整，予以通过
202300106,前沿学术报告,名家学术讲座,单场·汽车芯片与域控制器架构,,,2025-06-20,,0.5,通过,李文静,材料齐全，同意认定
202300106,年度创新创业项目,校级·核心成员,轮胎花纹与湿滑路面制动性能仿真,,核心成员,2024-02-21,2026-06-30,1.5,通过,李文静,符合认定条件，通过
202300106,科技创新竞赛,全国大学生智能汽车竞赛,,省级·二等奖,第二完成人,2026-03-18,,1.4,通过,李文静,符合认定条件，通过
202300106,创业实践,大学生汽车文创工作室,入驻孵化器·负责人,,负责人,2026-02-02,,4.0,通过,李文静,材料齐全，同意认定
202300106,学术论文,基于多目标优化的车身结构轻量化设计,普通期刊·第一作者,,第一作者,2026-07-17,,2.0,通过,李文静,符合认定条件，通过
202300106,申请专利,一种基于视觉的后视镜盲区监测装置,实用新型专利·其他发明人,,其他发明人,2025-07-05,,1.5,通过,李文静,佐证材料完整，予以通过
202300106,其他实践活动,汽车造型设计工作坊,学科冬夏令营·校级,,,2024-05-15,,0.5,通过,李文静,符合认定条件，通过
202300107,前沿学术报告,名家学术讲座,单场·车载总线与嵌入式系统开发,,,2024-04-27,,0.5,通过,李文静,符合认定条件，通过
202300107,年度创新创业项目,省级·一般成员,太阳能小车能量管理策略研究,,一般成员,2025-08-17,2026-06-30,1.5,通过,李文静,材料齐全，同意认定
202300107,科技创新竞赛,中国大学生方程式汽车大赛,,国家级·三等奖,第一完成人,2026-08-22,,2.0,通过,李文静,材料齐全，同意认定
202300107,创业实践,大学生汽车文创工作室,入驻孵化器·负责人,,负责人,2025-03-22,,4.0,待审核,,
202300107,学术论文,电动汽车无线充电耦合机构优化设计,SCI/EI 收录·其他作者,,其他作者,2026-07-20,,2.0,待院长审批,李文静,初审通过，转院长审批
202300107,申请专利,一种基于视觉的后视镜盲区监测装置,外观设计专利·其他发明人,,其他发明人,2026-08-01,,1.0,通过,李文静,佐证材料完整，予以通过
202300107,其他实践活动,德国亚琛工业大学线上交流项目,学科冬夏令营·省级,,,2025-06-01,,1.0,通过,李文静,材料齐全，同意认定
202300108,前沿学术报告,名家学术讲座,单场·智能网联汽车技术前沿,,,2025-08-02,,0.5,通过,李文静,材料齐全，同意认定
202300108,年度创新创业项目,院级·负责人,基于STM32的智能循迹小车,,负责人,2025-06-07,2026-06-30,1.0,通过,李文静,材料齐全，同意认定
202300108,科技创新竞赛,挑战杯全国大学生课外学术科技作品竞赛,,国家级·三等奖,负责人,2025-01-28,,2.0,通过,李文静,佐证材料完整，予以通过
202300108,创业实践,校内共享打印服务站,入驻孵化器·负责人,,负责人,2025-10-14,,4.0,通过,李文静,符合认定条件，通过
202300108,学术论文,基于YOLO的车距保持辅助算法研究,普通期刊·第一作者,,第一作者,2025-12-19,,2.0,通过,李文静,材料齐全，同意认定
202300108,申请专利,一种车载智能空气净化装置,实用新型专利·第一发明人,,第一发明人,2025-07-27,,3.0,通过,李文静,符合认定条件，通过
202300108,其他实践活动,智能驾驶技术专题培训,学术交流访问·出境交流,,,2026-01-25,,2.0,通过,李文静,符合认定条件，通过
202300109,前沿学术报告,名家学术讲座,单场·汽车芯片与域控制器架构,,,2026-08-08,,0.5,通过,李文静,佐证材料完整，予以通过
202300109,年度创新创业项目,院级·核心成员,氢燃料电池汽车散热性能仿真分析,,核心成员,2025-12-25,2026-06-30,0.5,通过,李文静,材料齐全，同意认定
202300109,科技创新竞赛,中国国际大学生创新大赛,,省级·二等奖,第一完成人,2026-01-23,,2.0,通过,李文静,材料齐全，同意认定
202300109,创业实践,新能源汽车科普工作室,注册成立公司·法人代表,,法人代表,2026-05-06,,6.0,通过,李文静,材料齐全，同意认定
202300109,学术论文,电动汽车无线充电耦合机构优化设计,国际/国内会议·其他作者,,其他作者,2025-09-25,,1.0,通过,李文静,材料齐全，同意认定
202300109,申请专利,一种车载智能空气净化装置,实用新型专利·第一发明人,,第一发明人,2025-04-14,,3.0,通过,李文静,符合认定条件，通过
202300109,其他实践活动,汽车造型设计工作坊,技能资格培训·高级,,,2024-09-04,,1.5,通过,李文静,佐证材料完整，予以通过
202300110,前沿学术报告,名家学术讲座,单场·无人驾驶环境感知技术进展,,,2024-05-01,,0.5,通过,李文静,材料齐全，同意认定
202300110,年度创新创业项目,校级·核心成员,二手车价格预测模型构建,,核心成员,2025-12-03,2026-06-30,1.5,待审核,,
202300110,科技创新竞赛,校智能车校内选拔赛,,校级·二等奖,第三完成人,2026-02-09,,0.25,通过,李文静,符合认定条件，通过
202300110,创业实践,新能源汽车科普工作室,注册成立公司·团队成员,,团队成员,2026-01-21,,2.0,通过,李文静,佐证材料完整，予以通过
202300110,学术论文,基于YOLO的车距保持辅助算法研究,SCI/EI 收录·其他作者,,其他作者,2025-08-10,,2.0,待审核,,
202300110,申请专利,一种可调节角度的车载平板支架,外观设计专利·其他发明人,,其他发明人,2026-07-15,,1.0,通过,李文静,佐证材料完整，予以通过
202300110,其他实践活动,暑期高校科学营活动,技能资格培训·高级,,,2024-07-26,,1.5,通过,李文静,佐证材料完整，予以通过
202300111,前沿学术报告,汽车百家讲坛,第6-10期·汽车芯片与域控制器架构,,,2025-01-16,,0.25,公示中,李文静,符合认定条件，通过
202300111,年度创新创业项目,省级·负责人,基于深度学习的交通标志识别系统,,负责人,2025-05-26,2026-06-30,4.0,公示中,李文静,佐证材料完整，予以通过
202300111,科技创新竞赛,全国大学生智能汽车竞赛,,国家级·三等奖,第一完成人,2025-09-05,,2.0,通过,李文静,佐证材料完整，予以通过
202300111,创业实践,校内共享打印服务站,创业训练计划·负责人,,负责人,2026-03-07,,3.0,通过,李文静,佐证材料完整，予以通过
202300111,学术论文,电动汽车无线充电耦合机构优化设计,国际/国内会议·第二作者,,第二作者,2025-05-01,,2.0,待院长审批,李文静,初审通过，转院长审批
202300111,申请专利,一种可调节角度的车载平板支架,实用新型专利·其他发明人,,其他发明人,2026-08-05,,1.5,通过,李文静,符合认定条件，通过
202300111,其他实践活动,智能驾驶技术专题培训,学术交流访问·境内交流,,,2026-06-18,,1.0,通过,李文静,佐证材料完整，予以通过
202300112,前沿学术报告,名家学术讲座,单场·氢能及燃料电池汽车产业展望,,,2026-03-20,,0.5,待审核,,
202300112,年度创新创业项目,校级·负责人,基于STM32的智能循迹小车,,负责人,2025-06-02,2026-06-30,2.0,通过,李文静,符合认定条件，通过
202300112,科技创新竞赛,校智能车校内选拔赛,,校级·一等奖,负责人,2026-03-23,,1.0,通过,李文静,符合认定条件，通过
202300112,创业实践,二手车检测陪购服务工作室,入驻孵化器·负责人,,负责人,2025-01-04,,4.0,通过,李文静,材料齐全，同意认定
202300112,学术论文,混合动力汽车能量管理策略仿真,SCI/EI 收录·第一作者,,第一作者,2025-10-07,,6.0,公示中,李文静,佐证材料完整，予以通过
202300112,申请专利,一种可调节角度的车载平板支架,实用新型专利·第一发明人,,第一发明人,2026-04-08,,3.0,通过,李文静,符合认定条件，通过
202300112,其他实践活动,暑期高校科学营活动,学术交流访问·出境交流,,,2026-06-13,,2.0,通过,李文静,材料齐全，同意认定
202300113,前沿学术报告,汽车百家讲坛,第1-5期·汽车空气动力学优化设计,,,2025-09-14,,0.25,通过,李文静,佐证材料完整，予以通过
202300113,年度创新创业项目,校级·负责人,二手车价格预测模型构建,,负责人,2025-01-22,2026-06-30,2.0,通过,李文静,材料齐全，同意认定
202300113,科技创新竞赛,山东省大学生机电产品创新设计竞赛,,省级·三等奖,核心成员,2024-11-17,,0.6,通过,李文静,材料齐全，同意认定
202300113,创业实践,校园二手书流转平台,创业训练计划·团队成员,,团队成员,2026-05-02,,1.5,通过,李文静,佐证材料完整，予以通过
202300113,学术论文,汽车主动悬架半主动控制策略仿真,国际/国内会议·第一作者,,第一作者,2026-08-06,,3.0,通过,李文静,符合认定条件，通过
202300113,申请专利,一种多功能汽车后备箱收纳架,外观设计专利·其他发明人,,其他发明人,2026-05-12,,1.0,通过,李文静,佐证材料完整，予以通过
202300113,其他实践活动,全国大学生汽车科技夏令营,技能资格培训·初级,,,2026-04-22,,0.5,通过,李文静,符合认定条件，通过
202300114,前沿学术报告,信息科学论坛,第6期以后·动力电池热管理关键技术,,,2025-07-13,,0.25,通过,李文静,符合认定条件，通过
202300114,年度创新创业项目,校级·一般成员,智能导览机器人设计与实现,,一般成员,2025-01-13,2026-06-30,1.0,通过,李文静,佐证材料完整，予以通过
202300114,科技创新竞赛,校智能车校内选拔赛,,校级·二等奖,第三完成人,2025-02-08,,0.25,通过,李文静,符合认定条件，通过
202300114,创业实践,校内共享打印服务站,入驻孵化器·团队成员,,团队成员,2026-01-07,,2.0,通过,李文静,佐证材料完整，予以通过
202300114,学术论文,电动汽车无线充电耦合机构优化设计,SCI/EI 收录·第二作者,,第二作者,2025-06-25,,4.0,通过,李文静,材料齐全，同意认定
202300114,申请专利,一种电动汽车电池包液冷结构,实用新型专利·其他发明人,,其他发明人,2026-06-06,,1.5,通过,李文静,符合认定条件，通过
202300114,其他实践活动,全国大学生汽车科技夏令营,学术交流访问·境内交流,,,2025-02-12,,1.0,通过,李文静,符合认定条件，通过
202300115,前沿学术报告,汽车百家讲坛,第11期以后·无人驾驶环境感知技术进展,,,2024-08-15,,0.25,通过,李文静,符合认定条件，通过
202300115,年度创新创业项目,校级·负责人,智能导览机器人设计与实现,,负责人,2025-08-01,2026-06-30,2.0,通过,李文静,符合认定条件，通过
202300115,科技创新竞赛,全国大学生机械创新设计大赛,,省级·二等奖,核心成员,2024-03-15,,1.2,通过,李文静,符合认定条件，通过
202300115,创业实践,新能源汽车科普工作室,入驻孵化器·负责人,,负责人,2026-05-03,,4.0,通过,李文静,材料齐全，同意认定
202300115,学术论文,低温环境下锂电池充放电特性研究,核心期刊·第一作者,,第一作者,2025-11-16,,4.0,待院长审批,李文静,初审通过，转院长审批
202300115,申请专利,一种多功能汽车后备箱收纳架,实用新型专利·第一发明人,,第一发明人,2025-07-13,,3.0,通过,李文静,材料齐全，同意认定
202300115,其他实践活动,智能驾驶技术专题培训,学科冬夏令营·国家级,,,2026-04-06,,2.0,通过,李文静,符合认定条件，通过
202300116,前沿学术报告,汽车百家讲坛,第1-5期·车载总线与嵌入式系统开发,,,2024-06-13,,0.25,通过,李文静,材料齐全，同意认定
202300116,年度创新创业项目,校级·一般成员,校园共享电动车调度优化研究,,一般成员,2024-11-19,2026-06-30,1.0,通过,李文静,佐证材料完整，予以通过
202300116,科技创新竞赛,挑战杯全国大学生课外学术科技作品竞赛,,省级·一等奖,第二完成人,2024-02-06,,2.1,通过,李文静,材料齐全，同意认定
202300116,创业实践,大学生汽车文创工作室,注册成立公司·团队成员,,团队成员,2026-07-09,,2.0,通过,李文静,材料齐全，同意认定
202300116,学术论文,混合动力汽车能量管理策略仿真,SCI/EI 收录·其他作者,,其他作者,2025-06-12,,2.0,待审核,,
202300116,申请专利,一种多功能汽车后备箱收纳架,实用新型专利·其他发明人,,其他发明人,2025-11-27,,1.5,通过,李文静,佐证材料完整，予以通过
202300116,其他实践活动,汽车造型设计工作坊,学术交流访问·出境交流,,,2025-02-19,,2.0,通过,李文静,佐证材料完整，予以通过
202300117,前沿学术报告,汽车百家讲坛,第1-5期·氢能及燃料电池汽车产业展望,,,2025-02-05,,0.25,通过,李文静,佐证材料完整，予以通过
202300117,年度创新创业项目,省级·一般成员,基于深度学习的交通标志识别系统,,一般成员,2024-05-03,2026-06-30,1.5,通过,李文静,材料齐全，同意认定
202300117,科技创新竞赛,全国大学生机械创新设计大赛,,国家级·一等奖,第三完成人,2025-10-01,,3.0,通过,李文静,材料齐全，同意认定
202300117,创业实践,校园二手书流转平台,入驻孵化器·负责人,,负责人,2025-08-06,,4.0,待审核,,
202300117,学术论文,基于多目标优化的车身结构轻量化设计,核心期刊·第一作者,,第一作者,2025-12-15,,4.0,公示中,李文静,符合认定条件，通过
202300117,申请专利,一种可调节角度的车载平板支架,实用新型专利·其他发明人,,其他发明人,2025-04-27,,1.5,通过,李文静,材料齐全，同意认定
202300117,其他实践活动,智能驾驶技术专题培训,学术交流访问·出境交流,,,2026-06-01,,2.0,通过,李文静,符合认定条件，通过
202300118,前沿学术报告,汽车百家讲坛,第11期以后·车载总线与嵌入式系统开发,,,2025-12-03,,0.25,通过,李文静,符合认定条件，通过
202300118,年度创新创业项目,国家级·一般成员,基于深度学习的交通标志识别系统,,一般成员,2024-07-08,2026-06-30,2.0,通过,李文静,佐证材料完整，予以通过
202300118,科技创新竞赛,全国大学生机械创新设计大赛,,省级·三等奖,第一完成人,2026-06-17,,1.0,待审核,,
202300118,创业实践,新能源汽车科普工作室,入驻孵化器·负责人,,负责人,2025-08-21,,4.0,通过,李文静,佐证材料完整，予以通过
202300118,学术论文,汽车主动悬架半主动控制策略仿真,国际/国内会议·其他作者,,其他作者,2026-06-22,,1.0,通过,李文静,符合认定条件，通过
202300118,申请专利,一种车载智能空气净化装置,实用新型专利·第一发明人,,第一发明人,2026-07-10,,3.0,通过,李文静,佐证材料完整，予以通过
202300118,其他实践活动,智能驾驶技术专题培训,学术交流访问·境内交流,,,2025-11-01,,1.0,公示中,李文静,佐证材料完整，予以通过
202300119,前沿学术报告,名家学术讲座,单场·智能网联汽车技术前沿,,,2024-07-16,,0.5,通过,李文静,佐证材料完整，予以通过
202300119,年度创新创业项目,院级·核心成员,太阳能小车能量管理策略研究,,核心成员,2024-09-02,2026-06-30,0.5,通过,李文静,材料齐全，同意认定
202300119,科技创新竞赛,全国大学生机械创新设计大赛,,国家级·二等奖,核心成员,2026-03-23,,2.4,通过,李文静,符合认定条件，通过
202300119,创业实践,大学生汽车文创工作室,创业训练计划·负责人,,负责人,2026-05-04,,3.0,通过,李文静,佐证材料完整，予以通过
202300119,学术论文,汽车主动悬架半主动控制策略仿真,普通期刊·第二作者,,第二作者,2026-03-19,,1.0,通过,李文静,材料齐全，同意认定
202300119,申请专利,一种基于视觉的后视镜盲区监测装置,外观设计专利·第一发明人,,第一发明人,2026-04-21,,2.0,通过,李文静,符合认定条件，通过
202300119,其他实践活动,暑期高校科学营活动,学科冬夏令营·国家级,,,2026-07-05,,2.0,通过,李文静,材料齐全，同意认定
202300120,前沿学术报告,名家学术讲座,单场·新能源汽车动力总成发展趋势,,,2025-06-20,,0.5,通过,李文静,佐证材料完整，予以通过
202300120,年度创新创业项目,校级·一般成员,智能导览机器人设计与实现,,一般成员,2025-06-19,2026-06-30,1.0,通过,李文静,符合认定条件，通过
202300120,科技创新竞赛,校智能车校内选拔赛,,校级·二等奖,核心成员,2024-10-11,,0.3,待审核,,
202300120,创业实践,大学生汽车文创工作室,注册成立公司·合伙人,,合伙人,2025-07-14,,4.0,通过,李文静,材料齐全，同意认定
202300120,学术论文,基于深度学习的路面裂缝检测方法研究,国际/国内会议·其他作者,,其他作者,2026-05-22,,1.0,通过,李文静,材料齐全，同意认定
202300120,申请专利,一种基于视觉的后视镜盲区监测装置,实用新型专利·其他发明人,,其他发明人,2025-12-28,,1.5,通过,李文静,材料齐全，同意认定
202300120,其他实践活动,暑期高校科学营活动,学科冬夏令营·国家级,,,2026-01-26,,2.0,通过,李文静,佐证材料完整，予以通过
202300121,前沿学术报告,名家学术讲座,单场·动力电池热管理关键技术,,,2025-12-09,,0.5,通过,李文静,佐证材料完整，予以通过
202300121,年度创新创业项目,校级·负责人,基于STM32的智能循迹小车,,负责人,2024-05-04,2026-06-30,2.0,通过,李文静,材料齐全，同意认定
202300121,科技创新竞赛,中国大学生方程式汽车大赛,,国家级·二等奖,第一完成人,2024-02-19,,4.0,通过,李文静,符合认定条件，通过
202300121,创业实践,校园二手书流转平台,注册成立公司·法人代表,,法人代表,2025-10-19,,6.0,通过,李文静,符合认定条件，通过
202300121,学术论文,燃料电池汽车氢气循环系统特性分析,国际/国内会议·其他作者,,其他作者,2026-01-07,,1.0,待院长审批,李文静,初审通过，转院长审批
202300121,申请专利,一种多功能汽车后备箱收纳架,发明专利·其他发明人,,其他发明人,2025-12-07,,3.0,待审核,,
202300121,其他实践活动,智能驾驶技术专题培训,学科冬夏令营·校级,,,2024-11-25,,0.5,通过,李文静,佐证材料完整，予以通过
202300122,前沿学术报告,汽车百家讲坛,第6-10期·动力电池热管理关键技术,,,2025-11-12,,0.25,通过,李文静,佐证材料完整，予以通过
202300122,年度创新创业项目,校级·一般成员,基于STM32的智能循迹小车,,一般成员,2025-01-01,2026-06-30,1.0,通过,李文静,材料齐全，同意认定
202300122,科技创新竞赛,中国大学生方程式汽车大赛,,国家级·二等奖,核心成员,2024-04-26,,2.4,通过,李文静,佐证材料完整，予以通过
202300122,创业实践,大学生汽车文创工作室,注册成立公司·团队成员,,团队成员,2026-06-09,,2.0,待院长审批,李文静,初审通过，转院长审批
202300122,学术论文,低温环境下锂电池充放电特性研究,国际/国内会议·第一作者,,第一作者,2025-01-09,,3.0,待审核,,
202300122,申请专利,一种电动汽车电池包液冷结构,实用新型专利·其他发明人,,其他发明人,2025-01-21,,1.5,通过,李文静,佐证材料完整，予以通过
202300122,其他实践活动,全国大学生汽车科技夏令营,技能资格培训·初级,,,2024-02-28,,0.5,通过,李文静,符合认定条件，通过
202300123,前沿学术报告,汽车百家讲坛,第11期以后·智能网联汽车技术前沿,,,2026-03-25,,0.25,通过,李文静,符合认定条件，通过
202300123,年度创新创业项目,校级·核心成员,氢燃料电池汽车散热性能仿真分析,,核心成员,2025-06-17,2026-06-30,1.5,通过,李文静,材料齐全，同意认定
202300123,科技创新竞赛,中国大学生方程式汽车大赛,,国家级·二等奖,第一完成人,2024-11-17,,4.0,待院长审批,李文静,初审通过，转院长审批
202300123,创业实践,大学生汽车文创工作室,注册成立公司·法人代表,,法人代表,2025-08-18,,6.0,待院长审批,李文静,初审通过，转院长审批
202300123,学术论文,电动汽车无线充电耦合机构优化设计,核心期刊·第一作者,,第一作者,2026-04-05,,4.0,通过,李文静,符合认定条件，通过
202300123,申请专利,一种基于视觉的后视镜盲区监测装置,实用新型专利·其他发明人,,其他发明人,2026-02-05,,1.5,通过,李文静,材料齐全，同意认定
202300123,其他实践活动,汽车工程学院企业行,技能资格培训·高级,,,2024-10-18,,1.5,通过,李文静,材料齐全，同意认定
202300124,前沿学术报告,汽车百家讲坛,第6-10期·汽车空气动力学优化设计,,,2025-03-05,,0.25,通过,李文静,符合认定条件，通过
202300124,年度创新创业项目,省级·核心成员,校园共享电动车调度优化研究,,核心成员,2025-03-18,2026-06-30,3.0,通过,李文静,符合认定条件，通过
202300124,科技创新竞赛,山东省大学生机电产品创新设计竞赛,,校级·二等奖,核心成员,2024-11-19,,0.3,通过,李文静,材料齐全，同意认定
202300124,创业实践,智能驾培服务平台,注册成立公司·合伙人,,合伙人,2026-05-07,,4.0,通过,李文静,佐证材料完整，予以通过
202300124,学术论文,混合动力汽车能量管理策略仿真,普通期刊·第一作者,,第一作者,2026-03-11,,2.0,通过,李文静,佐证材料完整，予以通过
202300124,申请专利,一种电动汽车电池包液冷结构,外观设计专利·其他发明人,,其他发明人,2026-03-01,,1.0,待院长审批,李文静,初审通过，转院长审批
202300124,其他实践活动,汽车工程学院企业行,学科冬夏令营·国家级,,,2024-04-14,,2.0,通过,李文静,佐证材料完整，予以通过
202300125,前沿学术报告,信息科学论坛,第1-5期·动力电池热管理关键技术,,,2026-04-13,,0.25,通过,李文静,材料齐全，同意认定
202300125,年度创新创业项目,省级·一般成员,太阳能小车能量管理策略研究,,一般成员,2024-11-15,2026-06-30,1.5,通过,李文静,佐证材料完整，予以通过
202300125,科技创新竞赛,全国大学生机械创新设计大赛,,国家级·二等奖,核心成员,2025-10-10,,2.4,通过,李文静,符合认定条件，通过
202300125,创业实践,二手车检测陪购服务工作室,入驻孵化器·团队成员,,团队成员,2026-03-19,,2.0,通过,李文静,材料齐全，同意认定
202300125,学术论文,汽车主动悬架半主动控制策略仿真,国际/国内会议·第二作者,,第二作者,2025-08-18,,2.0,通过,李文静,佐证材料完整，予以通过
202300125,申请专利,一种车载智能空气净化装置,发明专利·第一发明人,,第一发明人,2025-10-12,,6.0,通过,李文静,材料齐全，同意认定
202300125,其他实践活动,智能驾驶技术专题培训,学科冬夏令营·校级,,,2025-06-05,,0.5,待审核,,
202300126,前沿学术报告,信息科学论坛,第6期以后·汽车轻量化设计与新材料应用,,,2026-08-13,,0.25,通过,李文静,符合认定条件，通过
202300126,年度创新创业项目,省级·负责人,车载OBD数据采集与驾驶行为分析,,负责人,2025-11-02,2026-06-30,4.0,通过,李文静,材料齐全，同意认定
202300126,科技创新竞赛,全国大学生智能汽车竞赛,,国家级·二等奖,第三完成人,2024-07-21,,2.0,通过,李文静,符合认定条件，通过
202300126,创业实践,校内共享打印服务站,注册成立公司·团队成员,,团队成员,2026-06-10,,2.0,通过,李文静,材料齐全，同意认定
202300126,学术论文,基于深度学习的路面裂缝检测方法研究,普通期刊·第二作者,,第二作者,2025-06-03,,1.0,通过,李文静,材料齐全，同意认定
202300126,申请专利,一种车载智能空气净化装置,外观设计专利·第一发明人,,第一发明人,2026-01-07,,2.0,待审核,,
202300126,其他实践活动,暑期高校科学营活动,学术交流访问·出境交流,,,2025-10-01,,2.0,通过,李文静,材料齐全，同意认定
202300127,前沿学术报告,汽车百家讲坛,第1-5期·智能网联汽车技术前沿,,,2026-06-23,,0.25,通过,李文静,材料齐全，同意认定
202300127,年度创新创业项目,省级·负责人,基于深度学习的交通标志识别系统,,负责人,2025-02-12,2026-06-30,4.0,通过,李文静,佐证材料完整，予以通过
202300127,科技创新竞赛,挑战杯全国大学生课外学术科技作品竞赛,,国家级·二等奖,第一完成人,2026-02-21,,4.0,通过,李文静,材料齐全，同意认定
202300127,创业实践,大学生汽车文创工作室,注册成立公司·团队成员,,团队成员,2026-02-06,,2.0,通过,李文静,材料齐全，同意认定
202300127,学术论文,基于多目标优化的车身结构轻量化设计,核心期刊·第一作者,,第一作者,2025-09-13,,4.0,通过,李文静,符合认定条件，通过
202300127,申请专利,一种可调节角度的车载平板支架,发明专利·第一发明人,,第一发明人,2025-06-05,,6.0,通过,李文静,佐证材料完整，予以通过
202300127,其他实践活动,德国亚琛工业大学线上交流项目,学术交流访问·出境交流,,,2026-08-04,,2.0,通过,李文静,佐证材料完整，予以通过
202300128,前沿学术报告,汽车百家讲坛,第1-5期·智能网联汽车技术前沿,,,2025-05-28,,0.25,通过,李文静,符合认定条件，通过
202300128,年度创新创业项目,院级·核心成员,基于STM32的智能循迹小车,,核心成员,2024-12-10,2026-06-30,0.5,通过,李文静,佐证材料完整，予以通过
202300128,科技创新竞赛,中国国际大学生创新大赛,,省级·一等奖,第三完成人,2026-06-24,,1.5,通过,李文静,符合认定条件，通过
202300128,创业实践,二手车检测陪购服务工作室,创业训练计划·负责人,,负责人,2025-04-13,,3.0,通过,李文静,符合认定条件，通过
202300128,学术论文,燃料电池汽车氢气循环系统特性分析,国际/国内会议·其他作者,,其他作者,2026-02-10,,1.0,通过,李文静,符合认定条件，通过
202300128,申请专利,一种车载智能空气净化装置,实用新型专利·其他发明人,,其他发明人,2025-05-09,,1.5,通过,李文静,符合认定条件，通过
202300128,其他实践活动,智能驾驶技术专题培训,技能资格培训·高级,,,2026-02-15,,1.5,通过,李文静,材料齐全，同意认定
202300129,前沿学术报告,汽车百家讲坛,第11期以后·智能网联汽车技术前沿,,,2026-05-18,,0.25,通过,李文静,材料齐全，同意认定
202300129,年度创新创业项目,国家级·一般成员,车载OBD数据采集与驾驶行为分析,,一般成员,2025-10-19,2026-06-30,2.0,通过,李文静,佐证材料完整，予以通过
202300129,科技创新竞赛,全国大学生机械创新设计大赛,,省级·一等奖,第一完成人,2025-11-21,,3.0,通过,李文静,符合认定条件，通过
202300129,创业实践,二手车检测陪购服务工作室,注册成立公司·合伙人,,合伙人,2025-05-06,,4.0,通过,李文静,符合认定条件，通过
202300129,学术论文,汽车主动悬架半主动控制策略仿真,国际/国内会议·第二作者,,第二作者,2025-01-07,,2.0,通过,李文静,佐证材料完整，予以通过
202300129,申请专利,一种基于视觉的后视镜盲区监测装置,实用新型专利·其他发明人,,其他发明人,2026-04-28,,1.5,待审核,,
202300129,其他实践活动,全国大学生汽车科技夏令营,学术交流访问·出境交流,,,2026-03-27,,2.0,通过,李文静,佐证材料完整，予以通过
202300130,前沿学术报告,汽车百家讲坛,第6-10期·智能网联汽车技术前沿,,,2024-06-02,,0.25,通过,李文静,材料齐全，同意认定
202300130,年度创新创业项目,院级·核心成员,基于机器视觉的行人过街检测系统,,核心成员,2024-08-23,2026-06-30,0.5,通过,李文静,材料齐全，同意认定
202300130,科技创新竞赛,校智能车校内选拔赛,,校级·三等奖,负责人,2026-02-10,,0.5,通过,李文静,材料齐全，同意认定
202300130,创业实践,校园二手书流转平台,入驻孵化器·负责人,,负责人,2025-11-08,,4.0,通过,李文静,材料齐全，同意认定
202300130,学术论文,燃料电池汽车氢气循环系统特性分析,普通期刊·其他作者,,其他作者,2025-01-18,,0.5,通过,李文静,材料齐全，同意认定
202300130,申请专利,一种车载智能空气净化装置,外观设计专利·第一发明人,,第一发明人,2025-04-01,,2.0,通过,李文静,佐证材料完整，予以通过
202300130,其他实践活动,全国大学生汽车科技夏令营,学科冬夏令营·省级,,,2025-12-16,,1.0,公示中,李文静,符合认定条件，通过
202300131,前沿学术报告,名家学术讲座,单场·智能制造与数字化工厂实践,,,2025-06-01,,0.5,待审核,,
202300131,年度创新创业项目,校级·一般成员,二手车价格预测模型构建,,一般成员,2024-05-01,2026-06-30,1.0,通过,李文静,佐证材料完整，予以通过
202300131,科技创新竞赛,全国大学生智能汽车竞赛,,国家级·一等奖,负责人,2026-01-28,,6.0,通过,李文静,材料齐全，同意认定
202300131,创业实践,校内共享打印服务站,注册成立公司·法人代表,,法人代表,2025-06-27,,6.0,通过,李文静,符合认定条件，通过
202300131,学术论文,燃料电池汽车氢气循环系统特性分析,核心期刊·第二作者,,第二作者,2025-04-08,,2.0,通过,李文静,佐证材料完整，予以通过
202300131,申请专利,一种多功能汽车后备箱收纳架,发明专利·其他发明人,,其他发明人,2026-06-01,,3.0,通过,李文静,符合认定条件，通过
202300131,其他实践活动,德国亚琛工业大学线上交流项目,学科冬夏令营·省级,,,2025-06-22,,1.0,通过,李文静,佐证材料完整，予以通过
202300132,前沿学术报告,汽车百家讲坛,第1-5期·动力电池热管理关键技术,,,2025-05-05,,0.25,通过,李文静,材料齐全，同意认定
202300132,年度创新创业项目,校级·负责人,轮胎花纹与湿滑路面制动性能仿真,,负责人,2025-02-08,2026-06-30,2.0,通过,李文静,佐证材料完整，予以通过
202300132,科技创新竞赛,全国大学生机械创新设计大赛,,国家级·二等奖,核心成员,2024-08-07,,2.4,通过,李文静,佐证材料完整，予以通过
202300132,创业实践,校园二手书流转平台,注册成立公司·团队成员,,团队成员,2026-04-24,,2.0,待院长审批,李文静,初审通过，转院长审批
202300132,学术论文,基于多目标优化的车身结构轻量化设计,国际/国内会议·第二作者,,第二作者,2026-06-18,,2.0,公示中,李文静,材料齐全，同意认定
202300132,申请专利,一种车载智能空气净化装置,发明专利·其他发明人,,其他发明人,2026-04-01,,3.0,通过,李文静,符合认定条件，通过
202300132,其他实践活动,暑期高校科学营活动,学术交流访问·出境交流,,,2025-05-23,,2.0,通过,李文静,佐证材料完整，予以通过
202300133,前沿学术报告,名家学术讲座,单场·智能网联汽车技术前沿,,,2025-08-09,,0.5,待审核,,
202300133,年度创新创业项目,校级·核心成员,车载OBD数据采集与驾驶行为分析,,核心成员,2025-04-18,2026-06-30,1.5,通过,李文静,符合认定条件，通过
202300133,科技创新竞赛,全国大学生数学建模竞赛,,国家级·二等奖,第三完成人,2026-07-05,,2.0,通过,李文静,佐证材料完整，予以通过
202300133,创业实践,校园二手书流转平台,注册成立公司·合伙人,,合伙人,2025-12-10,,4.0,通过,李文静,符合认定条件，通过
202300133,学术论文,电动汽车无线充电耦合机构优化设计,国际/国内会议·其他作者,,其他作者,2025-10-16,,1.0,通过,李文静,符合认定条件，通过
202300133,申请专利,一种基于视觉的后视镜盲区监测装置,实用新型专利·其他发明人,,其他发明人,2026-03-16,,1.5,通过,李文静,佐证材料完整，予以通过
202300133,其他实践活动,德国亚琛工业大学线上交流项目,学科冬夏令营·省级,,,2026-03-12,,1.0,待审核,,
202300134,前沿学术报告,汽车百家讲坛,第1-5期·智能制造与数字化工厂实践,,,2025-10-17,,0.25,通过,李文静,材料齐全，同意认定
202300134,年度创新创业项目,院级·负责人,轮胎花纹与湿滑路面制动性能仿真,,负责人,2025-04-02,2026-06-30,1.0,待审核,,
202300134,科技创新竞赛,校智能车校内选拔赛,,校级·二等奖,核心成员,2024-04-12,,0.3,通过,李文静,材料齐全，同意认定
202300134,创业实践,大学生汽车文创工作室,注册成立公司·团队成员,,团队成员,2025-10-14,,2.0,通过,李文静,佐证材料完整，予以通过
202300134,学术论文,电动汽车无线充电耦合机构优化设计,核心期刊·其他作者,,其他作者,2025-08-13,,1.0,待审核,,
202300134,申请专利,一种基于视觉的后视镜盲区监测装置,实用新型专利·第一发明人,,第一发明人,2025-11-20,,3.0,通过,李文静,佐证材料完整，予以通过
202300134,其他实践活动,全国大学生汽车科技夏令营,学科冬夏令营·校级,,,2026-03-06,,0.5,通过,李文静,符合认定条件，通过
202300135,前沿学术报告,名家学术讲座,单场·汽车轻量化设计与新材料应用,,,2025-01-11,,0.5,通过,李文静,符合认定条件，通过
202300135,年度创新创业项目,校级·核心成员,校园共享电动车调度优化研究,,核心成员,2025-12-21,2026-06-30,1.5,通过,李文静,佐证材料完整，予以通过
202300135,科技创新竞赛,校智能车校内选拔赛,,校级·一等奖,核心成员,2025-03-25,,0.6,通过,李文静,材料齐全，同意认定
202300135,创业实践,校内共享打印服务站,注册成立公司·法人代表,,法人代表,2026-02-06,,6.0,通过,李文静,材料齐全，同意认定
202300135,学术论文,汽车主动悬架半主动控制策略仿真,国际/国内会议·其他作者,,其他作者,2026-05-26,,1.0,通过,李文静,符合认定条件，通过
202300135,申请专利,一种新能源汽车充电枪锁止机构,外观设计专利·第一发明人,,第一发明人,2025-01-05,,2.0,待审核,,
202300135,其他实践活动,汽车造型设计工作坊,学术交流访问·境内交流,,,2026-04-11,,1.0,通过,李文静,符合认定条件，通过
202300136,前沿学术报告,汽车百家讲坛,第11期以后·智能网联汽车技术前沿,,,2025-12-07,,0.25,待审核,,
202300136,年度创新创业项目,院级·一般成员,基于机器视觉的行人过街检测系统,,一般成员,2025-09-08,2026-06-30,0.5,通过,李文静,佐证材料完整，予以通过
202300136,科技创新竞赛,校智能车校内选拔赛,,校级·三等奖,第三完成人,2024-11-18,,0.25,待审核,,
202300136,创业实践,智能驾培服务平台,注册成立公司·团队成员,,团队成员,2025-01-05,,2.0,通过,李文静,材料齐全，同意认定
202300136,学术论文,低温环境下锂电池充放电特性研究,SCI/EI 收录·第一作者,,第一作者,2025-06-03,,6.0,待审核,,
202300136,申请专利,一种新能源汽车充电枪锁止机构,外观设计专利·第一发明人,,第一发明人,2025-07-10,,2.0,待审核,,
202300136,其他实践活动,德国亚琛工业大学线上交流项目,技能资格培训·初级,,,2024-02-24,,0.5,待审核,,
202300137,前沿学术报告,信息科学论坛,第1-5期·新能源汽车动力总成发展趋势,,,2026-07-27,,0.25,通过,王海燕,佐证材料完整，予以通过
202300137,年度创新创业项目,省级·负责人,二手车价格预测模型构建,,负责人,2025-03-28,2026-06-30,4.0,通过,王海燕,材料齐全，同意认定
202300137,科技创新竞赛,全国大学生数学建模竞赛,,省级·二等奖,第一完成人,2026-08-18,,2.0,通过,王海燕,佐证材料完整，予以通过
202300137,创业实践,新能源汽车科普工作室,入驻孵化器·负责人,,负责人,2025-05-10,,4.0,通过,王海燕,符合认定条件，通过
202300137,学术论文,电动汽车无线充电耦合机构优化设计,核心期刊·第二作者,,第二作者,2026-08-09,,2.0,通过,王海燕,佐证材料完整，予以通过
202300137,申请专利,一种车载智能空气净化装置,外观设计专利·第一发明人,,第一发明人,2026-04-17,,2.0,通过,王海燕,佐证材料完整，予以通过
202300137,其他实践活动,全国大学生汽车科技夏令营,学科冬夏令营·国家级,,,2024-02-26,,2.0,通过,王海燕,佐证材料完整，予以通过
202300138,前沿学术报告,汽车百家讲坛,第6-10期·汽车芯片与域控制器架构,,,2024-09-14,,0.25,通过,王海燕,材料齐全，同意认定
202300138,年度创新创业项目,校级·负责人,基于深度学习的交通标志识别系统,,负责人,2025-07-06,2026-06-30,2.0,通过,王海燕,符合认定条件，通过
202300138,科技创新竞赛,全国大学生数学建模竞赛,,国家级·一等奖,第三完成人,2024-07-28,,3.0,通过,王海燕,佐证材料完整，予以通过
202300138,创业实践,智能驾培服务平台,创业训练计划·团队成员,,团队成员,2025-05-21,,1.5,通过,王海燕,材料齐全，同意认定
202300138,学术论文,电动汽车无线充电耦合机构优化设计,国际/国内会议·第一作者,,第一作者,2026-04-15,,3.0,通过,王海燕,佐证材料完整，予以通过
202300138,申请专利,一种电动汽车电池包液冷结构,发明专利·其他发明人,,其他发明人,2026-04-07,,3.0,通过,王海燕,佐证材料完整，予以通过
202300138,其他实践活动,全国大学生汽车科技夏令营,技能资格培训·初级,,,2025-02-25,,0.5,公示中,王海燕,符合认定条件，通过
202300139,前沿学术报告,信息科学论坛,第6期以后·智能网联汽车技术前沿,,,2025-11-19,,0.25,通过,王海燕,符合认定条件，通过
202300139,年度创新创业项目,省级·一般成员,氢燃料电池汽车散热性能仿真分析,,一般成员,2024-05-12,2026-06-30,1.5,通过,王海燕,材料齐全，同意认定
202300139,科技创新竞赛,全国大学生智能汽车竞赛,,国家级·二等奖,核心成员,2026-08-16,,2.4,待审核,,
202300139,创业实践,校园二手书流转平台,入驻孵化器·团队成员,,团队成员,2026-05-20,,2.0,待院长审批,王海燕,初审通过，转院长审批
202300139,学术论文,混合动力汽车能量管理策略仿真,国际/国内会议·第一作者,,第一作者,2026-06-08,,3.0,通过,王海燕,佐证材料完整，予以通过
202300139,申请专利,一种电动汽车电池包液冷结构,实用新型专利·第一发明人,,第一发明人,2026-03-07,,3.0,待审核,,
202300139,其他实践活动,汽车造型设计工作坊,技能资格培训·中级,,,2026-01-25,,1.0,公示中,王海燕,佐证材料完整，予以通过
202300140,前沿学术报告,汽车百家讲坛,第11期以后·动力电池热管理关键技术,,,2025-07-24,,0.25,通过,王海燕,佐证材料完整，予以通过
202300140,年度创新创业项目,校级·一般成员,基于STM32的智能循迹小车,,一般成员,2025-03-20,2026-06-30,1.0,通过,王海燕,佐证材料完整，予以通过
202300140,科技创新竞赛,山东省大学生机电产品创新设计竞赛,,校级·三等奖,核心成员,2025-11-12,,0.3,通过,王海燕,材料齐全，同意认定
202300140,创业实践,校内共享打印服务站,入驻孵化器·负责人,,负责人,2026-01-24,,4.0,通过,王海燕,佐证材料完整，予以通过
202300140,学术论文,燃料电池汽车氢气循环系统特性分析,普通期刊·第二作者,,第二作者,2026-04-08,,1.0,通过,王海燕,材料齐全，同意认定
202300140,申请专利,一种新能源汽车充电枪锁止机构,发明专利·其他发明人,,其他发明人,2025-04-09,,3.0,通过,王海燕,材料齐全，同意认定
202300140,其他实践活动,暑期高校科学营活动,学术交流访问·境内交流,,,2024-12-28,,1.0,待审核,,
202300141,前沿学术报告,汽车百家讲坛,第6-10期·汽车轻量化设计与新材料应用,,,2026-03-14,,0.25,通过,王海燕,符合认定条件，通过
202300141,年度创新创业项目,省级·核心成员,基于机器视觉的行人过街检测系统,,核心成员,2025-10-04,2026-06-30,3.0,通过,王海燕,符合认定条件，通过
202300141,科技创新竞赛,挑战杯全国大学生课外学术科技作品竞赛,,国家级·二等奖,负责人,2026-08-16,,4.0,待审核,,
202300141,创业实践,校内共享打印服务站,注册成立公司·合伙人,,合伙人,2026-03-22,,4.0,待审核,,
202300141,学术论文,电动汽车无线充电耦合机构优化设计,普通期刊·第一作者,,第一作者,2026-01-21,,2.0,通过,王海燕,佐证材料完整，予以通过
202300141,申请专利,一种基于视觉的后视镜盲区监测装置,实用新型专利·第一发明人,,第一发明人,2026-05-01,,3.0,通过,王海燕,佐证材料完整，予以通过
202300141,其他实践活动,汽车工程学院企业行,技能资格培训·中级,,,2025-06-06,,1.0,通过,王海燕,佐证材料完整，予以通过
202300142,前沿学术报告,名家学术讲座,单场·新能源汽车动力总成发展趋势,,,2025-08-19,,0.5,待审核,,
202300142,年度创新创业项目,省级·核心成员,智能导览机器人设计与实现,,核心成员,2025-08-18,2026-06-30,3.0,通过,王海燕,符合认定条件，通过
202300142,科技创新竞赛,全国大学生节能减排社会实践与科技竞赛,,国家级·一等奖,第三完成人,2024-11-25,,3.0,通过,王海燕,材料齐全，同意认定
202300142,创业实践,大学生汽车文创工作室,创业训练计划·负责人,,负责人,2026-05-10,,3.0,待院长审批,王海燕,初审通过，转院长审批
202300142,学术论文,低温环境下锂电池充放电特性研究,国际/国内会议·其他作者,,其他作者,2025-11-16,,1.0,通过,王海燕,材料齐全，同意认定
202300142,申请专利,一种车载智能空气净化装置,实用新型专利·第一发明人,,第一发明人,2025-11-17,,3.0,通过,王海燕,符合认定条件，通过
202300142,其他实践活动,汽车工程学院企业行,学科冬夏令营·校级,,,2024-12-26,,0.5,通过,王海燕,佐证材料完整，予以通过
202300143,前沿学术报告,汽车百家讲坛,第1-5期·氢能及燃料电池汽车产业展望,,,2024-04-08,,0.25,通过,王海燕,符合认定条件，通过
202300143,年度创新创业项目,校级·一般成员,轮胎花纹与湿滑路面制动性能仿真,,一般成员,2024-12-05,2026-06-30,1.0,通过,王海燕,符合认定条件，通过
202300143,科技创新竞赛,全国大学生节能减排社会实践与科技竞赛,,国家级·三等奖,核心成员,2026-02-05,,1.2,公示中,王海燕,材料齐全，同意认定
202300143,创业实践,新能源汽车科普工作室,入驻孵化器·团队成员,,团队成员,2026-04-10,,2.0,通过,王海燕,材料齐全，同意认定
202300143,学术论文,燃料电池汽车氢气循环系统特性分析,核心期刊·第一作者,,第一作者,2025-09-07,,4.0,通过,王海燕,符合认定条件，通过
202300143,申请专利,一种新能源汽车充电枪锁止机构,外观设计专利·第一发明人,,第一发明人,2025-08-26,,2.0,通过,王海燕,佐证材料完整，予以通过
202300143,其他实践活动,智能驾驶技术专题培训,学科冬夏令营·校级,,,2026-04-18,,0.5,通过,王海燕,材料齐全，同意认定
202300144,前沿学术报告,名家学术讲座,单场·无人驾驶环境感知技术进展,,,2024-11-25,,0.5,通过,王海燕,符合认定条件，通过
202300144,年度创新创业项目,校级·核心成员,轮胎花纹与湿滑路面制动性能仿真,,核心成员,2024-04-08,2026-06-30,1.5,通过,王海燕,佐证材料完整，予以通过
202300144,科技创新竞赛,中国大学生方程式汽车大赛,,国家级·三等奖,第三完成人,2025-11-24,,1.0,通过,王海燕,佐证材料完整，予以通过
202300144,创业实践,大学生汽车文创工作室,入驻孵化器·团队成员,,团队成员,2026-01-11,,2.0,通过,王海燕,材料齐全，同意认定
202300144,学术论文,基于深度学习的路面裂缝检测方法研究,国际/国内会议·第一作者,,第一作者,2026-05-18,,3.0,待院长审批,王海燕,初审通过，转院长审批
202300144,申请专利,一种多功能汽车后备箱收纳架,实用新型专利·第一发明人,,第一发明人,2026-06-20,,3.0,通过,王海燕,材料齐全，同意认定
202300144,其他实践活动,全国大学生汽车科技夏令营,学科冬夏令营·国家级,,,2024-04-17,,2.0,通过,王海燕,符合认定条件，通过
202300145,前沿学术报告,汽车百家讲坛,第1-5期·动力电池热管理关键技术,,,2025-11-18,,0.25,通过,王海燕,佐证材料完整，予以通过
202300145,年度创新创业项目,院级·核心成员,基于机器视觉的行人过街检测系统,,核心成员,2024-11-10,2026-06-30,0.5,通过,王海燕,材料齐全，同意认定
202300145,科技创新竞赛,中国大学生方程式汽车大赛,,国家级·三等奖,核心成员,2025-05-03,,1.2,通过,王海燕,材料齐全，同意认定
202300145,创业实践,新能源汽车科普工作室,入驻孵化器·团队成员,,团队成员,2026-08-19,,2.0,通过,王海燕,符合认定条件，通过
202300145,学术论文,混合动力汽车能量管理策略仿真,核心期刊·第一作者,,第一作者,2026-07-15,,4.0,待院长审批,王海燕,初审通过，转院长审批
202300145,申请专利,一种可调节角度的车载平板支架,实用新型专利·其他发明人,,其他发明人,2025-04-22,,1.5,通过,王海燕,符合认定条件，通过
202300145,其他实践活动,汽车工程学院企业行,学术交流访问·境内交流,,,2026-08-11,,1.0,通过,王海燕,符合认定条件，通过
202300146,前沿学术报告,汽车百家讲坛,第1-5期·智能网联汽车技术前沿,,,2024-08-15,,0.25,通过,王海燕,材料齐全，同意认定
202300146,年度创新创业项目,省级·核心成员,车载OBD数据采集与驾驶行为分析,,核心成员,2024-04-15,2026-06-30,3.0,通过,王海燕,佐证材料完整，予以通过
202300146,科技创新竞赛,中国国际大学生创新大赛,,国家级·二等奖,第三完成人,2025-09-13,,2.0,公示中,王海燕,符合认定条件，通过
202300146,创业实践,二手车检测陪购服务工作室,注册成立公司·团队成员,,团队成员,2026-04-03,,2.0,通过,王海燕,佐证材料完整，予以通过
202300146,学术论文,汽车主动悬架半主动控制策略仿真,国际/国内会议·其他作者,,其他作者,2025-09-05,,1.0,待审核,,
202300146,申请专利,一种电动汽车电池包液冷结构,发明专利·其他发明人,,其他发明人,2026-08-04,,3.0,通过,王海燕,符合认定条件，通过
202300146,其他实践活动,智能驾驶技术专题培训,技能资格培训·初级,,,2026-06-06,,0.5,通过,王海燕,佐证材料完整，予以通过
202300147,前沿学术报告,名家学术讲座,单场·无人驾驶环境感知技术进展,,,2025-02-05,,0.5,通过,王海燕,佐证材料完整，予以通过
202300147,年度创新创业项目,省级·核心成员,汽车内饰件轻量化设计,,核心成员,2024-04-07,2026-06-30,3.0,公示中,王海燕,佐证材料完整，予以通过
202300147,科技创新竞赛,校智能车校内选拔赛,,校级·一等奖,负责人,2025-05-16,,1.0,通过,王海燕,符合认定条件，通过
202300147,创业实践,校内共享打印服务站,创业训练计划·负责人,,负责人,2025-12-17,,3.0,通过,王海燕,佐证材料完整，予以通过
202300147,学术论文,混合动力汽车能量管理策略仿真,核心期刊·第二作者,,第二作者,2026-06-05,,2.0,待审核,,
202300147,申请专利,一种新能源汽车充电枪锁止机构,实用新型专利·第一发明人,,第一发明人,2025-09-22,,3.0,通过,王海燕,佐证材料完整，予以通过
202300147,其他实践活动,汽车工程学院企业行,技能资格培训·中级,,,2025-12-04,,1.0,通过,王海燕,材料齐全，同意认定
202300148,前沿学术报告,名家学术讲座,单场·智能制造与数字化工厂实践,,,2026-01-15,,0.5,待审核,,
202300148,年度创新创业项目,校级·一般成员,基于深度学习的交通标志识别系统,,一般成员,2024-06-09,2026-06-30,1.0,通过,王海燕,材料齐全，同意认定
202300148,科技创新竞赛,全国大学生节能减排社会实践与科技竞赛,,国家级·二等奖,负责人,2025-11-12,,4.0,通过,王海燕,材料齐全，同意认定
202300148,创业实践,二手车检测陪购服务工作室,注册成立公司·法人代表,,法人代表,2026-04-20,,6.0,通过,王海燕,材料齐全，同意认定
202300148,学术论文,基于YOLO的车距保持辅助算法研究,普通期刊·第二作者,,第二作者,2025-02-08,,1.0,通过,王海燕,材料齐全，同意认定
202300148,申请专利,一种电动汽车电池包液冷结构,外观设计专利·其他发明人,,其他发明人,2026-07-03,,1.0,待院长审批,王海燕,初审通过，转院长审批
202300148,其他实践活动,德国亚琛工业大学线上交流项目,学术交流访问·境内交流,,,2025-03-09,,1.0,待审核,,
202300149,前沿学术报告,汽车百家讲坛,第11期以后·智能制造与数字化工厂实践,,,2026-04-16,,0.25,通过,王海燕,佐证材料完整，予以通过
202300149,年度创新创业项目,校级·一般成员,太阳能小车能量管理策略研究,,一般成员,2025-07-19,2026-06-30,1.0,待审核,,
202300149,科技创新竞赛,全国大学生节能减排社会实践与科技竞赛,,国家级·一等奖,第二完成人,2026-05-17,,4.2,通过,王海燕,佐证材料完整，予以通过
202300149,创业实践,校内共享打印服务站,入驻孵化器·团队成员,,团队成员,2026-04-10,,2.0,待审核,,
202300149,学术论文,基于YOLO的车距保持辅助算法研究,核心期刊·第一作者,,第一作者,2025-09-26,,4.0,通过,王海燕,符合认定条件，通过
202300149,申请专利,一种可调节角度的车载平板支架,发明专利·其他发明人,,其他发明人,2026-01-07,,3.0,待院长审批,王海燕,初审通过，转院长审批
202300149,其他实践活动,智能驾驶技术专题培训,学科冬夏令营·省级,,,2025-08-14,,1.0,通过,王海燕,佐证材料完整，予以通过
202300150,前沿学术报告,信息科学论坛,第6期以后·氢能及燃料电池汽车产业展望,,,2025-11-06,,0.25,通过,王海燕,材料齐全，同意认定
202300150,年度创新创业项目,院级·负责人,校园共享电动车调度优化研究,,负责人,2024-04-25,2026-06-30,1.0,通过,王海燕,符合认定条件，通过
202300150,科技创新竞赛,中国大学生方程式汽车大赛,,国家级·二等奖,第二完成人,2026-06-16,,2.8,通过,王海燕,材料齐全，同意认定
202300150,创业实践,二手车检测陪购服务工作室,入驻孵化器·负责人,,负责人,2026-02-15,,4.0,通过,王海燕,佐证材料完整，予以通过
202300150,学术论文,基于深度学习的路面裂缝检测方法研究,普通期刊·第二作者,,第二作者,2025-06-03,,1.0,通过,王海燕,符合认定条件，通过
202300150,申请专利,一种车载智能空气净化装置,实用新型专利·其他发明人,,其他发明人,2026-04-05,,1.5,公示中,王海燕,材料齐全，同意认定
202300150,其他实践活动,全国大学生汽车科技夏令营,学术交流访问·出境交流,,,2024-05-25,,2.0,通过,王海燕,佐证材料完整，予以通过
202300151,前沿学术报告,名家学术讲座,单场·智能网联汽车技术前沿,,,2025-07-10,,0.5,通过,王海燕,材料齐全，同意认定
202300151,年度创新创业项目,校级·负责人,基于STM32的智能循迹小车,,负责人,2025-05-18,2026-06-30,2.0,待审核,,
202300151,科技创新竞赛,校智能车校内选拔赛,,校级·二等奖,负责人,2025-01-16,,0.5,通过,王海燕,材料齐全，同意认定
202300151,创业实践,新能源汽车科普工作室,入驻孵化器·负责人,,负责人,2025-05-12,,4.0,通过,王海燕,材料齐全，同意认定
202300151,学术论文,汽车主动悬架半主动控制策略仿真,国际/国内会议·第二作者,,第二作者,2025-12-15,,2.0,待审核,,
202300151,申请专利,一种新能源汽车充电枪锁止机构,实用新型专利·第一发明人,,第一发明人,2026-02-12,,3.0,待院长审批,王海燕,初审通过，转院长审批
202300151,其他实践活动,智能驾驶技术专题培训,技能资格培训·中级,,,2024-09-08,,1.0,公示中,王海燕,材料齐全，同意认定
202300152,前沿学术报告,名家学术讲座,单场·智能制造与数字化工厂实践,,,2025-10-21,,0.5,通过,王海燕,佐证材料完整，予以通过
202300152,年度创新创业项目,院级·负责人,基于深度学习的交通标志识别系统,,负责人,2025-05-10,2026-06-30,1.0,待审核,,
202300152,科技创新竞赛,全国大学生智能汽车竞赛,,国家级·三等奖,第一完成人,2025-06-01,,2.0,通过,王海燕,材料齐全，同意认定
202300152,创业实践,校园二手书流转平台,创业训练计划·负责人,,负责人,2025-12-16,,3.0,通过,王海燕,材料齐全，同意认定
202300152,学术论文,汽车主动悬架半主动控制策略仿真,国际/国内会议·第二作者,,第二作者,2026-02-01,,2.0,通过,王海燕,符合认定条件，通过
202300152,申请专利,一种多功能汽车后备箱收纳架,实用新型专利·其他发明人,,其他发明人,2025-02-21,,1.5,待审核,,
202300152,其他实践活动,智能驾驶技术专题培训,技能资格培训·高级,,,2025-12-14,,1.5,通过,王海燕,符合认定条件，通过
202300153,前沿学术报告,名家学术讲座,单场·汽车轻量化设计与新材料应用,,,2024-06-25,,0.5,通过,王海燕,佐证材料完整，予以通过
202300153,年度创新创业项目,校级·一般成员,基于STM32的智能循迹小车,,一般成员,2025-03-19,2026-06-30,1.0,通过,王海燕,佐证材料完整，予以通过
202300153,科技创新竞赛,全国大学生数学建模竞赛,,省级·一等奖,第二完成人,2024-09-24,,2.1,通过,王海燕,佐证材料完整，予以通过
202300153,创业实践,智能驾培服务平台,注册成立公司·合伙人,,合伙人,2026-03-26,,4.0,通过,王海燕,材料齐全，同意认定
202300153,学术论文,基于多目标优化的车身结构轻量化设计,国际/国内会议·其他作者,,其他作者,2026-08-02,,1.0,通过,王海燕,符合认定条件，通过
202300153,申请专利,一种新能源汽车充电枪锁止机构,实用新型专利·第一发明人,,第一发明人,2026-04-27,,3.0,通过,王海燕,佐证材料完整，予以通过
202300153,其他实践活动,汽车造型设计工作坊,学术交流访问·出境交流,,,2026-08-09,,2.0,通过,王海燕,符合认定条件，通过
202300154,前沿学术报告,名家学术讲座,单场·汽车空气动力学优化设计,,,2026-08-19,,0.5,通过,王海燕,材料齐全，同意认定
202300154,年度创新创业项目,校级·核心成员,智能导览机器人设计与实现,,核心成员,2025-06-28,2026-06-30,1.5,通过,王海燕,佐证材料完整，予以通过
202300154,科技创新竞赛,全国大学生智能汽车竞赛,,国家级·三等奖,第三完成人,2024-08-28,,1.0,通过,王海燕,佐证材料完整，予以通过
202300154,创业实践,校内共享打印服务站,注册成立公司·团队成员,,团队成员,2025-08-15,,2.0,通过,王海燕,佐证材料完整，予以通过
202300154,学术论文,基于YOLO的车距保持辅助算法研究,普通期刊·其他作者,,其他作者,2025-01-27,,0.5,通过,王海燕,材料齐全，同意认定
202300154,申请专利,一种车载智能空气净化装置,外观设计专利·其他发明人,,其他发明人,2025-09-27,,1.0,通过,王海燕,佐证材料完整，予以通过
202300154,其他实践活动,全国大学生汽车科技夏令营,学术交流访问·出境交流,,,2026-03-06,,2.0,通过,王海燕,符合认定条件，通过
202300155,前沿学术报告,汽车百家讲坛,第1-5期·新能源汽车动力总成发展趋势,,,2025-01-26,,0.25,通过,王海燕,材料齐全，同意认定
202300155,年度创新创业项目,院级·核心成员,基于深度学习的交通标志识别系统,,核心成员,2025-08-04,2026-06-30,0.5,通过,王海燕,佐证材料完整，予以通过
202300155,科技创新竞赛,全国大学生机械创新设计大赛,,国家级·二等奖,第三完成人,2025-05-09,,2.0,通过,王海燕,材料齐全，同意认定
202300155,创业实践,智能驾培服务平台,入驻孵化器·负责人,,负责人,2025-01-23,,4.0,通过,王海燕,符合认定条件，通过
202300155,学术论文,混合动力汽车能量管理策略仿真,国际/国内会议·第一作者,,第一作者,2026-06-23,,3.0,通过,王海燕,材料齐全，同意认定
202300155,申请专利,一种可调节角度的车载平板支架,实用新型专利·第一发明人,,第一发明人,2026-01-27,,3.0,通过,王海燕,材料齐全，同意认定
202300155,其他实践活动,暑期高校科学营活动,学科冬夏令营·校级,,,2026-04-11,,0.5,待审核,,
202300156,前沿学术报告,信息科学论坛,第1-5期·汽车芯片与域控制器架构,,,2025-06-05,,0.25,通过,王海燕,材料齐全，同意认定
202300156,年度创新创业项目,校级·一般成员,轮胎花纹与湿滑路面制动性能仿真,,一般成员,2024-12-26,2026-06-30,1.0,通过,王海燕,材料齐全，同意认定
202300156,科技创新竞赛,挑战杯全国大学生课外学术科技作品竞赛,,国家级·二等奖,第二完成人,2024-03-13,,2.8,通过,王海燕,佐证材料完整，予以通过
202300156,创业实践,校内共享打印服务站,创业训练计划·团队成员,,团队成员,2025-06-04,,1.5,通过,王海燕,材料齐全，同意认定
202300156,学术论文,燃料电池汽车氢气循环系统特性分析,核心期刊·第二作者,,第二作者,2025-05-05,,2.0,通过,王海燕,佐证材料完整，予以通过
202300156,申请专利,一种多功能汽车后备箱收纳架,实用新型专利·其他发明人,,其他发明人,2026-07-12,,1.5,待院长审批,王海燕,初审通过，转院长审批
202300156,其他实践活动,德国亚琛工业大学线上交流项目,技能资格培训·高级,,,2026-08-14,,1.5,通过,王海燕,佐证材料完整，予以通过
202300157,前沿学术报告,名家学术讲座,单场·无人驾驶环境感知技术进展,,,2024-08-06,,0.5,待审核,,
202300157,年度创新创业项目,校级·核心成员,新能源汽车电池热管理优化研究,,核心成员,2024-09-25,2026-06-30,1.5,通过,王海燕,符合认定条件，通过
202300157,科技创新竞赛,挑战杯全国大学生课外学术科技作品竞赛,,国家级·一等奖,核心成员,2026-04-24,,3.6,待院长审批,王海燕,初审通过，转院长审批
202300157,创业实践,二手车检测陪购服务工作室,注册成立公司·法人代表,,法人代表,2026-06-03,,6.0,通过,王海燕,佐证材料完整，予以通过
202300157,学术论文,汽车主动悬架半主动控制策略仿真,国际/国内会议·第一作者,,第一作者,2026-04-07,,3.0,通过,王海燕,符合认定条件，通过
202300157,申请专利,一种可调节角度的车载平板支架,实用新型专利·第一发明人,,第一发明人,2026-01-09,,3.0,通过,王海燕,材料齐全，同意认定
202300157,其他实践活动,汽车工程学院企业行,学术交流访问·出境交流,,,2025-01-24,,2.0,通过,王海燕,材料齐全，同意认定
202300158,前沿学术报告,汽车百家讲坛,第6-10期·新能源汽车动力总成发展趋势,,,2025-09-25,,0.25,通过,王海燕,材料齐全，同意认定
202300158,年度创新创业项目,省级·负责人,基于深度学习的交通标志识别系统,,负责人,2025-11-21,2026-06-30,4.0,待审核,,
202300158,科技创新竞赛,全国大学生数学建模竞赛,,国家级·三等奖,负责人,2026-04-23,,2.0,通过,王海燕,材料齐全，同意认定
202300158,创业实践,二手车检测陪购服务工作室,入驻孵化器·团队成员,,团队成员,2026-01-21,,2.0,通过,王海燕,佐证材料完整，予以通过
202300158,学术论文,低温环境下锂电池充放电特性研究,普通期刊·第二作者,,第二作者,2025-05-17,,1.0,通过,王海燕,佐证材料完整，予以通过
202300158,申请专利,一种基于视觉的后视镜盲区监测装置,实用新型专利·其他发明人,,其他发明人,2026-02-22,,1.5,通过,王海燕,材料齐全，同意认定
202300158,其他实践活动,汽车造型设计工作坊,学科冬夏令营·校级,,,2026-01-04,,0.5,通过,王海燕,佐证材料完整，予以通过
202300159,前沿学术报告,名家学术讲座,单场·汽车芯片与域控制器架构,,,2025-06-09,,0.5,通过,王海燕,符合认定条件，通过
202300159,年度创新创业项目,院级·核心成员,基于深度学习的交通标志识别系统,,核心成员,2024-04-18,2026-06-30,0.5,通过,王海燕,符合认定条件，通过
202300159,科技创新竞赛,校智能车校内选拔赛,,校级·一等奖,第二完成人,2024-07-07,,0.7,待院长审批,王海燕,初审通过，转院长审批
202300159,创业实践,新能源汽车科普工作室,创业训练计划·团队成员,,团队成员,2026-02-02,,1.5,通过,王海燕,材料齐全，同意认定
202300159,学术论文,低温环境下锂电池充放电特性研究,普通期刊·第一作者,,第一作者,2026-03-04,,2.0,待审核,,
202300159,申请专利,一种多功能汽车后备箱收纳架,外观设计专利·其他发明人,,其他发明人,2026-01-22,,1.0,待院长审批,王海燕,初审通过，转院长审批
202300159,其他实践活动,全国大学生汽车科技夏令营,技能资格培训·高级,,,2024-08-18,,1.5,待审核,,
202300160,前沿学术报告,汽车百家讲坛,第1-5期·无人驾驶环境感知技术进展,,,2025-10-19,,0.25,公示中,王海燕,佐证材料完整，予以通过
202300160,年度创新创业项目,国家级·一般成员,氢燃料电池汽车散热性能仿真分析,,一般成员,2024-06-24,2026-06-30,2.0,通过,王海燕,符合认定条件，通过
202300160,科技创新竞赛,中国国际大学生创新大赛,,国家级·三等奖,第三完成人,2025-08-05,,1.0,待审核,,
202300160,创业实践,智能驾培服务平台,创业训练计划·团队成员,,团队成员,2025-04-15,,1.5,通过,王海燕,材料齐全，同意认定
202300160,学术论文,燃料电池汽车氢气循环系统特性分析,普通期刊·其他作者,,其他作者,2026-04-28,,0.5,通过,王海燕,材料齐全，同意认定
202300160,申请专利,一种基于视觉的后视镜盲区监测装置,实用新型专利·第一发明人,,第一发明人,2025-08-02,,3.0,通过,王海燕,符合认定条件，通过
202300160,其他实践活动,汽车工程学院企业行,技能资格培训·初级,,,2026-08-17,,0.5,通过,王海燕,佐证材料完整，予以通过
202300161,前沿学术报告,汽车百家讲坛,第6-10期·智能网联汽车技术前沿,,,2024-12-15,,0.25,通过,王海燕,佐证材料完整，予以通过
202300161,年度创新创业项目,国家级·负责人,校园共享电动车调度优化研究,,负责人,2025-01-24,2026-06-30,6.0,通过,王海燕,佐证材料完整，予以通过
202300161,科技创新竞赛,全国大学生机械创新设计大赛,,国家级·一等奖,核心成员,2024-08-09,,3.6,通过,王海燕,材料齐全，同意认定
202300161,创业实践,新能源汽车科普工作室,入驻孵化器·负责人,,负责人,2026-07-21,,4.0,通过,王海燕,佐证材料完整，予以通过
202300161,学术论文,低温环境下锂电池充放电特性研究,普通期刊·第二作者,,第二作者,2026-04-12,,1.0,通过,王海燕,符合认定条件，通过
202300161,申请专利,一种新能源汽车充电枪锁止机构,外观设计专利·第一发明人,,第一发明人,2025-02-18,,2.0,公示中,王海燕,材料齐全，同意认定
202300161,其他实践活动,德国亚琛工业大学线上交流项目,学科冬夏令营·省级,,,2024-03-02,,1.0,通过,王海燕,符合认定条件，通过
202300162,前沿学术报告,名家学术讲座,单场·汽车空气动力学优化设计,,,2026-07-05,,0.5,公示中,王海燕,符合认定条件，通过
202300162,年度创新创业项目,院级·负责人,基于STM32的智能循迹小车,,负责人,2025-05-20,2026-06-30,1.0,通过,王海燕,材料齐全，同意认定
202300162,科技创新竞赛,全国大学生智能汽车竞赛,,国家级·三等奖,第二完成人,2026-03-20,,1.4,通过,王海燕,符合认定条件，通过
202300162,创业实践,二手车检测陪购服务工作室,创业训练计划·团队成员,,团队成员,2026-03-19,,1.5,通过,王海燕,材料齐全，同意认定
202300162,学术论文,基于YOLO的车距保持辅助算法研究,核心期刊·其他作者,,其他作者,2026-08-25,,1.0,通过,王海燕,符合认定条件，通过
202300162,申请专利,一种车载智能空气净化装置,发明专利·其他发明人,,其他发明人,2026-08-21,,3.0,待院长审批,王海燕,初审通过，转院长审批
202300162,其他实践活动,暑期高校科学营活动,学科冬夏令营·省级,,,2026-08-02,,1.0,通过,王海燕,佐证材料完整，予以通过
202300163,前沿学术报告,汽车百家讲坛,第1-5期·智能制造与数字化工厂实践,,,2026-07-11,,0.25,通过,王海燕,佐证材料完整，予以通过
202300163,年度创新创业项目,国家级·一般成员,基于机器视觉的行人过街检测系统,,一般成员,2024-01-16,2026-06-30,2.0,通过,王海燕,材料齐全，同意认定
202300163,科技创新竞赛,校智能车校内选拔赛,,校级·三等奖,第二完成人,2026-01-16,,0.35,通过,王海燕,佐证材料完整，予以通过
202300163,创业实践,大学生汽车文创工作室,入驻孵化器·负责人,,负责人,2025-03-15,,4.0,通过,王海燕,佐证材料完整，予以通过
202300163,学术论文,基于多目标优化的车身结构轻量化设计,国际/国内会议·第二作者,,第二作者,2025-11-20,,2.0,通过,王海燕,符合认定条件，通过
202300163,申请专利,一种新能源汽车充电枪锁止机构,外观设计专利·第一发明人,,第一发明人,2026-01-27,,2.0,通过,王海燕,材料齐全，同意认定
202300163,其他实践活动,全国大学生汽车科技夏令营,技能资格培训·初级,,,2026-07-15,,0.5,通过,王海燕,材料齐全，同意认定
202300164,前沿学术报告,名家学术讲座,单场·车载总线与嵌入式系统开发,,,2024-06-11,,0.5,通过,王海燕,符合认定条件，通过
202300164,年度创新创业项目,省级·核心成员,基于STM32的智能循迹小车,,核心成员,2025-08-13,2026-06-30,3.0,通过,王海燕,佐证材料完整，予以通过
202300164,科技创新竞赛,山东省大学生机电产品创新设计竞赛,,省级·二等奖,第二完成人,2025-12-24,,1.4,通过,王海燕,符合认定条件，通过
202300164,创业实践,校内共享打印服务站,注册成立公司·合伙人,,合伙人,2026-07-19,,4.0,通过,王海燕,符合认定条件，通过
202300164,学术论文,混合动力汽车能量管理策略仿真,核心期刊·第一作者,,第一作者,2026-08-10,,4.0,通过,王海燕,佐证材料完整，予以通过
202300164,申请专利,一种多功能汽车后备箱收纳架,外观设计专利·其他发明人,,其他发明人,2026-01-11,,1.0,待审核,,
202300164,其他实践活动,汽车工程学院企业行,学科冬夏令营·校级,,,2026-02-24,,0.5,待审核,,
202300165,前沿学术报告,信息科学论坛,第1-5期·无人驾驶环境感知技术进展,,,2024-04-25,,0.25,通过,王海燕,材料齐全，同意认定
202300165,年度创新创业项目,校级·一般成员,太阳能小车能量管理策略研究,,一般成员,2025-07-24,2026-06-30,1.0,待审核,,
202300165,科技创新竞赛,中国国际大学生创新大赛,,国家级·二等奖,核心成员,2026-04-16,,2.4,通过,王海燕,材料齐全，同意认定
202300165,创业实践,二手车检测陪购服务工作室,入驻孵化器·团队成员,,团队成员,2026-05-12,,2.0,待院长审批,王海燕,初审通过，转院长审批
202300165,学术论文,燃料电池汽车氢气循环系统特性分析,国际/国内会议·其他作者,,其他作者,2025-12-14,,1.0,通过,王海燕,符合认定条件，通过
202300165,申请专利,一种车载智能空气净化装置,发明专利·其他发明人,,其他发明人,2025-02-19,,3.0,待审核,,
202300165,其他实践活动,全国大学生汽车科技夏令营,学科冬夏令营·国家级,,,2024-06-05,,2.0,通过,王海燕,佐证材料完整，予以通过
202300166,前沿学术报告,汽车百家讲坛,第1-5期·车载总线与嵌入式系统开发,,,2026-08-28,,0.25,通过,王海燕,材料齐全，同意认定
202300166,年度创新创业项目,校级·核心成员,太阳能小车能量管理策略研究,,核心成员,2025-12-20,2026-06-30,1.5,通过,王海燕,材料齐全，同意认定
202300166,科技创新竞赛,全国大学生数学建模竞赛,,国家级·一等奖,核心成员,2024-07-20,,3.6,通过,王海燕,材料齐全，同意认定
202300166,创业实践,新能源汽车科普工作室,注册成立公司·团队成员,,团队成员,2025-10-03,,2.0,通过,王海燕,材料齐全，同意认定
202300166,学术论文,基于YOLO的车距保持辅助算法研究,核心期刊·其他作者,,其他作者,2026-04-20,,1.0,通过,王海燕,材料齐全，同意认定
202300166,申请专利,一种可调节角度的车载平板支架,外观设计专利·其他发明人,,其他发明人,2025-06-01,,1.0,通过,王海燕,材料齐全，同意认定
202300166,其他实践活动,暑期高校科学营活动,学术交流访问·出境交流,,,2025-11-16,,2.0,通过,王海燕,材料齐全，同意认定
202300167,前沿学术报告,信息科学论坛,第6期以后·无人驾驶环境感知技术进展,,,2026-08-01,,0.25,公示中,王海燕,符合认定条件，通过
202300167,年度创新创业项目,校级·一般成员,二手车价格预测模型构建,,一般成员,2025-01-14,2026-06-30,1.0,通过,王海燕,符合认定条件，通过
202300167,科技创新竞赛,山东省大学生机电产品创新设计竞赛,,省级·三等奖,第二完成人,2026-04-16,,0.7,通过,王海燕,佐证材料完整，予以通过
202300167,创业实践,新能源汽车科普工作室,入驻孵化器·团队成员,,团队成员,2025-03-07,,2.0,通过,王海燕,材料齐全，同意认定
202300167,学术论文,汽车主动悬架半主动控制策略仿真,核心期刊·第一作者,,第一作者,2025-05-14,,4.0,通过,王海燕,符合认定条件，通过
202300167,申请专利,一种电动汽车电池包液冷结构,外观设计专利·第一发明人,,第一发明人,2025-09-10,,2.0,通过,王海燕,材料齐全，同意认定
202300167,其他实践活动,德国亚琛工业大学线上交流项目,学科冬夏令营·校级,,,2025-07-11,,0.5,通过,王海燕,佐证材料完整，予以通过
202300168,前沿学术报告,汽车百家讲坛,第11期以后·车载总线与嵌入式系统开发,,,2026-01-23,,0.25,通过,王海燕,材料齐全，同意认定
202300168,年度创新创业项目,院级·负责人,车载OBD数据采集与驾驶行为分析,,负责人,2025-08-27,2026-06-30,1.0,通过,王海燕,佐证材料完整，予以通过
202300168,科技创新竞赛,中国大学生方程式汽车大赛,,国家级·三等奖,第一完成人,2024-03-01,,2.0,通过,王海燕,材料齐全，同意认定
202300168,创业实践,校园二手书流转平台,注册成立公司·法人代表,,法人代表,2026-05-02,,6.0,待审核,,
202300168,学术论文,混合动力汽车能量管理策略仿真,国际/国内会议·第一作者,,第一作者,2025-09-24,,3.0,通过,王海燕,符合认定条件，通过
202300168,申请专利,一种可调节角度的车载平板支架,外观设计专利·第一发明人,,第一发明人,2025-05-01,,2.0,通过,王海燕,材料齐全，同意认定
202300168,其他实践活动,全国大学生汽车科技夏令营,技能资格培训·高级,,,2024-12-20,,1.5,通过,王海燕,材料齐全，同意认定
202300169,前沿学术报告,汽车百家讲坛,第1-5期·汽车芯片与域控制器架构,,,2026-07-12,,0.25,通过,王海燕,佐证材料完整，予以通过
202300169,年度创新创业项目,校级·负责人,基于机器视觉的行人过街检测系统,,负责人,2025-09-22,2026-06-30,2.0,通过,王海燕,符合认定条件，通过
202300169,科技创新竞赛,校智能车校内选拔赛,,校级·三等奖,第三完成人,2025-10-11,,0.25,通过,王海燕,符合认定条件，通过
202300169,创业实践,校内共享打印服务站,入驻孵化器·团队成员,,团队成员,2025-01-24,,2.0,通过,王海燕,材料齐全，同意认定
202300169,学术论文,混合动力汽车能量管理策略仿真,核心期刊·第二作者,,第二作者,2025-11-27,,2.0,待审核,,
202300169,申请专利,一种新能源汽车充电枪锁止机构,发明专利·第一发明人,,第一发明人,2025-07-02,,6.0,通过,王海燕,佐证材料完整，予以通过
202300169,其他实践活动,智能驾驶技术专题培训,学术交流访问·出境交流,,,2025-08-10,,2.0,通过,王海燕,佐证材料完整，予以通过
202300170,前沿学术报告,汽车百家讲坛,第1-5期·汽车空气动力学优化设计,,,2026-08-22,,0.25,通过,王海燕,符合认定条件，通过
202300170,年度创新创业项目,校级·负责人,基于STM32的智能循迹小车,,负责人,2025-07-26,2026-06-30,2.0,通过,王海燕,材料齐全，同意认定
202300170,科技创新竞赛,全国大学生数学建模竞赛,,国家级·二等奖,第二完成人,2025-06-16,,2.8,通过,王海燕,符合认定条件，通过
202300170,创业实践,新能源汽车科普工作室,注册成立公司·合伙人,,合伙人,2025-06-28,,4.0,待院长审批,王海燕,初审通过，转院长审批
202300170,学术论文,基于多目标优化的车身结构轻量化设计,核心期刊·其他作者,,其他作者,2025-03-11,,1.0,通过,王海燕,符合认定条件，通过
202300170,申请专利,一种多功能汽车后备箱收纳架,外观设计专利·其他发明人,,其他发明人,2026-07-05,,1.0,通过,王海燕,符合认定条件，通过
202300170,其他实践活动,智能驾驶技术专题培训,技能资格培训·初级,,,2024-09-09,,0.5,通过,王海燕,佐证材料完整，予以通过
202300171,前沿学术报告,汽车百家讲坛,第1-5期·智能制造与数字化工厂实践,,,2026-08-26,,0.25,通过,王海燕,符合认定条件，通过
202300171,年度创新创业项目,省级·核心成员,智能导览机器人设计与实现,,核心成员,2024-09-24,2026-06-30,3.0,通过,王海燕,材料齐全，同意认定
202300171,科技创新竞赛,挑战杯全国大学生课外学术科技作品竞赛,,省级·三等奖,第二完成人,2024-05-28,,0.7,通过,王海燕,材料齐全，同意认定
202300171,创业实践,二手车检测陪购服务工作室,注册成立公司·合伙人,,合伙人,2026-02-04,,4.0,待院长审批,王海燕,初审通过，转院长审批
202300171,学术论文,混合动力汽车能量管理策略仿真,核心期刊·第二作者,,第二作者,2026-02-23,,2.0,通过,王海燕,材料齐全，同意认定
202300171,申请专利,一种车载智能空气净化装置,发明专利·其他发明人,,其他发明人,2025-11-01,,3.0,通过,王海燕,材料齐全，同意认定
202300171,其他实践活动,德国亚琛工业大学线上交流项目,学术交流访问·出境交流,,,2024-04-21,,2.0,通过,王海燕,材料齐全，同意认定
202300172,前沿学术报告,名家学术讲座,单场·汽车芯片与域控制器架构,,,2025-08-19,,0.5,通过,王海燕,符合认定条件，通过
202300172,年度创新创业项目,院级·核心成员,基于机器视觉的行人过街检测系统,,核心成员,2024-05-02,2026-06-30,0.5,通过,王海燕,符合认定条件，通过
202300172,科技创新竞赛,中国国际大学生创新大赛,,国家级·三等奖,负责人,2024-03-20,,2.0,通过,王海燕,佐证材料完整，予以通过
202300172,创业实践,大学生汽车文创工作室,注册成立公司·团队成员,,团队成员,2025-10-18,,2.0,公示中,王海燕,佐证材料完整，予以通过
202300172,学术论文,燃料电池汽车氢气循环系统特性分析,国际/国内会议·第二作者,,第二作者,2025-10-23,,2.0,待院长审批,王海燕,初审通过，转院长审批
202300172,申请专利,一种可调节角度的车载平板支架,发明专利·其他发明人,,其他发明人,2026-02-09,,3.0,待审核,,
202300172,其他实践活动,智能驾驶技术专题培训,学术交流访问·境内交流,,,2024-09-20,,1.0,通过,王海燕,符合认定条件，通过
202300173,前沿学术报告,汽车百家讲坛,第6-10期·新能源汽车动力总成发展趋势,,,2024-01-10,,0.25,通过,王海燕,材料齐全，同意认定
202300173,年度创新创业项目,校级·负责人,轮胎花纹与湿滑路面制动性能仿真,,负责人,2025-11-02,2026-06-30,2.0,通过,王海燕,符合认定条件，通过
202300173,科技创新竞赛,中国国际大学生创新大赛,,省级·二等奖,第三完成人,2025-02-15,,1.0,待审核,,
202300173,创业实践,二手车检测陪购服务工作室,入驻孵化器·负责人,,负责人,2025-12-15,,4.0,待院长审批,王海燕,初审通过，转院长审批
202300173,学术论文,燃料电池汽车氢气循环系统特性分析,国际/国内会议·其他作者,,其他作者,2025-05-12,,1.0,通过,王海燕,符合认定条件，通过
202300173,申请专利,一种基于视觉的后视镜盲区监测装置,实用新型专利·第一发明人,,第一发明人,2026-01-01,,3.0,通过,王海燕,佐证材料完整，予以通过
202300173,其他实践活动,暑期高校科学营活动,技能资格培训·中级,,,2026-01-13,,1.0,通过,王海燕,佐证材料完整，予以通过
202300174,前沿学术报告,信息科学论坛,第6期以后·汽车芯片与域控制器架构,,,2024-03-14,,0.25,通过,王海燕,符合认定条件，通过
202300174,年度创新创业项目,院级·核心成员,智能导览机器人设计与实现,,核心成员,2024-11-08,2026-06-30,0.5,待审核,,
202300174,科技创新竞赛,全国大学生智能汽车竞赛,,省级·三等奖,第三完成人,2026-08-24,,0.5,待审核,,
202300174,创业实践,智能驾培服务平台,创业训练计划·负责人,,负责人,2026-07-28,,3.0,通过,王海燕,符合认定条件，通过
202300174,学术论文,汽车主动悬架半主动控制策略仿真,国际/国内会议·第二作者,,第二作者,2026-02-12,,2.0,通过,王海燕,材料齐全，同意认定
202300174,申请专利,一种多功能汽车后备箱收纳架,实用新型专利·第一发明人,,第一发明人,2026-07-11,,3.0,通过,王海燕,符合认定条件，通过
202300174,其他实践活动,汽车造型设计工作坊,技能资格培训·中级,,,2024-02-13,,1.0,通过,王海燕,材料齐全，同意认定
202300175,前沿学术报告,汽车百家讲坛,第6-10期·动力电池热管理关键技术,,,2025-08-04,,0.25,通过,王海燕,符合认定条件，通过
202300175,年度创新创业项目,省级·核心成员,氢燃料电池汽车散热性能仿真分析,,核心成员,2025-05-14,2026-06-30,3.0,通过,王海燕,符合认定条件，通过
202300175,科技创新竞赛,全国大学生节能减排社会实践与科技竞赛,,国家级·二等奖,核心成员,2025-08-08,,2.4,通过,王海燕,符合认定条件，通过
202300175,创业实践,二手车检测陪购服务工作室,创业训练计划·团队成员,,团队成员,2026-08-02,,1.5,通过,王海燕,材料齐全，同意认定
202300175,学术论文,基于深度学习的路面裂缝检测方法研究,核心期刊·其他作者,,其他作者,2026-08-21,,1.0,待审核,,
202300175,申请专利,一种可调节角度的车载平板支架,实用新型专利·第一发明人,,第一发明人,2026-03-03,,3.0,通过,王海燕,佐证材料完整，予以通过
202300175,其他实践活动,汽车造型设计工作坊,技能资格培训·高级,,,2026-05-16,,1.5,通过,王海燕,佐证材料完整，予以通过
202300176,前沿学术报告,名家学术讲座,单场·智能网联汽车技术前沿,,,2024-05-06,,0.5,待审核,,
202300176,年度创新创业项目,省级·核心成员,新能源汽车电池热管理优化研究,,核心成员,2025-10-02,2026-06-30,3.0,通过,王海燕,佐证材料完整，予以通过
202300176,科技创新竞赛,全国大学生机械创新设计大赛,,省级·二等奖,第三完成人,2024-01-09,,1.0,通过,王海燕,佐证材料完整，予以通过
202300176,创业实践,大学生汽车文创工作室,入驻孵化器·团队成员,,团队成员,2026-06-05,,2.0,通过,王海燕,佐证材料完整，予以通过
202300176,学术论文,混合动力汽车能量管理策略仿真,核心期刊·第二作者,,第二作者,2025-10-13,,2.0,待审核,,
202300176,申请专利,一种基于视觉的后视镜盲区监测装置,实用新型专利·其他发明人,,其他发明人,2025-12-19,,1.5,待审核,,
202300176,其他实践活动,汽车造型设计工作坊,学术交流访问·境内交流,,,2026-03-04,,1.0,通过,王海燕,佐证材料完整，予以通过
202300177,前沿学术报告,汽车百家讲坛,第6-10期·新能源汽车动力总成发展趋势,,,2025-04-19,,0.25,通过,王海燕,符合认定条件，通过
202300177,年度创新创业项目,校级·核心成员,轮胎花纹与湿滑路面制动性能仿真,,核心成员,2024-08-22,2026-06-30,1.5,通过,王海燕,材料齐全，同意认定
202300177,科技创新竞赛,中国国际大学生创新大赛,,国家级·一等奖,第二完成人,2026-05-12,,4.2,通过,王海燕,符合认定条件，通过
202300177,创业实践,校内共享打印服务站,入驻孵化器·负责人,,负责人,2026-04-13,,4.0,通过,王海燕,符合认定条件，通过
202300177,学术论文,基于YOLO的车距保持辅助算法研究,普通期刊·第二作者,,第二作者,2025-10-19,,1.0,通过,王海燕,佐证材料完整，予以通过
202300177,申请专利,一种车载智能空气净化装置,实用新型专利·第一发明人,,第一发明人,2025-01-11,,3.0,通过,王海燕,材料齐全，同意认定
202300177,其他实践活动,智能驾驶技术专题培训,学科冬夏令营·国家级,,,2024-08-12,,2.0,通过,王海燕,材料齐全，同意认定
202300178,前沿学术报告,汽车百家讲坛,第11期以后·智能制造与数字化工厂实践,,,2026-07-07,,0.25,通过,王海燕,符合认定条件，通过
202300178,年度创新创业项目,院级·负责人,太阳能小车能量管理策略研究,,负责人,2025-08-26,2026-06-30,1.0,通过,王海燕,符合认定条件，通过
202300178,科技创新竞赛,山东省大学生机电产品创新设计竞赛,,省级·二等奖,核心成员,2024-06-11,,1.2,待院长审批,王海燕,初审通过，转院长审批
202300178,创业实践,二手车检测陪购服务工作室,注册成立公司·合伙人,,合伙人,2025-12-20,,4.0,通过,王海燕,符合认定条件，通过
202300178,学术论文,汽车主动悬架半主动控制策略仿真,核心期刊·第一作者,,第一作者,2026-02-16,,4.0,待审核,,
202300178,申请专利,一种基于视觉的后视镜盲区监测装置,发明专利·其他发明人,,其他发明人,2025-06-04,,3.0,通过,王海燕,符合认定条件，通过
202300178,其他实践活动,德国亚琛工业大学线上交流项目,技能资格培训·中级,,,2025-05-20,,1.0,通过,王海燕,材料齐全，同意认定
202300179,前沿学术报告,汽车百家讲坛,第1-5期·汽车轻量化设计与新材料应用,,,2026-01-16,,0.25,通过,王海燕,符合认定条件，通过
202300179,年度创新创业项目,校级·负责人,校园共享电动车调度优化研究,,负责人,2024-06-07,2026-06-30,2.0,通过,王海燕,材料齐全，同意认定
202300179,科技创新竞赛,中国国际大学生创新大赛,,省级·一等奖,第一完成人,2025-04-04,,3.0,通过,王海燕,符合认定条件，通过
202300179,创业实践,校园二手书流转平台,创业训练计划·负责人,,负责人,2026-01-01,,3.0,通过,王海燕,材料齐全，同意认定
202300179,学术论文,汽车主动悬架半主动控制策略仿真,普通期刊·第一作者,,第一作者,2026-04-22,,2.0,通过,王海燕,佐证材料完整，予以通过
202300179,申请专利,一种电动汽车电池包液冷结构,发明专利·第一发明人,,第一发明人,2025-12-04,,6.0,通过,王海燕,佐证材料完整，予以通过
202300179,其他实践活动,德国亚琛工业大学线上交流项目,学术交流访问·出境交流,,,2024-07-10,,2.0,通过,王海燕,佐证材料完整，予以通过
202300180,前沿学术报告,汽车百家讲坛,第11期以后·车载总线与嵌入式系统开发,,,2026-02-03,,0.25,通过,王海燕,符合认定条件，通过
202300180,年度创新创业项目,院级·负责人,基于机器视觉的行人过街检测系统,,负责人,2025-03-14,2026-06-30,1.0,通过,王海燕,符合认定条件，通过
202300180,科技创新竞赛,校智能车校内选拔赛,,校级·二等奖,核心成员,2026-04-25,,0.3,公示中,王海燕,材料齐全，同意认定
202300180,创业实践,校园二手书流转平台,创业训练计划·负责人,,负责人,2025-10-09,,3.0,通过,王海燕,符合认定条件，通过
202300180,学术论文,混合动力汽车能量管理策略仿真,国际/国内会议·其他作者,,其他作者,2025-10-05,,1.0,通过,王海燕,佐证材料完整，予以通过
202300180,申请专利,一种可调节角度的车载平板支架,实用新型专利·其他发明人,,其他发明人,2025-11-15,,1.5,通过,王海燕,符合认定条件，通过
202300180,其他实践活动,汽车工程学院企业行,学术交流访问·境内交流,,,2024-01-19,,1.0,待审核,,
202300181,前沿学术报告,名家学术讲座,单场·车载总线与嵌入式系统开发,,,2026-04-26,,0.5,通过,王海燕,材料齐全，同意认定
202300181,年度创新创业项目,院级·一般成员,新能源汽车电池热管理优化研究,,一般成员,2025-08-18,2026-06-30,0.5,通过,王海燕,符合认定条件，通过
202300181,科技创新竞赛,校智能车校内选拔赛,,校级·二等奖,核心成员,2026-01-08,,0.3,通过,王海燕,佐证材料完整，予以通过
202300181,创业实践,智能驾培服务平台,创业训练计划·负责人,,负责人,2026-05-25,,3.0,通过,王海燕,符合认定条件，通过
202300181,学术论文,汽车主动悬架半主动控制策略仿真,普通期刊·第二作者,,第二作者,2026-01-16,,1.0,通过,王海燕,佐证材料完整，予以通过
202300181,申请专利,一种基于视觉的后视镜盲区监测装置,外观设计专利·其他发明人,,其他发明人,2026-04-22,,1.0,待院长审批,王海燕,初审通过，转院长审批
202300181,其他实践活动,暑期高校科学营活动,学科冬夏令营·国家级,,,2025-11-24,,2.0,待审核,,
202300182,前沿学术报告,汽车百家讲坛,第1-5期·动力电池热管理关键技术,,,2026-03-05,,0.25,通过,王海燕,符合认定条件，通过
202300182,年度创新创业项目,校级·一般成员,基于机器视觉的行人过街检测系统,,一般成员,2024-02-26,2026-06-30,1.0,通过,王海燕,符合认定条件，通过
202300182,科技创新竞赛,全国大学生数学建模竞赛,,省级·一等奖,第三完成人,2024-02-01,,1.5,通过,王海燕,佐证材料完整，予以通过
202300182,创业实践,二手车检测陪购服务工作室,创业训练计划·团队成员,,团队成员,2026-04-22,,1.5,通过,王海燕,佐证材料完整，予以通过
202300182,学术论文,低温环境下锂电池充放电特性研究,普通期刊·第一作者,,第一作者,2026-04-04,,2.0,通过,王海燕,佐证材料完整，予以通过
202300182,申请专利,一种基于视觉的后视镜盲区监测装置,实用新型专利·第一发明人,,第一发明人,2026-02-23,,3.0,通过,王海燕,符合认定条件，通过
202300182,其他实践活动,德国亚琛工业大学线上交流项目,学科冬夏令营·省级,,,2025-03-06,,1.0,待审核,,
202300183,前沿学术报告,汽车百家讲坛,第6-10期·车载总线与嵌入式系统开发,,,2026-02-10,,0.25,通过,王海燕,符合认定条件，通过
202300183,年度创新创业项目,省级·负责人,新能源汽车电池热管理优化研究,,负责人,2025-03-17,2026-06-30,4.0,通过,王海燕,佐证材料完整，予以通过
202300183,科技创新竞赛,全国大学生数学建模竞赛,,国家级·三等奖,核心成员,2025-02-21,,1.2,通过,王海燕,佐证材料完整，予以通过
202300183,创业实践,二手车检测陪购服务工作室,入驻孵化器·团队成员,,团队成员,2025-08-28,,2.0,通过,王海燕,佐证材料完整，予以通过
202300183,学术论文,汽车主动悬架半主动控制策略仿真,普通期刊·其他作者,,其他作者,2026-02-25,,0.5,待院长审批,王海燕,初审通过，转院长审批
202300183,申请专利,一种新能源汽车充电枪锁止机构,实用新型专利·其他发明人,,其他发明人,2026-08-06,,1.5,通过,王海燕,材料齐全，同意认定
202300183,其他实践活动,汽车工程学院企业行,学术交流访问·境内交流,,,2025-07-17,,1.0,通过,王海燕,材料齐全，同意认定
202300184,前沿学术报告,汽车百家讲坛,第11期以后·动力电池热管理关键技术,,,2026-01-21,,0.25,通过,王海燕,符合认定条件，通过
202300184,年度创新创业项目,校级·负责人,基于STM32的智能循迹小车,,负责人,2024-03-03,2026-06-30,2.0,通过,王海燕,符合认定条件，通过
202300184,科技创新竞赛,全国大学生机械创新设计大赛,,国家级·二等奖,第一完成人,2024-12-07,,4.0,通过,王海燕,材料齐全，同意认定
202300184,创业实践,智能驾培服务平台,入驻孵化器·负责人,,负责人,2026-02-23,,4.0,通过,王海燕,材料齐全，同意认定
202300184,学术论文,电动汽车无线充电耦合机构优化设计,国际/国内会议·第二作者,,第二作者,2026-07-01,,2.0,待审核,,
202300184,申请专利,一种电动汽车电池包液冷结构,实用新型专利·第一发明人,,第一发明人,2026-07-19,,3.0,通过,王海燕,材料齐全，同意认定
202300184,其他实践活动,汽车造型设计工作坊,技能资格培训·高级,,,2025-03-02,,1.5,通过,王海燕,符合认定条件，通过
202300185,前沿学术报告,汽车百家讲坛,第11期以后·无人驾驶环境感知技术进展,,,2025-09-17,,0.25,通过,王海燕,佐证材料完整，予以通过
202300185,年度创新创业项目,省级·一般成员,智能导览机器人设计与实现,,一般成员,2025-08-18,2026-06-30,1.5,通过,王海燕,符合认定条件，通过
202300185,科技创新竞赛,全国大学生节能减排社会实践与科技竞赛,,省级·一等奖,负责人,2026-02-15,,3.0,通过,王海燕,材料齐全，同意认定
202300185,创业实践,二手车检测陪购服务工作室,注册成立公司·合伙人,,合伙人,2025-03-12,,4.0,通过,王海燕,佐证材料完整，予以通过
202300185,学术论文,燃料电池汽车氢气循环系统特性分析,国际/国内会议·第二作者,,第二作者,2026-07-22,,2.0,待审核,,
202300185,申请专利,一种可调节角度的车载平板支架,外观设计专利·其他发明人,,其他发明人,2026-06-26,,1.0,待审核,,
202300185,其他实践活动,汽车工程学院企业行,技能资格培训·高级,,,2025-03-26,,1.5,通过,王海燕,符合认定条件，通过
202300186,前沿学术报告,汽车百家讲坛,第11期以后·智能制造与数字化工厂实践,,,2025-02-21,,0.25,通过,王海燕,材料齐全，同意认定
202300186,年度创新创业项目,省级·负责人,氢燃料电池汽车散热性能仿真分析,,负责人,2025-09-19,2026-06-30,4.0,通过,王海燕,材料齐全，同意认定
202300186,科技创新竞赛,挑战杯全国大学生课外学术科技作品竞赛,,国家级·三等奖,第三完成人,2024-11-06,,1.0,通过,王海燕,材料齐全，同意认定
202300186,创业实践,校园二手书流转平台,创业训练计划·负责人,,负责人,2026-03-08,,3.0,通过,王海燕,符合认定条件，通过
202300186,学术论文,混合动力汽车能量管理策略仿真,核心期刊·第一作者,,第一作者,2025-03-04,,4.0,通过,王海燕,符合认定条件，通过
202300186,申请专利,一种电动汽车电池包液冷结构,外观设计专利·第一发明人,,第一发明人,2026-04-02,,2.0,通过,王海燕,符合认定条件，通过
202300186,其他实践活动,汽车造型设计工作坊,技能资格培训·中级,,,2024-08-01,,1.0,通过,王海燕,材料齐全，同意认定
202300187,前沿学术报告,汽车百家讲坛,第11期以后·无人驾驶环境感知技术进展,,,2026-07-26,,0.25,通过,王海燕,材料齐全，同意认定
202300187,年度创新创业项目,省级·负责人,新能源汽车电池热管理优化研究,,负责人,2024-02-11,2026-06-30,4.0,通过,王海燕,材料齐全，同意认定
202300187,科技创新竞赛,全国大学生节能减排社会实践与科技竞赛,,省级·三等奖,负责人,2024-06-19,,1.0,通过,王海燕,佐证材料完整，予以通过
202300187,创业实践,大学生汽车文创工作室,注册成立公司·法人代表,,法人代表,2026-04-08,,6.0,通过,王海燕,符合认定条件，通过
202300187,学术论文,燃料电池汽车氢气循环系统特性分析,国际/国内会议·第一作者,,第一作者,2026-06-21,,3.0,待院长审批,王海燕,初审通过，转院长审批
202300187,申请专利,一种电动汽车电池包液冷结构,发明专利·其他发明人,,其他发明人,2025-09-09,,3.0,通过,王海燕,符合认定条件，通过
202300187,其他实践活动,德国亚琛工业大学线上交流项目,学术交流访问·境内交流,,,2024-08-23,,1.0,待审核,,
202300188,前沿学术报告,汽车百家讲坛,第6-10期·无人驾驶环境感知技术进展,,,2024-01-03,,0.25,通过,王海燕,佐证材料完整，予以通过
202300188,年度创新创业项目,院级·负责人,基于STM32的智能循迹小车,,负责人,2024-03-01,2026-06-30,1.0,通过,王海燕,材料齐全，同意认定
202300188,科技创新竞赛,全国大学生机械创新设计大赛,,国家级·三等奖,核心成员,2025-01-03,,1.2,待审核,,
202300188,创业实践,智能驾培服务平台,入驻孵化器·团队成员,,团队成员,2025-11-06,,2.0,通过,王海燕,材料齐全，同意认定
202300188,学术论文,基于深度学习的路面裂缝检测方法研究,普通期刊·其他作者,,其他作者,2026-05-07,,0.5,通过,王海燕,佐证材料完整，予以通过
202300188,申请专利,一种车载智能空气净化装置,实用新型专利·第一发明人,,第一发明人,2025-03-10,,3.0,通过,王海燕,符合认定条件，通过
202300188,其他实践活动,汽车造型设计工作坊,学科冬夏令营·国家级,,,2024-10-12,,2.0,通过,王海燕,材料齐全，同意认定
202300189,前沿学术报告,汽车百家讲坛,第6-10期·汽车轻量化设计与新材料应用,,,2026-02-13,,0.25,通过,王海燕,材料齐全，同意认定
202300189,年度创新创业项目,校级·核心成员,基于STM32的智能循迹小车,,核心成员,2025-11-05,2026-06-30,1.5,通过,王海燕,材料齐全，同意认定
202300189,科技创新竞赛,全国大学生智能汽车竞赛,,省级·三等奖,核心成员,2026-06-23,,0.6,通过,王海燕,材料齐全，同意认定
202300189,创业实践,大学生汽车文创工作室,创业训练计划·团队成员,,团队成员,2026-08-16,,1.5,通过,王海燕,佐证材料完整，予以通过
202300189,学术论文,电动汽车无线充电耦合机构优化设计,国际/国内会议·第二作者,,第二作者,2026-02-01,,2.0,通过,王海燕,材料齐全，同意认定
202300189,申请专利,一种电动汽车电池包液冷结构,实用新型专利·其他发明人,,其他发明人,2025-12-16,,1.5,通过,王海燕,符合认定条件，通过
202300189,其他实践活动,全国大学生汽车科技夏令营,学术交流访问·境内交流,,,2025-06-05,,1.0,通过,王海燕,佐证材料完整，予以通过
202300190,前沿学术报告,汽车百家讲坛,第1-5期·氢能及燃料电池汽车产业展望,,,2024-04-11,,0.25,待审核,,
202300190,年度创新创业项目,省级·负责人,校园共享电动车调度优化研究,,负责人,2024-11-27,2026-06-30,4.0,通过,王海燕,佐证材料完整，予以通过
202300190,科技创新竞赛,全国大学生节能减排社会实践与科技竞赛,,省级·二等奖,第三完成人,2026-04-26,,1.0,通过,王海燕,符合认定条件，通过
202300190,创业实践,二手车检测陪购服务工作室,创业训练计划·团队成员,,团队成员,2025-12-13,,1.5,通过,王海燕,符合认定条件，通过
202300190,学术论文,燃料电池汽车氢气循环系统特性分析,普通期刊·第二作者,,第二作者,2025-10-25,,1.0,通过,王海燕,佐证材料完整，予以通过
202300190,申请专利,一种新能源汽车充电枪锁止机构,外观设计专利·其他发明人,,其他发明人,2025-01-12,,1.0,通过,王海燕,佐证材料完整，予以通过
202300190,其他实践活动,德国亚琛工业大学线上交流项目,学术交流访问·出境交流,,,2025-01-23,,2.0,通过,王海燕,佐证材料完整，予以通过
202300191,前沿学术报告,名家学术讲座,单场·车载总线与嵌入式系统开发,,,2024-02-07,,0.5,待审核,,
202300191,年度创新创业项目,校级·核心成员,氢燃料电池汽车散热性能仿真分析,,核心成员,2024-07-27,2026-06-30,1.5,通过,王海燕,佐证材料完整，予以通过
202300191,科技创新竞赛,全国大学生机械创新设计大赛,,国家级·一等奖,负责人,2026-05-27,,6.0,通过,王海燕,材料齐全，同意认定
202300191,创业实践,二手车检测陪购服务工作室,注册成立公司·团队成员,,团队成员,2026-06-20,,2.0,通过,王海燕,材料齐全，同意认定
202300191,学术论文,基于YOLO的车距保持辅助算法研究,国际/国内会议·第一作者,,第一作者,2026-05-02,,3.0,通过,王海燕,材料齐全，同意认定
202300191,申请专利,一种可调节角度的车载平板支架,实用新型专利·第一发明人,,第一发明人,2025-07-20,,3.0,通过,王海燕,符合认定条件，通过
202300191,其他实践活动,汽车造型设计工作坊,学术交流访问·出境交流,,,2024-08-13,,2.0,通过,王海燕,材料齐全，同意认定
202300192,前沿学术报告,名家学术讲座,单场·汽车轻量化设计与新材料应用,,,2024-10-26,,0.5,通过,王海燕,材料齐全，同意认定
202300192,年度创新创业项目,校级·一般成员,智能导览机器人设计与实现,,一般成员,2024-06-27,2026-06-30,1.0,通过,王海燕,材料齐全，同意认定
202300192,科技创新竞赛,挑战杯全国大学生课外学术科技作品竞赛,,省级·二等奖,第二完成人,2024-09-24,,1.4,公示中,王海燕,符合认定条件，通过
202300192,创业实践,校内共享打印服务站,创业训练计划·负责人,,负责人,2026-06-26,,3.0,待审核,,
202300192,学术论文,基于深度学习的路面裂缝检测方法研究,国际/国内会议·第一作者,,第一作者,2025-06-11,,3.0,通过,王海燕,材料齐全，同意认定
202300192,申请专利,一种可调节角度的车载平板支架,实用新型专利·第一发明人,,第一发明人,2025-06-12,,3.0,通过,王海燕,材料齐全，同意认定
202300192,其他实践活动,汽车工程学院企业行,学科冬夏令营·省级,,,2025-12-04,,1.0,通过,王海燕,佐证材料完整，予以通过
202300193,前沿学术报告,汽车百家讲坛,第1-5期·智能制造与数字化工厂实践,,,2025-01-02,,0.25,通过,王海燕,材料齐全，同意认定
202300193,年度创新创业项目,院级·一般成员,新能源汽车电池热管理优化研究,,一般成员,2024-05-15,2026-06-30,0.5,公示中,王海燕,佐证材料完整，予以通过
202300193,科技创新竞赛,挑战杯全国大学生课外学术科技作品竞赛,,省级·一等奖,第一完成人,2024-11-13,,3.0,待审核,,
202300193,创业实践,智能驾培服务平台,创业训练计划·团队成员,,团队成员,2026-05-17,,1.5,通过,王海燕,材料齐全，同意认定
202300193,学术论文,基于YOLO的车距保持辅助算法研究,国际/国内会议·第二作者,,第二作者,2026-02-11,,2.0,通过,王海燕,材料齐全，同意认定
202300193,申请专利,一种电动汽车电池包液冷结构,实用新型专利·第一发明人,,第一发明人,2025-03-17,,3.0,通过,王海燕,佐证材料完整，予以通过
202300193,其他实践活动,智能驾驶技术专题培训,学科冬夏令营·校级,,,2026-08-10,,0.5,通过,王海燕,佐证材料完整，予以通过
202300194,前沿学术报告,汽车百家讲坛,第11期以后·智能网联汽车技术前沿,,,2026-03-05,,0.25,通过,王海燕,佐证材料完整，予以通过
202300194,年度创新创业项目,国家级·负责人,校园共享电动车调度优化研究,,负责人,2024-05-24,2026-06-30,6.0,通过,王海燕,佐证材料完整，予以通过
202300194,科技创新竞赛,校智能车校内选拔赛,,校级·二等奖,第二完成人,2024-09-14,,0.35,待审核,,
202300194,创业实践,校内共享打印服务站,入驻孵化器·团队成员,,团队成员,2026-08-19,,2.0,通过,王海燕,符合认定条件，通过
202300194,学术论文,基于YOLO的车距保持辅助算法研究,SCI/EI 收录·其他作者,,其他作者,2026-03-17,,2.0,通过,王海燕,符合认定条件，通过
202300194,申请专利,一种电动汽车电池包液冷结构,发明专利·第一发明人,,第一发明人,2026-02-25,,6.0,通过,王海燕,符合认定条件，通过
202300194,其他实践活动,汽车工程学院企业行,技能资格培训·中级,,,2024-11-07,,1.0,待审核,,
202300195,前沿学术报告,汽车百家讲坛,第1-5期·汽车轻量化设计与新材料应用,,,2026-08-28,,0.25,通过,王海燕,佐证材料完整，予以通过
202300195,年度创新创业项目,校级·负责人,基于深度学习的交通标志识别系统,,负责人,2024-10-26,2026-06-30,2.0,通过,王海燕,佐证材料完整，予以通过
202300195,科技创新竞赛,全国大学生数学建模竞赛,,国家级·一等奖,第一完成人,2025-07-03,,6.0,通过,王海燕,佐证材料完整，予以通过
202300195,创业实践,新能源汽车科普工作室,注册成立公司·法人代表,,法人代表,2026-07-16,,6.0,待审核,,
202300195,学术论文,基于深度学习的路面裂缝检测方法研究,普通期刊·第二作者,,第二作者,2026-07-14,,1.0,待审核,,
202300195,申请专利,一种车载智能空气净化装置,实用新型专利·其他发明人,,其他发明人,2025-01-18,,1.5,待院长审批,王海燕,初审通过，转院长审批
202300195,其他实践活动,暑期高校科学营活动,技能资格培训·初级,,,2025-01-08,,0.5,通过,王海燕,符合认定条件，通过
202300196,前沿学术报告,信息科学论坛,第6期以后·动力电池热管理关键技术,,,2025-03-03,,0.25,通过,王海燕,材料齐全，同意认定
202300196,年度创新创业项目,省级·一般成员,基于机器视觉的行人过街检测系统,,一般成员,2024-03-08,2026-06-30,1.5,通过,王海燕,佐证材料完整，予以通过
202300196,科技创新竞赛,挑战杯全国大学生课外学术科技作品竞赛,,国家级·三等奖,第二完成人,2025-06-12,,1.4,待审核,,
202300196,创业实践,智能驾培服务平台,注册成立公司·团队成员,,团队成员,2026-08-08,,2.0,通过,王海燕,佐证材料完整，予以通过
202300196,学术论文,基于多目标优化的车身结构轻量化设计,国际/国内会议·第一作者,,第一作者,2026-01-08,,3.0,通过,王海燕,佐证材料完整，予以通过
202300196,申请专利,一种可调节角度的车载平板支架,实用新型专利·其他发明人,,其他发明人,2026-02-14,,1.5,通过,王海燕,材料齐全，同意认定
202300196,其他实践活动,德国亚琛工业大学线上交流项目,学术交流访问·出境交流,,,2025-04-22,,2.0,通过,王海燕,符合认定条件，通过
202300197,前沿学术报告,名家学术讲座,单场·氢能及燃料电池汽车产业展望,,,2024-05-23,,0.5,通过,王海燕,符合认定条件，通过
202300197,年度创新创业项目,校级·负责人,氢燃料电池汽车散热性能仿真分析,,负责人,2025-11-18,2026-06-30,2.0,通过,王海燕,佐证材料完整，予以通过
202300197,科技创新竞赛,全国大学生节能减排社会实践与科技竞赛,,省级·三等奖,负责人,2025-07-28,,1.0,通过,王海燕,符合认定条件，通过
202300197,创业实践,校园二手书流转平台,注册成立公司·法人代表,,法人代表,2026-03-17,,6.0,通过,王海燕,材料齐全，同意认定
202300197,学术论文,汽车主动悬架半主动控制策略仿真,普通期刊·第二作者,,第二作者,2025-06-06,,1.0,通过,王海燕,佐证材料完整，予以通过
202300197,申请专利,一种车载智能空气净化装置,外观设计专利·第一发明人,,第一发明人,2026-07-16,,2.0,通过,王海燕,材料齐全，同意认定
202300197,其他实践活动,智能驾驶技术专题培训,技能资格培训·中级,,,2026-06-04,,1.0,通过,王海燕,佐证材料完整，予以通过
202300198,前沿学术报告,汽车百家讲坛,第6-10期·汽车空气动力学优化设计,,,2024-04-10,,0.25,通过,王海燕,佐证材料完整，予以通过
202300198,年度创新创业项目,省级·核心成员,基于机器视觉的行人过街检测系统,,核心成员,2025-08-09,2026-06-30,3.0,待审核,,
202300198,科技创新竞赛,全国大学生机械创新设计大赛,,国家级·二等奖,核心成员,2024-07-13,,2.4,通过,王海燕,材料齐全，同意认定
202300198,创业实践,校园二手书流转平台,创业训练计划·团队成员,,团队成员,2025-09-16,,1.5,通过,王海燕,佐证材料完整，予以通过
202300198,学术论文,基于多目标优化的车身结构轻量化设计,SCI/EI 收录·第二作者,,第二作者,2025-05-17,,4.0,通过,王海燕,材料齐全，同意认定
202300198,申请专利,一种基于视觉的后视镜盲区监测装置,实用新型专利·第一发明人,,第一发明人,2026-05-01,,3.0,通过,王海燕,材料齐全，同意认定
202300198,其他实践活动,暑期高校科学营活动,技能资格培训·中级,,,2024-01-08,,1.0,通过,王海燕,材料齐全，同意认定
202300199,前沿学术报告,名家学术讲座,单场·车载总线与嵌入式系统开发,,,2024-04-02,,0.5,通过,王海燕,符合认定条件，通过
202300199,年度创新创业项目,院级·负责人,新能源汽车电池热管理优化研究,,负责人,2025-08-11,2026-06-30,1.0,通过,王海燕,符合认定条件，通过
202300199,科技创新竞赛,中国国际大学生创新大赛,,省级·一等奖,第一完成人,2025-04-12,,3.0,通过,王海燕,佐证材料完整，予以通过
202300199,创业实践,大学生汽车文创工作室,创业训练计划·负责人,,负责人,2025-09-27,,3.0,通过,王海燕,符合认定条件，通过
202300199,学术论文,基于多目标优化的车身结构轻量化设计,普通期刊·第一作者,,第一作者,2026-08-27,,2.0,通过,王海燕,符合认定条件，通过
202300199,申请专利,一种多功能汽车后备箱收纳架,实用新型专利·第一发明人,,第一发明人,2025-05-23,,3.0,通过,王海燕,材料齐全，同意认定
202300199,其他实践活动,智能驾驶技术专题培训,学术交流访问·出境交流,,,2025-08-26,,2.0,通过,王海燕,材料齐全，同意认定
202300200,前沿学术报告,名家学术讲座,单场·智能制造与数字化工厂实践,,,2024-06-12,,0.5,通过,王海燕,佐证材料完整，予以通过
202300200,年度创新创业项目,院级·核心成员,汽车内饰件轻量化设计,,核心成员,2024-02-05,2026-06-30,0.5,通过,王海燕,符合认定条件，通过
202300200,科技创新竞赛,全国大学生智能汽车竞赛,,国家级·三等奖,第一完成人,2026-08-08,,2.0,待审核,,
202300200,创业实践,新能源汽车科普工作室,注册成立公司·团队成员,,团队成员,2026-01-21,,2.0,待审核,,
202300200,学术论文,低温环境下锂电池充放电特性研究,核心期刊·第二作者,,第二作者,2025-08-11,,2.0,通过,王海燕,佐证材料完整，予以通过
202300200,申请专利,一种电动汽车电池包液冷结构,外观设计专利·其他发明人,,其他发明人,2026-06-11,,1.0,通过,王海燕,材料齐全，同意认定
202300200,其他实践活动,汽车工程学院企业行,学科冬夏令营·国家级,,,2025-05-14,,2.0,通过,王海燕,材料齐全，同意认定
202300201,前沿学术报告,汽车百家讲坛,第1-5期·车载总线与嵌入式系统开发,,,2026-07-06,,0.25,通过,王海燕,材料齐全，同意认定
202300201,年度创新创业项目,校级·核心成员,基于机器视觉的行人过街检测系统,,核心成员,2024-04-07,2026-06-30,1.5,通过,王海燕,符合认定条件，通过
202300201,科技创新竞赛,中国国际大学生创新大赛,,省级·一等奖,第三完成人,2025-06-01,,1.5,通过,王海燕,材料齐全，同意认定
202300201,创业实践,新能源汽车科普工作室,创业训练计划·团队成员,,团队成员,2026-07-22,,1.5,待审核,,
202300201,学术论文,低温环境下锂电池充放电特性研究,国际/国内会议·第一作者,,第一作者,2025-09-18,,3.0,通过,王海燕,符合认定条件，通过
202300201,申请专利,一种多功能汽车后备箱收纳架,实用新型专利·其他发明人,,其他发明人,2026-02-21,,1.5,通过,王海燕,佐证材料完整，予以通过
202300201,其他实践活动,德国亚琛工业大学线上交流项目,技能资格培训·高级,,,2026-07-16,,1.5,通过,王海燕,佐证材料完整，予以通过
202300202,前沿学术报告,名家学术讲座,单场·汽车芯片与域控制器架构,,,2024-08-07,,0.5,通过,王海燕,符合认定条件，通过
202300202,年度创新创业项目,省级·负责人,基于STM32的智能循迹小车,,负责人,2025-01-08,2026-06-30,4.0,通过,王海燕,符合认定条件，通过
202300202,科技创新竞赛,挑战杯全国大学生课外学术科技作品竞赛,,国家级·一等奖,第三完成人,2026-03-24,,3.0,通过,王海燕,符合认定条件，通过
202300202,创业实践,大学生汽车文创工作室,入驻孵化器·负责人,,负责人,2026-06-25,,4.0,通过,王海燕,材料齐全，同意认定
202300202,学术论文,基于YOLO的车距保持辅助算法研究,核心期刊·第二作者,,第二作者,2026-04-09,,2.0,通过,王海燕,符合认定条件，通过
202300202,申请专利,一种车载智能空气净化装置,外观设计专利·其他发明人,,其他发明人,2025-12-15,,1.0,通过,王海燕,符合认定条件，通过
202300202,其他实践活动,德国亚琛工业大学线上交流项目,学科冬夏令营·省级,,,2024-03-15,,1.0,通过,王海燕,佐证材料完整，予以通过
202300203,前沿学术报告,信息科学论坛,第6期以后·动力电池热管理关键技术,,,2024-10-10,,0.25,待审核,,
202300203,年度创新创业项目,国家级·核心成员,二手车价格预测模型构建,,核心成员,2025-11-19,2026-06-30,4.0,通过,王海燕,佐证材料完整，予以通过
202300203,科技创新竞赛,全国大学生智能汽车竞赛,,国家级·一等奖,负责人,2026-06-21,,6.0,通过,王海燕,佐证材料完整，予以通过
202300203,创业实践,二手车检测陪购服务工作室,入驻孵化器·负责人,,负责人,2025-06-18,,4.0,通过,王海燕,符合认定条件，通过
202300203,学术论文,基于YOLO的车距保持辅助算法研究,核心期刊·其他作者,,其他作者,2025-07-19,,1.0,通过,王海燕,佐证材料完整，予以通过
202300203,申请专利,一种新能源汽车充电枪锁止机构,实用新型专利·第一发明人,,第一发明人,2026-02-27,,3.0,通过,王海燕,符合认定条件，通过
202300203,其他实践活动,德国亚琛工业大学线上交流项目,技能资格培训·高级,,,2025-09-26,,1.5,通过,王海燕,材料齐全，同意认定
202300204,前沿学术报告,汽车百家讲坛,第11期以后·车载总线与嵌入式系统开发,,,2024-04-19,,0.25,通过,王海燕,符合认定条件，通过
202300204,年度创新创业项目,校级·负责人,新能源汽车电池热管理优化研究,,负责人,2024-05-06,2026-06-30,2.0,通过,王海燕,佐证材料完整，予以通过
202300204,科技创新竞赛,中国国际大学生创新大赛,,国家级·一等奖,第一完成人,2026-04-04,,6.0,通过,王海燕,佐证材料完整，予以通过
202300204,创业实践,智能驾培服务平台,创业训练计划·团队成员,,团队成员,2025-05-13,,1.5,通过,王海燕,材料齐全，同意认定
202300204,学术论文,低温环境下锂电池充放电特性研究,普通期刊·其他作者,,其他作者,2025-08-07,,0.5,通过,王海燕,佐证材料完整，予以通过
202300204,申请专利,一种新能源汽车充电枪锁止机构,实用新型专利·其他发明人,,其他发明人,2025-02-25,,1.5,通过,王海燕,符合认定条件，通过
202300204,其他实践活动,德国亚琛工业大学线上交流项目,学科冬夏令营·校级,,,2026-01-25,,0.5,通过,王海燕,材料齐全，同意认定
202300205,前沿学术报告,汽车百家讲坛,第11期以后·新能源汽车动力总成发展趋势,,,2026-01-06,,0.25,待审核,,
202300205,年度创新创业项目,院级·核心成员,基于机器视觉的行人过街检测系统,,核心成员,2024-06-21,2026-06-30,0.5,通过,刘志强,材料齐全，同意认定
202300205,科技创新竞赛,中国国际大学生创新大赛,,省级·二等奖,第一完成人,2025-01-21,,2.0,待审核,,
202300205,创业实践,大学生汽车文创工作室,入驻孵化器·团队成员,,团队成员,2025-09-08,,2.0,通过,刘志强,佐证材料完整，予以通过
202300205,学术论文,基于深度学习的路面裂缝检测方法研究,普通期刊·第二作者,,第二作者,2025-03-04,,1.0,通过,刘志强,符合认定条件，通过
202300205,申请专利,一种车载智能空气净化装置,实用新型专利·第一发明人,,第一发明人,2026-05-18,,3.0,通过,刘志强,佐证材料完整，予以通过
202300205,其他实践活动,暑期高校科学营活动,学科冬夏令营·国家级,,,2024-12-11,,2.0,通过,刘志强,符合认定条件，通过
202300206,前沿学术报告,名家学术讲座,单场·新能源汽车动力总成发展趋势,,,2024-11-22,,0.5,通过,刘志强,材料齐全，同意认定
202300206,年度创新创业项目,国家级·负责人,基于机器视觉的行人过街检测系统,,负责人,2024-10-23,2026-06-30,6.0,通过,刘志强,符合认定条件，通过
202300206,科技创新竞赛,中国大学生方程式汽车大赛,,国家级·三等奖,负责人,2026-02-08,,2.0,通过,刘志强,材料齐全，同意认定
202300206,创业实践,大学生汽车文创工作室,注册成立公司·团队成员,,团队成员,2025-12-11,,2.0,待院长审批,刘志强,初审通过，转院长审批
202300206,学术论文,混合动力汽车能量管理策略仿真,普通期刊·第一作者,,第一作者,2025-05-15,,2.0,待审核,,
202300206,申请专利,一种基于视觉的后视镜盲区监测装置,实用新型专利·其他发明人,,其他发明人,2025-12-05,,1.5,通过,刘志强,符合认定条件，通过
202300206,其他实践活动,暑期高校科学营活动,学术交流访问·境内交流,,,2024-12-24,,1.0,通过,刘志强,佐证材料完整，予以通过
202300207,前沿学术报告,名家学术讲座,单场·智能网联汽车技术前沿,,,2024-12-05,,0.5,通过,刘志强,符合认定条件，通过
202300207,年度创新创业项目,院级·核心成员,基于STM32的智能循迹小车,,核心成员,2024-11-03,2026-06-30,0.5,通过,刘志强,佐证材料完整，予以通过
202300207,科技创新竞赛,全国大学生节能减排社会实践与科技竞赛,,国家级·一等奖,第三完成人,2025-09-16,,3.0,待院长审批,刘志强,初审通过，转院长审批
202300207,创业实践,校内共享打印服务站,创业训练计划·团队成员,,团队成员,2025-08-19,,1.5,通过,刘志强,佐证材料完整，予以通过
202300207,学术论文,燃料电池汽车氢气循环系统特性分析,国际/国内会议·第二作者,,第二作者,2025-11-23,,2.0,通过,刘志强,佐证材料完整，予以通过
202300207,申请专利,一种可调节角度的车载平板支架,发明专利·第一发明人,,第一发明人,2025-03-22,,6.0,通过,刘志强,符合认定条件，通过
202300207,其他实践活动,全国大学生汽车科技夏令营,技能资格培训·中级,,,2025-07-12,,1.0,通过,刘志强,材料齐全，同意认定
202300208,前沿学术报告,信息科学论坛,第6期以后·汽车空气动力学优化设计,,,2024-12-04,,0.25,通过,刘志强,佐证材料完整，予以通过
202300208,年度创新创业项目,校级·核心成员,车载OBD数据采集与驾驶行为分析,,核心成员,2024-08-19,2026-06-30,1.5,通过,刘志强,符合认定条件，通过
202300208,科技创新竞赛,校智能车校内选拔赛,,校级·一等奖,核心成员,2025-03-21,,0.6,通过,刘志强,佐证材料完整，予以通过
202300208,创业实践,校园二手书流转平台,入驻孵化器·负责人,,负责人,2025-11-12,,4.0,通过,刘志强,符合认定条件，通过
202300208,学术论文,基于深度学习的路面裂缝检测方法研究,国际/国内会议·第一作者,,第一作者,2025-07-27,,3.0,待院长审批,刘志强,初审通过，转院长审批
202300208,申请专利,一种可调节角度的车载平板支架,外观设计专利·其他发明人,,其他发明人,2025-09-26,,1.0,通过,刘志强,佐证材料完整，予以通过
202300208,其他实践活动,汽车造型设计工作坊,技能资格培训·高级,,,2025-02-22,,1.5,通过,刘志强,材料齐全，同意认定
202300209,前沿学术报告,汽车百家讲坛,第11期以后·氢能及燃料电池汽车产业展望,,,2024-08-24,,0.25,通过,刘志强,符合认定条件，通过
202300209,年度创新创业项目,校级·一般成员,轮胎花纹与湿滑路面制动性能仿真,,一般成员,2025-01-24,2026-06-30,1.0,通过,刘志强,佐证材料完整，予以通过
202300209,科技创新竞赛,中国国际大学生创新大赛,,国家级·三等奖,第三完成人,2026-08-07,,1.0,通过,刘志强,符合认定条件，通过
202300209,创业实践,校园二手书流转平台,创业训练计划·负责人,,负责人,2025-04-15,,3.0,待院长审批,刘志强,初审通过，转院长审批
202300209,学术论文,低温环境下锂电池充放电特性研究,普通期刊·第二作者,,第二作者,2025-02-24,,1.0,通过,刘志强,材料齐全，同意认定
202300209,申请专利,一种电动汽车电池包液冷结构,发明专利·第一发明人,,第一发明人,2025-01-07,,6.0,通过,刘志强,符合认定条件，通过
202300209,其他实践活动,德国亚琛工业大学线上交流项目,学术交流访问·出境交流,,,2024-08-03,,2.0,通过,刘志强,材料齐全，同意认定
202300210,前沿学术报告,汽车百家讲坛,第6-10期·智能制造与数字化工厂实践,,,2026-01-03,,0.25,通过,刘志强,材料齐全，同意认定
202300210,年度创新创业项目,校级·一般成员,车载OBD数据采集与驾驶行为分析,,一般成员,2024-05-01,2026-06-30,1.0,通过,刘志强,佐证材料完整，予以通过
202300210,科技创新竞赛,全国大学生节能减排社会实践与科技竞赛,,省级·一等奖,第二完成人,2025-03-06,,2.1,待审核,,
202300210,创业实践,校园二手书流转平台,注册成立公司·合伙人,,合伙人,2025-04-08,,4.0,待审核,,
202300210,学术论文,燃料电池汽车氢气循环系统特性分析,国际/国内会议·其他作者,,其他作者,2025-07-08,,1.0,通过,刘志强,佐证材料完整，予以通过
202300210,申请专利,一种可调节角度的车载平板支架,发明专利·第一发明人,,第一发明人,2026-05-20,,6.0,通过,刘志强,佐证材料完整，予以通过
202300210,其他实践活动,暑期高校科学营活动,学术交流访问·境内交流,,,2024-05-06,,1.0,通过,刘志强,佐证材料完整，予以通过
202300211,前沿学术报告,信息科学论坛,第6期以后·新能源汽车动力总成发展趋势,,,2025-03-08,,0.25,通过,刘志强,材料齐全，同意认定
202300211,年度创新创业项目,校级·负责人,汽车内饰件轻量化设计,,负责人,2025-09-03,2026-06-30,2.0,通过,刘志强,佐证材料完整，予以通过
202300211,科技创新竞赛,中国国际大学生创新大赛,,国家级·一等奖,第二完成人,2026-06-15,,4.2,待审核,,
202300211,创业实践,智能驾培服务平台,入驻孵化器·团队成员,,团队成员,2026-04-11,,2.0,通过,刘志强,符合认定条件，通过
202300211,学术论文,基于深度学习的路面裂缝检测方法研究,SCI/EI 收录·其他作者,,其他作者,2026-01-26,,2.0,通过,刘志强,材料齐全，同意认定
202300211,申请专利,一种新能源汽车充电枪锁止机构,外观设计专利·其他发明人,,其他发明人,2026-06-08,,1.0,通过,刘志强,佐证材料完整，予以通过
202300211,其他实践活动,全国大学生汽车科技夏令营,技能资格培训·初级,,,2025-01-28,,0.5,通过,刘志强,材料齐全，同意认定
202300212,前沿学术报告,信息科学论坛,第6期以后·智能网联汽车技术前沿,,,2025-11-18,,0.25,通过,刘志强,材料齐全，同意认定
202300212,年度创新创业项目,院级·负责人,新能源汽车电池热管理优化研究,,负责人,2024-04-25,2026-06-30,1.0,通过,刘志强,材料齐全，同意认定
202300212,科技创新竞赛,全国大学生智能汽车竞赛,,国家级·一等奖,第二完成人,2024-09-02,,4.2,待审核,,
202300212,创业实践,大学生汽车文创工作室,入驻孵化器·团队成员,,团队成员,2025-07-07,,2.0,待院长审批,刘志强,初审通过，转院长审批
202300212,学术论文,低温环境下锂电池充放电特性研究,SCI/EI 收录·第一作者,,第一作者,2025-06-08,,6.0,通过,刘志强,材料齐全，同意认定
202300212,申请专利,一种基于视觉的后视镜盲区监测装置,外观设计专利·其他发明人,,其他发明人,2025-01-22,,1.0,通过,刘志强,材料齐全，同意认定
202300212,其他实践活动,汽车造型设计工作坊,技能资格培训·中级,,,2026-07-03,,1.0,通过,刘志强,材料齐全，同意认定
202300213,前沿学术报告,汽车百家讲坛,第1-5期·无人驾驶环境感知技术进展,,,2025-10-26,,0.25,通过,刘志强,符合认定条件，通过
202300213,年度创新创业项目,校级·一般成员,基于深度学习的交通标志识别系统,,一般成员,2024-09-09,2026-06-30,1.0,通过,刘志强,佐证材料完整，予以通过
202300213,科技创新竞赛,全国大学生智能汽车竞赛,,国家级·三等奖,第二完成人,2024-05-21,,1.4,待审核,,
202300213,创业实践,大学生汽车文创工作室,注册成立公司·团队成员,,团队成员,2025-11-03,,2.0,通过,刘志强,符合认定条件，通过
202300213,学术论文,基于YOLO的车距保持辅助算法研究,核心期刊·第一作者,,第一作者,2025-05-15,,4.0,通过,刘志强,佐证材料完整，予以通过
202300213,申请专利,一种基于视觉的后视镜盲区监测装置,实用新型专利·其他发明人,,其他发明人,2026-03-17,,1.5,通过,刘志强,佐证材料完整，予以通过
202300213,其他实践活动,智能驾驶技术专题培训,学科冬夏令营·省级,,,2026-03-17,,1.0,通过,刘志强,符合认定条件，通过
202300214,前沿学术报告,汽车百家讲坛,第6-10期·智能网联汽车技术前沿,,,2024-10-04,,0.25,通过,刘志强,符合认定条件，通过
202300214,年度创新创业项目,院级·核心成员,基于深度学习的交通标志识别系统,,核心成员,2025-10-07,2026-06-30,0.5,通过,刘志强,材料齐全，同意认定
202300214,科技创新竞赛,全国大学生节能减排社会实践与科技竞赛,,国家级·三等奖,第二完成人,2024-09-02,,1.4,待院长审批,刘志强,初审通过，转院长审批
202300214,创业实践,大学生汽车文创工作室,创业训练计划·团队成员,,团队成员,2026-06-15,,1.5,通过,刘志强,佐证材料完整，予以通过
202300214,学术论文,电动汽车无线充电耦合机构优化设计,国际/国内会议·其他作者,,其他作者,2026-05-26,,1.0,通过,刘志强,符合认定条件，通过
202300214,申请专利,一种多功能汽车后备箱收纳架,实用新型专利·其他发明人,,其他发明人,2026-02-11,,1.5,通过,刘志强,佐证材料完整，予以通过
202300214,其他实践活动,全国大学生汽车科技夏令营,学术交流访问·境内交流,,,2025-12-04,,1.0,待审核,,
202300215,前沿学术报告,名家学术讲座,单场·智能制造与数字化工厂实践,,,2025-06-13,,0.5,通过,刘志强,符合认定条件，通过
202300215,年度创新创业项目,省级·核心成员,智能导览机器人设计与实现,,核心成员,2025-05-20,2026-06-30,3.0,通过,刘志强,佐证材料完整，予以通过
202300215,科技创新竞赛,挑战杯全国大学生课外学术科技作品竞赛,,国家级·一等奖,第二完成人,2024-07-24,,4.2,通过,刘志强,材料齐全，同意认定
202300215,创业实践,校园二手书流转平台,创业训练计划·团队成员,,团队成员,2026-02-08,,1.5,通过,刘志强,符合认定条件，通过
202300215,学术论文,燃料电池汽车氢气循环系统特性分析,国际/国内会议·其他作者,,其他作者,2025-09-13,,1.0,通过,刘志强,符合认定条件，通过
202300215,申请专利,一种基于视觉的后视镜盲区监测装置,实用新型专利·第一发明人,,第一发明人,2025-07-01,,3.0,通过,刘志强,材料齐全，同意认定
202300215,其他实践活动,汽车造型设计工作坊,学科冬夏令营·省级,,,2024-03-27,,1.0,通过,刘志强,符合认定条件，通过
202300216,前沿学术报告,汽车百家讲坛,第6-10期·动力电池热管理关键技术,,,2025-01-02,,0.25,通过,刘志强,佐证材料完整，予以通过
202300216,年度创新创业项目,校级·一般成员,新能源汽车电池热管理优化研究,,一般成员,2025-12-15,2026-06-30,1.0,通过,刘志强,材料齐全，同意认定
202300216,科技创新竞赛,中国国际大学生创新大赛,,省级·三等奖,第二完成人,2026-06-09,,0.7,通过,刘志强,材料齐全，同意认定
202300216,创业实践,新能源汽车科普工作室,入驻孵化器·团队成员,,团队成员,2026-03-08,,2.0,通过,刘志强,材料齐全，同意认定
202300216,学术论文,基于多目标优化的车身结构轻量化设计,国际/国内会议·第二作者,,第二作者,2025-05-28,,2.0,通过,刘志强,材料齐全，同意认定
202300216,申请专利,一种多功能汽车后备箱收纳架,发明专利·其他发明人,,其他发明人,2025-02-18,,3.0,通过,刘志强,符合认定条件，通过
202300216,其他实践活动,暑期高校科学营活动,学术交流访问·境内交流,,,2024-01-13,,1.0,通过,刘志强,佐证材料完整，予以通过
202300217,前沿学术报告,汽车百家讲坛,第11期以后·动力电池热管理关键技术,,,2026-07-11,,0.25,通过,刘志强,佐证材料完整，予以通过
202300217,年度创新创业项目,校级·核心成员,太阳能小车能量管理策略研究,,核心成员,2025-01-21,2026-06-30,1.5,通过,刘志强,符合认定条件，通过
202300217,科技创新竞赛,全国大学生智能汽车竞赛,,国家级·三等奖,第二完成人,2024-04-20,,1.4,通过,刘志强,佐证材料完整，予以通过
202300217,创业实践,校园二手书流转平台,创业训练计划·负责人,,负责人,2026-04-21,,3.0,待审核,,
202300217,学术论文,燃料电池汽车氢气循环系统特性分析,普通期刊·第二作者,,第二作者,2026-06-09,,1.0,通过,刘志强,符合认定条件，通过
202300217,申请专利,一种新能源汽车充电枪锁止机构,实用新型专利·第一发明人,,第一发明人,2026-04-21,,3.0,通过,刘志强,材料齐全，同意认定
202300217,其他实践活动,汽车工程学院企业行,技能资格培训·初级,,,2025-10-16,,0.5,通过,刘志强,材料齐全，同意认定
202300218,前沿学术报告,汽车百家讲坛,第1-5期·智能制造与数字化工厂实践,,,2026-05-03,,0.25,通过,刘志强,符合认定条件，通过
202300218,年度创新创业项目,校级·一般成员,汽车内饰件轻量化设计,,一般成员,2025-03-08,2026-06-30,1.0,通过,刘志强,材料齐全，同意认定
202300218,科技创新竞赛,全国大学生节能减排社会实践与科技竞赛,,省级·一等奖,负责人,2024-10-04,,3.0,待审核,,
202300218,创业实践,校内共享打印服务站,注册成立公司·团队成员,,团队成员,2026-01-24,,2.0,待院长审批,刘志强,初审通过，转院长审批
202300218,学术论文,基于多目标优化的车身结构轻量化设计,国际/国内会议·第二作者,,第二作者,2025-03-12,,2.0,待院长审批,刘志强,初审通过，转院长审批
202300218,申请专利,一种车载智能空气净化装置,实用新型专利·其他发明人,,其他发明人,2026-08-25,,1.5,通过,刘志强,佐证材料完整，予以通过
202300218,其他实践活动,全国大学生汽车科技夏令营,学科冬夏令营·省级,,,2024-05-26,,1.0,通过,刘志强,符合认定条件，通过
202300219,前沿学术报告,汽车百家讲坛,第6-10期·无人驾驶环境感知技术进展,,,2025-12-12,,0.25,通过,刘志强,佐证材料完整，予以通过
202300219,年度创新创业项目,国家级·核心成员,智能导览机器人设计与实现,,核心成员,2025-01-04,2026-06-30,4.0,待审核,,
202300219,科技创新竞赛,全国大学生数学建模竞赛,,国家级·三等奖,第二完成人,2025-02-14,,1.4,通过,刘志强,符合认定条件，通过
202300219,创业实践,校内共享打印服务站,入驻孵化器·团队成员,,团队成员,2026-06-23,,2.0,通过,刘志强,符合认定条件，通过
202300219,学术论文,基于多目标优化的车身结构轻量化设计,国际/国内会议·其他作者,,其他作者,2025-03-19,,1.0,通过,刘志强,佐证材料完整，予以通过
202300219,申请专利,一种可调节角度的车载平板支架,外观设计专利·第一发明人,,第一发明人,2026-05-04,,2.0,通过,刘志强,佐证材料完整，予以通过
202300219,其他实践活动,汽车造型设计工作坊,学术交流访问·境内交流,,,2025-04-19,,1.0,通过,刘志强,佐证材料完整，予以通过
202300220,前沿学术报告,信息科学论坛,第1-5期·无人驾驶环境感知技术进展,,,2025-10-14,,0.25,通过,刘志强,符合认定条件，通过
202300220,年度创新创业项目,校级·一般成员,二手车价格预测模型构建,,一般成员,2024-05-24,2026-06-30,1.0,通过,刘志强,符合认定条件，通过
202300220,科技创新竞赛,全国大学生智能汽车竞赛,,国家级·三等奖,核心成员,2024-05-28,,1.2,通过,刘志强,材料齐全，同意认定
202300220,创业实践,校内共享打印服务站,注册成立公司·团队成员,,团队成员,2025-03-24,,2.0,通过,刘志强,材料齐全，同意认定
202300220,学术论文,基于多目标优化的车身结构轻量化设计,普通期刊·第二作者,,第二作者,2025-04-07,,1.0,通过,刘志强,佐证材料完整，予以通过
202300220,申请专利,一种基于视觉的后视镜盲区监测装置,实用新型专利·第一发明人,,第一发明人,2026-08-24,,3.0,通过,刘志强,佐证材料完整，予以通过
202300220,其他实践活动,暑期高校科学营活动,学科冬夏令营·省级,,,2025-11-08,,1.0,通过,刘志强,符合认定条件，通过
202300221,前沿学术报告,信息科学论坛,第1-5期·车载总线与嵌入式系统开发,,,2026-01-26,,0.25,通过,刘志强,佐证材料完整，予以通过
202300221,年度创新创业项目,国家级·负责人,基于机器视觉的行人过街检测系统,,负责人,2024-10-15,2026-06-30,6.0,通过,刘志强,佐证材料完整，予以通过
202300221,科技创新竞赛,中国国际大学生创新大赛,,省级·二等奖,核心成员,2024-04-16,,1.2,通过,刘志强,材料齐全，同意认定
202300221,创业实践,校内共享打印服务站,注册成立公司·法人代表,,法人代表,2026-07-21,,6.0,通过,刘志强,符合认定条件，通过
202300221,学术论文,混合动力汽车能量管理策略仿真,国际/国内会议·第一作者,,第一作者,2025-11-11,,3.0,通过,刘志强,佐证材料完整，予以通过
202300221,申请专利,一种车载智能空气净化装置,外观设计专利·第一发明人,,第一发明人,2025-06-11,,2.0,通过,刘志强,符合认定条件，通过
202300221,其他实践活动,汽车造型设计工作坊,技能资格培训·初级,,,2024-06-17,,0.5,通过,刘志强,佐证材料完整，予以通过
202300222,前沿学术报告,信息科学论坛,第1-5期·汽车芯片与域控制器架构,,,2026-06-27,,0.25,通过,刘志强,材料齐全，同意认定
202300222,年度创新创业项目,校级·核心成员,基于STM32的智能循迹小车,,核心成员,2025-06-07,2026-06-30,1.5,通过,刘志强,符合认定条件，通过
202300222,科技创新竞赛,校智能车校内选拔赛,,校级·一等奖,第二完成人,2026-02-08,,0.7,通过,刘志强,材料齐全，同意认定
202300222,创业实践,校内共享打印服务站,入驻孵化器·团队成员,,团队成员,2025-02-23,,2.0,通过,刘志强,材料齐全，同意认定
202300222,学术论文,低温环境下锂电池充放电特性研究,国际/国内会议·第二作者,,第二作者,2025-01-22,,2.0,通过,刘志强,佐证材料完整，予以通过
202300222,申请专利,一种多功能汽车后备箱收纳架,实用新型专利·第一发明人,,第一发明人,2026-08-25,,3.0,待审核,,
202300222,其他实践活动,汽车工程学院企业行,学术交流访问·境内交流,,,2025-05-10,,1.0,通过,刘志强,材料齐全，同意认定
202300223,前沿学术报告,汽车百家讲坛,第6-10期·智能制造与数字化工厂实践,,,2025-05-25,,0.25,通过,刘志强,佐证材料完整，予以通过
202300223,年度创新创业项目,国家级·核心成员,基于机器视觉的行人过街检测系统,,核心成员,2024-06-28,2026-06-30,4.0,通过,刘志强,符合认定条件，通过
202300223,科技创新竞赛,校智能车校内选拔赛,,校级·一等奖,负责人,2025-02-21,,1.0,通过,刘志强,材料齐全，同意认定
202300223,创业实践,校园二手书流转平台,注册成立公司·团队成员,,团队成员,2025-05-15,,2.0,通过,刘志强,材料齐全，同意认定
202300223,学术论文,基于多目标优化的车身结构轻量化设计,核心期刊·第二作者,,第二作者,2026-06-23,,2.0,待审核,,
202300223,申请专利,一种基于视觉的后视镜盲区监测装置,外观设计专利·第一发明人,,第一发明人,2025-07-04,,2.0,通过,刘志强,符合认定条件，通过
202300223,其他实践活动,全国大学生汽车科技夏令营,学科冬夏令营·国家级,,,2025-02-18,,2.0,通过,刘志强,材料齐全，同意认定
202300224,前沿学术报告,汽车百家讲坛,第11期以后·氢能及燃料电池汽车产业展望,,,2024-11-11,,0.25,通过,刘志强,材料齐全，同意认定
202300224,年度创新创业项目,校级·一般成员,二手车价格预测模型构建,,一般成员,2025-04-16,2026-06-30,1.0,通过,刘志强,佐证材料完整，予以通过
202300224,科技创新竞赛,全国大学生机械创新设计大赛,,省级·一等奖,负责人,2024-08-03,,3.0,通过,刘志强,材料齐全，同意认定
202300224,创业实践,校内共享打印服务站,创业训练计划·负责人,,负责人,2026-02-21,,3.0,待审核,,
202300224,学术论文,电动汽车无线充电耦合机构优化设计,核心期刊·第一作者,,第一作者,2025-11-07,,4.0,通过,刘志强,材料齐全，同意认定
202300224,申请专利,一种多功能汽车后备箱收纳架,实用新型专利·第一发明人,,第一发明人,2026-04-03,,3.0,通过,刘志强,材料齐全，同意认定
202300224,其他实践活动,暑期高校科学营活动,学科冬夏令营·省级,,,2025-02-11,,1.0,通过,刘志强,佐证材料完整，予以通过
202300225,前沿学术报告,名家学术讲座,单场·动力电池热管理关键技术,,,2025-08-03,,0.5,公示中,刘志强,佐证材料完整，予以通过
202300225,年度创新创业项目,省级·一般成员,新能源汽车电池热管理优化研究,,一般成员,2025-12-26,2026-06-30,1.5,通过,刘志强,符合认定条件，通过
202300225,科技创新竞赛,校智能车校内选拔赛,,校级·三等奖,负责人,2025-12-03,,0.5,待审核,,
202300225,创业实践,大学生汽车文创工作室,入驻孵化器·团队成员,,团队成员,2025-04-15,,2.0,待审核,,
202300225,学术论文,混合动力汽车能量管理策略仿真,普通期刊·第二作者,,第二作者,2026-04-25,,1.0,待院长审批,刘志强,初审通过，转院长审批
202300225,申请专利,一种新能源汽车充电枪锁止机构,实用新型专利·第一发明人,,第一发明人,2025-11-05,,3.0,公示中,刘志强,佐证材料完整，予以通过
202300225,其他实践活动,汽车工程学院企业行,学术交流访问·出境交流,,,2025-01-18,,2.0,通过,刘志强,材料齐全，同意认定
202300226,前沿学术报告,汽车百家讲坛,第1-5期·智能网联汽车技术前沿,,,2025-07-14,,0.25,通过,刘志强,材料齐全，同意认定
202300226,年度创新创业项目,院级·负责人,基于STM32的智能循迹小车,,负责人,2025-01-01,2026-06-30,1.0,通过,刘志强,符合认定条件，通过
202300226,科技创新竞赛,校智能车校内选拔赛,,校级·二等奖,第一完成人,2025-11-11,,0.5,通过,刘志强,材料齐全，同意认定
202300226,创业实践,校园二手书流转平台,创业训练计划·负责人,,负责人,2026-05-20,,3.0,通过,刘志强,材料齐全，同意认定
202300226,学术论文,电动汽车无线充电耦合机构优化设计,普通期刊·第二作者,,第二作者,2025-08-21,,1.0,通过,刘志强,材料齐全，同意认定
202300226,申请专利,一种基于视觉的后视镜盲区监测装置,实用新型专利·第一发明人,,第一发明人,2025-09-20,,3.0,通过,刘志强,符合认定条件，通过
202300226,其他实践活动,暑期高校科学营活动,技能资格培训·中级,,,2026-05-22,,1.0,通过,刘志强,佐证材料完整，予以通过
202300227,前沿学术报告,名家学术讲座,单场·无人驾驶环境感知技术进展,,,2025-07-28,,0.5,通过,刘志强,材料齐全，同意认定
202300227,年度创新创业项目,国家级·核心成员,二手车价格预测模型构建,,核心成员,2024-03-28,2026-06-30,4.0,通过,刘志强,材料齐全，同意认定
202300227,科技创新竞赛,山东省大学生机电产品创新设计竞赛,,省级·一等奖,第二完成人,2025-03-23,,2.1,通过,刘志强,佐证材料完整，予以通过
202300227,创业实践,大学生汽车文创工作室,入驻孵化器·团队成员,,团队成员,2026-07-23,,2.0,待审核,,
202300227,学术论文,基于深度学习的路面裂缝检测方法研究,普通期刊·第一作者,,第一作者,2026-07-23,,2.0,通过,刘志强,材料齐全，同意认定
202300227,申请专利,一种新能源汽车充电枪锁止机构,实用新型专利·其他发明人,,其他发明人,2026-05-15,,1.5,通过,刘志强,佐证材料完整，予以通过
202300227,其他实践活动,汽车工程学院企业行,学科冬夏令营·省级,,,2026-02-07,,1.0,待审核,,
202300228,前沿学术报告,信息科学论坛,第1-5期·新能源汽车动力总成发展趋势,,,2026-05-13,,0.25,通过,刘志强,材料齐全，同意认定
202300228,年度创新创业项目,省级·核心成员,智能导览机器人设计与实现,,核心成员,2025-03-14,2026-06-30,3.0,通过,刘志强,材料齐全，同意认定
202300228,科技创新竞赛,全国大学生机械创新设计大赛,,国家级·一等奖,第一完成人,2025-12-28,,6.0,通过,刘志强,材料齐全，同意认定
202300228,创业实践,大学生汽车文创工作室,入驻孵化器·团队成员,,团队成员,2025-05-25,,2.0,待审核,,
202300228,学术论文,低温环境下锂电池充放电特性研究,普通期刊·第二作者,,第二作者,2026-05-12,,1.0,待审核,,
202300228,申请专利,一种基于视觉的后视镜盲区监测装置,实用新型专利·第一发明人,,第一发明人,2025-10-18,,3.0,通过,刘志强,佐证材料完整，予以通过
202300228,其他实践活动,德国亚琛工业大学线上交流项目,学术交流访问·境内交流,,,2024-02-18,,1.0,通过,刘志强,佐证材料完整，予以通过
202300229,前沿学术报告,汽车百家讲坛,第11期以后·氢能及燃料电池汽车产业展望,,,2024-10-28,,0.25,待审核,,
202300229,年度创新创业项目,校级·核心成员,车载OBD数据采集与驾驶行为分析,,核心成员,2024-11-13,2026-06-30,1.5,通过,刘志强,佐证材料完整，予以通过
202300229,科技创新竞赛,全国大学生智能汽车竞赛,,国家级·二等奖,第二完成人,2025-06-10,,2.8,通过,刘志强,符合认定条件，通过
202300229,创业实践,新能源汽车科普工作室,入驻孵化器·负责人,,负责人,2025-12-27,,4.0,待院长审批,刘志强,初审通过，转院长审批
202300229,学术论文,基于YOLO的车距保持辅助算法研究,普通期刊·第二作者,,第二作者,2026-07-03,,1.0,通过,刘志强,佐证材料完整，予以通过
202300229,申请专利,一种多功能汽车后备箱收纳架,实用新型专利·其他发明人,,其他发明人,2026-06-08,,1.5,通过,刘志强,佐证材料完整，予以通过
202300229,其他实践活动,汽车工程学院企业行,学科冬夏令营·国家级,,,2026-05-22,,2.0,通过,刘志强,符合认定条件，通过
202300230,前沿学术报告,汽车百家讲坛,第6-10期·车载总线与嵌入式系统开发,,,2026-01-20,,0.25,公示中,刘志强,佐证材料完整，予以通过
202300230,年度创新创业项目,国家级·负责人,智能导览机器人设计与实现,,负责人,2024-07-07,2026-06-30,6.0,通过,刘志强,材料齐全，同意认定
202300230,科技创新竞赛,中国国际大学生创新大赛,,省级·一等奖,第二完成人,2024-06-04,,2.1,通过,刘志强,符合认定条件，通过
202300230,创业实践,大学生汽车文创工作室,入驻孵化器·负责人,,负责人,2026-01-08,,4.0,通过,刘志强,佐证材料完整，予以通过
202300230,学术论文,汽车主动悬架半主动控制策略仿真,国际/国内会议·第二作者,,第二作者,2026-03-22,,2.0,通过,刘志强,佐证材料完整，予以通过
202300230,申请专利,一种基于视觉的后视镜盲区监测装置,外观设计专利·第一发明人,,第一发明人,2026-06-20,,2.0,通过,刘志强,佐证材料完整，予以通过
202300230,其他实践活动,汽车工程学院企业行,学科冬夏令营·校级,,,2024-12-16,,0.5,通过,刘志强,符合认定条件，通过
202300231,前沿学术报告,汽车百家讲坛,第11期以后·无人驾驶环境感知技术进展,,,2026-07-13,,0.25,通过,刘志强,材料齐全，同意认定
202300231,年度创新创业项目,院级·核心成员,车载OBD数据采集与驾驶行为分析,,核心成员,2024-04-21,2026-06-30,0.5,通过,刘志强,佐证材料完整，予以通过
202300231,科技创新竞赛,山东省大学生机电产品创新设计竞赛,,省级·二等奖,第一完成人,2024-08-13,,2.0,通过,刘志强,佐证材料完整，予以通过
202300231,创业实践,新能源汽车科普工作室,创业训练计划·团队成员,,团队成员,2026-07-07,,1.5,通过,刘志强,材料齐全，同意认定
202300231,学术论文,混合动力汽车能量管理策略仿真,核心期刊·第一作者,,第一作者,2025-10-06,,4.0,通过,刘志强,材料齐全，同意认定
202300231,申请专利,一种新能源汽车充电枪锁止机构,实用新型专利·其他发明人,,其他发明人,2026-05-26,,1.5,通过,刘志强,佐证材料完整，予以通过
202300231,其他实践活动,暑期高校科学营活动,学术交流访问·出境交流,,,2025-08-27,,2.0,通过,刘志强,符合认定条件，通过
202300232,前沿学术报告,名家学术讲座,单场·无人驾驶环境感知技术进展,,,2024-08-13,,0.5,通过,刘志强,符合认定条件，通过
202300232,年度创新创业项目,院级·负责人,基于STM32的智能循迹小车,,负责人,2024-06-13,2026-06-30,1.0,通过,刘志强,佐证材料完整，予以通过
202300232,科技创新竞赛,挑战杯全国大学生课外学术科技作品竞赛,,省级·二等奖,第三完成人,2026-03-18,,1.0,通过,刘志强,符合认定条件，通过
202300232,创业实践,校内共享打印服务站,创业训练计划·负责人,,负责人,2025-05-10,,3.0,通过,刘志强,佐证材料完整，予以通过
202300232,学术论文,低温环境下锂电池充放电特性研究,国际/国内会议·其他作者,,其他作者,2026-04-04,,1.0,通过,刘志强,符合认定条件，通过
202300232,申请专利,一种新能源汽车充电枪锁止机构,实用新型专利·第一发明人,,第一发明人,2026-03-04,,3.0,待审核,,
202300232,其他实践活动,暑期高校科学营活动,学术交流访问·境内交流,,,2026-02-07,,1.0,通过,刘志强,符合认定条件，通过
202300233,前沿学术报告,汽车百家讲坛,第1-5期·无人驾驶环境感知技术进展,,,2024-11-10,,0.25,待审核,,
202300233,年度创新创业项目,院级·核心成员,氢燃料电池汽车散热性能仿真分析,,核心成员,2025-09-11,2026-06-30,0.5,通过,刘志强,符合认定条件，通过
202300233,科技创新竞赛,中国国际大学生创新大赛,,省级·三等奖,第二完成人,2025-04-17,,0.7,通过,刘志强,符合认定条件，通过
202300233,创业实践,智能驾培服务平台,创业训练计划·团队成员,,团队成员,2026-08-02,,1.5,待审核,,
202300233,学术论文,基于多目标优化的车身结构轻量化设计,普通期刊·其他作者,,其他作者,2025-06-17,,0.5,通过,刘志强,符合认定条件，通过
202300233,申请专利,一种新能源汽车充电枪锁止机构,实用新型专利·其他发明人,,其他发明人,2026-01-17,,1.5,通过,刘志强,符合认定条件，通过
202300233,其他实践活动,汽车工程学院企业行,学术交流访问·境内交流,,,2026-08-22,,1.0,通过,刘志强,材料齐全，同意认定
202300234,前沿学术报告,汽车百家讲坛,第11期以后·动力电池热管理关键技术,,,2026-03-04,,0.25,通过,刘志强,材料齐全，同意认定
202300234,年度创新创业项目,校级·负责人,二手车价格预测模型构建,,负责人,2025-09-14,2026-06-30,2.0,通过,刘志强,佐证材料完整，予以通过
202300234,科技创新竞赛,中国大学生方程式汽车大赛,,国家级·一等奖,第三完成人,2024-09-25,,3.0,待院长审批,刘志强,初审通过，转院长审批
202300234,创业实践,大学生汽车文创工作室,注册成立公司·法人代表,,法人代表,2025-10-02,,6.0,通过,刘志强,符合认定条件，通过
202300234,学术论文,基于深度学习的路面裂缝检测方法研究,国际/国内会议·第一作者,,第一作者,2025-03-18,,3.0,待院长审批,刘志强,初审通过，转院长审批
202300234,申请专利,一种电动汽车电池包液冷结构,实用新型专利·其他发明人,,其他发明人,2025-12-18,,1.5,待审核,,
202300234,其他实践活动,全国大学生汽车科技夏令营,学科冬夏令营·校级,,,2024-07-14,,0.5,通过,刘志强,佐证材料完整，予以通过
202300235,前沿学术报告,汽车百家讲坛,第11期以后·新能源汽车动力总成发展趋势,,,2026-05-08,,0.25,通过,刘志强,佐证材料完整，予以通过
202300235,年度创新创业项目,校级·负责人,车载OBD数据采集与驾驶行为分析,,负责人,2024-03-03,2026-06-30,2.0,通过,刘志强,材料齐全，同意认定
202300235,科技创新竞赛,校智能车校内选拔赛,,校级·二等奖,第二完成人,2024-01-20,,0.35,待审核,,
202300235,创业实践,大学生汽车文创工作室,注册成立公司·法人代表,,法人代表,2025-11-12,,6.0,通过,刘志强,材料齐全，同意认定
202300235,学术论文,燃料电池汽车氢气循环系统特性分析,普通期刊·第二作者,,第二作者,2026-03-21,,1.0,通过,刘志强,符合认定条件，通过
202300235,申请专利,一种多功能汽车后备箱收纳架,外观设计专利·第一发明人,,第一发明人,2025-10-19,,2.0,待审核,,
202300235,其他实践活动,全国大学生汽车科技夏令营,学科冬夏令营·校级,,,2025-07-09,,0.5,通过,刘志强,材料齐全，同意认定
202300236,前沿学术报告,汽车百家讲坛,第11期以后·汽车空气动力学优化设计,,,2025-10-27,,0.25,待审核,,
202300236,年度创新创业项目,省级·负责人,基于STM32的智能循迹小车,,负责人,2024-11-07,2026-06-30,4.0,通过,刘志强,佐证材料完整，予以通过
202300236,科技创新竞赛,全国大学生智能汽车竞赛,,省级·一等奖,第一完成人,2024-07-28,,3.0,通过,刘志强,符合认定条件，通过
202300236,创业实践,校内共享打印服务站,注册成立公司·团队成员,,团队成员,2026-08-07,,2.0,通过,刘志强,符合认定条件，通过
202300236,学术论文,电动汽车无线充电耦合机构优化设计,核心期刊·第二作者,,第二作者,2026-05-23,,2.0,通过,刘志强,材料齐全，同意认定
202300236,申请专利,一种新能源汽车充电枪锁止机构,实用新型专利·第一发明人,,第一发明人,2025-08-22,,3.0,通过,刘志强,佐证材料完整，予以通过
202300236,其他实践活动,汽车工程学院企业行,学术交流访问·出境交流,,,2026-01-10,,2.0,通过,刘志强,符合认定条件，通过
202300237,前沿学术报告,汽车百家讲坛,第6-10期·动力电池热管理关键技术,,,2026-08-15,,0.25,待审核,,
202300237,年度创新创业项目,院级·负责人,轮胎花纹与湿滑路面制动性能仿真,,负责人,2025-03-16,2026-06-30,1.0,通过,刘志强,材料齐全，同意认定
202300237,科技创新竞赛,挑战杯全国大学生课外学术科技作品竞赛,,国家级·一等奖,第二完成人,2025-02-14,,4.2,通过,刘志强,佐证材料完整，予以通过
202300237,创业实践,新能源汽车科普工作室,创业训练计划·负责人,,负责人,2026-04-20,,3.0,通过,刘志强,材料齐全，同意认定
202300237,学术论文,燃料电池汽车氢气循环系统特性分析,SCI/EI 收录·第二作者,,第二作者,2025-01-24,,4.0,通过,刘志强,材料齐全，同意认定
202300237,申请专利,一种新能源汽车充电枪锁止机构,实用新型专利·其他发明人,,其他发明人,2026-05-12,,1.5,待审核,,
202300237,其他实践活动,暑期高校科学营活动,学术交流访问·境内交流,,,2026-05-07,,1.0,通过,刘志强,佐证材料完整，予以通过
202300238,前沿学术报告,汽车百家讲坛,第1-5期·无人驾驶环境感知技术进展,,,2024-02-16,,0.25,通过,刘志强,符合认定条件，通过
202300238,年度创新创业项目,校级·一般成员,基于机器视觉的行人过街检测系统,,一般成员,2024-05-28,2026-06-30,1.0,通过,刘志强,佐证材料完整，予以通过
202300238,科技创新竞赛,校智能车校内选拔赛,,校级·三等奖,第三完成人,2026-05-12,,0.25,通过,刘志强,佐证材料完整，予以通过
202300238,创业实践,二手车检测陪购服务工作室,注册成立公司·团队成员,,团队成员,2026-05-11,,2.0,通过,刘志强,材料齐全，同意认定
202300238,学术论文,低温环境下锂电池充放电特性研究,核心期刊·第一作者,,第一作者,2026-01-15,,4.0,待审核,,
202300238,申请专利,一种基于视觉的后视镜盲区监测装置,发明专利·其他发明人,,其他发明人,2025-04-26,,3.0,待审核,,
202300238,其他实践活动,全国大学生汽车科技夏令营,技能资格培训·初级,,,2025-02-12,,0.5,通过,刘志强,材料齐全，同意认定
202300239,前沿学术报告,汽车百家讲坛,第6-10期·汽车轻量化设计与新材料应用,,,2025-02-14,,0.25,通过,刘志强,符合认定条件，通过
202300239,年度创新创业项目,院级·核心成员,智能导览机器人设计与实现,,核心成员,2024-04-12,2026-06-30,0.5,通过,刘志强,材料齐全，同意认定
202300239,科技创新竞赛,校智能车校内选拔赛,,校级·三等奖,负责人,2024-05-04,,0.5,待院长审批,刘志强,初审通过，转院长审批
202300239,创业实践,校园二手书流转平台,创业训练计划·负责人,,负责人,2026-06-11,,3.0,通过,刘志强,符合认定条件，通过
202300239,学术论文,低温环境下锂电池充放电特性研究,SCI/EI 收录·第二作者,,第二作者,2025-05-21,,4.0,通过,刘志强,材料齐全，同意认定
202300239,申请专利,一种多功能汽车后备箱收纳架,实用新型专利·第一发明人,,第一发明人,2025-02-16,,3.0,通过,刘志强,符合认定条件，通过
202300239,其他实践活动,全国大学生汽车科技夏令营,学术交流访问·出境交流,,,2024-09-13,,2.0,通过,刘志强,佐证材料完整，予以通过
202300240,前沿学术报告,汽车百家讲坛,第1-5期·动力电池热管理关键技术,,,2024-04-20,,0.25,通过,刘志强,佐证材料完整，予以通过
202300240,年度创新创业项目,省级·负责人,基于深度学习的交通标志识别系统,,负责人,2025-11-27,2026-06-30,4.0,通过,刘志强,佐证材料完整，予以通过
202300240,科技创新竞赛,挑战杯全国大学生课外学术科技作品竞赛,,省级·三等奖,第二完成人,2026-04-15,,0.7,通过,刘志强,符合认定条件，通过
202300240,创业实践,二手车检测陪购服务工作室,入驻孵化器·负责人,,负责人,2026-08-23,,4.0,通过,刘志强,佐证材料完整，予以通过
202300240,学术论文,基于YOLO的车距保持辅助算法研究,国际/国内会议·第二作者,,第二作者,2025-12-05,,2.0,待院长审批,刘志强,初审通过，转院长审批
202300240,申请专利,一种可调节角度的车载平板支架,外观设计专利·第一发明人,,第一发明人,2025-10-01,,2.0,通过,刘志强,符合认定条件，通过
202300240,其他实践活动,汽车造型设计工作坊,学科冬夏令营·国家级,,,2025-12-19,,2.0,通过,刘志强,佐证材料完整，予以通过
202300241,前沿学术报告,汽车百家讲坛,第1-5期·无人驾驶环境感知技术进展,,,2026-01-18,,0.25,通过,刘志强,材料齐全，同意认定
202300241,年度创新创业项目,校级·核心成员,汽车内饰件轻量化设计,,核心成员,2024-05-08,2026-06-30,1.5,通过,刘志强,材料齐全，同意认定
202300241,科技创新竞赛,中国国际大学生创新大赛,,国家级·三等奖,负责人,2026-05-26,,2.0,待审核,,
202300241,创业实践,校园二手书流转平台,注册成立公司·团队成员,,团队成员,2026-08-15,,2.0,通过,刘志强,佐证材料完整，予以通过
202300241,学术论文,汽车主动悬架半主动控制策略仿真,核心期刊·其他作者,,其他作者,2025-05-11,,1.0,通过,刘志强,佐证材料完整，予以通过
202300241,申请专利,一种新能源汽车充电枪锁止机构,实用新型专利·第一发明人,,第一发明人,2025-09-23,,3.0,待审核,,
202300241,其他实践活动,汽车造型设计工作坊,技能资格培训·初级,,,2025-07-10,,0.5,通过,刘志强,佐证材料完整，予以通过
202300242,前沿学术报告,汽车百家讲坛,第6-10期·汽车轻量化设计与新材料应用,,,2024-10-25,,0.25,通过,刘志强,佐证材料完整，予以通过
202300242,年度创新创业项目,国家级·一般成员,二手车价格预测模型构建,,一般成员,2024-09-23,2026-06-30,2.0,通过,刘志强,符合认定条件，通过
202300242,科技创新竞赛,中国国际大学生创新大赛,,省级·二等奖,第一完成人,2026-06-10,,2.0,通过,刘志强,佐证材料完整，予以通过
202300242,创业实践,二手车检测陪购服务工作室,注册成立公司·合伙人,,合伙人,2025-12-23,,4.0,通过,刘志强,佐证材料完整，予以通过
202300242,学术论文,电动汽车无线充电耦合机构优化设计,国际/国内会议·第二作者,,第二作者,2026-02-04,,2.0,待审核,,
202300242,申请专利,一种电动汽车电池包液冷结构,外观设计专利·第一发明人,,第一发明人,2025-10-09,,2.0,待审核,,
202300242,其他实践活动,智能驾驶技术专题培训,学科冬夏令营·国家级,,,2025-07-18,,2.0,通过,刘志强,材料齐全，同意认定
202300243,前沿学术报告,汽车百家讲坛,第11期以后·智能制造与数字化工厂实践,,,2024-11-21,,0.25,通过,刘志强,佐证材料完整，予以通过
202300243,年度创新创业项目,省级·负责人,汽车内饰件轻量化设计,,负责人,2024-11-21,2026-06-30,4.0,通过,刘志强,材料齐全，同意认定
202300243,科技创新竞赛,山东省大学生机电产品创新设计竞赛,,校级·一等奖,第三完成人,2024-05-28,,0.5,通过,刘志强,材料齐全，同意认定
202300243,创业实践,校园二手书流转平台,入驻孵化器·负责人,,负责人,2025-03-03,,4.0,通过,刘志强,材料齐全，同意认定
202300243,学术论文,汽车主动悬架半主动控制策略仿真,普通期刊·第一作者,,第一作者,2026-06-05,,2.0,通过,刘志强,材料齐全，同意认定
202300243,申请专利,一种新能源汽车充电枪锁止机构,实用新型专利·其他发明人,,其他发明人,2026-05-04,,1.5,通过,刘志强,符合认定条件，通过
202300243,其他实践活动,全国大学生汽车科技夏令营,学科冬夏令营·校级,,,2025-01-01,,0.5,通过,刘志强,佐证材料完整，予以通过
202300244,前沿学术报告,名家学术讲座,单场·无人驾驶环境感知技术进展,,,2024-08-16,,0.5,通过,刘志强,佐证材料完整，予以通过
202300244,年度创新创业项目,国家级·核心成员,二手车价格预测模型构建,,核心成员,2024-06-03,2026-06-30,4.0,通过,刘志强,佐证材料完整，予以通过
202300244,科技创新竞赛,校智能车校内选拔赛,,校级·一等奖,核心成员,2026-01-16,,0.6,通过,刘志强,符合认定条件，通过
202300244,创业实践,二手车检测陪购服务工作室,入驻孵化器·负责人,,负责人,2026-04-18,,4.0,公示中,刘志强,佐证材料完整，予以通过
202300244,学术论文,混合动力汽车能量管理策略仿真,国际/国内会议·其他作者,,其他作者,2025-11-23,,1.0,待院长审批,刘志强,初审通过，转院长审批
202300244,申请专利,一种车载智能空气净化装置,实用新型专利·其他发明人,,其他发明人,2026-02-15,,1.5,通过,刘志强,材料齐全，同意认定
202300244,其他实践活动,智能驾驶技术专题培训,学科冬夏令营·省级,,,2025-09-07,,1.0,通过,刘志强,佐证材料完整，予以通过
202300245,前沿学术报告,汽车百家讲坛,第6-10期·新能源汽车动力总成发展趋势,,,2024-04-05,,0.25,通过,刘志强,佐证材料完整，予以通过
202300245,年度创新创业项目,国家级·负责人,氢燃料电池汽车散热性能仿真分析,,负责人,2025-02-24,2026-06-30,6.0,待审核,,
202300245,科技创新竞赛,全国大学生节能减排社会实践与科技竞赛,,国家级·三等奖,核心成员,2024-06-24,,1.2,通过,刘志强,材料齐全，同意认定
202300245,创业实践,智能驾培服务平台,入驻孵化器·负责人,,负责人,2025-06-10,,4.0,待院长审批,刘志强,初审通过，转院长审批
202300245,学术论文,低温环境下锂电池充放电特性研究,国际/国内会议·第一作者,,第一作者,2025-08-24,,3.0,通过,刘志强,材料齐全，同意认定
202300245,申请专利,一种车载智能空气净化装置,实用新型专利·第一发明人,,第一发明人,2026-08-24,,3.0,通过,刘志强,材料齐全，同意认定
202300245,其他实践活动,德国亚琛工业大学线上交流项目,技能资格培训·中级,,,2024-10-25,,1.0,公示中,刘志强,佐证材料完整，予以通过
202300246,前沿学术报告,名家学术讲座,单场·汽车空气动力学优化设计,,,2026-04-07,,0.5,通过,刘志强,佐证材料完整，予以通过
202300246,年度创新创业项目,省级·核心成员,基于STM32的智能循迹小车,,核心成员,2024-04-18,2026-06-30,3.0,通过,刘志强,符合认定条件，通过
202300246,科技创新竞赛,全国大学生数学建模竞赛,,国家级·三等奖,第一完成人,2026-03-05,,2.0,待审核,,
202300246,创业实践,新能源汽车科普工作室,入驻孵化器·负责人,,负责人,2026-04-05,,4.0,待审核,,
202300246,学术论文,基于深度学习的路面裂缝检测方法研究,核心期刊·其他作者,,其他作者,2025-01-28,,1.0,通过,刘志强,佐证材料完整，予以通过
202300246,申请专利,一种电动汽车电池包液冷结构,实用新型专利·其他发明人,,其他发明人,2025-12-06,,1.5,通过,刘志强,材料齐全，同意认定
202300246,其他实践活动,全国大学生汽车科技夏令营,技能资格培训·中级,,,2025-12-17,,1.0,待审核,,
202300247,前沿学术报告,汽车百家讲坛,第6-10期·智能制造与数字化工厂实践,,,2024-02-25,,0.25,通过,刘志强,材料齐全，同意认定
202300247,年度创新创业项目,国家级·核心成员,轮胎花纹与湿滑路面制动性能仿真,,核心成员,2025-09-13,2026-06-30,4.0,通过,刘志强,符合认定条件，通过
202300247,科技创新竞赛,山东省大学生机电产品创新设计竞赛,,省级·三等奖,负责人,2025-03-17,,1.0,通过,刘志强,佐证材料完整，予以通过
202300247,创业实践,二手车检测陪购服务工作室,创业训练计划·负责人,,负责人,2026-03-26,,3.0,通过,刘志强,符合认定条件，通过
202300247,学术论文,汽车主动悬架半主动控制策略仿真,SCI/EI 收录·第二作者,,第二作者,2025-09-16,,4.0,通过,刘志强,佐证材料完整，予以通过
202300247,申请专利,一种新能源汽车充电枪锁止机构,实用新型专利·其他发明人,,其他发明人,2026-06-18,,1.5,通过,刘志强,佐证材料完整，予以通过
202300247,其他实践活动,汽车造型设计工作坊,学术交流访问·境内交流,,,2024-05-20,,1.0,通过,刘志强,佐证材料完整，予以通过
202300248,前沿学术报告,汽车百家讲坛,第1-5期·新能源汽车动力总成发展趋势,,,2024-04-01,,0.25,通过,刘志强,材料齐全，同意认定
202300248,年度创新创业项目,省级·核心成员,校园共享电动车调度优化研究,,核心成员,2025-12-19,2026-06-30,3.0,待审核,,
202300248,科技创新竞赛,全国大学生智能汽车竞赛,,国家级·三等奖,核心成员,2025-01-24,,1.2,待审核,,
202300248,创业实践,校园二手书流转平台,注册成立公司·法人代表,,法人代表,2025-03-22,,6.0,通过,刘志强,符合认定条件，通过
202300248,学术论文,基于YOLO的车距保持辅助算法研究,国际/国内会议·第二作者,,第二作者,2025-06-17,,2.0,待院长审批,刘志强,初审通过，转院长审批
202300248,申请专利,一种新能源汽车充电枪锁止机构,实用新型专利·第一发明人,,第一发明人,2026-01-08,,3.0,通过,刘志强,材料齐全，同意认定
202300248,其他实践活动,全国大学生汽车科技夏令营,技能资格培训·中级,,,2024-04-13,,1.0,通过,刘志强,材料齐全，同意认定
202300249,前沿学术报告,名家学术讲座,单场·车载总线与嵌入式系统开发,,,2025-11-25,,0.5,公示中,刘志强,材料齐全，同意认定
202300249,年度创新创业项目,省级·核心成员,基于机器视觉的行人过街检测系统,,核心成员,2024-11-15,2026-06-30,3.0,通过,刘志强,佐证材料完整，予以通过
202300249,科技创新竞赛,全国大学生智能汽车竞赛,,国家级·二等奖,第一完成人,2025-11-25,,4.0,通过,刘志强,符合认定条件，通过
202300249,创业实践,新能源汽车科普工作室,创业训练计划·负责人,,负责人,2025-01-04,,3.0,待审核,,
202300249,学术论文,燃料电池汽车氢气循环系统特性分析,SCI/EI 收录·其他作者,,其他作者,2026-02-26,,2.0,通过,刘志强,佐证材料完整，予以通过
202300249,申请专利,一种多功能汽车后备箱收纳架,外观设计专利·其他发明人,,其他发明人,2025-06-13,,1.0,通过,刘志强,符合认定条件，通过
202300249,其他实践活动,全国大学生汽车科技夏令营,学科冬夏令营·省级,,,2024-04-18,,1.0,通过,刘志强,符合认定条件，通过
202300250,前沿学术报告,汽车百家讲坛,第6-10期·无人驾驶环境感知技术进展,,,2024-03-23,,0.25,通过,刘志强,材料齐全，同意认定
202300250,年度创新创业项目,院级·核心成员,太阳能小车能量管理策略研究,,核心成员,2025-10-03,2026-06-30,0.5,公示中,刘志强,材料齐全，同意认定
202300250,科技创新竞赛,全国大学生机械创新设计大赛,,国家级·二等奖,第二完成人,2026-01-07,,2.8,待院长审批,刘志强,初审通过，转院长审批
202300250,创业实践,大学生汽车文创工作室,创业训练计划·团队成员,,团队成员,2025-05-22,,1.5,待院长审批,刘志强,初审通过，转院长审批
202300250,学术论文,低温环境下锂电池充放电特性研究,核心期刊·第一作者,,第一作者,2026-05-15,,4.0,公示中,刘志强,材料齐全，同意认定
202300250,申请专利,一种新能源汽车充电枪锁止机构,外观设计专利·第一发明人,,第一发明人,2026-06-22,,2.0,待院长审批,刘志强,初审通过，转院长审批
202300250,其他实践活动,汽车造型设计工作坊,学术交流访问·境内交流,,,2026-05-24,,1.0,通过,刘志强,材料齐全，同意认定
202300251,前沿学术报告,名家学术讲座,单场·汽车轻量化设计与新材料应用,,,2026-04-16,,0.5,通过,刘志强,符合认定条件，通过
202300251,年度创新创业项目,校级·核心成员,车载OBD数据采集与驾驶行为分析,,核心成员,2024-09-14,2026-06-30,1.5,通过,刘志强,佐证材料完整，予以通过
202300251,科技创新竞赛,山东省大学生机电产品创新设计竞赛,,省级·一等奖,负责人,2026-05-02,,3.0,待审核,,
202300251,创业实践,校园二手书流转平台,注册成立公司·团队成员,,团队成员,2025-11-21,,2.0,通过,刘志强,佐证材料完整，予以通过
202300251,学术论文,汽车主动悬架半主动控制策略仿真,普通期刊·其他作者,,其他作者,2025-12-08,,0.5,通过,刘志强,材料齐全，同意认定
202300251,申请专利,一种多功能汽车后备箱收纳架,实用新型专利·第一发明人,,第一发明人,2026-04-03,,3.0,通过,刘志强,符合认定条件，通过
202300251,其他实践活动,暑期高校科学营活动,学科冬夏令营·国家级,,,2026-04-03,,2.0,通过,刘志强,符合认定条件，通过
202300252,前沿学术报告,名家学术讲座,单场·汽车空气动力学优化设计,,,2025-09-26,,0.5,通过,刘志强,符合认定条件，通过
202300252,年度创新创业项目,校级·负责人,二手车价格预测模型构建,,负责人,2024-08-13,2026-06-30,2.0,通过,刘志强,符合认定条件，通过
202300252,科技创新竞赛,全国大学生机械创新设计大赛,,国家级·三等奖,核心成员,2025-08-10,,1.2,通过,刘志强,符合认定条件，通过
202300252,创业实践,大学生汽车文创工作室,入驻孵化器·团队成员,,团队成员,2026-05-02,,2.0,通过,刘志强,材料齐全，同意认定
202300252,学术论文,基于多目标优化的车身结构轻量化设计,核心期刊·第二作者,,第二作者,2026-03-11,,2.0,通过,刘志强,符合认定条件，通过
202300252,申请专利,一种多功能汽车后备箱收纳架,外观设计专利·第一发明人,,第一发明人,2026-03-16,,2.0,待审核,,
202300252,其他实践活动,汽车工程学院企业行,学术交流访问·出境交流,,,2025-04-21,,2.0,通过,刘志强,材料齐全，同意认定
202300253,前沿学术报告,汽车百家讲坛,第11期以后·智能制造与数字化工厂实践,,,2026-01-23,,0.25,通过,刘志强,佐证材料完整，予以通过
202300253,年度创新创业项目,省级·核心成员,基于STM32的智能循迹小车,,核心成员,2025-08-25,2026-06-30,3.0,通过,刘志强,材料齐全，同意认定
202300253,科技创新竞赛,中国大学生方程式汽车大赛,,国家级·二等奖,第一完成人,2024-10-26,,4.0,通过,刘志强,佐证材料完整，予以通过
202300253,创业实践,新能源汽车科普工作室,入驻孵化器·团队成员,,团队成员,2025-01-03,,2.0,通过,刘志强,符合认定条件，通过
202300253,学术论文,基于YOLO的车距保持辅助算法研究,普通期刊·其他作者,,其他作者,2026-02-10,,0.5,通过,刘志强,佐证材料完整，予以通过
202300253,申请专利,一种电动汽车电池包液冷结构,外观设计专利·第一发明人,,第一发明人,2026-07-25,,2.0,待院长审批,刘志强,初审通过，转院长审批
202300253,其他实践活动,汽车造型设计工作坊,技能资格培训·高级,,,2026-07-27,,1.5,通过,刘志强,符合认定条件，通过
202300254,前沿学术报告,汽车百家讲坛,第6-10期·氢能及燃料电池汽车产业展望,,,2024-08-16,,0.25,通过,刘志强,佐证材料完整，予以通过
202300254,年度创新创业项目,国家级·负责人,新能源汽车电池热管理优化研究,,负责人,2025-12-08,2026-06-30,6.0,待审核,,
202300254,科技创新竞赛,全国大学生机械创新设计大赛,,省级·二等奖,第二完成人,2024-08-15,,1.4,通过,刘志强,符合认定条件，通过
202300254,创业实践,大学生汽车文创工作室,入驻孵化器·团队成员,,团队成员,2026-04-11,,2.0,通过,刘志强,材料齐全，同意认定
202300254,学术论文,基于深度学习的路面裂缝检测方法研究,普通期刊·其他作者,,其他作者,2026-04-21,,0.5,待审核,,
202300254,申请专利,一种多功能汽车后备箱收纳架,实用新型专利·第一发明人,,第一发明人,2026-05-21,,3.0,通过,刘志强,符合认定条件，通过
202300254,其他实践活动,智能驾驶技术专题培训,学术交流访问·境内交流,,,2025-07-28,,1.0,通过,刘志强,材料齐全，同意认定
202300255,前沿学术报告,名家学术讲座,单场·汽车轻量化设计与新材料应用,,,2024-08-18,,0.5,公示中,刘志强,佐证材料完整，予以通过
202300255,年度创新创业项目,校级·一般成员,太阳能小车能量管理策略研究,,一般成员,2024-07-11,2026-06-30,1.0,待审核,,
202300255,科技创新竞赛,中国国际大学生创新大赛,,国家级·一等奖,第一完成人,2024-10-05,,6.0,通过,刘志强,符合认定条件，通过
202300255,创业实践,校园二手书流转平台,入驻孵化器·负责人,,负责人,2026-05-18,,4.0,通过,刘志强,佐证材料完整，予以通过
202300255,学术论文,混合动力汽车能量管理策略仿真,普通期刊·其他作者,,其他作者,2026-04-01,,0.5,待院长审批,刘志强,初审通过，转院长审批
202300255,申请专利,一种多功能汽车后备箱收纳架,外观设计专利·第一发明人,,第一发明人,2026-04-25,,2.0,待院长审批,刘志强,初审通过，转院长审批
202300255,其他实践活动,德国亚琛工业大学线上交流项目,学科冬夏令营·校级,,,2026-02-02,,0.5,通过,刘志强,佐证材料完整，予以通过
202300256,前沿学术报告,名家学术讲座,单场·动力电池热管理关键技术,,,2025-12-16,,0.5,通过,刘志强,符合认定条件，通过
202300256,年度创新创业项目,省级·一般成员,车载OBD数据采集与驾驶行为分析,,一般成员,2024-04-10,2026-06-30,1.5,通过,刘志强,材料齐全，同意认定
202300256,科技创新竞赛,全国大学生机械创新设计大赛,,省级·二等奖,第三完成人,2025-02-26,,1.0,通过,刘志强,佐证材料完整，予以通过
202300256,创业实践,大学生汽车文创工作室,入驻孵化器·团队成员,,团队成员,2025-05-10,,2.0,通过,刘志强,材料齐全，同意认定
202300256,学术论文,燃料电池汽车氢气循环系统特性分析,核心期刊·第一作者,,第一作者,2025-01-06,,4.0,通过,刘志强,材料齐全，同意认定
202300256,申请专利,一种车载智能空气净化装置,发明专利·第一发明人,,第一发明人,2026-05-12,,6.0,通过,刘志强,符合认定条件，通过
202300256,其他实践活动,德国亚琛工业大学线上交流项目,技能资格培训·高级,,,2024-03-19,,1.5,通过,刘志强,佐证材料完整，予以通过
202300257,前沿学术报告,汽车百家讲坛,第1-5期·汽车芯片与域控制器架构,,,2024-02-11,,0.25,通过,刘志强,符合认定条件，通过
202300257,年度创新创业项目,校级·负责人,汽车内饰件轻量化设计,,负责人,2024-12-27,2026-06-30,2.0,通过,刘志强,佐证材料完整，予以通过
202300257,科技创新竞赛,全国大学生智能汽车竞赛,,省级·一等奖,第三完成人,2025-04-11,,1.5,通过,刘志强,佐证材料完整，予以通过
202300257,创业实践,智能驾培服务平台,创业训练计划·团队成员,,团队成员,2026-05-14,,1.5,通过,刘志强,佐证材料完整，予以通过
202300257,学术论文,基于YOLO的车距保持辅助算法研究,国际/国内会议·第二作者,,第二作者,2026-03-14,,2.0,通过,刘志强,符合认定条件，通过
202300257,申请专利,一种可调节角度的车载平板支架,实用新型专利·其他发明人,,其他发明人,2026-01-08,,1.5,通过,刘志强,材料齐全，同意认定
202300257,其他实践活动,全国大学生汽车科技夏令营,技能资格培训·高级,,,2024-10-10,,1.5,通过,刘志强,佐证材料完整，予以通过
202300258,前沿学术报告,汽车百家讲坛,第6-10期·新能源汽车动力总成发展趋势,,,2024-02-27,,0.25,公示中,刘志强,佐证材料完整，予以通过
202300258,年度创新创业项目,校级·一般成员,校园共享电动车调度优化研究,,一般成员,2024-09-10,2026-06-30,1.0,通过,刘志强,符合认定条件，通过
202300258,科技创新竞赛,全国大学生智能汽车竞赛,,国家级·一等奖,核心成员,2024-12-12,,3.6,通过,刘志强,符合认定条件，通过
202300258,创业实践,二手车检测陪购服务工作室,注册成立公司·合伙人,,合伙人,2025-01-16,,4.0,待审核,,
202300258,学术论文,电动汽车无线充电耦合机构优化设计,SCI/EI 收录·其他作者,,其他作者,2026-07-13,,2.0,通过,刘志强,材料齐全，同意认定
202300258,申请专利,一种基于视觉的后视镜盲区监测装置,外观设计专利·其他发明人,,其他发明人,2025-01-22,,1.0,待审核,,
202300258,其他实践活动,德国亚琛工业大学线上交流项目,学科冬夏令营·校级,,,2025-01-09,,0.5,公示中,刘志强,符合认定条件，通过
202300259,前沿学术报告,汽车百家讲坛,第11期以后·汽车轻量化设计与新材料应用,,,2026-03-20,,0.25,通过,刘志强,佐证材料完整，予以通过
202300259,年度创新创业项目,校级·核心成员,汽车内饰件轻量化设计,,核心成员,2025-02-07,2026-06-30,1.5,通过,刘志强,符合认定条件，通过
202300259,科技创新竞赛,中国大学生方程式汽车大赛,,国家级·三等奖,第二完成人,2026-02-18,,1.4,通过,刘志强,材料齐全，同意认定
202300259,创业实践,校内共享打印服务站,创业训练计划·负责人,,负责人,2025-01-20,,3.0,通过,刘志强,材料齐全，同意认定
202300259,学术论文,混合动力汽车能量管理策略仿真,SCI/EI 收录·第一作者,,第一作者,2026-08-15,,6.0,通过,刘志强,佐证材料完整，予以通过
202300259,申请专利,一种新能源汽车充电枪锁止机构,发明专利·其他发明人,,其他发明人,2026-02-12,,3.0,待院长审批,刘志强,初审通过，转院长审批
202300259,其他实践活动,汽车造型设计工作坊,学科冬夏令营·校级,,,2024-08-25,,0.5,待审核,,
202300260,前沿学术报告,汽车百家讲坛,第11期以后·无人驾驶环境感知技术进展,,,2025-12-11,,0.25,通过,刘志强,佐证材料完整，予以通过
202300260,年度创新创业项目,校级·核心成员,轮胎花纹与湿滑路面制动性能仿真,,核心成员,2025-10-24,2026-06-30,1.5,通过,刘志强,材料齐全，同意认定
202300260,科技创新竞赛,全国大学生节能减排社会实践与科技竞赛,,国家级·二等奖,第二完成人,2024-04-14,,2.8,公示中,刘志强,符合认定条件，通过
202300260,创业实践,二手车检测陪购服务工作室,入驻孵化器·团队成员,,团队成员,2025-01-02,,2.0,通过,刘志强,符合认定条件，通过
202300260,学术论文,电动汽车无线充电耦合机构优化设计,国际/国内会议·其他作者,,其他作者,2025-03-13,,1.0,待审核,,
202300260,申请专利,一种新能源汽车充电枪锁止机构,外观设计专利·其他发明人,,其他发明人,2026-03-18,,1.0,待审核,,
202300260,其他实践活动,德国亚琛工业大学线上交流项目,学科冬夏令营·校级,,,2025-11-13,,0.5,待审核,,
202300261,前沿学术报告,汽车百家讲坛,第1-5期·智能网联汽车技术前沿,,,2024-03-03,,0.25,通过,刘志强,符合认定条件，通过
202300261,年度创新创业项目,校级·一般成员,二手车价格预测模型构建,,一般成员,2024-04-04,2026-06-30,1.0,待审核,,
202300261,科技创新竞赛,全国大学生节能减排社会实践与科技竞赛,,省级·三等奖,第二完成人,2024-08-26,,0.7,通过,刘志强,材料齐全，同意认定
202300261,创业实践,校内共享打印服务站,创业训练计划·团队成员,,团队成员,2025-04-02,,1.5,待审核,,
202300261,学术论文,汽车主动悬架半主动控制策略仿真,国际/国内会议·其他作者,,其他作者,2026-01-07,,1.0,通过,刘志强,材料齐全，同意认定
202300261,申请专利,一种新能源汽车充电枪锁止机构,外观设计专利·其他发明人,,其他发明人,2026-07-23,,1.0,待院长审批,刘志强,初审通过，转院长审批
202300261,其他实践活动,智能驾驶技术专题培训,技能资格培训·初级,,,2025-08-21,,0.5,待审核,,
202300262,前沿学术报告,汽车百家讲坛,第11期以后·氢能及燃料电池汽车产业展望,,,2025-10-24,,0.25,通过,刘志强,材料齐全，同意认定
202300262,年度创新创业项目,校级·负责人,太阳能小车能量管理策略研究,,负责人,2024-02-26,2026-06-30,2.0,通过,刘志强,材料齐全，同意认定
202300262,科技创新竞赛,挑战杯全国大学生课外学术科技作品竞赛,,省级·三等奖,第二完成人,2025-05-26,,0.7,通过,刘志强,佐证材料完整，予以通过
202300262,创业实践,智能驾培服务平台,创业训练计划·团队成员,,团队成员,2026-03-11,,1.5,通过,刘志强,材料齐全，同意认定
202300262,学术论文,燃料电池汽车氢气循环系统特性分析,核心期刊·第二作者,,第二作者,2026-05-14,,2.0,通过,刘志强,佐证材料完整，予以通过
202300262,申请专利,一种基于视觉的后视镜盲区监测装置,发明专利·第一发明人,,第一发明人,2025-06-21,,6.0,通过,刘志强,材料齐全，同意认定
202300262,其他实践活动,智能驾驶技术专题培训,学科冬夏令营·校级,,,2025-09-23,,0.5,通过,刘志强,材料齐全，同意认定
202300263,前沿学术报告,信息科学论坛,第6期以后·汽车空气动力学优化设计,,,2025-01-10,,0.25,通过,刘志强,材料齐全，同意认定
202300263,年度创新创业项目,校级·核心成员,氢燃料电池汽车散热性能仿真分析,,核心成员,2025-08-17,2026-06-30,1.5,通过,刘志强,材料齐全，同意认定
202300263,科技创新竞赛,挑战杯全国大学生课外学术科技作品竞赛,,省级·一等奖,第二完成人,2025-02-14,,2.1,通过,刘志强,符合认定条件，通过
202300263,创业实践,新能源汽车科普工作室,入驻孵化器·团队成员,,团队成员,2025-12-08,,2.0,通过,刘志强,佐证材料完整，予以通过
202300263,学术论文,燃料电池汽车氢气循环系统特性分析,核心期刊·第一作者,,第一作者,2025-12-11,,4.0,通过,刘志强,材料齐全，同意认定
202300263,申请专利,一种可调节角度的车载平板支架,实用新型专利·其他发明人,,其他发明人,2026-04-25,,1.5,通过,刘志强,材料齐全，同意认定
202300263,其他实践活动,汽车造型设计工作坊,技能资格培训·初级,,,2024-07-10,,0.5,通过,刘志强,材料齐全，同意认定
202300264,前沿学术报告,信息科学论坛,第6期以后·汽车芯片与域控制器架构,,,2025-03-26,,0.25,通过,刘志强,佐证材料完整，予以通过
202300264,年度创新创业项目,省级·一般成员,二手车价格预测模型构建,,一般成员,2025-07-02,2026-06-30,1.5,通过,刘志强,佐证材料完整，予以通过
202300264,科技创新竞赛,校智能车校内选拔赛,,校级·一等奖,核心成员,2026-07-12,,0.6,通过,刘志强,佐证材料完整，予以通过
202300264,创业实践,二手车检测陪购服务工作室,注册成立公司·法人代表,,法人代表,2026-08-09,,6.0,通过,刘志强,佐证材料完整，予以通过
202300264,学术论文,基于深度学习的路面裂缝检测方法研究,国际/国内会议·第二作者,,第二作者,2026-05-11,,2.0,通过,刘志强,材料齐全，同意认定
202300264,申请专利,一种基于视觉的后视镜盲区监测装置,实用新型专利·其他发明人,,其他发明人,2025-02-17,,1.5,通过,刘志强,材料齐全，同意认定
202300264,其他实践活动,汽车工程学院企业行,技能资格培训·高级,,,2026-06-26,,1.5,通过,刘志强,佐证材料完整，予以通过
202300265,前沿学术报告,汽车百家讲坛,第1-5期·动力电池热管理关键技术,,,2025-11-27,,0.25,通过,刘志强,符合认定条件，通过
202300265,年度创新创业项目,院级·一般成员,基于机器视觉的行人过街检测系统,,一般成员,2024-07-20,2026-06-30,0.5,通过,刘志强,材料齐全，同意认定
202300265,科技创新竞赛,挑战杯全国大学生课外学术科技作品竞赛,,国家级·三等奖,核心成员,2025-03-24,,1.2,通过,刘志强,材料齐全，同意认定
202300265,创业实践,校内共享打印服务站,入驻孵化器·团队成员,,团队成员,2026-05-13,,2.0,通过,刘志强,材料齐全，同意认定
202300265,学术论文,电动汽车无线充电耦合机构优化设计,国际/国内会议·其他作者,,其他作者,2025-11-23,,1.0,通过,刘志强,材料齐全，同意认定
202300265,申请专利,一种车载智能空气净化装置,实用新型专利·其他发明人,,其他发明人,2026-06-01,,1.5,待审核,,
202300265,其他实践活动,德国亚琛工业大学线上交流项目,学术交流访问·境内交流,,,2025-12-02,,1.0,通过,刘志强,佐证材料完整，予以通过
202300266,前沿学术报告,汽车百家讲坛,第1-5期·智能制造与数字化工厂实践,,,2024-11-05,,0.25,通过,刘志强,材料齐全，同意认定
202300266,年度创新创业项目,省级·一般成员,太阳能小车能量管理策略研究,,一般成员,2024-08-24,2026-06-30,1.5,通过,刘志强,材料齐全，同意认定
202300266,科技创新竞赛,校智能车校内选拔赛,,校级·一等奖,第二完成人,2025-10-21,,0.7,通过,刘志强,佐证材料完整，予以通过
202300266,创业实践,校内共享打印服务站,注册成立公司·法人代表,,法人代表,2026-02-21,,6.0,待审核,,
202300266,学术论文,燃料电池汽车氢气循环系统特性分析,普通期刊·第二作者,,第二作者,2025-08-01,,1.0,通过,刘志强,材料齐全，同意认定
202300266,申请专利,一种电动汽车电池包液冷结构,实用新型专利·第一发明人,,第一发明人,2025-09-20,,3.0,通过,刘志强,佐证材料完整，予以通过
202300266,其他实践活动,暑期高校科学营活动,技能资格培训·初级,,,2024-01-19,,0.5,通过,刘志强,符合认定条件，通过
202300267,前沿学术报告,名家学术讲座,单场·车载总线与嵌入式系统开发,,,2025-12-26,,0.5,通过,刘志强,材料齐全，同意认定
202300267,年度创新创业项目,校级·一般成员,车载OBD数据采集与驾驶行为分析,,一般成员,2024-05-08,2026-06-30,1.0,待审核,,
202300267,科技创新竞赛,山东省大学生机电产品创新设计竞赛,,校级·一等奖,第三完成人,2026-08-10,,0.5,通过,刘志强,材料齐全，同意认定
202300267,创业实践,校内共享打印服务站,创业训练计划·负责人,,负责人,2026-06-23,,3.0,通过,刘志强,材料齐全，同意认定
202300267,学术论文,混合动力汽车能量管理策略仿真,普通期刊·第一作者,,第一作者,2025-09-26,,2.0,通过,刘志强,佐证材料完整，予以通过
202300267,申请专利,一种新能源汽车充电枪锁止机构,实用新型专利·其他发明人,,其他发明人,2026-08-07,,1.5,通过,刘志强,佐证材料完整，予以通过
202300267,其他实践活动,汽车工程学院企业行,学术交流访问·出境交流,,,2024-07-22,,2.0,通过,刘志强,材料齐全，同意认定
202300268,前沿学术报告,信息科学论坛,第1-5期·无人驾驶环境感知技术进展,,,2025-01-16,,0.25,通过,刘志强,佐证材料完整，予以通过
202300268,年度创新创业项目,院级·一般成员,基于STM32的智能循迹小车,,一般成员,2024-05-24,2026-06-30,0.5,通过,刘志强,材料齐全，同意认定
202300268,科技创新竞赛,挑战杯全国大学生课外学术科技作品竞赛,,国家级·二等奖,核心成员,2025-03-17,,2.4,通过,刘志强,佐证材料完整，予以通过
202300268,创业实践,校园二手书流转平台,创业训练计划·团队成员,,团队成员,2025-02-28,,1.5,通过,刘志强,符合认定条件，通过
202300268,学术论文,基于YOLO的车距保持辅助算法研究,普通期刊·第一作者,,第一作者,2026-03-26,,2.0,待审核,,
202300268,申请专利,一种可调节角度的车载平板支架,外观设计专利·第一发明人,,第一发明人,2026-02-22,,2.0,通过,刘志强,佐证材料完整，予以通过
202300268,其他实践活动,暑期高校科学营活动,学科冬夏令营·校级,,,2026-04-16,,0.5,通过,刘志强,佐证材料完整，予以通过
202300269,前沿学术报告,汽车百家讲坛,第6-10期·氢能及燃料电池汽车产业展望,,,2024-02-16,,0.25,通过,刘志强,符合认定条件，通过
202300269,年度创新创业项目,校级·核心成员,校园共享电动车调度优化研究,,核心成员,2024-03-15,2026-06-30,1.5,通过,刘志强,符合认定条件，通过
202300269,科技创新竞赛,山东省大学生机电产品创新设计竞赛,,校级·一等奖,第一完成人,2024-05-05,,1.0,通过,刘志强,材料齐全，同意认定
202300269,创业实践,大学生汽车文创工作室,创业训练计划·负责人,,负责人,2026-02-14,,3.0,待审核,,
202300269,学术论文,电动汽车无线充电耦合机构优化设计,核心期刊·其他作者,,其他作者,2025-08-03,,1.0,通过,刘志强,佐证材料完整，予以通过
202300269,申请专利,一种基于视觉的后视镜盲区监测装置,实用新型专利·第一发明人,,第一发明人,2026-01-10,,3.0,待审核,,
202300269,其他实践活动,全国大学生汽车科技夏令营,技能资格培训·初级,,,2025-12-08,,0.5,通过,刘志强,佐证材料完整，予以通过
202300270,前沿学术报告,名家学术讲座,单场·汽车轻量化设计与新材料应用,,,2026-02-28,,0.5,通过,刘志强,符合认定条件，通过
202300270,年度创新创业项目,校级·核心成员,校园共享电动车调度优化研究,,核心成员,2024-03-16,2026-06-30,1.5,通过,刘志强,佐证材料完整，予以通过
202300270,科技创新竞赛,中国国际大学生创新大赛,,省级·三等奖,负责人,2024-07-17,,1.0,通过,刘志强,符合认定条件，通过
202300270,创业实践,新能源汽车科普工作室,创业训练计划·负责人,,负责人,2025-01-24,,3.0,通过,刘志强,符合认定条件，通过
202300270,学术论文,电动汽车无线充电耦合机构优化设计,普通期刊·第二作者,,第二作者,2026-08-24,,1.0,通过,刘志强,佐证材料完整，予以通过
202300270,申请专利,一种基于视觉的后视镜盲区监测装置,实用新型专利·第一发明人,,第一发明人,2025-01-22,,3.0,通过,刘志强,佐证材料完整，予以通过
202300270,其他实践活动,汽车造型设计工作坊,学术交流访问·出境交流,,,2024-02-16,,2.0,通过,刘志强,佐证材料完整，予以通过
202300271,前沿学术报告,汽车百家讲坛,第1-5期·无人驾驶环境感知技术进展,,,2024-11-05,,0.25,通过,赵鹏,材料齐全，同意认定
202300271,年度创新创业项目,校级·负责人,太阳能小车能量管理策略研究,,负责人,2024-08-07,2026-06-30,2.0,待审核,,
202300271,科技创新竞赛,校智能车校内选拔赛,,校级·二等奖,第三完成人,2024-08-01,,0.25,待审核,,
202300271,创业实践,二手车检测陪购服务工作室,创业训练计划·团队成员,,团队成员,2026-08-23,,1.5,待院长审批,赵鹏,初审通过，转院长审批
202300271,学术论文,基于多目标优化的车身结构轻量化设计,国际/国内会议·其他作者,,其他作者,2025-03-16,,1.0,通过,赵鹏,材料齐全，同意认定
202300271,申请专利,一种电动汽车电池包液冷结构,实用新型专利·第一发明人,,第一发明人,2026-02-03,,3.0,待审核,,
202300271,其他实践活动,智能驾驶技术专题培训,技能资格培训·高级,,,2025-11-14,,1.5,待审核,,
202300272,前沿学术报告,汽车百家讲坛,第11期以后·智能制造与数字化工厂实践,,,2025-10-09,,0.25,通过,赵鹏,佐证材料完整，予以通过
202300272,年度创新创业项目,省级·负责人,汽车内饰件轻量化设计,,负责人,2024-10-08,2026-06-30,4.0,通过,赵鹏,佐证材料完整，予以通过
202300272,科技创新竞赛,全国大学生智能汽车竞赛,,省级·一等奖,第二完成人,2026-02-26,,2.1,通过,赵鹏,材料齐全，同意认定
202300272,创业实践,大学生汽车文创工作室,入驻孵化器·负责人,,负责人,2025-11-27,,4.0,通过,赵鹏,材料齐全，同意认定
202300272,学术论文,基于多目标优化的车身结构轻量化设计,核心期刊·第一作者,,第一作者,2026-04-08,,4.0,待院长审批,赵鹏,初审通过，转院长审批
202300272,申请专利,一种电动汽车电池包液冷结构,外观设计专利·其他发明人,,其他发明人,2025-01-16,,1.0,待审核,,
202300272,其他实践活动,全国大学生汽车科技夏令营,学科冬夏令营·国家级,,,2026-01-26,,2.0,通过,赵鹏,符合认定条件，通过
202300273,前沿学术报告,名家学术讲座,单场·智能网联汽车技术前沿,,,2025-05-23,,0.5,通过,赵鹏,材料齐全，同意认定
202300273,年度创新创业项目,院级·核心成员,氢燃料电池汽车散热性能仿真分析,,核心成员,2024-05-23,2026-06-30,0.5,通过,赵鹏,符合认定条件，通过
202300273,科技创新竞赛,全国大学生数学建模竞赛,,国家级·二等奖,核心成员,2024-07-13,,2.4,通过,赵鹏,佐证材料完整，予以通过
202300273,创业实践,大学生汽车文创工作室,注册成立公司·合伙人,,合伙人,2025-10-26,,4.0,通过,赵鹏,佐证材料完整，予以通过
202300273,学术论文,基于YOLO的车距保持辅助算法研究,SCI/EI 收录·第二作者,,第二作者,2025-06-07,,4.0,待审核,,
202300273,申请专利,一种新能源汽车充电枪锁止机构,发明专利·第一发明人,,第一发明人,2025-02-02,,6.0,通过,赵鹏,材料齐全，同意认定
202300273,其他实践活动,暑期高校科学营活动,技能资格培训·初级,,,2025-03-18,,0.5,待审核,,
202300274,前沿学术报告,汽车百家讲坛,第1-5期·无人驾驶环境感知技术进展,,,2024-11-11,,0.25,待审核,,
202300274,年度创新创业项目,院级·一般成员,智能导览机器人设计与实现,,一般成员,2025-09-28,2026-06-30,0.5,通过,赵鹏,材料齐全，同意认定
202300274,科技创新竞赛,山东省大学生机电产品创新设计竞赛,,省级·二等奖,第三完成人,2024-11-25,,1.0,通过,赵鹏,材料齐全，同意认定
202300274,创业实践,二手车检测陪购服务工作室,创业训练计划·负责人,,负责人,2026-08-09,,3.0,通过,赵鹏,佐证材料完整，予以通过
202300274,学术论文,燃料电池汽车氢气循环系统特性分析,国际/国内会议·第一作者,,第一作者,2026-04-03,,3.0,通过,赵鹏,材料齐全，同意认定
202300274,申请专利,一种多功能汽车后备箱收纳架,实用新型专利·第一发明人,,第一发明人,2025-01-25,,3.0,通过,赵鹏,佐证材料完整，予以通过
202300274,其他实践活动,德国亚琛工业大学线上交流项目,技能资格培训·高级,,,2024-04-18,,1.5,通过,赵鹏,材料齐全，同意认定
202300275,前沿学术报告,汽车百家讲坛,第6-10期·新能源汽车动力总成发展趋势,,,2025-04-18,,0.25,通过,赵鹏,符合认定条件，通过
202300275,年度创新创业项目,省级·负责人,基于深度学习的交通标志识别系统,,负责人,2025-08-15,2026-06-30,4.0,待审核,,
202300275,科技创新竞赛,挑战杯全国大学生课外学术科技作品竞赛,,省级·一等奖,第三完成人,2024-08-26,,1.5,待院长审批,赵鹏,初审通过，转院长审批
202300275,创业实践,二手车检测陪购服务工作室,注册成立公司·合伙人,,合伙人,2026-02-23,,4.0,通过,赵鹏,符合认定条件，通过
202300275,学术论文,基于YOLO的车距保持辅助算法研究,国际/国内会议·第二作者,,第二作者,2026-03-24,,2.0,待审核,,
202300275,申请专利,一种基于视觉的后视镜盲区监测装置,发明专利·第一发明人,,第一发明人,2026-01-01,,6.0,通过,赵鹏,佐证材料完整，予以通过
202300275,其他实践活动,全国大学生汽车科技夏令营,学术交流访问·出境交流,,,2026-02-27,,2.0,通过,赵鹏,材料齐全，同意认定
202300276,前沿学术报告,汽车百家讲坛,第11期以后·无人驾驶环境感知技术进展,,,2026-08-19,,0.25,待审核,,
202300276,年度创新创业项目,省级·核心成员,基于STM32的智能循迹小车,,核心成员,2024-10-16,2026-06-30,3.0,通过,赵鹏,材料齐全，同意认定
202300276,科技创新竞赛,山东省大学生机电产品创新设计竞赛,,校级·二等奖,第一完成人,2025-08-06,,0.5,待审核,,
202300276,创业实践,校内共享打印服务站,入驻孵化器·团队成员,,团队成员,2026-01-08,,2.0,通过,赵鹏,材料齐全，同意认定
202300276,学术论文,混合动力汽车能量管理策略仿真,核心期刊·第一作者,,第一作者,2025-04-07,,4.0,待院长审批,赵鹏,初审通过，转院长审批
202300276,申请专利,一种多功能汽车后备箱收纳架,发明专利·第一发明人,,第一发明人,2025-05-24,,6.0,待院长审批,赵鹏,初审通过，转院长审批
202300276,其他实践活动,汽车造型设计工作坊,学科冬夏令营·国家级,,,2025-05-01,,2.0,通过,赵鹏,材料齐全，同意认定
202300277,前沿学术报告,名家学术讲座,单场·汽车芯片与域控制器架构,,,2025-06-01,,0.5,通过,赵鹏,材料齐全，同意认定
202300277,年度创新创业项目,省级·核心成员,氢燃料电池汽车散热性能仿真分析,,核心成员,2024-05-25,2026-06-30,3.0,通过,赵鹏,佐证材料完整，予以通过
202300277,科技创新竞赛,中国国际大学生创新大赛,,国家级·二等奖,核心成员,2024-09-12,,2.4,待审核,,
202300277,创业实践,校园二手书流转平台,注册成立公司·法人代表,,法人代表,2026-02-26,,6.0,通过,赵鹏,符合认定条件，通过
202300277,学术论文,低温环境下锂电池充放电特性研究,核心期刊·第一作者,,第一作者,2025-01-04,,4.0,通过,赵鹏,材料齐全，同意认定
202300277,申请专利,一种车载智能空气净化装置,发明专利·第一发明人,,第一发明人,2025-09-27,,6.0,通过,赵鹏,符合认定条件，通过
202300277,其他实践活动,德国亚琛工业大学线上交流项目,学术交流访问·境内交流,,,2025-06-19,,1.0,通过,赵鹏,符合认定条件，通过
202300278,前沿学术报告,名家学术讲座,单场·智能网联汽车技术前沿,,,2026-02-27,,0.5,公示中,赵鹏,材料齐全，同意认定
202300278,年度创新创业项目,省级·核心成员,基于STM32的智能循迹小车,,核心成员,2024-02-28,2026-06-30,3.0,通过,赵鹏,符合认定条件，通过
202300278,科技创新竞赛,校智能车校内选拔赛,,校级·二等奖,负责人,2026-08-12,,0.5,通过,赵鹏,佐证材料完整，予以通过
202300278,创业实践,校园二手书流转平台,创业训练计划·团队成员,,团队成员,2025-09-25,,1.5,通过,赵鹏,符合认定条件，通过
202300278,学术论文,汽车主动悬架半主动控制策略仿真,国际/国内会议·第一作者,,第一作者,2025-08-10,,3.0,待审核,,
202300278,申请专利,一种可调节角度的车载平板支架,实用新型专利·第一发明人,,第一发明人,2026-08-03,,3.0,通过,赵鹏,材料齐全，同意认定
202300278,其他实践活动,全国大学生汽车科技夏令营,学术交流访问·境内交流,,,2025-09-15,,1.0,通过,赵鹏,材料齐全，同意认定
202300279,前沿学术报告,汽车百家讲坛,第11期以后·氢能及燃料电池汽车产业展望,,,2025-01-20,,0.25,通过,赵鹏,符合认定条件，通过
202300279,年度创新创业项目,院级·一般成员,轮胎花纹与湿滑路面制动性能仿真,,一般成员,2024-10-01,2026-06-30,0.5,通过,赵鹏,符合认定条件，通过
202300279,科技创新竞赛,中国国际大学生创新大赛,,国家级·三等奖,核心成员,2025-05-22,,1.2,通过,赵鹏,符合认定条件，通过
202300279,创业实践,新能源汽车科普工作室,创业训练计划·团队成员,,团队成员,2025-04-11,,1.5,通过,赵鹏,材料齐全，同意认定
202300279,学术论文,低温环境下锂电池充放电特性研究,国际/国内会议·第一作者,,第一作者,2026-07-13,,3.0,待院长审批,赵鹏,初审通过，转院长审批
202300279,申请专利,一种车载智能空气净化装置,外观设计专利·第一发明人,,第一发明人,2026-02-24,,2.0,通过,赵鹏,材料齐全，同意认定
202300279,其他实践活动,汽车造型设计工作坊,技能资格培训·中级,,,2025-08-08,,1.0,通过,赵鹏,材料齐全，同意认定
202300280,前沿学术报告,信息科学论坛,第1-5期·智能网联汽车技术前沿,,,2024-04-05,,0.25,待审核,,
202300280,年度创新创业项目,院级·一般成员,二手车价格预测模型构建,,一般成员,2025-10-08,2026-06-30,0.5,通过,赵鹏,符合认定条件，通过
202300280,科技创新竞赛,中国国际大学生创新大赛,,国家级·三等奖,核心成员,2026-02-02,,1.2,通过,赵鹏,材料齐全，同意认定
202300280,创业实践,新能源汽车科普工作室,入驻孵化器·负责人,,负责人,2026-04-14,,4.0,待审核,,
202300280,学术论文,基于YOLO的车距保持辅助算法研究,国际/国内会议·第二作者,,第二作者,2025-10-01,,2.0,待审核,,
202300280,申请专利,一种多功能汽车后备箱收纳架,实用新型专利·第一发明人,,第一发明人,2025-06-06,,3.0,待院长审批,赵鹏,初审通过，转院长审批
202300280,其他实践活动,暑期高校科学营活动,学术交流访问·境内交流,,,2025-04-24,,1.0,通过,赵鹏,材料齐全，同意认定
202300281,前沿学术报告,名家学术讲座,单场·车载总线与嵌入式系统开发,,,2025-08-05,,0.5,待审核,,
202300281,年度创新创业项目,省级·一般成员,基于STM32的智能循迹小车,,一般成员,2024-06-20,2026-06-30,1.5,通过,赵鹏,符合认定条件，通过
202300281,科技创新竞赛,校智能车校内选拔赛,,校级·一等奖,负责人,2026-01-13,,1.0,通过,赵鹏,佐证材料完整，予以通过
202300281,创业实践,校园二手书流转平台,入驻孵化器·团队成员,,团队成员,2026-01-22,,2.0,通过,赵鹏,符合认定条件，通过
202300281,学术论文,汽车主动悬架半主动控制策略仿真,核心期刊·其他作者,,其他作者,2025-01-08,,1.0,待审核,,
202300281,申请专利,一种多功能汽车后备箱收纳架,实用新型专利·第一发明人,,第一发明人,2026-01-14,,3.0,通过,赵鹏,材料齐全，同意认定
202300281,其他实践活动,德国亚琛工业大学线上交流项目,技能资格培训·初级,,,2026-06-10,,0.5,通过,赵鹏,佐证材料完整，予以通过
202300282,前沿学术报告,信息科学论坛,第1-5期·新能源汽车动力总成发展趋势,,,2026-03-25,,0.25,通过,赵鹏,材料齐全，同意认定
202300282,年度创新创业项目,校级·负责人,基于深度学习的交通标志识别系统,,负责人,2025-06-12,2026-06-30,2.0,通过,赵鹏,佐证材料完整，予以通过
202300282,科技创新竞赛,校智能车校内选拔赛,,校级·一等奖,第三完成人,2026-03-16,,0.5,通过,赵鹏,符合认定条件，通过
202300282,创业实践,校园二手书流转平台,创业训练计划·团队成员,,团队成员,2025-11-08,,1.5,待审核,,
202300282,学术论文,汽车主动悬架半主动控制策略仿真,核心期刊·第二作者,,第二作者,2025-08-08,,2.0,通过,赵鹏,符合认定条件，通过
202300282,申请专利,一种车载智能空气净化装置,外观设计专利·第一发明人,,第一发明人,2025-04-16,,2.0,通过,赵鹏,符合认定条件，通过
202300282,其他实践活动,全国大学生汽车科技夏令营,学科冬夏令营·省级,,,2025-09-18,,1.0,通过,赵鹏,符合认定条件，通过
202300283,前沿学术报告,汽车百家讲坛,第11期以后·智能制造与数字化工厂实践,,,2025-08-21,,0.25,待审核,,
202300283,年度创新创业项目,国家级·一般成员,氢燃料电池汽车散热性能仿真分析,,一般成员,2024-07-07,2026-06-30,2.0,通过,赵鹏,符合认定条件，通过
202300283,科技创新竞赛,校智能车校内选拔赛,,校级·三等奖,第二完成人,2024-06-09,,0.35,待审核,,
202300283,创业实践,二手车检测陪购服务工作室,创业训练计划·团队成员,,团队成员,2026-08-08,,1.5,通过,赵鹏,材料齐全，同意认定
202300283,学术论文,混合动力汽车能量管理策略仿真,国际/国内会议·第二作者,,第二作者,2025-12-14,,2.0,通过,赵鹏,佐证材料完整，予以通过
202300283,申请专利,一种基于视觉的后视镜盲区监测装置,外观设计专利·其他发明人,,其他发明人,2025-11-03,,1.0,通过,赵鹏,佐证材料完整，予以通过
202300283,其他实践活动,汽车工程学院企业行,学术交流访问·出境交流,,,2025-05-02,,2.0,通过,赵鹏,符合认定条件，通过
202300284,前沿学术报告,汽车百家讲坛,第6-10期·汽车轻量化设计与新材料应用,,,2025-07-24,,0.25,通过,赵鹏,佐证材料完整，予以通过
202300284,年度创新创业项目,省级·核心成员,基于机器视觉的行人过街检测系统,,核心成员,2025-05-25,2026-06-30,3.0,通过,赵鹏,符合认定条件，通过
202300284,科技创新竞赛,全国大学生智能汽车竞赛,,国家级·二等奖,第一完成人,2025-02-06,,4.0,通过,赵鹏,材料齐全，同意认定
202300284,创业实践,校内共享打印服务站,入驻孵化器·负责人,,负责人,2025-04-17,,4.0,待院长审批,赵鹏,初审通过，转院长审批
202300284,学术论文,基于多目标优化的车身结构轻量化设计,普通期刊·其他作者,,其他作者,2026-08-01,,0.5,通过,赵鹏,材料齐全，同意认定
202300284,申请专利,一种电动汽车电池包液冷结构,实用新型专利·其他发明人,,其他发明人,2026-03-12,,1.5,待审核,,
202300284,其他实践活动,全国大学生汽车科技夏令营,技能资格培训·高级,,,2024-08-14,,1.5,通过,赵鹏,材料齐全，同意认定
202300285,前沿学术报告,汽车百家讲坛,第11期以后·汽车轻量化设计与新材料应用,,,2026-02-20,,0.25,待审核,,
202300285,年度创新创业项目,校级·负责人,二手车价格预测模型构建,,负责人,2025-01-06,2026-06-30,2.0,待审核,,
202300285,科技创新竞赛,全国大学生智能汽车竞赛,,国家级·一等奖,负责人,2026-02-03,,6.0,通过,赵鹏,符合认定条件，通过
202300285,创业实践,新能源汽车科普工作室,创业训练计划·负责人,,负责人,2025-09-24,,3.0,待审核,,
202300285,学术论文,汽车主动悬架半主动控制策略仿真,国际/国内会议·其他作者,,其他作者,2026-08-21,,1.0,通过,赵鹏,佐证材料完整，予以通过
202300285,申请专利,一种基于视觉的后视镜盲区监测装置,实用新型专利·第一发明人,,第一发明人,2026-03-01,,3.0,通过,赵鹏,佐证材料完整，予以通过
202300285,其他实践活动,全国大学生汽车科技夏令营,学术交流访问·出境交流,,,2024-01-06,,2.0,通过,赵鹏,符合认定条件，通过
202300286,前沿学术报告,名家学术讲座,单场·车载总线与嵌入式系统开发,,,2025-06-13,,0.5,通过,赵鹏,佐证材料完整，予以通过
202300286,年度创新创业项目,省级·一般成员,二手车价格预测模型构建,,一般成员,2024-09-23,2026-06-30,1.5,通过,赵鹏,符合认定条件，通过
202300286,科技创新竞赛,挑战杯全国大学生课外学术科技作品竞赛,,国家级·二等奖,第二完成人,2024-04-08,,2.8,通过,赵鹏,材料齐全，同意认定
202300286,创业实践,大学生汽车文创工作室,入驻孵化器·负责人,,负责人,2026-01-09,,4.0,通过,赵鹏,佐证材料完整，予以通过
202300286,学术论文,汽车主动悬架半主动控制策略仿真,国际/国内会议·第二作者,,第二作者,2025-05-10,,2.0,待审核,,
202300286,申请专利,一种车载智能空气净化装置,发明专利·其他发明人,,其他发明人,2026-01-03,,3.0,通过,赵鹏,符合认定条件，通过
202300286,其他实践活动,智能驾驶技术专题培训,学科冬夏令营·省级,,,2024-09-08,,1.0,通过,赵鹏,佐证材料完整，予以通过
202300287,前沿学术报告,汽车百家讲坛,第11期以后·汽车轻量化设计与新材料应用,,,2025-03-22,,0.25,通过,赵鹏,材料齐全，同意认定
202300287,年度创新创业项目,校级·一般成员,智能导览机器人设计与实现,,一般成员,2025-01-23,2026-06-30,1.0,待审核,,
202300287,科技创新竞赛,校智能车校内选拔赛,,校级·二等奖,第一完成人,2025-01-09,,0.5,通过,赵鹏,材料齐全，同意认定
202300287,创业实践,二手车检测陪购服务工作室,入驻孵化器·负责人,,负责人,2026-06-19,,4.0,通过,赵鹏,佐证材料完整，予以通过
202300287,学术论文,低温环境下锂电池充放电特性研究,国际/国内会议·第一作者,,第一作者,2025-11-07,,3.0,通过,赵鹏,符合认定条件，通过
202300287,申请专利,一种可调节角度的车载平板支架,实用新型专利·第一发明人,,第一发明人,2026-06-15,,3.0,通过,赵鹏,材料齐全，同意认定
202300287,其他实践活动,智能驾驶技术专题培训,学科冬夏令营·校级,,,2025-06-28,,0.5,通过,赵鹏,符合认定条件，通过
202300288,前沿学术报告,名家学术讲座,单场·汽车芯片与域控制器架构,,,2025-06-28,,0.5,通过,赵鹏,佐证材料完整，予以通过
202300288,年度创新创业项目,省级·负责人,基于深度学习的交通标志识别系统,,负责人,2024-10-01,2026-06-30,4.0,通过,赵鹏,材料齐全，同意认定
202300288,科技创新竞赛,全国大学生机械创新设计大赛,,国家级·二等奖,第三完成人,2024-04-10,,2.0,通过,赵鹏,佐证材料完整，予以通过
202300288,创业实践,新能源汽车科普工作室,注册成立公司·法人代表,,法人代表,2026-07-16,,6.0,通过,赵鹏,佐证材料完整，予以通过
202300288,学术论文,电动汽车无线充电耦合机构优化设计,国际/国内会议·第一作者,,第一作者,2025-11-26,,3.0,通过,赵鹏,佐证材料完整，予以通过
202300288,申请专利,一种可调节角度的车载平板支架,外观设计专利·其他发明人,,其他发明人,2025-06-10,,1.0,通过,赵鹏,材料齐全，同意认定
202300288,其他实践活动,全国大学生汽车科技夏令营,学科冬夏令营·省级,,,2024-02-15,,1.0,待审核,,
202300289,前沿学术报告,汽车百家讲坛,第6-10期·新能源汽车动力总成发展趋势,,,2026-04-13,,0.25,通过,赵鹏,佐证材料完整，予以通过
202300289,年度创新创业项目,院级·负责人,基于深度学习的交通标志识别系统,,负责人,2025-07-04,2026-06-30,1.0,公示中,赵鹏,佐证材料完整，予以通过
202300289,科技创新竞赛,挑战杯全国大学生课外学术科技作品竞赛,,国家级·三等奖,第一完成人,2026-04-27,,2.0,公示中,赵鹏,符合认定条件，通过
202300289,创业实践,校内共享打印服务站,入驻孵化器·团队成员,,团队成员,2025-09-07,,2.0,通过,赵鹏,符合认定条件，通过
202300289,学术论文,低温环境下锂电池充放电特性研究,SCI/EI 收录·第一作者,,第一作者,2026-02-16,,6.0,通过,赵鹏,材料齐全，同意认定
202300289,申请专利,一种车载智能空气净化装置,实用新型专利·第一发明人,,第一发明人,2026-08-27,,3.0,通过,赵鹏,佐证材料完整，予以通过
202300289,其他实践活动,全国大学生汽车科技夏令营,学术交流访问·境内交流,,,2024-06-19,,1.0,通过,赵鹏,符合认定条件，通过
202300290,前沿学术报告,汽车百家讲坛,第1-5期·动力电池热管理关键技术,,,2026-01-13,,0.25,通过,赵鹏,佐证材料完整，予以通过
202300290,年度创新创业项目,校级·一般成员,氢燃料电池汽车散热性能仿真分析,,一般成员,2024-11-26,2026-06-30,1.0,通过,赵鹏,佐证材料完整，予以通过
202300290,科技创新竞赛,全国大学生机械创新设计大赛,,省级·二等奖,核心成员,2025-10-20,,1.2,待审核,,
202300290,创业实践,校园二手书流转平台,注册成立公司·合伙人,,合伙人,2025-08-12,,4.0,通过,赵鹏,佐证材料完整，予以通过
202300290,学术论文,基于YOLO的车距保持辅助算法研究,SCI/EI 收录·其他作者,,其他作者,2025-12-26,,2.0,通过,赵鹏,材料齐全，同意认定
202300290,申请专利,一种新能源汽车充电枪锁止机构,实用新型专利·其他发明人,,其他发明人,2025-12-13,,1.5,通过,赵鹏,材料齐全，同意认定
202300290,其他实践活动,智能驾驶技术专题培训,学科冬夏令营·省级,,,2026-06-12,,1.0,通过,赵鹏,符合认定条件，通过
202300291,前沿学术报告,名家学术讲座,单场·氢能及燃料电池汽车产业展望,,,2024-08-26,,0.5,通过,赵鹏,佐证材料完整，予以通过
202300291,年度创新创业项目,校级·负责人,太阳能小车能量管理策略研究,,负责人,2025-01-23,2026-06-30,2.0,通过,赵鹏,佐证材料完整，予以通过
202300291,科技创新竞赛,全国大学生智能汽车竞赛,,省级·三等奖,第二完成人,2024-01-10,,0.7,通过,赵鹏,佐证材料完整，予以通过
202300291,创业实践,二手车检测陪购服务工作室,注册成立公司·合伙人,,合伙人,2026-03-03,,4.0,通过,赵鹏,符合认定条件，通过
202300291,学术论文,低温环境下锂电池充放电特性研究,国际/国内会议·第一作者,,第一作者,2025-09-28,,3.0,通过,赵鹏,佐证材料完整，予以通过
202300291,申请专利,一种新能源汽车充电枪锁止机构,发明专利·其他发明人,,其他发明人,2026-03-01,,3.0,通过,赵鹏,佐证材料完整，予以通过
202300291,其他实践活动,汽车造型设计工作坊,学术交流访问·境内交流,,,2026-03-22,,1.0,通过,赵鹏,材料齐全，同意认定
202300292,前沿学术报告,名家学术讲座,单场·智能制造与数字化工厂实践,,,2024-08-04,,0.5,通过,赵鹏,佐证材料完整，予以通过
202300292,年度创新创业项目,省级·负责人,基于深度学习的交通标志识别系统,,负责人,2024-07-20,2026-06-30,4.0,通过,赵鹏,材料齐全，同意认定
202300292,科技创新竞赛,全国大学生机械创新设计大赛,,省级·三等奖,第二完成人,2024-06-17,,0.7,通过,赵鹏,佐证材料完整，予以通过
202300292,创业实践,新能源汽车科普工作室,创业训练计划·负责人,,负责人,2025-09-08,,3.0,通过,赵鹏,佐证材料完整，予以通过
202300292,学术论文,汽车主动悬架半主动控制策略仿真,普通期刊·第一作者,,第一作者,2025-09-17,,2.0,通过,赵鹏,材料齐全，同意认定
202300292,申请专利,一种多功能汽车后备箱收纳架,实用新型专利·第一发明人,,第一发明人,2025-04-06,,3.0,通过,赵鹏,佐证材料完整，予以通过
202300292,其他实践活动,全国大学生汽车科技夏令营,学科冬夏令营·校级,,,2024-03-14,,0.5,通过,赵鹏,材料齐全，同意认定
202300293,前沿学术报告,汽车百家讲坛,第1-5期·汽车芯片与域控制器架构,,,2025-10-23,,0.25,通过,赵鹏,佐证材料完整，予以通过
202300293,年度创新创业项目,省级·核心成员,二手车价格预测模型构建,,核心成员,2025-04-06,2026-06-30,3.0,通过,赵鹏,材料齐全，同意认定
202300293,科技创新竞赛,挑战杯全国大学生课外学术科技作品竞赛,,省级·一等奖,第三完成人,2026-08-07,,1.5,待审核,,
202300293,创业实践,新能源汽车科普工作室,创业训练计划·负责人,,负责人,2026-07-16,,3.0,通过,赵鹏,佐证材料完整，予以通过
202300293,学术论文,汽车主动悬架半主动控制策略仿真,核心期刊·第二作者,,第二作者,2025-10-19,,2.0,待审核,,
202300293,申请专利,一种电动汽车电池包液冷结构,发明专利·第一发明人,,第一发明人,2026-01-27,,6.0,通过,赵鹏,符合认定条件，通过
202300293,其他实践活动,智能驾驶技术专题培训,技能资格培训·中级,,,2024-04-03,,1.0,通过,赵鹏,材料齐全，同意认定
202300294,前沿学术报告,名家学术讲座,单场·汽车轻量化设计与新材料应用,,,2025-01-15,,0.5,待审核,,
202300294,年度创新创业项目,省级·核心成员,汽车内饰件轻量化设计,,核心成员,2025-06-01,2026-06-30,3.0,通过,赵鹏,材料齐全，同意认定
202300294,科技创新竞赛,全国大学生智能汽车竞赛,,省级·二等奖,第三完成人,2026-08-21,,1.0,通过,赵鹏,符合认定条件，通过
202300294,创业实践,校园二手书流转平台,创业训练计划·负责人,,负责人,2025-11-18,,3.0,通过,赵鹏,材料齐全，同意认定
202300294,学术论文,电动汽车无线充电耦合机构优化设计,SCI/EI 收录·第二作者,,第二作者,2025-10-21,,4.0,通过,赵鹏,符合认定条件，通过
202300294,申请专利,一种基于视觉的后视镜盲区监测装置,实用新型专利·其他发明人,,其他发明人,2026-03-28,,1.5,通过,赵鹏,佐证材料完整，予以通过
202300294,其他实践活动,全国大学生汽车科技夏令营,技能资格培训·初级,,,2024-01-02,,0.5,待审核,,
202300295,前沿学术报告,名家学术讲座,单场·新能源汽车动力总成发展趋势,,,2025-01-28,,0.5,通过,赵鹏,符合认定条件，通过
202300295,年度创新创业项目,省级·负责人,太阳能小车能量管理策略研究,,负责人,2025-10-15,2026-06-30,4.0,通过,赵鹏,材料齐全，同意认定
202300295,科技创新竞赛,中国国际大学生创新大赛,,国家级·一等奖,第一完成人,2025-06-06,,6.0,通过,赵鹏,佐证材料完整，予以通过
202300295,创业实践,二手车检测陪购服务工作室,注册成立公司·合伙人,,合伙人,2025-10-10,,4.0,待院长审批,赵鹏,初审通过，转院长审批
202300295,学术论文,基于深度学习的路面裂缝检测方法研究,国际/国内会议·第二作者,,第二作者,2025-05-09,,2.0,通过,赵鹏,佐证材料完整，予以通过
202300295,申请专利,一种车载智能空气净化装置,发明专利·其他发明人,,其他发明人,2026-07-11,,3.0,通过,赵鹏,佐证材料完整，予以通过
202300295,其他实践活动,汽车工程学院企业行,学科冬夏令营·校级,,,2025-09-26,,0.5,通过,赵鹏,符合认定条件，通过
202300296,前沿学术报告,汽车百家讲坛,第1-5期·智能制造与数字化工厂实践,,,2024-10-26,,0.25,公示中,赵鹏,材料齐全，同意认定
202300296,年度创新创业项目,省级·负责人,轮胎花纹与湿滑路面制动性能仿真,,负责人,2025-01-10,2026-06-30,4.0,通过,赵鹏,材料齐全，同意认定
202300296,科技创新竞赛,挑战杯全国大学生课外学术科技作品竞赛,,国家级·一等奖,第一完成人,2025-09-28,,6.0,通过,赵鹏,材料齐全，同意认定
202300296,创业实践,智能驾培服务平台,注册成立公司·合伙人,,合伙人,2025-04-22,,4.0,通过,赵鹏,材料齐全，同意认定
202300296,学术论文,基于深度学习的路面裂缝检测方法研究,国际/国内会议·第一作者,,第一作者,2026-08-13,,3.0,通过,赵鹏,材料齐全，同意认定
202300296,申请专利,一种基于视觉的后视镜盲区监测装置,实用新型专利·其他发明人,,其他发明人,2025-01-17,,1.5,通过,赵鹏,符合认定条件，通过
202300296,其他实践活动,汽车造型设计工作坊,学科冬夏令营·国家级,,,2026-02-23,,2.0,通过,赵鹏,符合认定条件，通过
202300297,前沿学术报告,信息科学论坛,第6期以后·汽车空气动力学优化设计,,,2026-04-06,,0.25,通过,赵鹏,佐证材料完整，予以通过
202300297,年度创新创业项目,省级·一般成员,二手车价格预测模型构建,,一般成员,2024-03-15,2026-06-30,1.5,通过,赵鹏,佐证材料完整，予以通过
202300297,科技创新竞赛,全国大学生数学建模竞赛,,省级·三等奖,核心成员,2026-06-28,,0.6,通过,赵鹏,材料齐全，同意认定
202300297,创业实践,校内共享打印服务站,创业训练计划·团队成员,,团队成员,2025-01-06,,1.5,待审核,,
202300297,学术论文,燃料电池汽车氢气循环系统特性分析,核心期刊·其他作者,,其他作者,2025-05-21,,1.0,通过,赵鹏,材料齐全，同意认定
202300297,申请专利,一种多功能汽车后备箱收纳架,外观设计专利·其他发明人,,其他发明人,2025-05-17,,1.0,通过,赵鹏,材料齐全，同意认定
202300297,其他实践活动,暑期高校科学营活动,技能资格培训·中级,,,2024-02-09,,1.0,公示中,赵鹏,材料齐全，同意认定
202300298,前沿学术报告,名家学术讲座,单场·氢能及燃料电池汽车产业展望,,,2024-06-28,,0.5,通过,赵鹏,符合认定条件，通过
202300298,年度创新创业项目,校级·核心成员,基于机器视觉的行人过街检测系统,,核心成员,2025-11-09,2026-06-30,1.5,通过,赵鹏,符合认定条件，通过
202300298,科技创新竞赛,全国大学生智能汽车竞赛,,省级·二等奖,第三完成人,2025-07-21,,1.0,待审核,,
202300298,创业实践,智能驾培服务平台,注册成立公司·团队成员,,团队成员,2026-05-01,,2.0,通过,赵鹏,符合认定条件，通过
202300298,学术论文,汽车主动悬架半主动控制策略仿真,普通期刊·第二作者,,第二作者,2025-01-20,,1.0,通过,赵鹏,材料齐全，同意认定
202300298,申请专利,一种车载智能空气净化装置,外观设计专利·其他发明人,,其他发明人,2025-04-13,,1.0,通过,赵鹏,佐证材料完整，予以通过
202300298,其他实践活动,暑期高校科学营活动,学术交流访问·出境交流,,,2024-10-22,,2.0,通过,赵鹏,佐证材料完整，予以通过
202300299,前沿学术报告,汽车百家讲坛,第6-10期·汽车芯片与域控制器架构,,,2024-09-27,,0.25,通过,赵鹏,材料齐全，同意认定
202300299,年度创新创业项目,国家级·核心成员,基于深度学习的交通标志识别系统,,核心成员,2025-09-11,2026-06-30,4.0,通过,赵鹏,佐证材料完整，予以通过
202300299,科技创新竞赛,挑战杯全国大学生课外学术科技作品竞赛,,国家级·三等奖,第三完成人,2026-06-14,,1.0,通过,赵鹏,符合认定条件，通过
202300299,创业实践,大学生汽车文创工作室,入驻孵化器·团队成员,,团队成员,2026-03-19,,2.0,通过,赵鹏,材料齐全，同意认定
202300299,学术论文,基于多目标优化的车身结构轻量化设计,国际/国内会议·第一作者,,第一作者,2026-03-28,,3.0,通过,赵鹏,材料齐全，同意认定
202300299,申请专利,一种基于视觉的后视镜盲区监测装置,实用新型专利·其他发明人,,其他发明人,2026-04-10,,1.5,通过,赵鹏,材料齐全，同意认定
202300299,其他实践活动,汽车工程学院企业行,学科冬夏令营·国家级,,,2024-07-23,,2.0,通过,赵鹏,材料齐全，同意认定
202300300,前沿学术报告,名家学术讲座,单场·汽车空气动力学优化设计,,,2026-01-16,,0.5,公示中,赵鹏,符合认定条件，通过
202300300,年度创新创业项目,校级·负责人,新能源汽车电池热管理优化研究,,负责人,2025-02-12,2026-06-30,2.0,通过,赵鹏,符合认定条件，通过
202300300,科技创新竞赛,全国大学生机械创新设计大赛,,省级·二等奖,第一完成人,2025-02-06,,2.0,通过,赵鹏,符合认定条件，通过
202300300,创业实践,校园二手书流转平台,注册成立公司·合伙人,,合伙人,2025-11-25,,4.0,通过,赵鹏,佐证材料完整，予以通过
202300300,学术论文,基于多目标优化的车身结构轻量化设计,SCI/EI 收录·第一作者,,第一作者,2026-08-25,,6.0,通过,赵鹏,符合认定条件，通过
202300300,申请专利,一种电动汽车电池包液冷结构,实用新型专利·其他发明人,,其他发明人,2025-04-02,,1.5,通过,赵鹏,佐证材料完整，予以通过
202300300,其他实践活动,全国大学生汽车科技夏令营,学术交流访问·出境交流,,,2024-08-05,,2.0,待审核,,
202400301,前沿学术报告,汽车百家讲坛,第11期以后·车载总线与嵌入式系统开发,,,2026-08-20,,0.25,通过,张伟,佐证材料完整，予以通过
202400301,年度创新创业项目,省级·一般成员,智能导览机器人设计与实现,,一般成员,2025-11-20,2027-06-30,1.5,通过,张伟,佐证材料完整，予以通过
202400301,科技创新竞赛,中国国际大学生创新大赛,,国家级·一等奖,负责人,2026-04-18,,6.0,通过,张伟,佐证材料完整，予以通过
202400301,创业实践,新能源汽车科普工作室,创业训练计划·负责人,,负责人,2026-02-12,,3.0,通过,张伟,符合认定条件，通过
202400301,学术论文,汽车主动悬架半主动控制策略仿真,国际/国内会议·其他作者,,其他作者,2026-01-27,,1.0,通过,张伟,符合认定条件，通过
202400301,申请专利,一种新能源汽车充电枪锁止机构,实用新型专利·其他发明人,,其他发明人,2026-06-15,,1.5,通过,张伟,佐证材料完整，予以通过
202400301,其他实践活动,德国亚琛工业大学线上交流项目,技能资格培训·高级,,,2025-08-20,,1.5,通过,张伟,材料齐全，同意认定
202400302,前沿学术报告,名家学术讲座,单场·氢能及燃料电池汽车产业展望,,,2025-08-04,,0.5,通过,张伟,佐证材料完整，予以通过
202400302,年度创新创业项目,校级·核心成员,氢燃料电池汽车散热性能仿真分析,,核心成员,2025-09-17,2027-06-30,1.5,驳回,张伟,材料不完整，请补充佐证后重新提交
202400302,科技创新竞赛,山东省大学生机电产品创新设计竞赛,,省级·二等奖,负责人,2025-04-12,,2.0,通过,张伟,材料齐全，同意认定
202400302,创业实践,智能驾培服务平台,注册成立公司·法人代表,,法人代表,2026-08-03,,6.0,待审核,,
202400302,学术论文,基于YOLO的车距保持辅助算法研究,普通期刊·其他作者,,其他作者,2026-03-08,,0.5,通过,张伟,符合认定条件，通过
202400302,申请专利,一种新能源汽车充电枪锁止机构,实用新型专利·其他发明人,,其他发明人,2026-07-25,,1.5,驳回,张伟,材料不完整，请补充佐证后重新提交
202400302,其他实践活动,汽车工程学院企业行,学术交流访问·境内交流,,,2026-02-10,,1.0,通过,张伟,佐证材料完整，予以通过
202400303,前沿学术报告,汽车百家讲坛,第1-5期·汽车空气动力学优化设计,,,2026-07-25,,0.25,通过,张伟,材料齐全，同意认定
202400303,年度创新创业项目,校级·一般成员,基于STM32的智能循迹小车,,一般成员,2025-10-10,2027-06-30,1.0,通过,张伟,佐证材料完整，予以通过
202400303,科技创新竞赛,中国国际大学生创新大赛,,省级·三等奖,第二完成人,2025-01-20,,0.7,驳回,张伟,材料不完整，请补充佐证后重新提交
202400303,创业实践,二手车检测陪购服务工作室,创业训练计划·负责人,,负责人,2026-07-21,,3.0,通过,张伟,符合认定条件，通过
202400303,学术论文,低温环境下锂电池充放电特性研究,国际/国内会议·第一作者,,第一作者,2026-05-04,,3.0,通过,张伟,材料齐全，同意认定
202400303,申请专利,一种车载智能空气净化装置,外观设计专利·其他发明人,,其他发明人,2026-08-06,,1.0,通过,张伟,符合认定条件，通过
202400303,其他实践活动,汽车造型设计工作坊,学术交流访问·境内交流,,,2025-12-11,,1.0,通过,张伟,佐证材料完整，予以通过
202400304,前沿学术报告,汽车百家讲坛,第1-5期·智能网联汽车技术前沿,,,2026-07-10,,0.25,通过,张伟,材料齐全，同意认定
202400304,年度创新创业项目,院级·负责人,二手车价格预测模型构建,,负责人,2025-08-06,2027-06-30,1.0,通过,张伟,符合认定条件，通过
202400304,科技创新竞赛,挑战杯全国大学生课外学术科技作品竞赛,,省级·一等奖,核心成员,2026-05-20,,1.8,通过,张伟,佐证材料完整，予以通过
202400304,创业实践,二手车检测陪购服务工作室,注册成立公司·合伙人,,合伙人,2026-06-18,,4.0,待审核,,
202400304,学术论文,汽车主动悬架半主动控制策略仿真,核心期刊·第二作者,,第二作者,2026-04-14,,2.0,待审核,,
202400304,申请专利,一种电动汽车电池包液冷结构,发明专利·其他发明人,,其他发明人,2026-08-08,,3.0,通过,张伟,符合认定条件，通过
202400304,其他实践活动,智能驾驶技术专题培训,学科冬夏令营·校级,,,2025-09-26,,0.5,通过,张伟,佐证材料完整，予以通过
202400305,前沿学术报告,汽车百家讲坛,第11期以后·无人驾驶环境感知技术进展,,,2025-02-07,,0.25,通过,张伟,材料齐全，同意认定
202400305,年度创新创业项目,省级·一般成员,太阳能小车能量管理策略研究,,一般成员,2025-11-03,2027-06-30,1.5,待审核,,
202400305,科技创新竞赛,全国大学生数学建模竞赛,,国家级·二等奖,核心成员,2026-01-11,,2.4,待院长审批,张伟,初审通过，转院长审批
202400305,创业实践,智能驾培服务平台,入驻孵化器·负责人,,负责人,2026-06-10,,4.0,通过,张伟,材料齐全，同意认定
202400305,学术论文,汽车主动悬架半主动控制策略仿真,国际/国内会议·第二作者,,第二作者,2026-05-25,,2.0,通过,张伟,佐证材料完整，予以通过
202400305,申请专利,一种多功能汽车后备箱收纳架,外观设计专利·第一发明人,,第一发明人,2026-05-27,,2.0,通过,张伟,材料齐全，同意认定
202400305,其他实践活动,暑期高校科学营活动,学科冬夏令营·省级,,,2026-03-16,,1.0,通过,张伟,佐证材料完整，予以通过
202400306,前沿学术报告,汽车百家讲坛,第11期以后·车载总线与嵌入式系统开发,,,2025-04-10,,0.25,通过,张伟,佐证材料完整，予以通过
202400306,年度创新创业项目,省级·核心成员,二手车价格预测模型构建,,核心成员,2025-04-03,2027-06-30,3.0,通过,张伟,符合认定条件，通过
202400306,科技创新竞赛,挑战杯全国大学生课外学术科技作品竞赛,,国家级·二等奖,第一完成人,2025-08-17,,4.0,通过,张伟,材料齐全，同意认定
202400306,创业实践,校园二手书流转平台,入驻孵化器·团队成员,,团队成员,2026-06-10,,2.0,通过,张伟,佐证材料完整，予以通过
202400306,学术论文,低温环境下锂电池充放电特性研究,普通期刊·第一作者,,第一作者,2026-06-15,,2.0,通过,张伟,材料齐全，同意认定
202400306,申请专利,一种基于视觉的后视镜盲区监测装置,外观设计专利·其他发明人,,其他发明人,2026-03-07,,1.0,通过,张伟,佐证材料完整，予以通过
202400306,其他实践活动,德国亚琛工业大学线上交流项目,学术交流访问·境内交流,,,2025-04-12,,1.0,通过,张伟,符合认定条件，通过
202400307,前沿学术报告,汽车百家讲坛,第11期以后·智能制造与数字化工厂实践,,,2025-11-04,,0.25,待审核,,
202400307,年度创新创业项目,院级·负责人,基于深度学习的交通标志识别系统,,负责人,2025-05-05,2027-06-30,1.0,待审核,,
202400307,科技创新竞赛,山东省大学生机电产品创新设计竞赛,,省级·三等奖,第一完成人,2025-08-09,,1.0,通过,张伟,佐证材料完整，予以通过
202400307,创业实践,二手车检测陪购服务工作室,创业训练计划·团队成员,,团队成员,2026-01-10,,1.5,通过,张伟,符合认定条件，通过
202400307,学术论文,汽车主动悬架半主动控制策略仿真,SCI/EI 收录·第二作者,,第二作者,2026-07-11,,4.0,通过,张伟,材料齐全，同意认定
202400307,申请专利,一种新能源汽车充电枪锁止机构,实用新型专利·第一发明人,,第一发明人,2026-05-03,,3.0,通过,张伟,材料齐全，同意认定
202400307,其他实践活动,智能驾驶技术专题培训,技能资格培训·高级,,,2025-08-14,,1.5,待审核,,
202400308,前沿学术报告,汽车百家讲坛,第1-5期·新能源汽车动力总成发展趋势,,,2026-05-12,,0.25,通过,张伟,佐证材料完整，予以通过
202400308,年度创新创业项目,省级·一般成员,基于深度学习的交通标志识别系统,,一般成员,2025-06-25,2027-06-30,1.5,通过,张伟,符合认定条件，通过
202400308,科技创新竞赛,校智能车校内选拔赛,,校级·一等奖,第一完成人,2026-06-06,,1.0,待审核,,
202400308,创业实践,新能源汽车科普工作室,创业训练计划·团队成员,,团队成员,2026-07-01,,1.5,通过,张伟,材料齐全，同意认定
202400308,学术论文,混合动力汽车能量管理策略仿真,普通期刊·第一作者,,第一作者,2026-07-11,,2.0,待审核,,
202400308,申请专利,一种多功能汽车后备箱收纳架,外观设计专利·第一发明人,,第一发明人,2026-04-26,,2.0,通过,张伟,佐证材料完整，予以通过
202400308,其他实践活动,德国亚琛工业大学线上交流项目,学术交流访问·境内交流,,,2026-03-11,,1.0,通过,张伟,符合认定条件，通过
202400309,前沿学术报告,名家学术讲座,单场·车载总线与嵌入式系统开发,,,2026-05-08,,0.5,待审核,,
202400309,年度创新创业项目,国家级·一般成员,基于深度学习的交通标志识别系统,,一般成员,2025-10-05,2027-06-30,2.0,通过,张伟,材料齐全，同意认定
202400309,科技创新竞赛,全国大学生机械创新设计大赛,,国家级·一等奖,核心成员,2025-11-21,,3.6,通过,张伟,材料齐全，同意认定
202400309,创业实践,大学生汽车文创工作室,创业训练计划·团队成员,,团队成员,2026-05-21,,1.5,驳回,张伟,盖章缺失，请重新上传完整材料
202400309,学术论文,基于YOLO的车距保持辅助算法研究,国际/国内会议·其他作者,,其他作者,2026-07-08,,1.0,驳回,张伟,认定依据不足，请补充说明材料
202400309,申请专利,一种车载智能空气净化装置,实用新型专利·其他发明人,,其他发明人,2026-06-25,,1.5,待院长审批,张伟,初审通过，转院长审批
202400309,其他实践活动,智能驾驶技术专题培训,技能资格培训·中级,,,2025-08-24,,1.0,通过,张伟,佐证材料完整，予以通过
202400310,前沿学术报告,汽车百家讲坛,第1-5期·智能网联汽车技术前沿,,,2025-07-04,,0.25,通过,张伟,材料齐全，同意认定
202400310,年度创新创业项目,校级·负责人,校园共享电动车调度优化研究,,负责人,2025-01-10,2027-06-30,2.0,通过,张伟,符合认定条件，通过
202400310,科技创新竞赛,挑战杯全国大学生课外学术科技作品竞赛,,国家级·一等奖,核心成员,2026-04-27,,3.6,待审核,,
202400310,创业实践,校园二手书流转平台,注册成立公司·法人代表,,法人代表,2026-01-13,,6.0,待审核,,
202400310,学术论文,基于多目标优化的车身结构轻量化设计,国际/国内会议·第二作者,,第二作者,2026-07-04,,2.0,通过,张伟,符合认定条件，通过
202400310,申请专利,一种基于视觉的后视镜盲区监测装置,实用新型专利·其他发明人,,其他发明人,2026-04-10,,1.5,通过,张伟,符合认定条件，通过
202400310,其他实践活动,汽车造型设计工作坊,技能资格培训·中级,,,2025-05-06,,1.0,通过,张伟,佐证材料完整，予以通过
202400311,前沿学术报告,名家学术讲座,单场·动力电池热管理关键技术,,,2026-02-20,,0.5,通过,张伟,佐证材料完整，予以通过
202400311,年度创新创业项目,省级·负责人,太阳能小车能量管理策略研究,,负责人,2025-09-22,2027-06-30,4.0,通过,张伟,材料齐全，同意认定
202400311,科技创新竞赛,中国国际大学生创新大赛,,省级·二等奖,负责人,2025-03-23,,2.0,待院长审批,张伟,初审通过，转院长审批
202400311,创业实践,大学生汽车文创工作室,注册成立公司·法人代表,,法人代表,2026-03-05,,6.0,通过,张伟,符合认定条件，通过
202400311,学术论文,混合动力汽车能量管理策略仿真,国际/国内会议·第二作者,,第二作者,2026-06-02,,2.0,通过,张伟,佐证材料完整，予以通过
202400311,申请专利,一种多功能汽车后备箱收纳架,发明专利·第一发明人,,第一发明人,2026-02-21,,6.0,待院长审批,张伟,初审通过，转院长审批
202400311,其他实践活动,汽车工程学院企业行,学术交流访问·出境交流,,,2025-12-12,,2.0,通过,张伟,材料齐全，同意认定
202400312,前沿学术报告,汽车百家讲坛,第1-5期·汽车芯片与域控制器架构,,,2026-03-15,,0.25,待审核,,
202400312,年度创新创业项目,校级·负责人,新能源汽车电池热管理优化研究,,负责人,2025-06-26,2027-06-30,2.0,公示中,张伟,符合认定条件，通过
202400312,科技创新竞赛,全国大学生机械创新设计大赛,,国家级·三等奖,负责人,2026-07-06,,2.0,待院长审批,张伟,初审通过，转院长审批
202400312,创业实践,新能源汽车科普工作室,创业训练计划·团队成员,,团队成员,2026-03-19,,1.5,待审核,,
202400312,学术论文,基于多目标优化的车身结构轻量化设计,普通期刊·第二作者,,第二作者,2026-06-16,,1.0,通过,张伟,佐证材料完整，予以通过
202400312,申请专利,一种电动汽车电池包液冷结构,实用新型专利·其他发明人,,其他发明人,2026-07-12,,1.5,通过,张伟,佐证材料完整，予以通过
202400312,其他实践活动,智能驾驶技术专题培训,技能资格培训·初级,,,2026-07-21,,0.5,通过,张伟,符合认定条件，通过
202400313,前沿学术报告,汽车百家讲坛,第1-5期·无人驾驶环境感知技术进展,,,2026-01-13,,0.25,公示中,张伟,佐证材料完整，予以通过
202400313,年度创新创业项目,校级·负责人,基于深度学习的交通标志识别系统,,负责人,2025-07-12,2027-06-30,2.0,通过,张伟,符合认定条件，通过
202400313,科技创新竞赛,全国大学生节能减排社会实践与科技竞赛,,国家级·一等奖,核心成员,2025-03-05,,3.6,通过,张伟,符合认定条件，通过
202400313,创业实践,校内共享打印服务站,注册成立公司·合伙人,,合伙人,2026-05-12,,4.0,通过,张伟,材料齐全，同意认定
202400313,学术论文,燃料电池汽车氢气循环系统特性分析,国际/国内会议·第一作者,,第一作者,2026-03-06,,3.0,通过,张伟,佐证材料完整，予以通过
202400313,申请专利,一种车载智能空气净化装置,发明专利·第一发明人,,第一发明人,2026-07-05,,6.0,通过,张伟,符合认定条件，通过
202400313,其他实践活动,汽车造型设计工作坊,学术交流访问·境内交流,,,2026-07-24,,1.0,通过,张伟,材料齐全，同意认定
202400314,前沿学术报告,汽车百家讲坛,第11期以后·智能制造与数字化工厂实践,,,2025-12-25,,0.25,驳回,张伟,认定依据不足，请补充说明材料
202400314,年度创新创业项目,校级·负责人,基于深度学习的交通标志识别系统,,负责人,2025-09-15,2027-06-30,2.0,驳回,张伟,盖章缺失，请重新上传完整材料
202400314,科技创新竞赛,校智能车校内选拔赛,,校级·一等奖,负责人,2026-05-20,,1.0,通过,张伟,符合认定条件，通过
202400314,创业实践,校内共享打印服务站,入驻孵化器·负责人,,负责人,2026-05-13,,4.0,通过,张伟,佐证材料完整，予以通过
202400314,学术论文,低温环境下锂电池充放电特性研究,国际/国内会议·其他作者,,其他作者,2026-07-02,,1.0,待审核,,
202400314,申请专利,一种可调节角度的车载平板支架,发明专利·其他发明人,,其他发明人,2026-01-14,,3.0,通过,张伟,符合认定条件，通过
202400314,其他实践活动,暑期高校科学营活动,学科冬夏令营·国家级,,,2026-03-18,,2.0,待审核,,
202400315,前沿学术报告,汽车百家讲坛,第1-5期·无人驾驶环境感知技术进展,,,2026-03-28,,0.25,通过,张伟,佐证材料完整，予以通过
202400315,年度创新创业项目,省级·一般成员,氢燃料电池汽车散热性能仿真分析,,一般成员,2025-02-12,2027-06-30,1.5,通过,张伟,符合认定条件，通过
202400315,科技创新竞赛,中国国际大学生创新大赛,,国家级·一等奖,第一完成人,2025-07-13,,6.0,公示中,张伟,佐证材料完整，予以通过
202400315,创业实践,大学生汽车文创工作室,创业训练计划·负责人,,负责人,2026-01-08,,3.0,待审核,,
202400315,学术论文,基于YOLO的车距保持辅助算法研究,普通期刊·其他作者,,其他作者,2026-08-01,,0.5,通过,张伟,符合认定条件，通过
202400315,申请专利,一种可调节角度的车载平板支架,外观设计专利·第一发明人,,第一发明人,2026-02-10,,2.0,通过,张伟,符合认定条件，通过
202400315,其他实践活动,德国亚琛工业大学线上交流项目,学术交流访问·境内交流,,,2025-09-05,,1.0,驳回,张伟,认定依据不足，请补充说明材料
202400316,前沿学术报告,名家学术讲座,单场·汽车轻量化设计与新材料应用,,,2025-06-27,,0.5,通过,张伟,材料齐全，同意认定
202400316,年度创新创业项目,校级·一般成员,氢燃料电池汽车散热性能仿真分析,,一般成员,2025-01-10,2027-06-30,1.0,通过,张伟,符合认定条件，通过
202400316,科技创新竞赛,全国大学生节能减排社会实践与科技竞赛,,国家级·三等奖,第二完成人,2026-06-12,,1.4,待审核,,
202400316,创业实践,校园二手书流转平台,入驻孵化器·负责人,,负责人,2026-08-09,,4.0,通过,张伟,佐证材料完整，予以通过
202400316,学术论文,燃料电池汽车氢气循环系统特性分析,国际/国内会议·其他作者,,其他作者,2026-02-24,,1.0,通过,张伟,符合认定条件，通过
202400316,申请专利,一种多功能汽车后备箱收纳架,实用新型专利·其他发明人,,其他发明人,2026-06-05,,1.5,待审核,,
202400316,其他实践活动,智能驾驶技术专题培训,学术交流访问·出境交流,,,2026-07-01,,2.0,待审核,,
202400317,前沿学术报告,名家学术讲座,单场·汽车轻量化设计与新材料应用,,,2026-01-04,,0.5,通过,张伟,佐证材料完整，予以通过
202400317,年度创新创业项目,院级·负责人,校园共享电动车调度优化研究,,负责人,2025-08-27,2027-06-30,1.0,通过,张伟,材料齐全，同意认定
202400317,科技创新竞赛,中国大学生方程式汽车大赛,,国家级·三等奖,负责人,2026-04-12,,2.0,待审核,,
202400317,创业实践,校园二手书流转平台,注册成立公司·法人代表,,法人代表,2026-03-25,,6.0,公示中,张伟,符合认定条件，通过
202400317,学术论文,基于YOLO的车距保持辅助算法研究,普通期刊·第二作者,,第二作者,2026-06-03,,1.0,通过,张伟,材料齐全，同意认定
202400317,申请专利,一种车载智能空气净化装置,实用新型专利·第一发明人,,第一发明人,2026-08-18,,3.0,待审核,,
202400317,其他实践活动,全国大学生汽车科技夏令营,学术交流访问·境内交流,,,2026-05-16,,1.0,通过,张伟,佐证材料完整，予以通过
202400318,前沿学术报告,汽车百家讲坛,第6-10期·新能源汽车动力总成发展趋势,,,2026-02-19,,0.25,通过,张伟,佐证材料完整，予以通过
202400318,年度创新创业项目,省级·核心成员,新能源汽车电池热管理优化研究,,核心成员,2025-12-11,2027-06-30,3.0,通过,张伟,佐证材料完整，予以通过
202400318,科技创新竞赛,全国大学生数学建模竞赛,,国家级·一等奖,第一完成人,2025-11-01,,6.0,待院长审批,张伟,初审通过，转院长审批
202400318,创业实践,校内共享打印服务站,创业训练计划·负责人,,负责人,2026-07-19,,3.0,通过,张伟,材料齐全，同意认定
202400318,学术论文,基于深度学习的路面裂缝检测方法研究,核心期刊·其他作者,,其他作者,2026-05-21,,1.0,通过,张伟,材料齐全，同意认定
202400318,申请专利,一种基于视觉的后视镜盲区监测装置,实用新型专利·第一发明人,,第一发明人,2026-01-24,,3.0,通过,张伟,佐证材料完整，予以通过
202400318,其他实践活动,汽车工程学院企业行,学术交流访问·境内交流,,,2025-05-19,,1.0,公示中,张伟,佐证材料完整，予以通过
202400319,前沿学术报告,信息科学论坛,第1-5期·智能制造与数字化工厂实践,,,2025-08-01,,0.25,通过,张伟,符合认定条件，通过
202400319,年度创新创业项目,省级·核心成员,二手车价格预测模型构建,,核心成员,2025-09-07,2027-06-30,3.0,通过,张伟,材料齐全，同意认定
202400319,科技创新竞赛,挑战杯全国大学生课外学术科技作品竞赛,,国家级·三等奖,核心成员,2026-08-07,,1.2,待院长审批,张伟,初审通过，转院长审批
202400319,创业实践,校内共享打印服务站,注册成立公司·法人代表,,法人代表,2026-02-16,,6.0,通过,张伟,材料齐全，同意认定
202400319,学术论文,汽车主动悬架半主动控制策略仿真,普通期刊·第二作者,,第二作者,2026-08-02,,1.0,通过,张伟,符合认定条件，通过
202400319,申请专利,一种电动汽车电池包液冷结构,实用新型专利·第一发明人,,第一发明人,2026-01-13,,3.0,待审核,,
202400319,其他实践活动,全国大学生汽车科技夏令营,学术交流访问·境内交流,,,2025-05-22,,1.0,驳回,张伟,盖章缺失，请重新上传完整材料
202400320,前沿学术报告,信息科学论坛,第6期以后·新能源汽车动力总成发展趋势,,,2026-02-07,,0.25,通过,张伟,佐证材料完整，予以通过
202400320,年度创新创业项目,校级·负责人,校园共享电动车调度优化研究,,负责人,2025-07-27,2027-06-30,2.0,通过,张伟,材料齐全，同意认定
202400320,科技创新竞赛,山东省大学生机电产品创新设计竞赛,,校级·二等奖,核心成员,2025-05-03,,0.3,待审核,,
202400320,创业实践,新能源汽车科普工作室,注册成立公司·法人代表,,法人代表,2026-08-19,,6.0,通过,张伟,材料齐全，同意认定
202400320,学术论文,基于YOLO的车距保持辅助算法研究,国际/国内会议·第二作者,,第二作者,2026-04-10,,2.0,通过,张伟,符合认定条件，通过
202400320,申请专利,一种多功能汽车后备箱收纳架,实用新型专利·其他发明人,,其他发明人,2026-07-16,,1.5,通过,张伟,符合认定条件，通过
202400320,其他实践活动,汽车工程学院企业行,学科冬夏令营·校级,,,2025-11-17,,0.5,通过,张伟,符合认定条件，通过
202400321,前沿学术报告,名家学术讲座,单场·汽车芯片与域控制器架构,,,2025-02-10,,0.5,通过,张伟,材料齐全，同意认定
202400321,年度创新创业项目,校级·核心成员,新能源汽车电池热管理优化研究,,核心成员,2025-04-04,2027-06-30,1.5,通过,张伟,佐证材料完整，予以通过
202400321,科技创新竞赛,中国大学生方程式汽车大赛,,国家级·一等奖,第二完成人,2025-01-10,,4.2,待审核,,
202400321,创业实践,二手车检测陪购服务工作室,创业训练计划·团队成员,,团队成员,2026-06-02,,1.5,通过,张伟,佐证材料完整，予以通过
202400321,学术论文,基于YOLO的车距保持辅助算法研究,核心期刊·其他作者,,其他作者,2026-04-14,,1.0,通过,张伟,材料齐全，同意认定
202400321,申请专利,一种基于视觉的后视镜盲区监测装置,实用新型专利·其他发明人,,其他发明人,2026-03-12,,1.5,通过,张伟,材料齐全，同意认定
202400321,其他实践活动,暑期高校科学营活动,学术交流访问·境内交流,,,2026-01-25,,1.0,通过,张伟,材料齐全，同意认定
202400322,前沿学术报告,汽车百家讲坛,第1-5期·车载总线与嵌入式系统开发,,,2026-02-06,,0.25,通过,张伟,符合认定条件，通过
202400322,年度创新创业项目,省级·负责人,校园共享电动车调度优化研究,,负责人,2025-06-06,2027-06-30,4.0,待审核,,
202400322,科技创新竞赛,全国大学生数学建模竞赛,,国家级·二等奖,第三完成人,2025-09-21,,2.0,待审核,,
202400322,创业实践,二手车检测陪购服务工作室,注册成立公司·团队成员,,团队成员,2026-02-16,,2.0,通过,张伟,佐证材料完整，予以通过
202400322,学术论文,基于多目标优化的车身结构轻量化设计,SCI/EI 收录·第一作者,,第一作者,2026-04-26,,6.0,通过,张伟,佐证材料完整，予以通过
202400322,申请专利,一种多功能汽车后备箱收纳架,实用新型专利·其他发明人,,其他发明人,2026-08-26,,1.5,通过,张伟,材料齐全，同意认定
202400322,其他实践活动,智能驾驶技术专题培训,学术交流访问·境内交流,,,2026-08-15,,1.0,通过,张伟,材料齐全，同意认定
202400323,前沿学术报告,汽车百家讲坛,第6-10期·汽车轻量化设计与新材料应用,,,2025-06-04,,0.25,通过,张伟,符合认定条件，通过
202400323,年度创新创业项目,省级·核心成员,太阳能小车能量管理策略研究,,核心成员,2025-10-13,2027-06-30,3.0,通过,张伟,符合认定条件，通过
202400323,科技创新竞赛,全国大学生数学建模竞赛,,省级·一等奖,第三完成人,2026-03-07,,1.5,待审核,,
202400323,创业实践,新能源汽车科普工作室,注册成立公司·合伙人,,合伙人,2026-04-23,,4.0,驳回,张伟,时间信息有误，请核对后重新提交
202400323,学术论文,混合动力汽车能量管理策略仿真,国际/国内会议·其他作者,,其他作者,2026-07-09,,1.0,待审核,,
202400323,申请专利,一种可调节角度的车载平板支架,发明专利·第一发明人,,第一发明人,2026-05-17,,6.0,待审核,,
202400323,其他实践活动,汽车造型设计工作坊,学术交流访问·出境交流,,,2025-03-10,,2.0,通过,张伟,佐证材料完整，予以通过
202400324,前沿学术报告,汽车百家讲坛,第6-10期·智能制造与数字化工厂实践,,,2025-02-13,,0.25,通过,张伟,材料齐全，同意认定
202400324,年度创新创业项目,院级·核心成员,基于深度学习的交通标志识别系统,,核心成员,2025-02-22,2027-06-30,0.5,通过,张伟,佐证材料完整，予以通过
202400324,科技创新竞赛,全国大学生机械创新设计大赛,,省级·三等奖,第一完成人,2026-05-21,,1.0,通过,张伟,符合认定条件，通过
202400324,创业实践,大学生汽车文创工作室,入驻孵化器·负责人,,负责人,2026-07-19,,4.0,通过,张伟,佐证材料完整，予以通过
202400324,学术论文,基于深度学习的路面裂缝检测方法研究,国际/国内会议·其他作者,,其他作者,2026-07-11,,1.0,通过,张伟,佐证材料完整，予以通过
202400324,申请专利,一种车载智能空气净化装置,实用新型专利·第一发明人,,第一发明人,2026-02-08,,3.0,通过,张伟,符合认定条件，通过
202400324,其他实践活动,智能驾驶技术专题培训,技能资格培训·初级,,,2025-02-26,,0.5,待审核,,
202400325,前沿学术报告,名家学术讲座,单场·汽车芯片与域控制器架构,,,2026-02-03,,0.5,通过,张伟,符合认定条件，通过
202400325,年度创新创业项目,校级·一般成员,氢燃料电池汽车散热性能仿真分析,,一般成员,2025-11-21,2027-06-30,1.0,通过,张伟,符合认定条件，通过
202400325,科技创新竞赛,挑战杯全国大学生课外学术科技作品竞赛,,国家级·二等奖,第一完成人,2025-12-11,,4.0,通过,张伟,材料齐全，同意认定
202400325,创业实践,新能源汽车科普工作室,注册成立公司·团队成员,,团队成员,2026-05-22,,2.0,待审核,,
202400325,学术论文,电动汽车无线充电耦合机构优化设计,国际/国内会议·其他作者,,其他作者,2026-05-16,,1.0,通过,张伟,符合认定条件，通过
202400325,申请专利,一种多功能汽车后备箱收纳架,实用新型专利·第一发明人,,第一发明人,2026-07-12,,3.0,通过,张伟,佐证材料完整，予以通过
202400325,其他实践活动,暑期高校科学营活动,技能资格培训·高级,,,2025-12-11,,1.5,通过,张伟,符合认定条件，通过
202400326,前沿学术报告,汽车百家讲坛,第11期以后·汽车轻量化设计与新材料应用,,,2025-10-18,,0.25,通过,张伟,佐证材料完整，予以通过
202400326,年度创新创业项目,省级·一般成员,基于机器视觉的行人过街检测系统,,一般成员,2025-04-09,2027-06-30,1.5,通过,张伟,符合认定条件，通过
202400326,科技创新竞赛,全国大学生数学建模竞赛,,国家级·二等奖,第三完成人,2026-07-03,,2.0,通过,张伟,符合认定条件，通过
202400326,创业实践,校内共享打印服务站,入驻孵化器·团队成员,,团队成员,2026-02-26,,2.0,待审核,,
202400326,学术论文,汽车主动悬架半主动控制策略仿真,普通期刊·第一作者,,第一作者,2026-08-25,,2.0,通过,张伟,佐证材料完整，予以通过
202400326,申请专利,一种电动汽车电池包液冷结构,外观设计专利·其他发明人,,其他发明人,2026-08-03,,1.0,通过,张伟,符合认定条件，通过
202400326,其他实践活动,德国亚琛工业大学线上交流项目,学术交流访问·出境交流,,,2025-12-26,,2.0,通过,张伟,符合认定条件，通过
202400327,前沿学术报告,汽车百家讲坛,第1-5期·汽车轻量化设计与新材料应用,,,2025-10-22,,0.25,待审核,,
202400327,年度创新创业项目,校级·核心成员,基于深度学习的交通标志识别系统,,核心成员,2025-11-21,2027-06-30,1.5,驳回,张伟,时间信息有误，请核对后重新提交
202400327,科技创新竞赛,全国大学生智能汽车竞赛,,省级·一等奖,核心成员,2026-04-10,,1.8,通过,张伟,材料齐全，同意认定
202400327,创业实践,校园二手书流转平台,创业训练计划·团队成员,,团队成员,2026-02-10,,1.5,通过,张伟,符合认定条件，通过
202400327,学术论文,燃料电池汽车氢气循环系统特性分析,国际/国内会议·第二作者,,第二作者,2026-08-14,,2.0,通过,张伟,材料齐全，同意认定
202400327,申请专利,一种基于视觉的后视镜盲区监测装置,实用新型专利·第一发明人,,第一发明人,2026-08-12,,3.0,待审核,,
202400327,其他实践活动,汽车工程学院企业行,学术交流访问·出境交流,,,2026-07-14,,2.0,驳回,张伟,材料不完整，请补充佐证后重新提交
202400328,前沿学术报告,汽车百家讲坛,第11期以后·无人驾驶环境感知技术进展,,,2026-03-15,,0.25,待审核,,
202400328,年度创新创业项目,院级·核心成员,太阳能小车能量管理策略研究,,核心成员,2025-12-05,2027-06-30,0.5,通过,张伟,材料齐全，同意认定
202400328,科技创新竞赛,全国大学生数学建模竞赛,,国家级·一等奖,第三完成人,2025-12-13,,3.0,通过,张伟,符合认定条件，通过
202400328,创业实践,校园二手书流转平台,入驻孵化器·负责人,,负责人,2026-06-20,,4.0,通过,张伟,材料齐全，同意认定
202400328,学术论文,低温环境下锂电池充放电特性研究,普通期刊·其他作者,,其他作者,2026-08-11,,0.5,通过,张伟,材料齐全，同意认定
202400328,申请专利,一种基于视觉的后视镜盲区监测装置,实用新型专利·第一发明人,,第一发明人,2026-04-15,,3.0,待审核,,
202400328,其他实践活动,汽车工程学院企业行,学术交流访问·出境交流,,,2026-05-13,,2.0,通过,张伟,材料齐全，同意认定
202400329,前沿学术报告,名家学术讲座,单场·无人驾驶环境感知技术进展,,,2025-07-27,,0.5,待审核,,
202400329,年度创新创业项目,国家级·一般成员,基于机器视觉的行人过街检测系统,,一般成员,2025-08-24,2027-06-30,2.0,驳回,张伟,盖章缺失，请重新上传完整材料
202400329,科技创新竞赛,中国大学生方程式汽车大赛,,国家级·三等奖,核心成员,2025-09-06,,1.2,通过,张伟,佐证材料完整，予以通过
202400329,创业实践,大学生汽车文创工作室,创业训练计划·团队成员,,团队成员,2026-06-07,,1.5,通过,张伟,佐证材料完整，予以通过
202400329,学术论文,电动汽车无线充电耦合机构优化设计,国际/国内会议·第二作者,,第二作者,2026-05-09,,2.0,通过,张伟,符合认定条件，通过
202400329,申请专利,一种车载智能空气净化装置,实用新型专利·其他发明人,,其他发明人,2026-03-15,,1.5,通过,张伟,佐证材料完整，予以通过
202400329,其他实践活动,汽车造型设计工作坊,技能资格培训·中级,,,2025-10-22,,1.0,通过,张伟,符合认定条件，通过
202400330,前沿学术报告,名家学术讲座,单场·汽车轻量化设计与新材料应用,,,2026-02-25,,0.5,通过,张伟,材料齐全，同意认定
202400330,年度创新创业项目,省级·一般成员,新能源汽车电池热管理优化研究,,一般成员,2025-05-28,2027-06-30,1.5,通过,张伟,佐证材料完整，予以通过
202400330,科技创新竞赛,全国大学生节能减排社会实践与科技竞赛,,省级·二等奖,负责人,2025-01-15,,2.0,通过,张伟,佐证材料完整，予以通过
202400330,创业实践,智能驾培服务平台,注册成立公司·合伙人,,合伙人,2026-05-28,,4.0,通过,张伟,佐证材料完整，予以通过
202400330,学术论文,基于YOLO的车距保持辅助算法研究,普通期刊·其他作者,,其他作者,2026-07-18,,0.5,驳回,张伟,材料不完整，请补充佐证后重新提交
202400330,申请专利,一种多功能汽车后备箱收纳架,发明专利·第一发明人,,第一发明人,2026-05-09,,6.0,通过,张伟,佐证材料完整，予以通过
202400330,其他实践活动,全国大学生汽车科技夏令营,技能资格培训·初级,,,2026-07-07,,0.5,通过,张伟,符合认定条件，通过
202400331,前沿学术报告,名家学术讲座,单场·汽车空气动力学优化设计,,,2025-01-21,,0.5,通过,张伟,材料齐全，同意认定
202400331,年度创新创业项目,校级·负责人,智能导览机器人设计与实现,,负责人,2025-10-26,2027-06-30,2.0,通过,张伟,符合认定条件，通过
202400331,科技创新竞赛,中国大学生方程式汽车大赛,,国家级·二等奖,第二完成人,2026-01-08,,2.8,通过,张伟,材料齐全，同意认定
202400331,创业实践,校内共享打印服务站,入驻孵化器·团队成员,,团队成员,2026-06-18,,2.0,待院长审批,张伟,初审通过，转院长审批
202400331,学术论文,基于多目标优化的车身结构轻量化设计,核心期刊·第一作者,,第一作者,2026-07-19,,4.0,通过,张伟,符合认定条件，通过
202400331,申请专利,一种电动汽车电池包液冷结构,实用新型专利·其他发明人,,其他发明人,2026-06-21,,1.5,通过,张伟,佐证材料完整，予以通过
202400331,其他实践活动,汽车造型设计工作坊,学科冬夏令营·校级,,,2026-06-10,,0.5,待审核,,
202400332,前沿学术报告,汽车百家讲坛,第6-10期·汽车轻量化设计与新材料应用,,,2025-05-22,,0.25,待审核,,
202400332,年度创新创业项目,校级·核心成员,智能导览机器人设计与实现,,核心成员,2025-05-24,2027-06-30,1.5,通过,张伟,符合认定条件，通过
202400332,科技创新竞赛,校智能车校内选拔赛,,校级·一等奖,第一完成人,2026-05-21,,1.0,通过,张伟,材料齐全，同意认定
202400332,创业实践,智能驾培服务平台,创业训练计划·负责人,,负责人,2026-03-24,,3.0,待审核,,
202400332,学术论文,基于YOLO的车距保持辅助算法研究,SCI/EI 收录·第一作者,,第一作者,2026-07-14,,6.0,通过,张伟,符合认定条件，通过
202400332,申请专利,一种车载智能空气净化装置,实用新型专利·第一发明人,,第一发明人,2026-08-06,,3.0,通过,张伟,符合认定条件，通过
202400332,其他实践活动,汽车造型设计工作坊,学科冬夏令营·校级,,,2026-03-24,,0.5,通过,张伟,佐证材料完整，予以通过
202400333,前沿学术报告,信息科学论坛,第6期以后·无人驾驶环境感知技术进展,,,2025-03-14,,0.25,通过,张伟,佐证材料完整，予以通过
202400333,年度创新创业项目,省级·一般成员,基于深度学习的交通标志识别系统,,一般成员,2025-02-08,2027-06-30,1.5,通过,张伟,符合认定条件，通过
202400333,科技创新竞赛,全国大学生机械创新设计大赛,,国家级·二等奖,第三完成人,2026-08-26,,2.0,驳回,张伟,材料不完整，请补充佐证后重新提交
202400333,创业实践,校园二手书流转平台,创业训练计划·负责人,,负责人,2026-08-03,,3.0,待审核,,
202400333,学术论文,混合动力汽车能量管理策略仿真,国际/国内会议·第一作者,,第一作者,2026-04-22,,3.0,通过,张伟,佐证材料完整，予以通过
202400333,申请专利,一种多功能汽车后备箱收纳架,实用新型专利·第一发明人,,第一发明人,2026-07-13,,3.0,通过,张伟,佐证材料完整，予以通过
202400333,其他实践活动,汽车工程学院企业行,学术交流访问·境内交流,,,2025-06-24,,1.0,驳回,张伟,盖章缺失，请重新上传完整材料
202400334,前沿学术报告,汽车百家讲坛,第11期以后·汽车轻量化设计与新材料应用,,,2025-04-25,,0.25,公示中,张伟,符合认定条件，通过
202400334,年度创新创业项目,校级·负责人,基于STM32的智能循迹小车,,负责人,2025-03-11,2027-06-30,2.0,通过,张伟,佐证材料完整，予以通过
202400334,科技创新竞赛,全国大学生机械创新设计大赛,,省级·一等奖,负责人,2026-04-25,,3.0,通过,张伟,材料齐全，同意认定
202400334,创业实践,智能驾培服务平台,创业训练计划·团队成员,,团队成员,2026-02-25,,1.5,通过,张伟,材料齐全，同意认定
202400334,学术论文,基于深度学习的路面裂缝检测方法研究,普通期刊·第一作者,,第一作者,2026-07-25,,2.0,待审核,,
202400334,申请专利,一种电动汽车电池包液冷结构,发明专利·其他发明人,,其他发明人,2026-08-17,,3.0,通过,张伟,符合认定条件，通过
202400334,其他实践活动,智能驾驶技术专题培训,学科冬夏令营·校级,,,2025-09-17,,0.5,通过,张伟,符合认定条件，通过
202400335,前沿学术报告,汽车百家讲坛,第6-10期·动力电池热管理关键技术,,,2026-04-19,,0.25,通过,张伟,佐证材料完整，予以通过
202400335,年度创新创业项目,校级·核心成员,基于深度学习的交通标志识别系统,,核心成员,2025-02-05,2027-06-30,1.5,通过,张伟,佐证材料完整，予以通过
202400335,科技创新竞赛,中国国际大学生创新大赛,,国家级·一等奖,第二完成人,2026-06-02,,4.2,待审核,,
202400335,创业实践,大学生汽车文创工作室,入驻孵化器·团队成员,,团队成员,2026-04-12,,2.0,通过,张伟,符合认定条件，通过
202400335,学术论文,燃料电池汽车氢气循环系统特性分析,普通期刊·第一作者,,第一作者,2026-06-12,,2.0,通过,张伟,材料齐全，同意认定
202400335,申请专利,一种新能源汽车充电枪锁止机构,实用新型专利·其他发明人,,其他发明人,2026-05-16,,1.5,通过,张伟,符合认定条件，通过
202400335,其他实践活动,暑期高校科学营活动,学术交流访问·境内交流,,,2026-02-16,,1.0,通过,张伟,佐证材料完整，予以通过
202400336,前沿学术报告,汽车百家讲坛,第1-5期·智能制造与数字化工厂实践,,,2026-05-14,,0.25,通过,张伟,佐证材料完整，予以通过
202400336,年度创新创业项目,省级·负责人,汽车内饰件轻量化设计,,负责人,2025-04-25,2027-06-30,4.0,通过,张伟,佐证材料完整，予以通过
202400336,科技创新竞赛,全国大学生智能汽车竞赛,,国家级·三等奖,负责人,2026-05-21,,2.0,通过,张伟,材料齐全，同意认定
202400336,创业实践,智能驾培服务平台,创业训练计划·团队成员,,团队成员,2026-04-08,,1.5,通过,张伟,佐证材料完整，予以通过
202400336,学术论文,汽车主动悬架半主动控制策略仿真,国际/国内会议·其他作者,,其他作者,2026-05-15,,1.0,驳回,张伟,认定依据不足，请补充说明材料
202400336,申请专利,一种新能源汽车充电枪锁止机构,发明专利·其他发明人,,其他发明人,2026-06-03,,3.0,通过,张伟,符合认定条件，通过
202400336,其他实践活动,汽车造型设计工作坊,学科冬夏令营·国家级,,,2026-04-25,,2.0,通过,张伟,佐证材料完整，予以通过
202400337,前沿学术报告,汽车百家讲坛,第1-5期·智能网联汽车技术前沿,,,2026-08-03,,0.25,通过,张伟,佐证材料完整，予以通过
202400337,年度创新创业项目,省级·核心成员,基于STM32的智能循迹小车,,核心成员,2025-05-17,2027-06-30,3.0,通过,张伟,佐证材料完整，予以通过
202400337,科技创新竞赛,全国大学生节能减排社会实践与科技竞赛,,国家级·三等奖,核心成员,2026-01-28,,1.2,通过,张伟,佐证材料完整，予以通过
202400337,创业实践,大学生汽车文创工作室,创业训练计划·负责人,,负责人,2026-02-12,,3.0,通过,张伟,佐证材料完整，予以通过
202400337,学术论文,基于YOLO的车距保持辅助算法研究,核心期刊·第一作者,,第一作者,2026-04-20,,4.0,驳回,张伟,盖章缺失，请重新上传完整材料
202400337,申请专利,一种可调节角度的车载平板支架,外观设计专利·第一发明人,,第一发明人,2026-02-14,,2.0,通过,张伟,佐证材料完整，予以通过
202400337,其他实践活动,暑期高校科学营活动,学科冬夏令营·校级,,,2026-04-09,,0.5,通过,张伟,佐证材料完整，予以通过
202400338,前沿学术报告,名家学术讲座,单场·汽车芯片与域控制器架构,,,2026-03-04,,0.5,通过,张伟,材料齐全，同意认定
202400338,年度创新创业项目,省级·一般成员,基于STM32的智能循迹小车,,一般成员,2025-06-28,2027-06-30,1.5,待审核,,
202400338,科技创新竞赛,全国大学生机械创新设计大赛,,国家级·三等奖,负责人,2025-11-12,,2.0,通过,张伟,符合认定条件，通过
202400338,创业实践,校内共享打印服务站,创业训练计划·团队成员,,团队成员,2026-07-13,,1.5,通过,张伟,符合认定条件，通过
202400338,学术论文,基于深度学习的路面裂缝检测方法研究,国际/国内会议·第一作者,,第一作者,2026-08-26,,3.0,通过,张伟,符合认定条件，通过
202400338,申请专利,一种多功能汽车后备箱收纳架,外观设计专利·其他发明人,,其他发明人,2026-07-02,,1.0,公示中,张伟,材料齐全，同意认定
202400338,其他实践活动,暑期高校科学营活动,学术交流访问·出境交流,,,2025-04-11,,2.0,待审核,,
202400339,前沿学术报告,名家学术讲座,单场·新能源汽车动力总成发展趋势,,,2026-04-26,,0.5,通过,张伟,符合认定条件，通过
202400339,年度创新创业项目,校级·负责人,基于深度学习的交通标志识别系统,,负责人,2025-05-22,2027-06-30,2.0,通过,张伟,材料齐全，同意认定
202400339,科技创新竞赛,中国国际大学生创新大赛,,国家级·一等奖,第二完成人,2026-04-13,,4.2,通过,张伟,佐证材料完整，予以通过
202400339,创业实践,大学生汽车文创工作室,入驻孵化器·团队成员,,团队成员,2026-02-24,,2.0,通过,张伟,符合认定条件，通过
202400339,学术论文,基于多目标优化的车身结构轻量化设计,核心期刊·其他作者,,其他作者,2026-05-12,,1.0,待审核,,
202400339,申请专利,一种多功能汽车后备箱收纳架,实用新型专利·第一发明人,,第一发明人,2026-01-28,,3.0,通过,张伟,符合认定条件，通过
202400339,其他实践活动,全国大学生汽车科技夏令营,学科冬夏令营·国家级,,,2025-04-06,,2.0,通过,张伟,佐证材料完整，予以通过
202400340,前沿学术报告,汽车百家讲坛,第6-10期·车载总线与嵌入式系统开发,,,2026-03-28,,0.25,待审核,,
202400340,年度创新创业项目,国家级·一般成员,太阳能小车能量管理策略研究,,一般成员,2025-12-24,2027-06-30,2.0,通过,张伟,符合认定条件，通过
202400340,科技创新竞赛,全国大学生机械创新设计大赛,,省级·三等奖,第一完成人,2025-11-06,,1.0,待审核,,
202400340,创业实践,智能驾培服务平台,入驻孵化器·团队成员,,团队成员,2026-05-12,,2.0,待院长审批,张伟,初审通过，转院长审批
202400340,学术论文,基于深度学习的路面裂缝检测方法研究,普通期刊·第一作者,,第一作者,2026-06-12,,2.0,通过,张伟,佐证材料完整，予以通过
202400340,申请专利,一种电动汽车电池包液冷结构,发明专利·其他发明人,,其他发明人,2026-04-21,,3.0,通过,张伟,符合认定条件，通过
202400340,其他实践活动,智能驾驶技术专题培训,学术交流访问·出境交流,,,2026-07-02,,2.0,通过,张伟,符合认定条件，通过
202400341,前沿学术报告,汽车百家讲坛,第11期以后·车载总线与嵌入式系统开发,,,2026-07-26,,0.25,通过,张伟,符合认定条件，通过
202400341,年度创新创业项目,省级·负责人,二手车价格预测模型构建,,负责人,2025-10-03,2027-06-30,4.0,待审核,,
202400341,科技创新竞赛,中国大学生方程式汽车大赛,,国家级·三等奖,第二完成人,2026-04-07,,1.4,待审核,,
202400341,创业实践,校内共享打印服务站,注册成立公司·团队成员,,团队成员,2026-01-06,,2.0,通过,张伟,佐证材料完整，予以通过
202400341,学术论文,基于深度学习的路面裂缝检测方法研究,国际/国内会议·第一作者,,第一作者,2026-02-04,,3.0,通过,张伟,佐证材料完整，予以通过
202400341,申请专利,一种可调节角度的车载平板支架,实用新型专利·第一发明人,,第一发明人,2026-02-05,,3.0,待院长审批,张伟,初审通过，转院长审批
202400341,其他实践活动,汽车工程学院企业行,学术交流访问·境内交流,,,2025-08-12,,1.0,通过,张伟,佐证材料完整，予以通过
202400342,前沿学术报告,名家学术讲座,单场·智能制造与数字化工厂实践,,,2025-09-28,,0.5,通过,张伟,符合认定条件，通过
202400342,年度创新创业项目,省级·核心成员,新能源汽车电池热管理优化研究,,核心成员,2025-09-23,2027-06-30,3.0,待审核,,
202400342,科技创新竞赛,全国大学生智能汽车竞赛,,国家级·一等奖,负责人,2026-07-28,,6.0,通过,张伟,符合认定条件，通过
202400342,创业实践,大学生汽车文创工作室,注册成立公司·法人代表,,法人代表,2026-02-25,,6.0,通过,张伟,材料齐全，同意认定
202400342,学术论文,汽车主动悬架半主动控制策略仿真,核心期刊·其他作者,,其他作者,2026-03-24,,1.0,待审核,,
202400342,申请专利,一种电动汽车电池包液冷结构,发明专利·其他发明人,,其他发明人,2026-06-25,,3.0,通过,张伟,佐证材料完整，予以通过
202400342,其他实践活动,全国大学生汽车科技夏令营,学术交流访问·境内交流,,,2026-05-09,,1.0,待审核,,
202400343,前沿学术报告,汽车百家讲坛,第1-5期·新能源汽车动力总成发展趋势,,,2025-12-07,,0.25,通过,张伟,佐证材料完整，予以通过
202400343,年度创新创业项目,省级·核心成员,二手车价格预测模型构建,,核心成员,2025-11-02,2027-06-30,3.0,通过,张伟,佐证材料完整，予以通过
202400343,科技创新竞赛,中国大学生方程式汽车大赛,,国家级·一等奖,第三完成人,2026-03-22,,3.0,通过,张伟,佐证材料完整，予以通过
202400343,创业实践,大学生汽车文创工作室,注册成立公司·法人代表,,法人代表,2026-02-15,,6.0,待审核,,
202400343,学术论文,电动汽车无线充电耦合机构优化设计,核心期刊·其他作者,,其他作者,2026-06-27,,1.0,通过,张伟,佐证材料完整，予以通过
202400343,申请专利,一种可调节角度的车载平板支架,外观设计专利·其他发明人,,其他发明人,2026-05-10,,1.0,通过,张伟,佐证材料完整，予以通过
202400343,其他实践活动,德国亚琛工业大学线上交流项目,技能资格培训·高级,,,2026-04-11,,1.5,驳回,张伟,盖章缺失，请重新上传完整材料
202400344,前沿学术报告,汽车百家讲坛,第6-10期·汽车芯片与域控制器架构,,,2025-12-22,,0.25,通过,张伟,符合认定条件，通过
202400344,年度创新创业项目,校级·负责人,新能源汽车电池热管理优化研究,,负责人,2025-09-17,2027-06-30,2.0,通过,张伟,符合认定条件，通过
202400344,科技创新竞赛,校智能车校内选拔赛,,校级·三等奖,负责人,2025-11-22,,0.5,通过,张伟,佐证材料完整，予以通过
202400344,创业实践,校园二手书流转平台,入驻孵化器·负责人,,负责人,2026-06-21,,4.0,通过,张伟,材料齐全，同意认定
202400344,学术论文,混合动力汽车能量管理策略仿真,普通期刊·其他作者,,其他作者,2026-08-19,,0.5,待审核,,
202400344,申请专利,一种多功能汽车后备箱收纳架,实用新型专利·第一发明人,,第一发明人,2026-08-11,,3.0,通过,张伟,材料齐全，同意认定
202400344,其他实践活动,全国大学生汽车科技夏令营,学术交流访问·出境交流,,,2025-06-20,,2.0,待审核,,
202400345,前沿学术报告,信息科学论坛,第1-5期·无人驾驶环境感知技术进展,,,2026-01-23,,0.25,待审核,,
202400345,年度创新创业项目,校级·一般成员,车载OBD数据采集与驾驶行为分析,,一般成员,2025-02-18,2027-06-30,1.0,通过,张伟,佐证材料完整，予以通过
202400345,科技创新竞赛,全国大学生数学建模竞赛,,国家级·三等奖,核心成员,2025-11-16,,1.2,通过,张伟,材料齐全，同意认定
202400345,创业实践,新能源汽车科普工作室,入驻孵化器·负责人,,负责人,2026-04-15,,4.0,待审核,,
202400345,学术论文,基于YOLO的车距保持辅助算法研究,SCI/EI 收录·第二作者,,第二作者,2026-04-23,,4.0,通过,张伟,符合认定条件，通过
202400345,申请专利,一种可调节角度的车载平板支架,实用新型专利·其他发明人,,其他发明人,2026-08-21,,1.5,驳回,张伟,盖章缺失，请重新上传完整材料
202400345,其他实践活动,德国亚琛工业大学线上交流项目,学术交流访问·出境交流,,,2025-08-11,,2.0,待审核,,
202400346,前沿学术报告,汽车百家讲坛,第1-5期·智能制造与数字化工厂实践,,,2026-02-19,,0.25,通过,张伟,佐证材料完整，予以通过
202400346,年度创新创业项目,省级·负责人,汽车内饰件轻量化设计,,负责人,2025-07-20,2027-06-30,4.0,驳回,张伟,时间信息有误，请核对后重新提交
202400346,科技创新竞赛,全国大学生节能减排社会实践与科技竞赛,,国家级·一等奖,第一完成人,2026-08-18,,6.0,通过,张伟,佐证材料完整，予以通过
202400346,创业实践,智能驾培服务平台,注册成立公司·法人代表,,法人代表,2026-04-08,,6.0,驳回,张伟,时间信息有误，请核对后重新提交
202400346,学术论文,混合动力汽车能量管理策略仿真,SCI/EI 收录·第一作者,,第一作者,2026-08-03,,6.0,驳回,张伟,材料不完整，请补充佐证后重新提交
202400346,申请专利,一种基于视觉的后视镜盲区监测装置,实用新型专利·其他发明人,,其他发明人,2026-06-02,,1.5,通过,张伟,佐证材料完整，予以通过
202400346,其他实践活动,德国亚琛工业大学线上交流项目,学术交流访问·出境交流,,,2025-07-02,,2.0,通过,张伟,材料齐全，同意认定
202400347,前沿学术报告,汽车百家讲坛,第11期以后·车载总线与嵌入式系统开发,,,2026-04-10,,0.25,待审核,,
202400347,年度创新创业项目,院级·负责人,基于机器视觉的行人过街检测系统,,负责人,2025-03-28,2027-06-30,1.0,通过,张伟,符合认定条件，通过
202400347,科技创新竞赛,中国大学生方程式汽车大赛,,国家级·二等奖,第二完成人,2026-03-26,,2.8,通过,张伟,佐证材料完整，予以通过
202400347,创业实践,大学生汽车文创工作室,入驻孵化器·负责人,,负责人,2026-04-14,,4.0,待审核,,
202400347,学术论文,基于多目标优化的车身结构轻量化设计,SCI/EI 收录·第一作者,,第一作者,2026-07-19,,6.0,驳回,张伟,认定依据不足，请补充说明材料
202400347,申请专利,一种可调节角度的车载平板支架,实用新型专利·第一发明人,,第一发明人,2026-02-03,,3.0,待审核,,
202400347,其他实践活动,汽车工程学院企业行,学术交流访问·出境交流,,,2026-04-07,,2.0,通过,张伟,材料齐全，同意认定
202400348,前沿学术报告,汽车百家讲坛,第11期以后·汽车轻量化设计与新材料应用,,,2025-07-14,,0.25,待审核,,
202400348,年度创新创业项目,国家级·负责人,汽车内饰件轻量化设计,,负责人,2025-11-13,2027-06-30,6.0,通过,张伟,符合认定条件，通过
202400348,科技创新竞赛,挑战杯全国大学生课外学术科技作品竞赛,,国家级·三等奖,负责人,2026-06-17,,2.0,驳回,张伟,盖章缺失，请重新上传完整材料
202400348,创业实践,新能源汽车科普工作室,创业训练计划·团队成员,,团队成员,2026-03-19,,1.5,驳回,张伟,认定依据不足，请补充说明材料
202400348,学术论文,汽车主动悬架半主动控制策略仿真,国际/国内会议·第二作者,,第二作者,2026-08-01,,2.0,通过,张伟,佐证材料完整，予以通过
202400348,申请专利,一种可调节角度的车载平板支架,实用新型专利·第一发明人,,第一发明人,2026-04-13,,3.0,待审核,,
202400348,其他实践活动,全国大学生汽车科技夏令营,学术交流访问·出境交流,,,2025-02-22,,2.0,通过,张伟,材料齐全，同意认定
202400349,前沿学术报告,汽车百家讲坛,第1-5期·汽车芯片与域控制器架构,,,2025-11-28,,0.25,待审核,,
202400349,年度创新创业项目,校级·负责人,新能源汽车电池热管理优化研究,,负责人,2025-04-03,2027-06-30,2.0,通过,张伟,符合认定条件，通过
202400349,科技创新竞赛,校智能车校内选拔赛,,校级·二等奖,第一完成人,2026-04-20,,0.5,通过,张伟,符合认定条件，通过
202400349,创业实践,校内共享打印服务站,注册成立公司·团队成员,,团队成员,2026-04-11,,2.0,通过,张伟,符合认定条件，通过
202400349,学术论文,混合动力汽车能量管理策略仿真,国际/国内会议·第一作者,,第一作者,2026-03-19,,3.0,通过,张伟,佐证材料完整，予以通过
202400349,申请专利,一种多功能汽车后备箱收纳架,实用新型专利·第一发明人,,第一发明人,2026-03-04,,3.0,通过,张伟,符合认定条件，通过
202400349,其他实践活动,智能驾驶技术专题培训,技能资格培训·高级,,,2026-02-16,,1.5,驳回,张伟,材料不完整，请补充佐证后重新提交
202400350,前沿学术报告,汽车百家讲坛,第6-10期·智能制造与数字化工厂实践,,,2025-04-05,,0.25,通过,张伟,材料齐全，同意认定
202400350,年度创新创业项目,省级·负责人,二手车价格预测模型构建,,负责人,2025-05-09,2027-06-30,4.0,通过,张伟,佐证材料完整，予以通过
202400350,科技创新竞赛,全国大学生节能减排社会实践与科技竞赛,,省级·三等奖,核心成员,2026-02-05,,0.6,通过,张伟,佐证材料完整，予以通过
202400350,创业实践,大学生汽车文创工作室,创业训练计划·负责人,,负责人,2026-05-04,,3.0,待审核,,
202400350,学术论文,汽车主动悬架半主动控制策略仿真,普通期刊·第一作者,,第一作者,2026-02-08,,2.0,驳回,张伟,时间信息有误，请核对后重新提交
202400350,申请专利,一种新能源汽车充电枪锁止机构,外观设计专利·其他发明人,,其他发明人,2026-08-16,,1.0,通过,张伟,材料齐全，同意认定
202400350,其他实践活动,全国大学生汽车科技夏令营,学科冬夏令营·国家级,,,2026-07-17,,2.0,通过,张伟,符合认定条件，通过
202400351,前沿学术报告,名家学术讲座,单场·新能源汽车动力总成发展趋势,,,2025-06-17,,0.5,待审核,,
202400351,年度创新创业项目,院级·核心成员,校园共享电动车调度优化研究,,核心成员,2025-07-11,2027-06-30,0.5,通过,张伟,符合认定条件，通过
202400351,科技创新竞赛,全国大学生节能减排社会实践与科技竞赛,,国家级·二等奖,第三完成人,2025-06-15,,2.0,通过,张伟,材料齐全，同意认定
202400351,创业实践,大学生汽车文创工作室,入驻孵化器·负责人,,负责人,2026-07-15,,4.0,通过,张伟,材料齐全，同意认定
202400351,学术论文,低温环境下锂电池充放电特性研究,核心期刊·第一作者,,第一作者,2026-04-10,,4.0,通过,张伟,材料齐全，同意认定
202400351,申请专利,一种多功能汽车后备箱收纳架,实用新型专利·其他发明人,,其他发明人,2026-08-04,,1.5,待审核,,
202400351,其他实践活动,全国大学生汽车科技夏令营,学术交流访问·出境交流,,,2026-01-09,,2.0,驳回,张伟,认定依据不足，请补充说明材料
202400352,前沿学术报告,汽车百家讲坛,第6-10期·汽车轻量化设计与新材料应用,,,2026-08-03,,0.25,通过,张伟,材料齐全，同意认定
202400352,年度创新创业项目,校级·一般成员,校园共享电动车调度优化研究,,一般成员,2025-04-17,2027-06-30,1.0,通过,张伟,符合认定条件，通过
202400352,科技创新竞赛,中国大学生方程式汽车大赛,,国家级·一等奖,第一完成人,2025-09-24,,6.0,通过,张伟,材料齐全，同意认定
202400352,创业实践,校内共享打印服务站,入驻孵化器·负责人,,负责人,2026-05-07,,4.0,待审核,,
202400352,学术论文,低温环境下锂电池充放电特性研究,普通期刊·第一作者,,第一作者,2026-06-08,,2.0,驳回,张伟,材料不完整，请补充佐证后重新提交
202400352,申请专利,一种电动汽车电池包液冷结构,发明专利·其他发明人,,其他发明人,2026-02-27,,3.0,通过,张伟,材料齐全，同意认定
202400352,其他实践活动,汽车造型设计工作坊,学科冬夏令营·校级,,,2025-10-03,,0.5,通过,张伟,符合认定条件，通过
202400353,前沿学术报告,汽车百家讲坛,第6-10期·智能制造与数字化工厂实践,,,2025-08-13,,0.25,通过,张伟,符合认定条件，通过
202400353,年度创新创业项目,校级·负责人,轮胎花纹与湿滑路面制动性能仿真,,负责人,2025-10-26,2027-06-30,2.0,通过,张伟,符合认定条件，通过
202400353,科技创新竞赛,挑战杯全国大学生课外学术科技作品竞赛,,省级·一等奖,核心成员,2025-04-02,,1.8,通过,张伟,佐证材料完整，予以通过
202400353,创业实践,二手车检测陪购服务工作室,入驻孵化器·负责人,,负责人,2026-01-04,,4.0,通过,张伟,材料齐全，同意认定
202400353,学术论文,低温环境下锂电池充放电特性研究,国际/国内会议·第二作者,,第二作者,2026-04-15,,2.0,通过,张伟,佐证材料完整，予以通过
202400353,申请专利,一种新能源汽车充电枪锁止机构,外观设计专利·第一发明人,,第一发明人,2026-04-03,,2.0,通过,张伟,符合认定条件，通过
202400353,其他实践活动,德国亚琛工业大学线上交流项目,学科冬夏令营·省级,,,2026-08-23,,1.0,通过,张伟,符合认定条件，通过
202400354,前沿学术报告,名家学术讲座,单场·氢能及燃料电池汽车产业展望,,,2026-04-13,,0.5,通过,张伟,符合认定条件，通过
202400354,年度创新创业项目,国家级·负责人,新能源汽车电池热管理优化研究,,负责人,2025-10-13,2027-06-30,6.0,通过,张伟,佐证材料完整，予以通过
202400354,科技创新竞赛,全国大学生数学建模竞赛,,国家级·三等奖,第三完成人,2025-02-26,,1.0,通过,张伟,佐证材料完整，予以通过
202400354,创业实践,智能驾培服务平台,注册成立公司·团队成员,,团队成员,2026-03-03,,2.0,通过,张伟,材料齐全，同意认定
202400354,学术论文,基于YOLO的车距保持辅助算法研究,国际/国内会议·第一作者,,第一作者,2026-07-08,,3.0,通过,张伟,符合认定条件，通过
202400354,申请专利,一种车载智能空气净化装置,实用新型专利·其他发明人,,其他发明人,2026-07-11,,1.5,待审核,,
202400354,其他实践活动,全国大学生汽车科技夏令营,学术交流访问·出境交流,,,2026-06-02,,2.0,驳回,张伟,时间信息有误，请核对后重新提交
202400355,前沿学术报告,汽车百家讲坛,第1-5期·智能网联汽车技术前沿,,,2025-11-23,,0.25,通过,张伟,符合认定条件，通过
202400355,年度创新创业项目,省级·负责人,校园共享电动车调度优化研究,,负责人,2025-02-28,2027-06-30,4.0,通过,张伟,符合认定条件，通过
202400355,科技创新竞赛,山东省大学生机电产品创新设计竞赛,,省级·二等奖,第二完成人,2025-02-01,,1.4,通过,张伟,材料齐全，同意认定
202400355,创业实践,二手车检测陪购服务工作室,注册成立公司·团队成员,,团队成员,2026-05-08,,2.0,通过,张伟,材料齐全，同意认定
202400355,学术论文,汽车主动悬架半主动控制策略仿真,国际/国内会议·第二作者,,第二作者,2026-01-14,,2.0,通过,张伟,材料齐全，同意认定
202400355,申请专利,一种基于视觉的后视镜盲区监测装置,实用新型专利·第一发明人,,第一发明人,2026-08-25,,3.0,待院长审批,张伟,初审通过，转院长审批
202400355,其他实践活动,暑期高校科学营活动,技能资格培训·初级,,,2025-10-15,,0.5,通过,张伟,材料齐全，同意认定
202400356,前沿学术报告,汽车百家讲坛,第6-10期·智能制造与数字化工厂实践,,,2025-11-03,,0.25,通过,张伟,材料齐全，同意认定
202400356,年度创新创业项目,省级·一般成员,校园共享电动车调度优化研究,,一般成员,2025-04-21,2027-06-30,1.5,驳回,张伟,材料不完整，请补充佐证后重新提交
202400356,科技创新竞赛,挑战杯全国大学生课外学术科技作品竞赛,,省级·三等奖,负责人,2025-09-11,,1.0,驳回,张伟,盖章缺失，请重新上传完整材料
202400356,创业实践,校内共享打印服务站,创业训练计划·负责人,,负责人,2026-05-16,,3.0,驳回,张伟,盖章缺失，请重新上传完整材料
202400356,学术论文,基于YOLO的车距保持辅助算法研究,国际/国内会议·第二作者,,第二作者,2026-08-01,,2.0,通过,张伟,佐证材料完整，予以通过
202400356,申请专利,一种基于视觉的后视镜盲区监测装置,实用新型专利·第一发明人,,第一发明人,2026-03-20,,3.0,待审核,,
202400356,其他实践活动,汽车造型设计工作坊,学术交流访问·境内交流,,,2026-02-09,,1.0,通过,张伟,佐证材料完整，予以通过
202400357,前沿学术报告,汽车百家讲坛,第11期以后·汽车轻量化设计与新材料应用,,,2026-06-19,,0.25,通过,张伟,佐证材料完整，予以通过
202400357,年度创新创业项目,院级·核心成员,汽车内饰件轻量化设计,,核心成员,2025-10-27,2027-06-30,0.5,通过,张伟,佐证材料完整，予以通过
202400357,科技创新竞赛,中国大学生方程式汽车大赛,,国家级·二等奖,核心成员,2025-11-22,,2.4,待院长审批,张伟,初审通过，转院长审批
202400357,创业实践,二手车检测陪购服务工作室,创业训练计划·团队成员,,团队成员,2026-02-02,,1.5,通过,张伟,符合认定条件，通过
202400357,学术论文,低温环境下锂电池充放电特性研究,国际/国内会议·其他作者,,其他作者,2026-07-11,,1.0,通过,张伟,符合认定条件，通过
202400357,申请专利,一种基于视觉的后视镜盲区监测装置,外观设计专利·其他发明人,,其他发明人,2026-08-10,,1.0,待审核,,
202400357,其他实践活动,暑期高校科学营活动,学科冬夏令营·国家级,,,2026-03-08,,2.0,待审核,,
202400358,前沿学术报告,汽车百家讲坛,第11期以后·智能网联汽车技术前沿,,,2025-12-03,,0.25,通过,张伟,材料齐全，同意认定
202400358,年度创新创业项目,校级·一般成员,车载OBD数据采集与驾驶行为分析,,一般成员,2025-02-10,2027-06-30,1.0,通过,张伟,符合认定条件，通过
202400358,科技创新竞赛,校智能车校内选拔赛,,校级·二等奖,核心成员,2026-05-11,,0.3,通过,张伟,符合认定条件，通过
202400358,创业实践,大学生汽车文创工作室,注册成立公司·合伙人,,合伙人,2026-07-13,,4.0,驳回,张伟,认定依据不足，请补充说明材料
202400358,学术论文,基于多目标优化的车身结构轻量化设计,国际/国内会议·第二作者,,第二作者,2026-06-15,,2.0,通过,张伟,材料齐全，同意认定
202400358,申请专利,一种基于视觉的后视镜盲区监测装置,实用新型专利·第一发明人,,第一发明人,2026-03-26,,3.0,待审核,,
202400358,其他实践活动,德国亚琛工业大学线上交流项目,学术交流访问·境内交流,,,2026-08-27,,1.0,通过,张伟,佐证材料完整，予以通过
202400359,前沿学术报告,汽车百家讲坛,第6-10期·汽车轻量化设计与新材料应用,,,2026-03-11,,0.25,待审核,,
202400359,年度创新创业项目,校级·负责人,基于深度学习的交通标志识别系统,,负责人,2025-04-07,2027-06-30,2.0,通过,张伟,材料齐全，同意认定
202400359,科技创新竞赛,全国大学生智能汽车竞赛,,国家级·三等奖,第三完成人,2025-01-27,,1.0,通过,张伟,佐证材料完整，予以通过
202400359,创业实践,智能驾培服务平台,入驻孵化器·负责人,,负责人,2026-05-17,,4.0,驳回,张伟,时间信息有误，请核对后重新提交
202400359,学术论文,基于深度学习的路面裂缝检测方法研究,国际/国内会议·第二作者,,第二作者,2026-08-15,,2.0,通过,张伟,材料齐全，同意认定
202400359,申请专利,一种基于视觉的后视镜盲区监测装置,外观设计专利·第一发明人,,第一发明人,2026-02-02,,2.0,通过,张伟,佐证材料完整，予以通过
202400359,其他实践活动,智能驾驶技术专题培训,学科冬夏令营·省级,,,2026-02-28,,1.0,通过,张伟,佐证材料完整，予以通过
202400360,前沿学术报告,汽车百家讲坛,第6-10期·无人驾驶环境感知技术进展,,,2026-02-24,,0.25,通过,张伟,材料齐全，同意认定
202400360,年度创新创业项目,国家级·核心成员,基于STM32的智能循迹小车,,核心成员,2025-01-16,2027-06-30,4.0,驳回,张伟,材料不完整，请补充佐证后重新提交
202400360,科技创新竞赛,中国大学生方程式汽车大赛,,国家级·二等奖,第三完成人,2025-06-07,,2.0,通过,张伟,材料齐全，同意认定
202400360,创业实践,二手车检测陪购服务工作室,入驻孵化器·负责人,,负责人,2026-05-27,,4.0,通过,张伟,材料齐全，同意认定
202400360,学术论文,低温环境下锂电池充放电特性研究,普通期刊·第二作者,,第二作者,2026-02-06,,1.0,通过,张伟,符合认定条件，通过
202400360,申请专利,一种多功能汽车后备箱收纳架,实用新型专利·第一发明人,,第一发明人,2026-02-28,,3.0,待审核,,
202400360,其他实践活动,汽车工程学院企业行,技能资格培训·高级,,,2025-05-14,,1.5,通过,张伟,材料齐全，同意认定
202400361,前沿学术报告,汽车百家讲坛,第1-5期·车载总线与嵌入式系统开发,,,2025-08-02,,0.25,通过,张伟,材料齐全，同意认定
202400361,年度创新创业项目,省级·一般成员,基于深度学习的交通标志识别系统,,一般成员,2025-08-17,2027-06-30,1.5,通过,张伟,材料齐全，同意认定
202400361,科技创新竞赛,全国大学生智能汽车竞赛,,省级·三等奖,第三完成人,2025-07-02,,0.5,通过,张伟,材料齐全，同意认定
202400361,创业实践,大学生汽车文创工作室,创业训练计划·负责人,,负责人,2026-04-10,,3.0,待审核,,
202400361,学术论文,基于深度学习的路面裂缝检测方法研究,国际/国内会议·其他作者,,其他作者,2026-04-26,,1.0,待审核,,
202400361,申请专利,一种基于视觉的后视镜盲区监测装置,实用新型专利·其他发明人,,其他发明人,2026-05-20,,1.5,通过,张伟,佐证材料完整，予以通过
202400361,其他实践活动,暑期高校科学营活动,学术交流访问·出境交流,,,2025-07-07,,2.0,待审核,,
202400362,前沿学术报告,信息科学论坛,第6期以后·氢能及燃料电池汽车产业展望,,,2025-05-18,,0.25,通过,张伟,材料齐全，同意认定
202400362,年度创新创业项目,校级·负责人,二手车价格预测模型构建,,负责人,2025-07-23,2027-06-30,2.0,通过,张伟,佐证材料完整，予以通过
202400362,科技创新竞赛,全国大学生数学建模竞赛,,省级·三等奖,核心成员,2025-07-10,,0.6,通过,张伟,佐证材料完整，予以通过
202400362,创业实践,校内共享打印服务站,入驻孵化器·团队成员,,团队成员,2026-07-05,,2.0,待审核,,
202400362,学术论文,基于深度学习的路面裂缝检测方法研究,SCI/EI 收录·第一作者,,第一作者,2026-07-05,,6.0,待审核,,
202400362,申请专利,一种基于视觉的后视镜盲区监测装置,实用新型专利·其他发明人,,其他发明人,2026-05-19,,1.5,待审核,,
202400362,其他实践活动,汽车工程学院企业行,学科冬夏令营·校级,,,2026-07-16,,0.5,通过,张伟,佐证材料完整，予以通过
202400363,前沿学术报告,汽车百家讲坛,第11期以后·汽车空气动力学优化设计,,,2026-02-15,,0.25,通过,张伟,佐证材料完整，予以通过
202400363,年度创新创业项目,国家级·负责人,基于机器视觉的行人过街检测系统,,负责人,2025-12-21,2027-06-30,6.0,通过,张伟,佐证材料完整，予以通过
202400363,科技创新竞赛,全国大学生机械创新设计大赛,,省级·三等奖,第二完成人,2025-03-14,,0.7,通过,张伟,佐证材料完整，予以通过
202400363,创业实践,智能驾培服务平台,注册成立公司·法人代表,,法人代表,2026-03-17,,6.0,通过,张伟,材料齐全，同意认定
202400363,学术论文,基于多目标优化的车身结构轻量化设计,普通期刊·第一作者,,第一作者,2026-03-22,,2.0,通过,张伟,材料齐全，同意认定
202400363,申请专利,一种多功能汽车后备箱收纳架,发明专利·第一发明人,,第一发明人,2026-05-09,,6.0,通过,张伟,符合认定条件，通过
202400363,其他实践活动,全国大学生汽车科技夏令营,学科冬夏令营·国家级,,,2026-01-03,,2.0,通过,张伟,佐证材料完整，予以通过
202400364,前沿学术报告,名家学术讲座,单场·智能制造与数字化工厂实践,,,2026-06-23,,0.5,驳回,张伟,认定依据不足，请补充说明材料
202400364,年度创新创业项目,校级·核心成员,车载OBD数据采集与驾驶行为分析,,核心成员,2025-08-12,2027-06-30,1.5,待审核,,
202400364,科技创新竞赛,全国大学生智能汽车竞赛,,国家级·二等奖,第二完成人,2025-01-09,,2.8,通过,张伟,材料齐全，同意认定
202400364,创业实践,校园二手书流转平台,创业训练计划·负责人,,负责人,2026-05-06,,3.0,待审核,,
202400364,学术论文,汽车主动悬架半主动控制策略仿真,国际/国内会议·其他作者,,其他作者,2026-02-08,,1.0,待院长审批,张伟,初审通过，转院长审批
202400364,申请专利,一种多功能汽车后备箱收纳架,实用新型专利·第一发明人,,第一发明人,2026-03-09,,3.0,待院长审批,张伟,初审通过，转院长审批
202400364,其他实践活动,德国亚琛工业大学线上交流项目,学术交流访问·境内交流,,,2025-07-09,,1.0,待审核,,
202400365,前沿学术报告,名家学术讲座,单场·动力电池热管理关键技术,,,2025-07-08,,0.5,待审核,,
202400365,年度创新创业项目,校级·核心成员,轮胎花纹与湿滑路面制动性能仿真,,核心成员,2025-02-18,2027-06-30,1.5,通过,张伟,材料齐全，同意认定
202400365,科技创新竞赛,校智能车校内选拔赛,,校级·二等奖,第三完成人,2025-12-27,,0.25,通过,张伟,符合认定条件，通过
202400365,创业实践,大学生汽车文创工作室,注册成立公司·团队成员,,团队成员,2026-04-26,,2.0,通过,张伟,材料齐全，同意认定
202400365,学术论文,电动汽车无线充电耦合机构优化设计,核心期刊·第二作者,,第二作者,2026-08-10,,2.0,通过,张伟,材料齐全，同意认定
202400365,申请专利,一种新能源汽车充电枪锁止机构,发明专利·其他发明人,,其他发明人,2026-06-02,,3.0,驳回,张伟,盖章缺失，请重新上传完整材料
202400365,其他实践活动,暑期高校科学营活动,技能资格培训·高级,,,2025-10-16,,1.5,通过,张伟,符合认定条件，通过
202400366,前沿学术报告,汽车百家讲坛,第1-5期·动力电池热管理关键技术,,,2026-01-13,,0.25,待审核,,
202400366,年度创新创业项目,省级·一般成员,新能源汽车电池热管理优化研究,,一般成员,2025-04-27,2027-06-30,1.5,通过,张伟,材料齐全，同意认定
202400366,科技创新竞赛,挑战杯全国大学生课外学术科技作品竞赛,,国家级·一等奖,第三完成人,2026-05-10,,3.0,通过,张伟,佐证材料完整，予以通过
202400366,创业实践,智能驾培服务平台,注册成立公司·合伙人,,合伙人,2026-05-11,,4.0,待审核,,
202400366,学术论文,燃料电池汽车氢气循环系统特性分析,国际/国内会议·第二作者,,第二作者,2026-04-11,,2.0,通过,张伟,符合认定条件，通过
202400366,申请专利,一种电动汽车电池包液冷结构,发明专利·第一发明人,,第一发明人,2026-04-03,,6.0,通过,张伟,佐证材料完整，予以通过
202400366,其他实践活动,暑期高校科学营活动,学术交流访问·境内交流,,,2026-01-24,,1.0,驳回,张伟,认定依据不足，请补充说明材料
202400367,前沿学术报告,汽车百家讲坛,第6-10期·无人驾驶环境感知技术进展,,,2025-02-14,,0.25,驳回,张伟,认定依据不足，请补充说明材料
202400367,年度创新创业项目,院级·一般成员,基于STM32的智能循迹小车,,一般成员,2025-06-03,2027-06-30,0.5,通过,张伟,材料齐全，同意认定
202400367,科技创新竞赛,中国大学生方程式汽车大赛,,国家级·二等奖,第一完成人,2025-07-27,,4.0,通过,张伟,佐证材料完整，予以通过
202400367,创业实践,校内共享打印服务站,创业训练计划·负责人,,负责人,2026-08-11,,3.0,待院长审批,张伟,初审通过，转院长审批
202400367,学术论文,电动汽车无线充电耦合机构优化设计,SCI/EI 收录·第一作者,,第一作者,2026-06-12,,6.0,待院长审批,张伟,初审通过，转院长审批
202400367,申请专利,一种可调节角度的车载平板支架,实用新型专利·其他发明人,,其他发明人,2026-03-11,,1.5,通过,张伟,佐证材料完整，予以通过
202400367,其他实践活动,暑期高校科学营活动,学术交流访问·出境交流,,,2026-03-13,,2.0,通过,张伟,符合认定条件，通过
202400368,前沿学术报告,名家学术讲座,单场·智能制造与数字化工厂实践,,,2025-01-22,,0.5,通过,张伟,材料齐全，同意认定
202400368,年度创新创业项目,省级·负责人,车载OBD数据采集与驾驶行为分析,,负责人,2025-09-16,2027-06-30,4.0,通过,张伟,符合认定条件，通过
202400368,科技创新竞赛,挑战杯全国大学生课外学术科技作品竞赛,,国家级·一等奖,第一完成人,2025-06-16,,6.0,公示中,张伟,材料齐全，同意认定
202400368,创业实践,校内共享打印服务站,入驻孵化器·负责人,,负责人,2026-07-28,,4.0,通过,张伟,佐证材料完整，予以通过
202400368,学术论文,燃料电池汽车氢气循环系统特性分析,核心期刊·第二作者,,第二作者,2026-05-24,,2.0,通过,张伟,佐证材料完整，予以通过
202400368,申请专利,一种电动汽车电池包液冷结构,实用新型专利·第一发明人,,第一发明人,2026-08-07,,3.0,通过,张伟,材料齐全，同意认定
202400368,其他实践活动,智能驾驶技术专题培训,学科冬夏令营·省级,,,2026-01-25,,1.0,通过,张伟,佐证材料完整，予以通过
202400369,前沿学术报告,汽车百家讲坛,第11期以后·汽车芯片与域控制器架构,,,2025-02-26,,0.25,通过,张伟,材料齐全，同意认定
202400369,年度创新创业项目,校级·负责人,轮胎花纹与湿滑路面制动性能仿真,,负责人,2025-03-26,2027-06-30,2.0,公示中,张伟,符合认定条件，通过
202400369,科技创新竞赛,中国大学生方程式汽车大赛,,国家级·一等奖,第二完成人,2026-04-05,,4.2,待院长审批,张伟,初审通过，转院长审批
202400369,创业实践,校园二手书流转平台,注册成立公司·合伙人,,合伙人,2026-07-05,,4.0,待审核,,
202400369,学术论文,基于深度学习的路面裂缝检测方法研究,国际/国内会议·第二作者,,第二作者,2026-04-16,,2.0,通过,张伟,符合认定条件，通过
202400369,申请专利,一种多功能汽车后备箱收纳架,发明专利·其他发明人,,其他发明人,2026-06-03,,3.0,待审核,,
202400369,其他实践活动,汽车工程学院企业行,学科冬夏令营·国家级,,,2025-01-20,,2.0,通过,张伟,符合认定条件，通过
202400370,前沿学术报告,名家学术讲座,单场·新能源汽车动力总成发展趋势,,,2025-12-19,,0.5,待审核,,
202400370,年度创新创业项目,国家级·一般成员,基于STM32的智能循迹小车,,一般成员,2025-06-22,2027-06-30,2.0,通过,张伟,材料齐全，同意认定
202400370,科技创新竞赛,全国大学生数学建模竞赛,,省级·一等奖,第三完成人,2026-08-17,,1.5,通过,张伟,佐证材料完整，予以通过
202400370,创业实践,新能源汽车科普工作室,入驻孵化器·团队成员,,团队成员,2026-06-15,,2.0,待审核,,
202400370,学术论文,基于多目标优化的车身结构轻量化设计,核心期刊·第二作者,,第二作者,2026-04-15,,2.0,通过,张伟,符合认定条件，通过
202400370,申请专利,一种基于视觉的后视镜盲区监测装置,发明专利·其他发明人,,其他发明人,2026-01-02,,3.0,待审核,,
202400370,其他实践活动,全国大学生汽车科技夏令营,学术交流访问·出境交流,,,2026-02-13,,2.0,通过,张伟,符合认定条件，通过
202400371,前沿学术报告,汽车百家讲坛,第11期以后·无人驾驶环境感知技术进展,,,2026-03-22,,0.25,通过,张伟,材料齐全，同意认定
202400371,年度创新创业项目,院级·一般成员,基于机器视觉的行人过街检测系统,,一般成员,2025-08-22,2027-06-30,0.5,通过,张伟,材料齐全，同意认定
202400371,科技创新竞赛,全国大学生节能减排社会实践与科技竞赛,,省级·三等奖,负责人,2025-03-16,,1.0,通过,张伟,佐证材料完整，予以通过
202400371,创业实践,新能源汽车科普工作室,注册成立公司·合伙人,,合伙人,2026-06-28,,4.0,通过,张伟,符合认定条件，通过
202400371,学术论文,混合动力汽车能量管理策略仿真,普通期刊·其他作者,,其他作者,2026-08-16,,0.5,通过,张伟,材料齐全，同意认定
202400371,申请专利,一种新能源汽车充电枪锁止机构,发明专利·其他发明人,,其他发明人,2026-05-08,,3.0,通过,张伟,符合认定条件，通过
202400371,其他实践活动,汽车工程学院企业行,学科冬夏令营·省级,,,2026-07-18,,1.0,通过,张伟,符合认定条件，通过
202400372,前沿学术报告,汽车百家讲坛,第11期以后·汽车空气动力学优化设计,,,2026-03-28,,0.25,待审核,,
202400372,年度创新创业项目,校级·一般成员,基于机器视觉的行人过街检测系统,,一般成员,2025-11-14,2027-06-30,1.0,通过,张伟,符合认定条件，通过
202400372,科技创新竞赛,挑战杯全国大学生课外学术科技作品竞赛,,国家级·一等奖,负责人,2026-05-22,,6.0,通过,张伟,佐证材料完整，予以通过
202400372,创业实践,大学生汽车文创工作室,入驻孵化器·团队成员,,团队成员,2026-06-15,,2.0,通过,张伟,符合认定条件，通过
202400372,学术论文,混合动力汽车能量管理策略仿真,国际/国内会议·第二作者,,第二作者,2026-05-15,,2.0,通过,张伟,佐证材料完整，予以通过
202400372,申请专利,一种可调节角度的车载平板支架,实用新型专利·第一发明人,,第一发明人,2026-06-11,,3.0,通过,张伟,佐证材料完整，予以通过
202400372,其他实践活动,全国大学生汽车科技夏令营,技能资格培训·高级,,,2026-01-12,,1.5,驳回,张伟,认定依据不足，请补充说明材料
202400373,前沿学术报告,汽车百家讲坛,第11期以后·氢能及燃料电池汽车产业展望,,,2026-06-26,,0.25,待审核,,
202400373,年度创新创业项目,省级·负责人,新能源汽车电池热管理优化研究,,负责人,2025-04-26,2027-06-30,4.0,待审核,,
202400373,科技创新竞赛,全国大学生数学建模竞赛,,国家级·二等奖,第一完成人,2026-02-01,,4.0,待审核,,
202400373,创业实践,二手车检测陪购服务工作室,注册成立公司·合伙人,,合伙人,2026-01-25,,4.0,通过,张伟,材料齐全，同意认定
202400373,学术论文,汽车主动悬架半主动控制策略仿真,普通期刊·第二作者,,第二作者,2026-07-10,,1.0,待审核,,
202400373,申请专利,一种电动汽车电池包液冷结构,实用新型专利·其他发明人,,其他发明人,2026-07-16,,1.5,待审核,,
202400373,其他实践活动,汽车造型设计工作坊,学术交流访问·出境交流,,,2025-09-19,,2.0,通过,张伟,符合认定条件，通过
202400374,前沿学术报告,名家学术讲座,单场·动力电池热管理关键技术,,,2026-05-12,,0.5,通过,张伟,符合认定条件，通过
202400374,年度创新创业项目,院级·一般成员,车载OBD数据采集与驾驶行为分析,,一般成员,2025-05-24,2027-06-30,0.5,驳回,张伟,时间信息有误，请核对后重新提交
202400374,科技创新竞赛,校智能车校内选拔赛,,校级·二等奖,核心成员,2026-04-27,,0.3,通过,张伟,符合认定条件，通过
202400374,创业实践,校园二手书流转平台,注册成立公司·团队成员,,团队成员,2026-03-16,,2.0,通过,张伟,佐证材料完整，予以通过
202400374,学术论文,基于深度学习的路面裂缝检测方法研究,国际/国内会议·其他作者,,其他作者,2026-03-27,,1.0,通过,张伟,材料齐全，同意认定
202400374,申请专利,一种可调节角度的车载平板支架,发明专利·其他发明人,,其他发明人,2026-05-14,,3.0,通过,张伟,材料齐全，同意认定
202400374,其他实践活动,汽车工程学院企业行,学科冬夏令营·国家级,,,2025-04-01,,2.0,通过,张伟,材料齐全，同意认定
202400375,前沿学术报告,信息科学论坛,第1-5期·汽车芯片与域控制器架构,,,2025-04-21,,0.25,通过,张伟,佐证材料完整，予以通过
202400375,年度创新创业项目,校级·核心成员,轮胎花纹与湿滑路面制动性能仿真,,核心成员,2025-02-16,2027-06-30,1.5,驳回,张伟,盖章缺失，请重新上传完整材料
202400375,科技创新竞赛,全国大学生数学建模竞赛,,国家级·一等奖,核心成员,2025-05-06,,3.6,待院长审批,张伟,初审通过，转院长审批
202400375,创业实践,大学生汽车文创工作室,注册成立公司·合伙人,,合伙人,2026-04-19,,4.0,驳回,张伟,材料不完整，请补充佐证后重新提交
202400375,学术论文,混合动力汽车能量管理策略仿真,国际/国内会议·第一作者,,第一作者,2026-02-25,,3.0,待审核,,
202400375,申请专利,一种电动汽车电池包液冷结构,外观设计专利·其他发明人,,其他发明人,2026-03-21,,1.0,通过,张伟,材料齐全，同意认定
202400375,其他实践活动,智能驾驶技术专题培训,学科冬夏令营·校级,,,2025-03-18,,0.5,公示中,张伟,符合认定条件，通过
202400376,前沿学术报告,汽车百家讲坛,第11期以后·汽车芯片与域控制器架构,,,2025-08-11,,0.25,通过,张伟,符合认定条件，通过
202400376,年度创新创业项目,校级·负责人,氢燃料电池汽车散热性能仿真分析,,负责人,2025-01-21,2027-06-30,2.0,待审核,,
202400376,科技创新竞赛,山东省大学生机电产品创新设计竞赛,,省级·三等奖,第一完成人,2026-07-16,,1.0,通过,张伟,佐证材料完整，予以通过
202400376,创业实践,新能源汽车科普工作室,入驻孵化器·负责人,,负责人,2026-02-22,,4.0,通过,张伟,符合认定条件，通过
202400376,学术论文,汽车主动悬架半主动控制策略仿真,SCI/EI 收录·其他作者,,其他作者,2026-01-07,,2.0,通过,张伟,佐证材料完整，予以通过
202400376,申请专利,一种多功能汽车后备箱收纳架,外观设计专利·其他发明人,,其他发明人,2026-04-08,,1.0,待审核,,
202400376,其他实践活动,汽车造型设计工作坊,学科冬夏令营·国家级,,,2026-04-13,,2.0,通过,张伟,佐证材料完整，予以通过
202400377,前沿学术报告,信息科学论坛,第1-5期·智能网联汽车技术前沿,,,2026-06-19,,0.25,通过,张伟,材料齐全，同意认定
202400377,年度创新创业项目,院级·核心成员,汽车内饰件轻量化设计,,核心成员,2025-03-03,2027-06-30,0.5,通过,张伟,符合认定条件，通过
202400377,科技创新竞赛,校智能车校内选拔赛,,校级·二等奖,负责人,2026-02-20,,0.5,待院长审批,张伟,初审通过，转院长审批
202400377,创业实践,校内共享打印服务站,创业训练计划·团队成员,,团队成员,2026-02-24,,1.5,通过,张伟,佐证材料完整，予以通过
202400377,学术论文,燃料电池汽车氢气循环系统特性分析,普通期刊·其他作者,,其他作者,2026-03-24,,0.5,通过,张伟,材料齐全，同意认定
202400377,申请专利,一种可调节角度的车载平板支架,实用新型专利·其他发明人,,其他发明人,2026-07-08,,1.5,通过,张伟,佐证材料完整，予以通过
202400377,其他实践活动,汽车造型设计工作坊,技能资格培训·初级,,,2025-06-23,,0.5,通过,张伟,材料齐全，同意认定
202400378,前沿学术报告,汽车百家讲坛,第1-5期·车载总线与嵌入式系统开发,,,2026-05-17,,0.25,通过,张伟,佐证材料完整，予以通过
202400378,年度创新创业项目,省级·负责人,汽车内饰件轻量化设计,,负责人,2025-04-28,2027-06-30,4.0,通过,张伟,材料齐全，同意认定
202400378,科技创新竞赛,全国大学生数学建模竞赛,,国家级·三等奖,第三完成人,2026-04-16,,1.0,通过,张伟,佐证材料完整，予以通过
202400378,创业实践,校内共享打印服务站,入驻孵化器·团队成员,,团队成员,2026-04-03,,2.0,通过,张伟,材料齐全，同意认定
202400378,学术论文,低温环境下锂电池充放电特性研究,国际/国内会议·第一作者,,第一作者,2026-04-26,,3.0,驳回,张伟,材料不完整，请补充佐证后重新提交
202400378,申请专利,一种可调节角度的车载平板支架,发明专利·第一发明人,,第一发明人,2026-03-09,,6.0,通过,张伟,佐证材料完整，予以通过
202400378,其他实践活动,智能驾驶技术专题培训,学科冬夏令营·省级,,,2025-12-26,,1.0,待审核,,
202400379,前沿学术报告,汽车百家讲坛,第1-5期·智能网联汽车技术前沿,,,2025-01-26,,0.25,通过,张伟,符合认定条件，通过
202400379,年度创新创业项目,院级·负责人,智能导览机器人设计与实现,,负责人,2025-02-07,2027-06-30,1.0,驳回,张伟,时间信息有误，请核对后重新提交
202400379,科技创新竞赛,全国大学生机械创新设计大赛,,国家级·二等奖,第二完成人,2025-08-28,,2.8,驳回,张伟,认定依据不足，请补充说明材料
202400379,创业实践,大学生汽车文创工作室,入驻孵化器·负责人,,负责人,2026-04-19,,4.0,通过,张伟,材料齐全，同意认定
202400379,学术论文,电动汽车无线充电耦合机构优化设计,普通期刊·第一作者,,第一作者,2026-07-06,,2.0,通过,张伟,佐证材料完整，予以通过
202400379,申请专利,一种可调节角度的车载平板支架,实用新型专利·其他发明人,,其他发明人,2026-03-01,,1.5,通过,张伟,符合认定条件，通过
202400379,其他实践活动,汽车工程学院企业行,学科冬夏令营·省级,,,2026-03-19,,1.0,通过,张伟,佐证材料完整，予以通过
202400380,前沿学术报告,汽车百家讲坛,第11期以后·车载总线与嵌入式系统开发,,,2025-10-27,,0.25,驳回,张伟,材料不完整，请补充佐证后重新提交
202400380,年度创新创业项目,院级·负责人,校园共享电动车调度优化研究,,负责人,2025-01-06,2027-06-30,1.0,通过,张伟,佐证材料完整，予以通过
202400380,科技创新竞赛,全国大学生智能汽车竞赛,,国家级·一等奖,核心成员,2025-12-28,,3.6,通过,张伟,符合认定条件，通过
202400380,创业实践,新能源汽车科普工作室,创业训练计划·负责人,,负责人,2026-06-09,,3.0,通过,张伟,材料齐全，同意认定
202400380,学术论文,燃料电池汽车氢气循环系统特性分析,普通期刊·第一作者,,第一作者,2026-07-22,,2.0,通过,张伟,符合认定条件，通过
202400380,申请专利,一种基于视觉的后视镜盲区监测装置,发明专利·第一发明人,,第一发明人,2026-06-23,,6.0,通过,张伟,材料齐全，同意认定
202400380,其他实践活动,德国亚琛工业大学线上交流项目,学术交流访问·出境交流,,,2026-08-28,,2.0,待审核,,
202400381,前沿学术报告,汽车百家讲坛,第11期以后·智能制造与数字化工厂实践,,,2025-01-15,,0.25,通过,张伟,佐证材料完整，予以通过
202400381,年度创新创业项目,省级·核心成员,智能导览机器人设计与实现,,核心成员,2025-12-09,2027-06-30,3.0,通过,张伟,佐证材料完整，予以通过
202400381,科技创新竞赛,全国大学生节能减排社会实践与科技竞赛,,省级·一等奖,第二完成人,2025-12-26,,2.1,待审核,,
202400381,创业实践,新能源汽车科普工作室,注册成立公司·团队成员,,团队成员,2026-08-27,,2.0,待审核,,
202400381,学术论文,基于深度学习的路面裂缝检测方法研究,普通期刊·第二作者,,第二作者,2026-08-20,,1.0,通过,张伟,符合认定条件，通过
202400381,申请专利,一种电动汽车电池包液冷结构,实用新型专利·第一发明人,,第一发明人,2026-06-06,,3.0,通过,张伟,符合认定条件，通过
202400381,其他实践活动,汽车造型设计工作坊,学术交流访问·出境交流,,,2026-06-03,,2.0,通过,张伟,材料齐全，同意认定
202400382,前沿学术报告,汽车百家讲坛,第1-5期·动力电池热管理关键技术,,,2025-01-22,,0.25,通过,张伟,材料齐全，同意认定
202400382,年度创新创业项目,省级·一般成员,校园共享电动车调度优化研究,,一般成员,2025-05-20,2027-06-30,1.5,通过,张伟,符合认定条件，通过
202400382,科技创新竞赛,中国大学生方程式汽车大赛,,国家级·二等奖,第一完成人,2026-05-26,,4.0,通过,张伟,材料齐全，同意认定
202400382,创业实践,校内共享打印服务站,注册成立公司·合伙人,,合伙人,2026-02-22,,4.0,通过,张伟,材料齐全，同意认定
202400382,学术论文,燃料电池汽车氢气循环系统特性分析,国际/国内会议·第二作者,,第二作者,2026-01-23,,2.0,通过,张伟,材料齐全，同意认定
202400382,申请专利,一种电动汽车电池包液冷结构,实用新型专利·第一发明人,,第一发明人,2026-06-14,,3.0,通过,张伟,符合认定条件，通过
202400382,其他实践活动,全国大学生汽车科技夏令营,学术交流访问·境内交流,,,2025-08-10,,1.0,通过,张伟,符合认定条件，通过
202400383,前沿学术报告,汽车百家讲坛,第1-5期·动力电池热管理关键技术,,,2025-06-06,,0.25,驳回,张伟,材料不完整，请补充佐证后重新提交
202400383,年度创新创业项目,国家级·负责人,二手车价格预测模型构建,,负责人,2025-03-26,2027-06-30,6.0,待审核,,
202400383,科技创新竞赛,挑战杯全国大学生课外学术科技作品竞赛,,国家级·一等奖,第一完成人,2026-05-16,,6.0,驳回,张伟,材料不完整，请补充佐证后重新提交
202400383,创业实践,新能源汽车科普工作室,创业训练计划·负责人,,负责人,2026-05-04,,3.0,通过,张伟,符合认定条件，通过
202400383,学术论文,汽车主动悬架半主动控制策略仿真,核心期刊·第二作者,,第二作者,2026-02-17,,2.0,待审核,,
202400383,申请专利,一种多功能汽车后备箱收纳架,实用新型专利·第一发明人,,第一发明人,2026-01-20,,3.0,通过,张伟,材料齐全，同意认定
202400383,其他实践活动,汽车工程学院企业行,学术交流访问·境内交流,,,2025-09-01,,1.0,通过,张伟,佐证材料完整，予以通过
202400384,前沿学术报告,汽车百家讲坛,第6-10期·新能源汽车动力总成发展趋势,,,2025-02-15,,0.25,通过,张伟,佐证材料完整，予以通过
202400384,年度创新创业项目,校级·核心成员,太阳能小车能量管理策略研究,,核心成员,2025-04-23,2027-06-30,1.5,通过,张伟,材料齐全，同意认定
202400384,科技创新竞赛,中国国际大学生创新大赛,,国家级·三等奖,负责人,2025-03-01,,2.0,待审核,,
202400384,创业实践,大学生汽车文创工作室,创业训练计划·团队成员,,团队成员,2026-03-12,,1.5,通过,张伟,佐证材料完整，予以通过
202400384,学术论文,基于深度学习的路面裂缝检测方法研究,核心期刊·第一作者,,第一作者,2026-06-10,,4.0,通过,张伟,材料齐全，同意认定
202400384,申请专利,一种电动汽车电池包液冷结构,发明专利·第一发明人,,第一发明人,2026-06-16,,6.0,通过,张伟,符合认定条件，通过
202400384,其他实践活动,暑期高校科学营活动,学术交流访问·境内交流,,,2025-05-10,,1.0,通过,张伟,符合认定条件，通过
202400385,前沿学术报告,汽车百家讲坛,第6-10期·汽车轻量化设计与新材料应用,,,2026-06-10,,0.25,通过,张伟,符合认定条件，通过
202400385,年度创新创业项目,院级·核心成员,基于深度学习的交通标志识别系统,,核心成员,2025-12-28,2027-06-30,0.5,通过,张伟,符合认定条件，通过
202400385,科技创新竞赛,校智能车校内选拔赛,,校级·二等奖,第三完成人,2026-01-23,,0.25,通过,张伟,材料齐全，同意认定
202400385,创业实践,智能驾培服务平台,创业训练计划·负责人,,负责人,2026-04-26,,3.0,通过,张伟,符合认定条件，通过
202400385,学术论文,混合动力汽车能量管理策略仿真,核心期刊·第二作者,,第二作者,2026-06-24,,2.0,通过,张伟,佐证材料完整，予以通过
202400385,申请专利,一种可调节角度的车载平板支架,实用新型专利·第一发明人,,第一发明人,2026-08-22,,3.0,通过,张伟,佐证材料完整，予以通过
202400385,其他实践活动,智能驾驶技术专题培训,技能资格培训·初级,,,2026-04-06,,0.5,通过,张伟,材料齐全，同意认定
202400386,前沿学术报告,名家学术讲座,单场·氢能及燃料电池汽车产业展望,,,2025-12-27,,0.5,通过,张伟,佐证材料完整，予以通过
202400386,年度创新创业项目,院级·负责人,新能源汽车电池热管理优化研究,,负责人,2025-04-14,2027-06-30,1.0,通过,张伟,佐证材料完整，予以通过
202400386,科技创新竞赛,全国大学生智能汽车竞赛,,省级·三等奖,负责人,2026-05-10,,1.0,通过,张伟,材料齐全，同意认定
202400386,创业实践,二手车检测陪购服务工作室,注册成立公司·团队成员,,团队成员,2026-07-16,,2.0,通过,张伟,材料齐全，同意认定
202400386,学术论文,基于YOLO的车距保持辅助算法研究,国际/国内会议·第二作者,,第二作者,2026-06-04,,2.0,通过,张伟,材料齐全，同意认定
202400386,申请专利,一种新能源汽车充电枪锁止机构,实用新型专利·第一发明人,,第一发明人,2026-03-18,,3.0,通过,张伟,佐证材料完整，予以通过
202400386,其他实践活动,汽车工程学院企业行,学科冬夏令营·省级,,,2026-03-22,,1.0,通过,张伟,符合认定条件，通过
202400387,前沿学术报告,汽车百家讲坛,第11期以后·汽车空气动力学优化设计,,,2026-04-25,,0.25,通过,张伟,佐证材料完整，予以通过
202400387,年度创新创业项目,院级·负责人,太阳能小车能量管理策略研究,,负责人,2025-11-25,2027-06-30,1.0,通过,张伟,佐证材料完整，予以通过
202400387,科技创新竞赛,全国大学生数学建模竞赛,,国家级·二等奖,第二完成人,2025-02-08,,2.8,通过,张伟,符合认定条件，通过
202400387,创业实践,校园二手书流转平台,注册成立公司·团队成员,,团队成员,2026-06-08,,2.0,通过,张伟,佐证材料完整，予以通过
202400387,学术论文,汽车主动悬架半主动控制策略仿真,普通期刊·其他作者,,其他作者,2026-05-08,,0.5,通过,张伟,佐证材料完整，予以通过
202400387,申请专利,一种电动汽车电池包液冷结构,实用新型专利·第一发明人,,第一发明人,2026-07-11,,3.0,待审核,,
202400387,其他实践活动,汽车造型设计工作坊,学科冬夏令营·省级,,,2026-06-15,,1.0,驳回,张伟,时间信息有误，请核对后重新提交
202400388,前沿学术报告,汽车百家讲坛,第1-5期·无人驾驶环境感知技术进展,,,2026-03-10,,0.25,通过,张伟,佐证材料完整，予以通过
202400388,年度创新创业项目,校级·一般成员,车载OBD数据采集与驾驶行为分析,,一般成员,2025-12-11,2027-06-30,1.0,通过,张伟,符合认定条件，通过
202400388,科技创新竞赛,校智能车校内选拔赛,,校级·二等奖,第一完成人,2025-07-07,,0.5,待审核,,
202400388,创业实践,校园二手书流转平台,入驻孵化器·团队成员,,团队成员,2026-01-06,,2.0,待院长审批,张伟,初审通过，转院长审批
202400388,学术论文,低温环境下锂电池充放电特性研究,普通期刊·第一作者,,第一作者,2026-02-09,,2.0,通过,张伟,材料齐全，同意认定
202400388,申请专利,一种多功能汽车后备箱收纳架,外观设计专利·第一发明人,,第一发明人,2026-03-23,,2.0,驳回,张伟,材料不完整，请补充佐证后重新提交
202400388,其他实践活动,智能驾驶技术专题培训,学科冬夏令营·国家级,,,2026-06-08,,2.0,通过,张伟,材料齐全，同意认定
202400389,前沿学术报告,名家学术讲座,单场·新能源汽车动力总成发展趋势,,,2025-03-07,,0.5,通过,张伟,材料齐全，同意认定
202400389,年度创新创业项目,省级·核心成员,智能导览机器人设计与实现,,核心成员,2025-09-22,2027-06-30,3.0,通过,张伟,符合认定条件，通过
202400389,科技创新竞赛,全国大学生数学建模竞赛,,国家级·三等奖,核心成员,2025-03-07,,1.2,待审核,,
202400389,创业实践,校园二手书流转平台,创业训练计划·负责人,,负责人,2026-06-04,,3.0,公示中,张伟,符合认定条件，通过
202400389,学术论文,基于深度学习的路面裂缝检测方法研究,国际/国内会议·第二作者,,第二作者,2026-02-06,,2.0,通过,张伟,佐证材料完整，予以通过
202400389,申请专利,一种车载智能空气净化装置,发明专利·第一发明人,,第一发明人,2026-07-20,,6.0,待审核,,
202400389,其他实践活动,德国亚琛工业大学线上交流项目,学术交流访问·境内交流,,,2026-08-10,,1.0,通过,张伟,佐证材料完整，予以通过
202400390,前沿学术报告,汽车百家讲坛,第6-10期·智能网联汽车技术前沿,,,2025-11-15,,0.25,通过,张伟,佐证材料完整，予以通过
202400390,年度创新创业项目,校级·一般成员,氢燃料电池汽车散热性能仿真分析,,一般成员,2025-03-13,2027-06-30,1.0,通过,张伟,材料齐全，同意认定
202400390,科技创新竞赛,全国大学生数学建模竞赛,,省级·二等奖,负责人,2025-07-12,,2.0,通过,张伟,佐证材料完整，予以通过
202400390,创业实践,新能源汽车科普工作室,入驻孵化器·团队成员,,团队成员,2026-06-27,,2.0,通过,张伟,佐证材料完整，予以通过
202400390,学术论文,电动汽车无线充电耦合机构优化设计,普通期刊·第二作者,,第二作者,2026-05-01,,1.0,通过,张伟,佐证材料完整，予以通过
202400390,申请专利,一种新能源汽车充电枪锁止机构,实用新型专利·第一发明人,,第一发明人,2026-08-06,,3.0,通过,张伟,佐证材料完整，予以通过
202400390,其他实践活动,全国大学生汽车科技夏令营,学科冬夏令营·国家级,,,2026-04-26,,2.0,通过,张伟,符合认定条件，通过
202400391,前沿学术报告,汽车百家讲坛,第6-10期·汽车空气动力学优化设计,,,2025-10-26,,0.25,公示中,张伟,符合认定条件，通过
202400391,年度创新创业项目,省级·一般成员,太阳能小车能量管理策略研究,,一般成员,2025-07-26,2027-06-30,1.5,驳回,张伟,时间信息有误，请核对后重新提交
202400391,科技创新竞赛,挑战杯全国大学生课外学术科技作品竞赛,,国家级·二等奖,核心成员,2025-10-27,,2.4,驳回,张伟,盖章缺失，请重新上传完整材料
202400391,创业实践,大学生汽车文创工作室,入驻孵化器·负责人,,负责人,2026-01-04,,4.0,待审核,,
202400391,学术论文,低温环境下锂电池充放电特性研究,国际/国内会议·其他作者,,其他作者,2026-03-25,,1.0,通过,张伟,材料齐全，同意认定
202400391,申请专利,一种新能源汽车充电枪锁止机构,实用新型专利·第一发明人,,第一发明人,2026-01-05,,3.0,通过,张伟,佐证材料完整，予以通过
202400391,其他实践活动,德国亚琛工业大学线上交流项目,技能资格培训·中级,,,2026-01-21,,1.0,通过,张伟,材料齐全，同意认定
202400392,前沿学术报告,信息科学论坛,第6期以后·动力电池热管理关键技术,,,2025-10-08,,0.25,通过,张伟,符合认定条件，通过
202400392,年度创新创业项目,校级·负责人,车载OBD数据采集与驾驶行为分析,,负责人,2025-01-25,2027-06-30,2.0,驳回,张伟,材料不完整，请补充佐证后重新提交
202400392,科技创新竞赛,全国大学生数学建模竞赛,,省级·三等奖,负责人,2026-03-14,,1.0,通过,张伟,材料齐全，同意认定
202400392,创业实践,新能源汽车科普工作室,入驻孵化器·团队成员,,团队成员,2026-02-28,,2.0,通过,张伟,材料齐全，同意认定
202400392,学术论文,基于多目标优化的车身结构轻量化设计,核心期刊·第一作者,,第一作者,2026-08-01,,4.0,通过,张伟,佐证材料完整，予以通过
202400392,申请专利,一种新能源汽车充电枪锁止机构,实用新型专利·其他发明人,,其他发明人,2026-07-21,,1.5,待审核,,
202400392,其他实践活动,暑期高校科学营活动,学科冬夏令营·国家级,,,2026-06-08,,2.0,待审核,,
202400393,前沿学术报告,名家学术讲座,单场·汽车空气动力学优化设计,,,2026-05-07,,0.5,待审核,,
202400393,年度创新创业项目,校级·负责人,校园共享电动车调度优化研究,,负责人,2025-07-21,2027-06-30,2.0,通过,张伟,材料齐全，同意认定
202400393,科技创新竞赛,校智能车校内选拔赛,,校级·一等奖,第二完成人,2025-03-25,,0.7,通过,张伟,材料齐全，同意认定
202400393,创业实践,新能源汽车科普工作室,注册成立公司·团队成员,,团队成员,2026-03-19,,2.0,通过,张伟,材料齐全，同意认定
202400393,学术论文,混合动力汽车能量管理策略仿真,普通期刊·第二作者,,第二作者,2026-05-17,,1.0,通过,张伟,佐证材料完整，予以通过
202400393,申请专利,一种新能源汽车充电枪锁止机构,实用新型专利·第一发明人,,第一发明人,2026-08-27,,3.0,通过,张伟,佐证材料完整，予以通过
202400393,其他实践活动,汽车工程学院企业行,学术交流访问·出境交流,,,2025-03-21,,2.0,通过,张伟,符合认定条件，通过
202400394,前沿学术报告,汽车百家讲坛,第6-10期·动力电池热管理关键技术,,,2026-08-12,,0.25,通过,张伟,佐证材料完整，予以通过
202400394,年度创新创业项目,校级·核心成员,二手车价格预测模型构建,,核心成员,2025-03-20,2027-06-30,1.5,待审核,,
202400394,科技创新竞赛,挑战杯全国大学生课外学术科技作品竞赛,,省级·一等奖,第二完成人,2025-11-05,,2.1,驳回,张伟,材料不完整，请补充佐证后重新提交
202400394,创业实践,新能源汽车科普工作室,入驻孵化器·负责人,,负责人,2026-03-09,,4.0,驳回,张伟,材料不完整，请补充佐证后重新提交
202400394,学术论文,基于多目标优化的车身结构轻量化设计,国际/国内会议·第二作者,,第二作者,2026-07-15,,2.0,公示中,张伟,佐证材料完整，予以通过
202400394,申请专利,一种可调节角度的车载平板支架,外观设计专利·第一发明人,,第一发明人,2026-03-11,,2.0,通过,张伟,材料齐全，同意认定
202400394,其他实践活动,智能驾驶技术专题培训,学术交流访问·出境交流,,,2025-03-12,,2.0,驳回,张伟,认定依据不足，请补充说明材料
202400395,前沿学术报告,汽车百家讲坛,第6-10期·新能源汽车动力总成发展趋势,,,2025-02-17,,0.25,通过,张伟,佐证材料完整，予以通过
202400395,年度创新创业项目,校级·核心成员,氢燃料电池汽车散热性能仿真分析,,核心成员,2025-03-25,2027-06-30,1.5,通过,张伟,符合认定条件，通过
202400395,科技创新竞赛,全国大学生智能汽车竞赛,,国家级·二等奖,第二完成人,2025-07-19,,2.8,通过,张伟,材料齐全，同意认定
202400395,创业实践,新能源汽车科普工作室,创业训练计划·团队成员,,团队成员,2026-04-08,,1.5,通过,张伟,符合认定条件，通过
202400395,学术论文,基于YOLO的车距保持辅助算法研究,普通期刊·其他作者,,其他作者,2026-07-08,,0.5,通过,张伟,佐证材料完整，予以通过
202400395,申请专利,一种电动汽车电池包液冷结构,外观设计专利·其他发明人,,其他发明人,2026-02-13,,1.0,驳回,张伟,盖章缺失，请重新上传完整材料
202400395,其他实践活动,德国亚琛工业大学线上交流项目,学术交流访问·境内交流,,,2025-02-19,,1.0,待审核,,
202400396,前沿学术报告,汽车百家讲坛,第11期以后·车载总线与嵌入式系统开发,,,2025-09-18,,0.25,通过,张伟,材料齐全，同意认定
202400396,年度创新创业项目,校级·核心成员,基于STM32的智能循迹小车,,核心成员,2025-09-13,2027-06-30,1.5,通过,张伟,符合认定条件，通过
202400396,科技创新竞赛,全国大学生节能减排社会实践与科技竞赛,,省级·一等奖,负责人,2026-08-08,,3.0,待审核,,
202400396,创业实践,大学生汽车文创工作室,创业训练计划·团队成员,,团队成员,2026-07-28,,1.5,待审核,,
202400396,学术论文,低温环境下锂电池充放电特性研究,国际/国内会议·第一作者,,第一作者,2026-07-22,,3.0,通过,张伟,材料齐全，同意认定
202400396,申请专利,一种基于视觉的后视镜盲区监测装置,发明专利·其他发明人,,其他发明人,2026-05-24,,3.0,通过,张伟,符合认定条件，通过
202400396,其他实践活动,汽车造型设计工作坊,技能资格培训·中级,,,2025-08-01,,1.0,通过,张伟,佐证材料完整，予以通过
202400397,前沿学术报告,汽车百家讲坛,第6-10期·汽车轻量化设计与新材料应用,,,2025-07-02,,0.25,通过,张伟,符合认定条件，通过
202400397,年度创新创业项目,省级·负责人,氢燃料电池汽车散热性能仿真分析,,负责人,2025-09-06,2027-06-30,4.0,待审核,,
202400397,科技创新竞赛,挑战杯全国大学生课外学术科技作品竞赛,,国家级·一等奖,第一完成人,2025-07-01,,6.0,通过,张伟,符合认定条件，通过
202400397,创业实践,校园二手书流转平台,创业训练计划·负责人,,负责人,2026-03-21,,3.0,通过,张伟,材料齐全，同意认定
202400397,学术论文,混合动力汽车能量管理策略仿真,普通期刊·第一作者,,第一作者,2026-01-24,,2.0,通过,张伟,符合认定条件，通过
202400397,申请专利,一种多功能汽车后备箱收纳架,外观设计专利·第一发明人,,第一发明人,2026-08-03,,2.0,通过,张伟,材料齐全，同意认定
202400397,其他实践活动,汽车造型设计工作坊,技能资格培训·初级,,,2025-07-21,,0.5,待审核,,
202400398,前沿学术报告,汽车百家讲坛,第6-10期·氢能及燃料电池汽车产业展望,,,2026-06-15,,0.25,待审核,,
202400398,年度创新创业项目,国家级·核心成员,二手车价格预测模型构建,,核心成员,2025-09-26,2027-06-30,4.0,通过,张伟,佐证材料完整，予以通过
202400398,科技创新竞赛,全国大学生智能汽车竞赛,,国家级·三等奖,负责人,2025-12-07,,2.0,待审核,,
202400398,创业实践,大学生汽车文创工作室,创业训练计划·团队成员,,团队成员,2026-03-07,,1.5,待院长审批,张伟,初审通过，转院长审批
202400398,学术论文,燃料电池汽车氢气循环系统特性分析,国际/国内会议·第一作者,,第一作者,2026-07-13,,3.0,通过,张伟,符合认定条件，通过
202400398,申请专利,一种多功能汽车后备箱收纳架,外观设计专利·其他发明人,,其他发明人,2026-06-26,,1.0,通过,张伟,佐证材料完整，予以通过
202400398,其他实践活动,汽车工程学院企业行,学科冬夏令营·国家级,,,2025-08-12,,2.0,公示中,张伟,符合认定条件，通过
202400399,前沿学术报告,汽车百家讲坛,第6-10期·汽车空气动力学优化设计,,,2026-02-26,,0.25,待审核,,
202400399,年度创新创业项目,校级·一般成员,太阳能小车能量管理策略研究,,一般成员,2025-10-25,2027-06-30,1.0,通过,张伟,佐证材料完整，予以通过
202400399,科技创新竞赛,全国大学生智能汽车竞赛,,国家级·一等奖,第三完成人,2026-08-23,,3.0,通过,张伟,符合认定条件，通过
202400399,创业实践,校园二手书流转平台,注册成立公司·合伙人,,合伙人,2026-07-21,,4.0,通过,张伟,符合认定条件，通过
202400399,学术论文,基于深度学习的路面裂缝检测方法研究,SCI/EI 收录·第二作者,,第二作者,2026-07-12,,4.0,待审核,,
202400399,申请专利,一种基于视觉的后视镜盲区监测装置,实用新型专利·其他发明人,,其他发明人,2026-07-03,,1.5,通过,张伟,符合认定条件，通过
202400399,其他实践活动,汽车工程学院企业行,学科冬夏令营·省级,,,2026-05-08,,1.0,驳回,张伟,材料不完整，请补充佐证后重新提交
202400400,前沿学术报告,信息科学论坛,第6期以后·智能制造与数字化工厂实践,,,2025-02-18,,0.25,公示中,张伟,符合认定条件，通过
202400400,年度创新创业项目,校级·一般成员,新能源汽车电池热管理优化研究,,一般成员,2025-02-23,2027-06-30,1.0,通过,张伟,符合认定条件，通过
202400400,科技创新竞赛,全国大学生数学建模竞赛,,国家级·二等奖,第二完成人,2025-10-08,,2.8,待审核,,
202400400,创业实践,新能源汽车科普工作室,注册成立公司·团队成员,,团队成员,2026-04-25,,2.0,驳回,张伟,时间信息有误，请核对后重新提交
202400400,学术论文,基于深度学习的路面裂缝检测方法研究,核心期刊·第一作者,,第一作者,2026-04-10,,4.0,通过,张伟,符合认定条件，通过
202400400,申请专利,一种电动汽车电池包液冷结构,实用新型专利·其他发明人,,其他发明人,2026-05-16,,1.5,通过,张伟,符合认定条件，通过
202400400,其他实践活动,汽车工程学院企业行,学科冬夏令营·校级,,,2026-04-07,,0.5,通过,张伟,佐证材料完整，予以通过
202400401,前沿学术报告,汽车百家讲坛,第11期以后·车载总线与嵌入式系统开发,,,2026-08-23,,0.25,待审核,,
202400401,年度创新创业项目,校级·一般成员,智能导览机器人设计与实现,,一般成员,2025-04-23,2027-06-30,1.0,驳回,张伟,材料不完整，请补充佐证后重新提交
202400401,科技创新竞赛,全国大学生机械创新设计大赛,,国家级·三等奖,第三完成人,2025-11-26,,1.0,驳回,张伟,认定依据不足，请补充说明材料
202400401,创业实践,校园二手书流转平台,注册成立公司·团队成员,,团队成员,2026-01-22,,2.0,待审核,,
202400401,学术论文,基于多目标优化的车身结构轻量化设计,国际/国内会议·第二作者,,第二作者,2026-08-09,,2.0,通过,张伟,佐证材料完整，予以通过
202400401,申请专利,一种车载智能空气净化装置,发明专利·其他发明人,,其他发明人,2026-08-14,,3.0,通过,张伟,符合认定条件，通过
202400401,其他实践活动,暑期高校科学营活动,学科冬夏令营·省级,,,2025-02-15,,1.0,通过,张伟,材料齐全，同意认定
202400402,前沿学术报告,汽车百家讲坛,第6-10期·汽车芯片与域控制器架构,,,2025-06-01,,0.25,通过,张伟,符合认定条件，通过
202400402,年度创新创业项目,院级·一般成员,校园共享电动车调度优化研究,,一般成员,2025-02-13,2027-06-30,0.5,通过,张伟,材料齐全，同意认定
202400402,科技创新竞赛,中国大学生方程式汽车大赛,,国家级·三等奖,第二完成人,2026-02-01,,1.4,通过,张伟,材料齐全，同意认定
202400402,创业实践,校园二手书流转平台,注册成立公司·合伙人,,合伙人,2026-08-23,,4.0,待审核,,
202400402,学术论文,混合动力汽车能量管理策略仿真,普通期刊·第一作者,,第一作者,2026-04-14,,2.0,通过,张伟,符合认定条件，通过
202400402,申请专利,一种基于视觉的后视镜盲区监测装置,实用新型专利·其他发明人,,其他发明人,2026-05-27,,1.5,待审核,,
202400402,其他实践活动,汽车造型设计工作坊,学科冬夏令营·国家级,,,2026-02-22,,2.0,驳回,张伟,时间信息有误，请核对后重新提交
202400403,前沿学术报告,名家学术讲座,单场·汽车轻量化设计与新材料应用,,,2025-04-16,,0.5,待审核,,
202400403,年度创新创业项目,院级·一般成员,车载OBD数据采集与驾驶行为分析,,一般成员,2025-09-09,2027-06-30,0.5,通过,张伟,材料齐全，同意认定
202400403,科技创新竞赛,全国大学生机械创新设计大赛,,国家级·一等奖,核心成员,2026-05-20,,3.6,通过,张伟,材料齐全，同意认定
202400403,创业实践,新能源汽车科普工作室,注册成立公司·团队成员,,团队成员,2026-02-27,,2.0,通过,张伟,材料齐全，同意认定
202400403,学术论文,混合动力汽车能量管理策略仿真,普通期刊·其他作者,,其他作者,2026-05-25,,0.5,通过,张伟,佐证材料完整，予以通过
202400403,申请专利,一种新能源汽车充电枪锁止机构,实用新型专利·第一发明人,,第一发明人,2026-05-14,,3.0,通过,张伟,佐证材料完整，予以通过
202400403,其他实践活动,德国亚琛工业大学线上交流项目,技能资格培训·初级,,,2025-04-15,,0.5,通过,张伟,符合认定条件，通过
202400404,前沿学术报告,汽车百家讲坛,第6-10期·无人驾驶环境感知技术进展,,,2025-01-05,,0.25,通过,张伟,材料齐全，同意认定
202400404,年度创新创业项目,校级·核心成员,校园共享电动车调度优化研究,,核心成员,2025-07-07,2027-06-30,1.5,通过,张伟,材料齐全，同意认定
202400404,科技创新竞赛,中国大学生方程式汽车大赛,,国家级·三等奖,第三完成人,2025-04-03,,1.0,通过,张伟,材料齐全，同意认定
202400404,创业实践,校内共享打印服务站,入驻孵化器·负责人,,负责人,2026-04-13,,4.0,驳回,张伟,材料不完整，请补充佐证后重新提交
202400404,学术论文,基于多目标优化的车身结构轻量化设计,SCI/EI 收录·第二作者,,第二作者,2026-03-10,,4.0,驳回,张伟,盖章缺失，请重新上传完整材料
202400404,申请专利,一种电动汽车电池包液冷结构,实用新型专利·第一发明人,,第一发明人,2026-01-22,,3.0,待审核,,
202400404,其他实践活动,暑期高校科学营活动,技能资格培训·中级,,,2025-03-01,,1.0,通过,张伟,佐证材料完整，予以通过
202400405,前沿学术报告,汽车百家讲坛,第1-5期·无人驾驶环境感知技术进展,,,2026-05-27,,0.25,通过,张伟,佐证材料完整，予以通过
202400405,年度创新创业项目,校级·负责人,校园共享电动车调度优化研究,,负责人,2025-03-23,2027-06-30,2.0,待审核,,
202400405,科技创新竞赛,校智能车校内选拔赛,,校级·三等奖,负责人,2026-03-28,,0.5,通过,张伟,材料齐全，同意认定
202400405,创业实践,二手车检测陪购服务工作室,注册成立公司·法人代表,,法人代表,2026-04-06,,6.0,通过,张伟,材料齐全，同意认定
202400405,学术论文,汽车主动悬架半主动控制策略仿真,SCI/EI 收录·其他作者,,其他作者,2026-04-06,,2.0,公示中,张伟,符合认定条件，通过
202400405,申请专利,一种新能源汽车充电枪锁止机构,实用新型专利·其他发明人,,其他发明人,2026-04-23,,1.5,通过,张伟,材料齐全，同意认定
202400405,其他实践活动,智能驾驶技术专题培训,技能资格培训·中级,,,2026-04-08,,1.0,待审核,,
202400406,前沿学术报告,名家学术讲座,单场·汽车轻量化设计与新材料应用,,,2025-04-25,,0.5,通过,张伟,佐证材料完整，予以通过
202400406,年度创新创业项目,省级·一般成员,基于机器视觉的行人过街检测系统,,一般成员,2025-11-07,2027-06-30,1.5,通过,张伟,佐证材料完整，予以通过
202400406,科技创新竞赛,挑战杯全国大学生课外学术科技作品竞赛,,国家级·二等奖,核心成员,2025-08-23,,2.4,待审核,,
202400406,创业实践,校园二手书流转平台,注册成立公司·团队成员,,团队成员,2026-02-07,,2.0,待审核,,
202400406,学术论文,燃料电池汽车氢气循环系统特性分析,国际/国内会议·第一作者,,第一作者,2026-04-21,,3.0,通过,张伟,佐证材料完整，予以通过
202400406,申请专利,一种电动汽车电池包液冷结构,实用新型专利·其他发明人,,其他发明人,2026-07-26,,1.5,通过,张伟,符合认定条件，通过
202400406,其他实践活动,德国亚琛工业大学线上交流项目,学科冬夏令营·省级,,,2026-06-11,,1.0,通过,张伟,符合认定条件，通过
202400407,前沿学术报告,名家学术讲座,单场·汽车空气动力学优化设计,,,2025-04-03,,0.5,待审核,,
202400407,年度创新创业项目,省级·负责人,基于深度学习的交通标志识别系统,,负责人,2025-08-28,2027-06-30,4.0,通过,张伟,佐证材料完整，予以通过
202400407,科技创新竞赛,全国大学生节能减排社会实践与科技竞赛,,省级·一等奖,第一完成人,2025-08-02,,3.0,待审核,,
202400407,创业实践,二手车检测陪购服务工作室,入驻孵化器·负责人,,负责人,2026-02-11,,4.0,通过,张伟,佐证材料完整，予以通过
202400407,学术论文,基于YOLO的车距保持辅助算法研究,核心期刊·第一作者,,第一作者,2026-05-28,,4.0,通过,张伟,材料齐全，同意认定
202400407,申请专利,一种电动汽车电池包液冷结构,实用新型专利·其他发明人,,其他发明人,2026-01-13,,1.5,待审核,,
202400407,其他实践活动,德国亚琛工业大学线上交流项目,技能资格培训·初级,,,2025-11-01,,0.5,通过,张伟,材料齐全，同意认定
202400408,前沿学术报告,汽车百家讲坛,第11期以后·动力电池热管理关键技术,,,2025-12-08,,0.25,通过,张伟,佐证材料完整，予以通过
202400408,年度创新创业项目,院级·一般成员,基于深度学习的交通标志识别系统,,一般成员,2025-05-19,2027-06-30,0.5,待审核,,
202400408,科技创新竞赛,全国大学生机械创新设计大赛,,国家级·三等奖,第一完成人,2025-05-12,,2.0,通过,张伟,材料齐全，同意认定
202400408,创业实践,智能驾培服务平台,入驻孵化器·负责人,,负责人,2026-01-22,,4.0,通过,张伟,佐证材料完整，予以通过
202400408,学术论文,基于多目标优化的车身结构轻量化设计,SCI/EI 收录·第一作者,,第一作者,2026-07-11,,6.0,驳回,张伟,时间信息有误，请核对后重新提交
202400408,申请专利,一种多功能汽车后备箱收纳架,实用新型专利·第一发明人,,第一发明人,2026-02-22,,3.0,通过,张伟,佐证材料完整，予以通过
202400408,其他实践活动,汽车工程学院企业行,技能资格培训·中级,,,2025-08-10,,1.0,通过,张伟,材料齐全，同意认定
202400409,前沿学术报告,汽车百家讲坛,第11期以后·无人驾驶环境感知技术进展,,,2026-04-26,,0.25,通过,张伟,佐证材料完整，予以通过
202400409,年度创新创业项目,校级·一般成员,基于STM32的智能循迹小车,,一般成员,2025-11-18,2027-06-30,1.0,待审核,,
202400409,科技创新竞赛,中国国际大学生创新大赛,,省级·一等奖,第一完成人,2025-06-04,,3.0,通过,张伟,符合认定条件，通过
202400409,创业实践,智能驾培服务平台,注册成立公司·法人代表,,法人代表,2026-08-17,,6.0,通过,张伟,佐证材料完整，予以通过
202400409,学术论文,低温环境下锂电池充放电特性研究,国际/国内会议·第一作者,,第一作者,2026-01-11,,3.0,待审核,,
202400409,申请专利,一种电动汽车电池包液冷结构,外观设计专利·第一发明人,,第一发明人,2026-07-07,,2.0,通过,张伟,材料齐全，同意认定
202400409,其他实践活动,全国大学生汽车科技夏令营,学科冬夏令营·省级,,,2025-02-10,,1.0,通过,张伟,佐证材料完整，予以通过
202400410,前沿学术报告,汽车百家讲坛,第11期以后·氢能及燃料电池汽车产业展望,,,2025-10-10,,0.25,待审核,,
202400410,年度创新创业项目,校级·核心成员,太阳能小车能量管理策略研究,,核心成员,2025-12-01,2027-06-30,1.5,通过,张伟,材料齐全，同意认定
202400410,科技创新竞赛,挑战杯全国大学生课外学术科技作品竞赛,,国家级·二等奖,第三完成人,2025-10-04,,2.0,通过,张伟,材料齐全，同意认定
202400410,创业实践,智能驾培服务平台,注册成立公司·合伙人,,合伙人,2026-02-08,,4.0,通过,张伟,材料齐全，同意认定
202400410,学术论文,电动汽车无线充电耦合机构优化设计,SCI/EI 收录·其他作者,,其他作者,2026-05-16,,2.0,待审核,,
202400410,申请专利,一种新能源汽车充电枪锁止机构,外观设计专利·第一发明人,,第一发明人,2026-01-10,,2.0,通过,张伟,佐证材料完整，予以通过
202400410,其他实践活动,德国亚琛工业大学线上交流项目,学术交流访问·境内交流,,,2025-04-11,,1.0,通过,张伟,佐证材料完整，予以通过
202400411,前沿学术报告,名家学术讲座,单场·智能网联汽车技术前沿,,,2025-11-22,,0.5,通过,张伟,材料齐全，同意认定
202400411,年度创新创业项目,校级·一般成员,智能导览机器人设计与实现,,一般成员,2025-02-21,2027-06-30,1.0,驳回,张伟,认定依据不足，请补充说明材料
202400411,科技创新竞赛,全国大学生智能汽车竞赛,,国家级·一等奖,核心成员,2025-01-28,,3.6,通过,张伟,佐证材料完整，予以通过
202400411,创业实践,智能驾培服务平台,创业训练计划·负责人,,负责人,2026-02-07,,3.0,通过,张伟,佐证材料完整，予以通过
202400411,学术论文,基于YOLO的车距保持辅助算法研究,普通期刊·第一作者,,第一作者,2026-07-04,,2.0,通过,张伟,佐证材料完整，予以通过
202400411,申请专利,一种新能源汽车充电枪锁止机构,外观设计专利·第一发明人,,第一发明人,2026-04-13,,2.0,待审核,,
202400411,其他实践活动,智能驾驶技术专题培训,技能资格培训·中级,,,2025-11-26,,1.0,通过,张伟,材料齐全，同意认定
202400412,前沿学术报告,汽车百家讲坛,第6-10期·新能源汽车动力总成发展趋势,,,2026-08-28,,0.25,通过,张伟,材料齐全，同意认定
202400412,年度创新创业项目,省级·核心成员,车载OBD数据采集与驾驶行为分析,,核心成员,2025-05-06,2027-06-30,3.0,待审核,,
202400412,科技创新竞赛,全国大学生智能汽车竞赛,,国家级·三等奖,第一完成人,2026-01-06,,2.0,通过,张伟,佐证材料完整，予以通过
202400412,创业实践,智能驾培服务平台,创业训练计划·团队成员,,团队成员,2026-03-04,,1.5,通过,张伟,材料齐全，同意认定
202400412,学术论文,基于YOLO的车距保持辅助算法研究,核心期刊·第一作者,,第一作者,2026-03-26,,4.0,通过,张伟,材料齐全，同意认定
202400412,申请专利,一种新能源汽车充电枪锁止机构,实用新型专利·其他发明人,,其他发明人,2026-07-25,,1.5,通过,张伟,符合认定条件，通过
202400412,其他实践活动,智能驾驶技术专题培训,学术交流访问·出境交流,,,2025-01-20,,2.0,通过,张伟,佐证材料完整，予以通过
202400413,前沿学术报告,汽车百家讲坛,第6-10期·车载总线与嵌入式系统开发,,,2025-12-04,,0.25,通过,张伟,材料齐全，同意认定
202400413,年度创新创业项目,校级·负责人,二手车价格预测模型构建,,负责人,2025-04-07,2027-06-30,2.0,通过,张伟,佐证材料完整，予以通过
202400413,科技创新竞赛,中国大学生方程式汽车大赛,,国家级·二等奖,第三完成人,2025-02-21,,2.0,通过,张伟,佐证材料完整，予以通过
202400413,创业实践,大学生汽车文创工作室,创业训练计划·团队成员,,团队成员,2026-02-07,,1.5,通过,张伟,符合认定条件，通过
202400413,学术论文,基于YOLO的车距保持辅助算法研究,国际/国内会议·其他作者,,其他作者,2026-08-06,,1.0,通过,张伟,符合认定条件，通过
202400413,申请专利,一种基于视觉的后视镜盲区监测装置,实用新型专利·其他发明人,,其他发明人,2026-02-07,,1.5,通过,张伟,符合认定条件，通过
202400413,其他实践活动,德国亚琛工业大学线上交流项目,学术交流访问·境内交流,,,2026-01-14,,1.0,公示中,张伟,材料齐全，同意认定
202400414,前沿学术报告,信息科学论坛,第6期以后·无人驾驶环境感知技术进展,,,2026-01-26,,0.25,待审核,,
202400414,年度创新创业项目,省级·一般成员,汽车内饰件轻量化设计,,一般成员,2025-11-24,2027-06-30,1.5,通过,张伟,材料齐全，同意认定
202400414,科技创新竞赛,全国大学生数学建模竞赛,,国家级·一等奖,第二完成人,2025-08-20,,4.2,通过,张伟,符合认定条件，通过
202400414,创业实践,校内共享打印服务站,入驻孵化器·团队成员,,团队成员,2026-01-14,,2.0,待审核,,
202400414,学术论文,混合动力汽车能量管理策略仿真,国际/国内会议·第二作者,,第二作者,2026-05-01,,2.0,通过,张伟,佐证材料完整，予以通过
202400414,申请专利,一种多功能汽车后备箱收纳架,实用新型专利·第一发明人,,第一发明人,2026-05-20,,3.0,待审核,,
202400414,其他实践活动,暑期高校科学营活动,学术交流访问·出境交流,,,2025-12-14,,2.0,通过,张伟,材料齐全，同意认定
202400415,前沿学术报告,信息科学论坛,第1-5期·汽车轻量化设计与新材料应用,,,2025-03-15,,0.25,通过,张伟,佐证材料完整，予以通过
202400415,年度创新创业项目,校级·一般成员,二手车价格预测模型构建,,一般成员,2025-03-09,2027-06-30,1.0,通过,张伟,符合认定条件，通过
202400415,科技创新竞赛,中国国际大学生创新大赛,,国家级·二等奖,第二完成人,2025-05-25,,2.8,通过,张伟,材料齐全，同意认定
202400415,创业实践,大学生汽车文创工作室,创业训练计划·负责人,,负责人,2026-02-24,,3.0,待审核,,
202400415,学术论文,低温环境下锂电池充放电特性研究,核心期刊·其他作者,,其他作者,2026-04-23,,1.0,通过,张伟,符合认定条件，通过
202400415,申请专利,一种新能源汽车充电枪锁止机构,实用新型专利·第一发明人,,第一发明人,2026-06-20,,3.0,待审核,,
202400415,其他实践活动,全国大学生汽车科技夏令营,学科冬夏令营·省级,,,2026-07-25,,1.0,通过,张伟,佐证材料完整，予以通过
202400416,前沿学术报告,汽车百家讲坛,第6-10期·新能源汽车动力总成发展趋势,,,2025-08-04,,0.25,通过,张伟,符合认定条件，通过
202400416,年度创新创业项目,校级·一般成员,氢燃料电池汽车散热性能仿真分析,,一般成员,2025-01-12,2027-06-30,1.0,通过,张伟,符合认定条件，通过
202400416,科技创新竞赛,山东省大学生机电产品创新设计竞赛,,省级·三等奖,第二完成人,2026-04-23,,0.7,待审核,,
202400416,创业实践,二手车检测陪购服务工作室,入驻孵化器·团队成员,,团队成员,2026-06-05,,2.0,通过,张伟,材料齐全，同意认定
202400416,学术论文,混合动力汽车能量管理策略仿真,普通期刊·第二作者,,第二作者,2026-05-27,,1.0,通过,张伟,材料齐全，同意认定
202400416,申请专利,一种基于视觉的后视镜盲区监测装置,外观设计专利·第一发明人,,第一发明人,2026-08-21,,2.0,通过,张伟,符合认定条件，通过
202400416,其他实践活动,汽车造型设计工作坊,学术交流访问·境内交流,,,2025-02-02,,1.0,通过,张伟,符合认定条件，通过
202400417,前沿学术报告,汽车百家讲坛,第11期以后·车载总线与嵌入式系统开发,,,2026-01-28,,0.25,驳回,张伟,材料不完整，请补充佐证后重新提交
202400417,年度创新创业项目,校级·核心成员,基于深度学习的交通标志识别系统,,核心成员,2025-07-20,2027-06-30,1.5,通过,张伟,符合认定条件，通过
202400417,科技创新竞赛,挑战杯全国大学生课外学术科技作品竞赛,,国家级·二等奖,第二完成人,2025-05-15,,2.8,驳回,张伟,盖章缺失，请重新上传完整材料
202400417,创业实践,大学生汽车文创工作室,创业训练计划·负责人,,负责人,2026-03-06,,3.0,通过,张伟,佐证材料完整，予以通过
202400417,学术论文,基于深度学习的路面裂缝检测方法研究,国际/国内会议·第一作者,,第一作者,2026-07-09,,3.0,通过,张伟,材料齐全，同意认定
202400417,申请专利,一种基于视觉的后视镜盲区监测装置,发明专利·其他发明人,,其他发明人,2026-04-28,,3.0,待审核,,
202400417,其他实践活动,智能驾驶技术专题培训,学术交流访问·境内交流,,,2025-01-20,,1.0,通过,张伟,材料齐全，同意认定
202400418,前沿学术报告,汽车百家讲坛,第6-10期·无人驾驶环境感知技术进展,,,2025-01-25,,0.25,通过,张伟,材料齐全，同意认定
202400418,年度创新创业项目,省级·一般成员,校园共享电动车调度优化研究,,一般成员,2025-07-18,2027-06-30,1.5,通过,张伟,材料齐全，同意认定
202400418,科技创新竞赛,中国大学生方程式汽车大赛,,国家级·一等奖,第三完成人,2025-12-20,,3.0,通过,张伟,佐证材料完整，予以通过
202400418,创业实践,智能驾培服务平台,创业训练计划·负责人,,负责人,2026-05-19,,3.0,通过,张伟,佐证材料完整，予以通过
202400418,学术论文,基于深度学习的路面裂缝检测方法研究,普通期刊·其他作者,,其他作者,2026-01-24,,0.5,驳回,张伟,盖章缺失，请重新上传完整材料
202400418,申请专利,一种电动汽车电池包液冷结构,实用新型专利·其他发明人,,其他发明人,2026-06-05,,1.5,通过,张伟,符合认定条件，通过
202400418,其他实践活动,德国亚琛工业大学线上交流项目,技能资格培训·中级,,,2026-04-23,,1.0,通过,张伟,佐证材料完整，予以通过
202400419,前沿学术报告,汽车百家讲坛,第6-10期·动力电池热管理关键技术,,,2026-08-27,,0.25,待审核,,
202400419,年度创新创业项目,校级·核心成员,汽车内饰件轻量化设计,,核心成员,2025-08-06,2027-06-30,1.5,待审核,,
202400419,科技创新竞赛,全国大学生机械创新设计大赛,,国家级·一等奖,第三完成人,2026-06-23,,3.0,通过,张伟,符合认定条件，通过
202400419,创业实践,校园二手书流转平台,入驻孵化器·负责人,,负责人,2026-02-24,,4.0,通过,张伟,符合认定条件，通过
202400419,学术论文,电动汽车无线充电耦合机构优化设计,SCI/EI 收录·其他作者,,其他作者,2026-05-13,,2.0,通过,张伟,佐证材料完整，予以通过
202400419,申请专利,一种基于视觉的后视镜盲区监测装置,实用新型专利·其他发明人,,其他发明人,2026-07-02,,1.5,待审核,,
202400419,其他实践活动,汽车工程学院企业行,学科冬夏令营·省级,,,2025-01-27,,1.0,公示中,张伟,符合认定条件，通过
202400420,前沿学术报告,汽车百家讲坛,第6-10期·车载总线与嵌入式系统开发,,,2025-12-04,,0.25,驳回,张伟,材料不完整，请补充佐证后重新提交
202400420,年度创新创业项目,校级·负责人,太阳能小车能量管理策略研究,,负责人,2025-05-14,2027-06-30,2.0,待审核,,
202400420,科技创新竞赛,挑战杯全国大学生课外学术科技作品竞赛,,省级·三等奖,核心成员,2026-03-06,,0.6,通过,张伟,材料齐全，同意认定
202400420,创业实践,智能驾培服务平台,注册成立公司·法人代表,,法人代表,2026-04-20,,6.0,通过,张伟,佐证材料完整，予以通过
202400420,学术论文,混合动力汽车能量管理策略仿真,核心期刊·第一作者,,第一作者,2026-04-27,,4.0,驳回,张伟,认定依据不足，请补充说明材料
202400420,申请专利,一种电动汽车电池包液冷结构,实用新型专利·第一发明人,,第一发明人,2026-07-13,,3.0,待院长审批,张伟,初审通过，转院长审批
202400420,其他实践活动,汽车工程学院企业行,技能资格培训·初级,,,2025-06-08,,0.5,通过,张伟,佐证材料完整，予以通过
202400421,前沿学术报告,汽车百家讲坛,第1-5期·汽车轻量化设计与新材料应用,,,2025-07-18,,0.25,通过,张伟,材料齐全，同意认定
202400421,年度创新创业项目,省级·核心成员,氢燃料电池汽车散热性能仿真分析,,核心成员,2025-07-26,2027-06-30,3.0,通过,张伟,材料齐全，同意认定
202400421,科技创新竞赛,全国大学生机械创新设计大赛,,省级·一等奖,核心成员,2026-02-07,,1.8,驳回,张伟,材料不完整，请补充佐证后重新提交
202400421,创业实践,校园二手书流转平台,创业训练计划·负责人,,负责人,2026-05-03,,3.0,通过,张伟,材料齐全，同意认定
202400421,学术论文,基于YOLO的车距保持辅助算法研究,核心期刊·第二作者,,第二作者,2026-04-16,,2.0,驳回,张伟,认定依据不足，请补充说明材料
202400421,申请专利,一种可调节角度的车载平板支架,外观设计专利·其他发明人,,其他发明人,2026-08-18,,1.0,通过,张伟,佐证材料完整，予以通过
202400421,其他实践活动,汽车造型设计工作坊,技能资格培训·高级,,,2026-04-10,,1.5,通过,张伟,佐证材料完整，予以通过
202400422,前沿学术报告,名家学术讲座,单场·车载总线与嵌入式系统开发,,,2026-02-14,,0.5,驳回,张伟,时间信息有误，请核对后重新提交
202400422,年度创新创业项目,校级·负责人,基于深度学习的交通标志识别系统,,负责人,2025-09-17,2027-06-30,2.0,通过,张伟,佐证材料完整，予以通过
202400422,科技创新竞赛,挑战杯全国大学生课外学术科技作品竞赛,,国家级·三等奖,核心成员,2026-06-20,,1.2,通过,张伟,材料齐全，同意认定
202400422,创业实践,智能驾培服务平台,创业训练计划·团队成员,,团队成员,2026-01-25,,1.5,待审核,,
202400422,学术论文,基于深度学习的路面裂缝检测方法研究,国际/国内会议·其他作者,,其他作者,2026-05-26,,1.0,通过,张伟,佐证材料完整，予以通过
202400422,申请专利,一种电动汽车电池包液冷结构,实用新型专利·第一发明人,,第一发明人,2026-02-06,,3.0,待审核,,
202400422,其他实践活动,汽车工程学院企业行,学术交流访问·境内交流,,,2026-01-24,,1.0,通过,张伟,材料齐全，同意认定
202400423,前沿学术报告,汽车百家讲坛,第1-5期·车载总线与嵌入式系统开发,,,2025-11-10,,0.25,通过,张伟,材料齐全，同意认定
202400423,年度创新创业项目,校级·负责人,智能导览机器人设计与实现,,负责人,2025-10-27,2027-06-30,2.0,待审核,,
202400423,科技创新竞赛,全国大学生节能减排社会实践与科技竞赛,,国家级·一等奖,核心成员,2026-08-16,,3.6,通过,张伟,佐证材料完整，予以通过
202400423,创业实践,智能驾培服务平台,入驻孵化器·负责人,,负责人,2026-08-17,,4.0,待审核,,
202400423,学术论文,汽车主动悬架半主动控制策略仿真,普通期刊·其他作者,,其他作者,2026-02-15,,0.5,通过,张伟,材料齐全，同意认定
202400423,申请专利,一种电动汽车电池包液冷结构,发明专利·第一发明人,,第一发明人,2026-07-20,,6.0,通过,张伟,佐证材料完整，予以通过
202400423,其他实践活动,全国大学生汽车科技夏令营,学科冬夏令营·省级,,,2025-12-13,,1.0,待审核,,
202400424,前沿学术报告,汽车百家讲坛,第1-5期·智能制造与数字化工厂实践,,,2026-08-09,,0.25,通过,张伟,符合认定条件，通过
202400424,年度创新创业项目,校级·一般成员,太阳能小车能量管理策略研究,,一般成员,2025-04-14,2027-06-30,1.0,通过,张伟,佐证材料完整，予以通过
202400424,科技创新竞赛,校智能车校内选拔赛,,校级·三等奖,第一完成人,2025-03-16,,0.5,通过,张伟,佐证材料完整，予以通过
202400424,创业实践,校内共享打印服务站,入驻孵化器·团队成员,,团队成员,2026-07-10,,2.0,通过,张伟,佐证材料完整，予以通过
202400424,学术论文,基于多目标优化的车身结构轻量化设计,SCI/EI 收录·第二作者,,第二作者,2026-07-22,,4.0,待审核,,
202400424,申请专利,一种新能源汽车充电枪锁止机构,实用新型专利·其他发明人,,其他发明人,2026-08-01,,1.5,通过,张伟,佐证材料完整，予以通过
202400424,其他实践活动,暑期高校科学营活动,学科冬夏令营·省级,,,2026-08-16,,1.0,待审核,,
202400425,前沿学术报告,信息科学论坛,第1-5期·无人驾驶环境感知技术进展,,,2025-02-14,,0.25,通过,张伟,符合认定条件，通过
202400425,年度创新创业项目,省级·负责人,太阳能小车能量管理策略研究,,负责人,2025-07-13,2027-06-30,4.0,公示中,张伟,符合认定条件，通过
202400425,科技创新竞赛,中国大学生方程式汽车大赛,,国家级·二等奖,第三完成人,2025-05-19,,2.0,待审核,,
202400425,创业实践,校园二手书流转平台,创业训练计划·团队成员,,团队成员,2026-03-02,,1.5,通过,张伟,佐证材料完整，予以通过
202400425,学术论文,基于多目标优化的车身结构轻量化设计,国际/国内会议·第一作者,,第一作者,2026-08-16,,3.0,通过,张伟,材料齐全，同意认定
202400425,申请专利,一种多功能汽车后备箱收纳架,实用新型专利·其他发明人,,其他发明人,2026-08-17,,1.5,通过,张伟,佐证材料完整，予以通过
202400425,其他实践活动,德国亚琛工业大学线上交流项目,学术交流访问·境内交流,,,2026-08-22,,1.0,待审核,,
202400426,前沿学术报告,信息科学论坛,第1-5期·汽车轻量化设计与新材料应用,,,2025-01-23,,0.25,通过,张伟,材料齐全，同意认定
202400426,年度创新创业项目,校级·核心成员,基于STM32的智能循迹小车,,核心成员,2025-03-27,2027-06-30,1.5,通过,张伟,佐证材料完整，予以通过
202400426,科技创新竞赛,中国国际大学生创新大赛,,国家级·三等奖,负责人,2025-05-26,,2.0,通过,张伟,佐证材料完整，予以通过
202400426,创业实践,校园二手书流转平台,注册成立公司·团队成员,,团队成员,2026-06-12,,2.0,通过,张伟,符合认定条件，通过
202400426,学术论文,基于YOLO的车距保持辅助算法研究,国际/国内会议·其他作者,,其他作者,2026-07-11,,1.0,通过,张伟,材料齐全，同意认定
202400426,申请专利,一种可调节角度的车载平板支架,外观设计专利·第一发明人,,第一发明人,2026-04-03,,2.0,待审核,,
202400426,其他实践活动,汽车工程学院企业行,技能资格培训·初级,,,2025-02-03,,0.5,通过,张伟,材料齐全，同意认定
202400427,前沿学术报告,汽车百家讲坛,第1-5期·新能源汽车动力总成发展趋势,,,2026-01-03,,0.25,通过,张伟,佐证材料完整，予以通过
202400427,年度创新创业项目,院级·一般成员,基于深度学习的交通标志识别系统,,一般成员,2025-01-26,2027-06-30,0.5,通过,张伟,佐证材料完整，予以通过
202400427,科技创新竞赛,全国大学生机械创新设计大赛,,国家级·一等奖,负责人,2025-07-18,,6.0,通过,张伟,佐证材料完整，予以通过
202400427,创业实践,大学生汽车文创工作室,注册成立公司·法人代表,,法人代表,2026-05-24,,6.0,通过,张伟,佐证材料完整，予以通过
202400427,学术论文,燃料电池汽车氢气循环系统特性分析,国际/国内会议·其他作者,,其他作者,2026-05-25,,1.0,通过,张伟,佐证材料完整，予以通过
202400427,申请专利,一种新能源汽车充电枪锁止机构,外观设计专利·第一发明人,,第一发明人,2026-04-22,,2.0,待审核,,
202400427,其他实践活动,暑期高校科学营活动,学科冬夏令营·国家级,,,2025-05-02,,2.0,通过,张伟,佐证材料完整，予以通过
202400428,前沿学术报告,信息科学论坛,第6期以后·无人驾驶环境感知技术进展,,,2026-08-14,,0.25,通过,张伟,符合认定条件，通过
202400428,年度创新创业项目,校级·负责人,轮胎花纹与湿滑路面制动性能仿真,,负责人,2025-03-28,2027-06-30,2.0,通过,张伟,佐证材料完整，予以通过
202400428,科技创新竞赛,全国大学生节能减排社会实践与科技竞赛,,国家级·一等奖,第三完成人,2025-10-20,,3.0,驳回,张伟,时间信息有误，请核对后重新提交
202400428,创业实践,校园二手书流转平台,入驻孵化器·团队成员,,团队成员,2026-06-05,,2.0,通过,张伟,材料齐全，同意认定
202400428,学术论文,低温环境下锂电池充放电特性研究,国际/国内会议·其他作者,,其他作者,2026-03-13,,1.0,待审核,,
202400428,申请专利,一种可调节角度的车载平板支架,外观设计专利·第一发明人,,第一发明人,2026-04-13,,2.0,通过,张伟,材料齐全，同意认定
202400428,其他实践活动,暑期高校科学营活动,学科冬夏令营·国家级,,,2026-06-23,,2.0,通过,张伟,材料齐全，同意认定
202400429,前沿学术报告,汽车百家讲坛,第6-10期·智能网联汽车技术前沿,,,2026-08-13,,0.25,驳回,张伟,盖章缺失，请重新上传完整材料
202400429,年度创新创业项目,院级·一般成员,校园共享电动车调度优化研究,,一般成员,2025-03-16,2027-06-30,0.5,通过,张伟,佐证材料完整，予以通过
202400429,科技创新竞赛,全国大学生数学建模竞赛,,省级·三等奖,核心成员,2026-08-14,,0.6,通过,张伟,佐证材料完整，予以通过
202400429,创业实践,大学生汽车文创工作室,入驻孵化器·负责人,,负责人,2026-04-16,,4.0,驳回,张伟,材料不完整，请补充佐证后重新提交
202400429,学术论文,基于深度学习的路面裂缝检测方法研究,SCI/EI 收录·第二作者,,第二作者,2026-01-28,,4.0,通过,张伟,符合认定条件，通过
202400429,申请专利,一种新能源汽车充电枪锁止机构,发明专利·其他发明人,,其他发明人,2026-05-24,,3.0,待院长审批,张伟,初审通过，转院长审批
202400429,其他实践活动,德国亚琛工业大学线上交流项目,学术交流访问·出境交流,,,2026-07-27,,2.0,通过,张伟,符合认定条件，通过
202400430,前沿学术报告,名家学术讲座,单场·氢能及燃料电池汽车产业展望,,,2025-03-21,,0.5,通过,张伟,符合认定条件，通过
202400430,年度创新创业项目,国家级·一般成员,汽车内饰件轻量化设计,,一般成员,2025-05-13,2027-06-30,2.0,通过,张伟,佐证材料完整，予以通过
202400430,科技创新竞赛,山东省大学生机电产品创新设计竞赛,,校级·二等奖,第二完成人,2026-05-03,,0.35,通过,张伟,佐证材料完整，予以通过
202400430,创业实践,新能源汽车科普工作室,入驻孵化器·团队成员,,团队成员,2026-05-04,,2.0,通过,张伟,佐证材料完整，予以通过
202400430,学术论文,基于多目标优化的车身结构轻量化设计,国际/国内会议·第一作者,,第一作者,2026-03-05,,3.0,通过,张伟,佐证材料完整，予以通过
202400430,申请专利,一种可调节角度的车载平板支架,实用新型专利·其他发明人,,其他发明人,2026-08-10,,1.5,通过,张伟,佐证材料完整，予以通过
202400430,其他实践活动,暑期高校科学营活动,技能资格培训·初级,,,2025-10-06,,0.5,通过,张伟,材料齐全，同意认定
202400431,前沿学术报告,汽车百家讲坛,第1-5期·无人驾驶环境感知技术进展,,,2025-09-03,,0.25,通过,张伟,符合认定条件，通过
202400431,年度创新创业项目,校级·一般成员,车载OBD数据采集与驾驶行为分析,,一般成员,2025-03-14,2027-06-30,1.0,通过,张伟,材料齐全，同意认定
202400431,科技创新竞赛,全国大学生数学建模竞赛,,省级·一等奖,核心成员,2025-08-01,,1.8,通过,张伟,材料齐全，同意认定
202400431,创业实践,智能驾培服务平台,注册成立公司·团队成员,,团队成员,2026-03-01,,2.0,通过,张伟,符合认定条件，通过
202400431,学术论文,基于YOLO的车距保持辅助算法研究,普通期刊·第一作者,,第一作者,2026-08-27,,2.0,待院长审批,张伟,初审通过，转院长审批
202400431,申请专利,一种电动汽车电池包液冷结构,外观设计专利·第一发明人,,第一发明人,2026-02-11,,2.0,通过,张伟,材料齐全，同意认定
202400431,其他实践活动,暑期高校科学营活动,学科冬夏令营·省级,,,2025-05-12,,1.0,通过,张伟,佐证材料完整，予以通过
202400432,前沿学术报告,汽车百家讲坛,第6-10期·汽车轻量化设计与新材料应用,,,2026-01-26,,0.25,待审核,,
202400432,年度创新创业项目,校级·核心成员,车载OBD数据采集与驾驶行为分析,,核心成员,2025-10-15,2027-06-30,1.5,通过,张伟,佐证材料完整，予以通过
202400432,科技创新竞赛,中国大学生方程式汽车大赛,,国家级·一等奖,核心成员,2026-04-22,,3.6,通过,张伟,材料齐全，同意认定
202400432,创业实践,智能驾培服务平台,入驻孵化器·团队成员,,团队成员,2026-08-23,,2.0,通过,张伟,符合认定条件，通过
202400432,学术论文,混合动力汽车能量管理策略仿真,国际/国内会议·第一作者,,第一作者,2026-02-02,,3.0,通过,张伟,佐证材料完整，予以通过
202400432,申请专利,一种车载智能空气净化装置,发明专利·第一发明人,,第一发明人,2026-04-07,,6.0,驳回,张伟,认定依据不足，请补充说明材料
202400432,其他实践活动,汽车工程学院企业行,技能资格培训·初级,,,2026-07-20,,0.5,待审核,,
202400433,前沿学术报告,信息科学论坛,第1-5期·动力电池热管理关键技术,,,2026-07-21,,0.25,通过,张伟,材料齐全，同意认定
202400433,年度创新创业项目,国家级·负责人,汽车内饰件轻量化设计,,负责人,2025-02-12,2027-06-30,6.0,通过,张伟,材料齐全，同意认定
202400433,科技创新竞赛,挑战杯全国大学生课外学术科技作品竞赛,,国家级·三等奖,第三完成人,2025-07-24,,1.0,公示中,张伟,材料齐全，同意认定
202400433,创业实践,校园二手书流转平台,入驻孵化器·负责人,,负责人,2026-06-16,,4.0,通过,张伟,符合认定条件，通过
202400433,学术论文,低温环境下锂电池充放电特性研究,SCI/EI 收录·第二作者,,第二作者,2026-06-05,,4.0,通过,张伟,符合认定条件，通过
202400433,申请专利,一种车载智能空气净化装置,发明专利·其他发明人,,其他发明人,2026-03-27,,3.0,待院长审批,张伟,初审通过，转院长审批
202400433,其他实践活动,德国亚琛工业大学线上交流项目,技能资格培训·高级,,,2025-03-15,,1.5,通过,张伟,佐证材料完整，予以通过
202400434,前沿学术报告,名家学术讲座,单场·动力电池热管理关键技术,,,2025-10-17,,0.5,驳回,张伟,认定依据不足，请补充说明材料
202400434,年度创新创业项目,省级·一般成员,氢燃料电池汽车散热性能仿真分析,,一般成员,2025-12-21,2027-06-30,1.5,通过,张伟,佐证材料完整，予以通过
202400434,科技创新竞赛,中国国际大学生创新大赛,,国家级·二等奖,第三完成人,2026-08-28,,2.0,通过,张伟,材料齐全，同意认定
202400434,创业实践,二手车检测陪购服务工作室,入驻孵化器·团队成员,,团队成员,2026-02-15,,2.0,通过,张伟,符合认定条件，通过
202400434,学术论文,基于深度学习的路面裂缝检测方法研究,普通期刊·第二作者,,第二作者,2026-02-09,,1.0,通过,张伟,材料齐全，同意认定
202400434,申请专利,一种多功能汽车后备箱收纳架,发明专利·第一发明人,,第一发明人,2026-06-21,,6.0,驳回,张伟,认定依据不足，请补充说明材料
202400434,其他实践活动,全国大学生汽车科技夏令营,学术交流访问·出境交流,,,2026-07-01,,2.0,待审核,,
202400435,前沿学术报告,汽车百家讲坛,第11期以后·氢能及燃料电池汽车产业展望,,,2026-01-07,,0.25,驳回,张伟,认定依据不足，请补充说明材料
202400435,年度创新创业项目,院级·核心成员,二手车价格预测模型构建,,核心成员,2025-11-02,2027-06-30,0.5,通过,张伟,佐证材料完整，予以通过
202400435,科技创新竞赛,中国大学生方程式汽车大赛,,国家级·二等奖,核心成员,2026-08-01,,2.4,通过,张伟,佐证材料完整，予以通过
202400435,创业实践,新能源汽车科普工作室,入驻孵化器·负责人,,负责人,2026-04-09,,4.0,待审核,,
202400435,学术论文,基于多目标优化的车身结构轻量化设计,普通期刊·第二作者,,第二作者,2026-03-27,,1.0,通过,张伟,佐证材料完整，予以通过
202400435,申请专利,一种多功能汽车后备箱收纳架,外观设计专利·第一发明人,,第一发明人,2026-04-04,,2.0,通过,张伟,佐证材料完整，予以通过
202400435,其他实践活动,汽车工程学院企业行,学科冬夏令营·国家级,,,2025-11-17,,2.0,通过,张伟,材料齐全，同意认定
202400436,前沿学术报告,汽车百家讲坛,第11期以后·智能网联汽车技术前沿,,,2025-03-14,,0.25,通过,张伟,符合认定条件，通过
202400436,年度创新创业项目,校级·一般成员,二手车价格预测模型构建,,一般成员,2025-02-20,2027-06-30,1.0,通过,张伟,材料齐全，同意认定
202400436,科技创新竞赛,挑战杯全国大学生课外学术科技作品竞赛,,国家级·三等奖,第一完成人,2025-12-12,,2.0,通过,张伟,符合认定条件，通过
202400436,创业实践,校内共享打印服务站,入驻孵化器·负责人,,负责人,2026-03-26,,4.0,通过,张伟,材料齐全，同意认定
202400436,学术论文,基于深度学习的路面裂缝检测方法研究,普通期刊·第二作者,,第二作者,2026-02-18,,1.0,通过,张伟,材料齐全，同意认定
202400436,申请专利,一种车载智能空气净化装置,外观设计专利·其他发明人,,其他发明人,2026-04-03,,1.0,通过,张伟,材料齐全，同意认定
202400436,其他实践活动,暑期高校科学营活动,技能资格培训·高级,,,2025-06-21,,1.5,通过,张伟,佐证材料完整，予以通过
202400437,前沿学术报告,信息科学论坛,第6期以后·车载总线与嵌入式系统开发,,,2025-07-07,,0.25,通过,周建军,符合认定条件，通过
202400437,年度创新创业项目,院级·负责人,基于深度学习的交通标志识别系统,,负责人,2025-05-11,2027-06-30,1.0,公示中,周建军,材料齐全，同意认定
202400437,科技创新竞赛,校智能车校内选拔赛,,校级·二等奖,第一完成人,2026-07-12,,0.5,待审核,,
202400437,创业实践,二手车检测陪购服务工作室,入驻孵化器·团队成员,,团队成员,2026-06-08,,2.0,通过,周建军,符合认定条件，通过
202400437,学术论文,低温环境下锂电池充放电特性研究,普通期刊·第二作者,,第二作者,2026-05-06,,1.0,待审核,,
202400437,申请专利,一种多功能汽车后备箱收纳架,外观设计专利·第一发明人,,第一发明人,2026-02-15,,2.0,通过,周建军,符合认定条件，通过
202400437,其他实践活动,汽车造型设计工作坊,学术交流访问·境内交流,,,2025-12-07,,1.0,通过,周建军,符合认定条件，通过
202400438,前沿学术报告,汽车百家讲坛,第1-5期·汽车轻量化设计与新材料应用,,,2025-09-15,,0.25,驳回,周建军,盖章缺失，请重新上传完整材料
202400438,年度创新创业项目,省级·负责人,轮胎花纹与湿滑路面制动性能仿真,,负责人,2025-05-23,2027-06-30,4.0,通过,周建军,符合认定条件，通过
202400438,科技创新竞赛,全国大学生智能汽车竞赛,,国家级·三等奖,负责人,2026-03-13,,2.0,通过,周建军,材料齐全，同意认定
202400438,创业实践,校园二手书流转平台,创业训练计划·团队成员,,团队成员,2026-03-01,,1.5,通过,周建军,佐证材料完整，予以通过
202400438,学术论文,低温环境下锂电池充放电特性研究,国际/国内会议·第一作者,,第一作者,2026-02-06,,3.0,通过,周建军,材料齐全，同意认定
202400438,申请专利,一种基于视觉的后视镜盲区监测装置,实用新型专利·其他发明人,,其他发明人,2026-03-02,,1.5,公示中,周建军,材料齐全，同意认定
202400438,其他实践活动,智能驾驶技术专题培训,技能资格培训·高级,,,2026-03-02,,1.5,通过,周建军,材料齐全，同意认定
202400439,前沿学术报告,名家学术讲座,单场·智能制造与数字化工厂实践,,,2025-04-11,,0.5,通过,周建军,佐证材料完整，予以通过
202400439,年度创新创业项目,省级·负责人,汽车内饰件轻量化设计,,负责人,2025-01-18,2027-06-30,4.0,通过,周建军,佐证材料完整，予以通过
202400439,科技创新竞赛,中国国际大学生创新大赛,,国家级·一等奖,核心成员,2026-05-13,,3.6,通过,周建军,佐证材料完整，予以通过
202400439,创业实践,校园二手书流转平台,创业训练计划·团队成员,,团队成员,2026-03-18,,1.5,通过,周建军,符合认定条件，通过
202400439,学术论文,燃料电池汽车氢气循环系统特性分析,国际/国内会议·第二作者,,第二作者,2026-06-10,,2.0,驳回,周建军,时间信息有误，请核对后重新提交
202400439,申请专利,一种新能源汽车充电枪锁止机构,实用新型专利·其他发明人,,其他发明人,2026-03-19,,1.5,通过,周建军,材料齐全，同意认定
202400439,其他实践活动,智能驾驶技术专题培训,技能资格培训·高级,,,2025-03-09,,1.5,通过,周建军,材料齐全，同意认定
202400440,前沿学术报告,汽车百家讲坛,第11期以后·氢能及燃料电池汽车产业展望,,,2025-01-06,,0.25,通过,周建军,符合认定条件，通过
202400440,年度创新创业项目,省级·核心成员,车载OBD数据采集与驾驶行为分析,,核心成员,2025-12-01,2027-06-30,3.0,通过,周建军,材料齐全，同意认定
202400440,科技创新竞赛,中国国际大学生创新大赛,,省级·一等奖,核心成员,2026-03-10,,1.8,待院长审批,周建军,初审通过，转院长审批
202400440,创业实践,智能驾培服务平台,注册成立公司·法人代表,,法人代表,2026-07-17,,6.0,公示中,周建军,佐证材料完整，予以通过
202400440,学术论文,基于多目标优化的车身结构轻量化设计,核心期刊·第一作者,,第一作者,2026-06-17,,4.0,通过,周建军,佐证材料完整，予以通过
202400440,申请专利,一种可调节角度的车载平板支架,发明专利·第一发明人,,第一发明人,2026-07-14,,6.0,通过,周建军,材料齐全，同意认定
202400440,其他实践活动,德国亚琛工业大学线上交流项目,学科冬夏令营·省级,,,2025-12-26,,1.0,通过,周建军,佐证材料完整，予以通过
202400441,前沿学术报告,汽车百家讲坛,第1-5期·新能源汽车动力总成发展趋势,,,2026-07-13,,0.25,通过,周建军,佐证材料完整，予以通过
202400441,年度创新创业项目,院级·负责人,基于机器视觉的行人过街检测系统,,负责人,2025-12-24,2027-06-30,1.0,通过,周建军,佐证材料完整，予以通过
202400441,科技创新竞赛,山东省大学生机电产品创新设计竞赛,,省级·三等奖,第二完成人,2025-02-19,,0.7,通过,周建军,材料齐全，同意认定
202400441,创业实践,二手车检测陪购服务工作室,入驻孵化器·团队成员,,团队成员,2026-07-06,,2.0,通过,周建军,佐证材料完整，予以通过
202400441,学术论文,基于YOLO的车距保持辅助算法研究,国际/国内会议·第一作者,,第一作者,2026-03-20,,3.0,通过,周建军,符合认定条件，通过
202400441,申请专利,一种基于视觉的后视镜盲区监测装置,外观设计专利·第一发明人,,第一发明人,2026-06-26,,2.0,待院长审批,周建军,初审通过，转院长审批
202400441,其他实践活动,汽车工程学院企业行,学术交流访问·境内交流,,,2025-08-13,,1.0,待审核,,
202400442,前沿学术报告,汽车百家讲坛,第1-5期·汽车空气动力学优化设计,,,2026-08-20,,0.25,驳回,周建军,盖章缺失，请重新上传完整材料
202400442,年度创新创业项目,校级·一般成员,校园共享电动车调度优化研究,,一般成员,2025-10-28,2027-06-30,1.0,待审核,,
202400442,科技创新竞赛,全国大学生智能汽车竞赛,,国家级·一等奖,核心成员,2025-01-03,,3.6,待审核,,
202400442,创业实践,校内共享打印服务站,创业训练计划·负责人,,负责人,2026-03-18,,3.0,通过,周建军,佐证材料完整，予以通过
202400442,学术论文,汽车主动悬架半主动控制策略仿真,国际/国内会议·其他作者,,其他作者,2026-02-24,,1.0,驳回,周建军,时间信息有误，请核对后重新提交
202400442,申请专利,一种电动汽车电池包液冷结构,外观设计专利·第一发明人,,第一发明人,2026-03-26,,2.0,通过,周建军,佐证材料完整，予以通过
202400442,其他实践活动,汽车造型设计工作坊,学术交流访问·出境交流,,,2025-07-15,,2.0,公示中,周建军,符合认定条件，通过
202400443,前沿学术报告,汽车百家讲坛,第6-10期·汽车芯片与域控制器架构,,,2025-09-04,,0.25,通过,周建军,佐证材料完整，予以通过
202400443,年度创新创业项目,国家级·核心成员,基于深度学习的交通标志识别系统,,核心成员,2025-04-15,2027-06-30,4.0,通过,周建军,符合认定条件，通过
202400443,科技创新竞赛,挑战杯全国大学生课外学术科技作品竞赛,,国家级·三等奖,核心成员,2026-05-18,,1.2,通过,周建军,佐证材料完整，予以通过
202400443,创业实践,二手车检测陪购服务工作室,入驻孵化器·负责人,,负责人,2026-03-07,,4.0,通过,周建军,佐证材料完整，予以通过
202400443,学术论文,燃料电池汽车氢气循环系统特性分析,SCI/EI 收录·第二作者,,第二作者,2026-07-01,,4.0,待院长审批,周建军,初审通过，转院长审批
202400443,申请专利,一种车载智能空气净化装置,实用新型专利·其他发明人,,其他发明人,2026-06-19,,1.5,通过,周建军,材料齐全，同意认定
202400443,其他实践活动,智能驾驶技术专题培训,技能资格培训·中级,,,2026-03-24,,1.0,通过,周建军,佐证材料完整，予以通过
202400444,前沿学术报告,名家学术讲座,单场·氢能及燃料电池汽车产业展望,,,2025-04-02,,0.5,通过,周建军,佐证材料完整，予以通过
202400444,年度创新创业项目,院级·核心成员,校园共享电动车调度优化研究,,核心成员,2025-06-06,2027-06-30,0.5,通过,周建军,佐证材料完整，予以通过
202400444,科技创新竞赛,全国大学生智能汽车竞赛,,国家级·三等奖,负责人,2026-02-09,,2.0,通过,周建军,材料齐全，同意认定
202400444,创业实践,二手车检测陪购服务工作室,注册成立公司·法人代表,,法人代表,2026-03-18,,6.0,待院长审批,周建军,初审通过，转院长审批
202400444,学术论文,基于多目标优化的车身结构轻量化设计,SCI/EI 收录·其他作者,,其他作者,2026-02-14,,2.0,通过,周建军,材料齐全，同意认定
202400444,申请专利,一种可调节角度的车载平板支架,发明专利·第一发明人,,第一发明人,2026-05-25,,6.0,待院长审批,周建军,初审通过，转院长审批
202400444,其他实践活动,全国大学生汽车科技夏令营,技能资格培训·中级,,,2025-11-08,,1.0,待审核,,
202400445,前沿学术报告,名家学术讲座,单场·汽车轻量化设计与新材料应用,,,2025-07-22,,0.5,通过,周建军,材料齐全，同意认定
202400445,年度创新创业项目,省级·核心成员,新能源汽车电池热管理优化研究,,核心成员,2025-08-09,2027-06-30,3.0,通过,周建军,材料齐全，同意认定
202400445,科技创新竞赛,山东省大学生机电产品创新设计竞赛,,省级·三等奖,第三完成人,2025-01-01,,0.5,驳回,周建军,时间信息有误，请核对后重新提交
202400445,创业实践,新能源汽车科普工作室,入驻孵化器·负责人,,负责人,2026-01-24,,4.0,通过,周建军,材料齐全，同意认定
202400445,学术论文,汽车主动悬架半主动控制策略仿真,普通期刊·第一作者,,第一作者,2026-07-16,,2.0,待审核,,
202400445,申请专利,一种多功能汽车后备箱收纳架,实用新型专利·第一发明人,,第一发明人,2026-02-21,,3.0,待审核,,
202400445,其他实践活动,智能驾驶技术专题培训,学术交流访问·出境交流,,,2026-01-03,,2.0,通过,周建军,材料齐全，同意认定
202400446,前沿学术报告,汽车百家讲坛,第6-10期·智能制造与数字化工厂实践,,,2026-06-13,,0.25,通过,周建军,符合认定条件，通过
202400446,年度创新创业项目,校级·核心成员,氢燃料电池汽车散热性能仿真分析,,核心成员,2025-07-27,2027-06-30,1.5,通过,周建军,材料齐全，同意认定
202400446,科技创新竞赛,全国大学生智能汽车竞赛,,省级·一等奖,核心成员,2025-02-16,,1.8,驳回,周建军,材料不完整，请补充佐证后重新提交
202400446,创业实践,二手车检测陪购服务工作室,注册成立公司·团队成员,,团队成员,2026-06-16,,2.0,通过,周建军,佐证材料完整，予以通过
202400446,学术论文,基于多目标优化的车身结构轻量化设计,普通期刊·其他作者,,其他作者,2026-08-03,,0.5,通过,周建军,符合认定条件，通过
202400446,申请专利,一种电动汽车电池包液冷结构,实用新型专利·第一发明人,,第一发明人,2026-08-06,,3.0,通过,周建军,材料齐全，同意认定
202400446,其他实践活动,全国大学生汽车科技夏令营,学术交流访问·境内交流,,,2025-10-22,,1.0,通过,周建军,符合认定条件，通过
202400447,前沿学术报告,名家学术讲座,单场·无人驾驶环境感知技术进展,,,2026-01-28,,0.5,待审核,,
202400447,年度创新创业项目,院级·核心成员,新能源汽车电池热管理优化研究,,核心成员,2025-12-24,2027-06-30,0.5,通过,周建军,材料齐全，同意认定
202400447,科技创新竞赛,中国大学生方程式汽车大赛,,国家级·三等奖,第一完成人,2026-05-09,,2.0,驳回,周建军,盖章缺失，请重新上传完整材料
202400447,创业实践,校园二手书流转平台,创业训练计划·团队成员,,团队成员,2026-08-18,,1.5,待审核,,
202400447,学术论文,基于YOLO的车距保持辅助算法研究,普通期刊·第二作者,,第二作者,2026-08-14,,1.0,通过,周建军,材料齐全，同意认定
202400447,申请专利,一种新能源汽车充电枪锁止机构,发明专利·第一发明人,,第一发明人,2026-01-19,,6.0,待审核,,
202400447,其他实践活动,德国亚琛工业大学线上交流项目,学科冬夏令营·校级,,,2026-03-20,,0.5,通过,周建军,材料齐全，同意认定
202400448,前沿学术报告,信息科学论坛,第6期以后·智能网联汽车技术前沿,,,2026-05-15,,0.25,通过,周建军,符合认定条件，通过
202400448,年度创新创业项目,国家级·一般成员,校园共享电动车调度优化研究,,一般成员,2025-08-28,2027-06-30,2.0,待审核,,
202400448,科技创新竞赛,全国大学生数学建模竞赛,,省级·二等奖,第二完成人,2026-04-10,,1.4,通过,周建军,佐证材料完整，予以通过
202400448,创业实践,新能源汽车科普工作室,注册成立公司·法人代表,,法人代表,2026-02-23,,6.0,通过,周建军,佐证材料完整，予以通过
202400448,学术论文,基于多目标优化的车身结构轻量化设计,普通期刊·第一作者,,第一作者,2026-03-11,,2.0,通过,周建军,符合认定条件，通过
202400448,申请专利,一种车载智能空气净化装置,实用新型专利·其他发明人,,其他发明人,2026-05-15,,1.5,通过,周建军,材料齐全，同意认定
202400448,其他实践活动,暑期高校科学营活动,学科冬夏令营·国家级,,,2025-05-20,,2.0,待审核,,
202400449,前沿学术报告,汽车百家讲坛,第6-10期·智能制造与数字化工厂实践,,,2026-08-26,,0.25,待审核,,
202400449,年度创新创业项目,校级·一般成员,基于机器视觉的行人过街检测系统,,一般成员,2025-12-05,2027-06-30,1.0,驳回,周建军,时间信息有误，请核对后重新提交
202400449,科技创新竞赛,全国大学生节能减排社会实践与科技竞赛,,国家级·二等奖,第二完成人,2025-08-04,,2.8,待审核,,
202400449,创业实践,大学生汽车文创工作室,入驻孵化器·负责人,,负责人,2026-06-21,,4.0,通过,周建军,符合认定条件，通过
202400449,学术论文,电动汽车无线充电耦合机构优化设计,普通期刊·其他作者,,其他作者,2026-04-13,,0.5,通过,周建军,佐证材料完整，予以通过
202400449,申请专利,一种可调节角度的车载平板支架,发明专利·第一发明人,,第一发明人,2026-06-13,,6.0,待审核,,
202400449,其他实践活动,全国大学生汽车科技夏令营,技能资格培训·初级,,,2025-09-28,,0.5,通过,周建军,材料齐全，同意认定
202400450,前沿学术报告,汽车百家讲坛,第11期以后·氢能及燃料电池汽车产业展望,,,2026-03-01,,0.25,通过,周建军,材料齐全，同意认定
202400450,年度创新创业项目,院级·负责人,新能源汽车电池热管理优化研究,,负责人,2025-03-17,2027-06-30,1.0,驳回,周建军,材料不完整，请补充佐证后重新提交
202400450,科技创新竞赛,挑战杯全国大学生课外学术科技作品竞赛,,国家级·二等奖,负责人,2025-12-17,,4.0,通过,周建军,材料齐全，同意认定
202400450,创业实践,二手车检测陪购服务工作室,注册成立公司·团队成员,,团队成员,2026-07-11,,2.0,待审核,,
202400450,学术论文,低温环境下锂电池充放电特性研究,国际/国内会议·第一作者,,第一作者,2026-08-23,,3.0,待院长审批,周建军,初审通过，转院长审批
202400450,申请专利,一种车载智能空气净化装置,发明专利·第一发明人,,第一发明人,2026-07-15,,6.0,通过,周建军,佐证材料完整，予以通过
202400450,其他实践活动,智能驾驶技术专题培训,技能资格培训·中级,,,2026-04-05,,1.0,待审核,,
202400451,前沿学术报告,汽车百家讲坛,第11期以后·汽车轻量化设计与新材料应用,,,2026-02-05,,0.25,待审核,,
202400451,年度创新创业项目,校级·负责人,智能导览机器人设计与实现,,负责人,2025-06-17,2027-06-30,2.0,通过,周建军,材料齐全，同意认定
202400451,科技创新竞赛,中国大学生方程式汽车大赛,,国家级·三等奖,负责人,2026-05-01,,2.0,通过,周建军,材料齐全，同意认定
202400451,创业实践,智能驾培服务平台,创业训练计划·团队成员,,团队成员,2026-08-23,,1.5,通过,周建军,符合认定条件，通过
202400451,学术论文,基于YOLO的车距保持辅助算法研究,国际/国内会议·第一作者,,第一作者,2026-07-08,,3.0,通过,周建军,符合认定条件，通过
202400451,申请专利,一种基于视觉的后视镜盲区监测装置,实用新型专利·第一发明人,,第一发明人,2026-04-21,,3.0,待审核,,
202400451,其他实践活动,汽车造型设计工作坊,学科冬夏令营·省级,,,2026-08-21,,1.0,驳回,周建军,盖章缺失，请重新上传完整材料
202400452,前沿学术报告,名家学术讲座,单场·智能制造与数字化工厂实践,,,2025-10-10,,0.5,通过,周建军,符合认定条件，通过
202400452,年度创新创业项目,校级·一般成员,二手车价格预测模型构建,,一般成员,2025-07-21,2027-06-30,1.0,通过,周建军,材料齐全，同意认定
202400452,科技创新竞赛,全国大学生节能减排社会实践与科技竞赛,,国家级·二等奖,负责人,2026-08-22,,4.0,通过,周建军,符合认定条件，通过
202400452,创业实践,校内共享打印服务站,入驻孵化器·负责人,,负责人,2026-05-03,,4.0,通过,周建军,符合认定条件，通过
202400452,学术论文,汽车主动悬架半主动控制策略仿真,国际/国内会议·第一作者,,第一作者,2026-02-24,,3.0,待审核,,
202400452,申请专利,一种电动汽车电池包液冷结构,外观设计专利·第一发明人,,第一发明人,2026-02-04,,2.0,通过,周建军,符合认定条件，通过
202400452,其他实践活动,暑期高校科学营活动,学科冬夏令营·校级,,,2026-04-11,,0.5,通过,周建军,佐证材料完整，予以通过
202400453,前沿学术报告,汽车百家讲坛,第1-5期·汽车空气动力学优化设计,,,2025-07-03,,0.25,待审核,,
202400453,年度创新创业项目,校级·负责人,氢燃料电池汽车散热性能仿真分析,,负责人,2025-10-03,2027-06-30,2.0,待审核,,
202400453,科技创新竞赛,全国大学生机械创新设计大赛,,国家级·一等奖,核心成员,2025-07-05,,3.6,驳回,周建军,时间信息有误，请核对后重新提交
202400453,创业实践,新能源汽车科普工作室,创业训练计划·负责人,,负责人,2026-02-02,,3.0,通过,周建军,材料齐全，同意认定
202400453,学术论文,低温环境下锂电池充放电特性研究,SCI/EI 收录·第一作者,,第一作者,2026-02-12,,6.0,通过,周建军,符合认定条件，通过
202400453,申请专利,一种车载智能空气净化装置,发明专利·其他发明人,,其他发明人,2026-05-06,,3.0,通过,周建军,符合认定条件，通过
202400453,其他实践活动,汽车造型设计工作坊,学科冬夏令营·国家级,,,2025-04-06,,2.0,待审核,,
202400454,前沿学术报告,名家学术讲座,单场·动力电池热管理关键技术,,,2025-05-14,,0.5,驳回,周建军,时间信息有误，请核对后重新提交
202400454,年度创新创业项目,校级·负责人,新能源汽车电池热管理优化研究,,负责人,2025-04-18,2027-06-30,2.0,通过,周建军,佐证材料完整，予以通过
202400454,科技创新竞赛,全国大学生数学建模竞赛,,省级·一等奖,核心成员,2025-06-09,,1.8,通过,周建军,材料齐全，同意认定
202400454,创业实践,校园二手书流转平台,注册成立公司·合伙人,,合伙人,2026-06-03,,4.0,通过,周建军,符合认定条件，通过
202400454,学术论文,基于多目标优化的车身结构轻量化设计,国际/国内会议·第一作者,,第一作者,2026-07-16,,3.0,待审核,,
202400454,申请专利,一种新能源汽车充电枪锁止机构,实用新型专利·其他发明人,,其他发明人,2026-01-04,,1.5,通过,周建军,材料齐全，同意认定
202400454,其他实践活动,智能驾驶技术专题培训,学术交流访问·出境交流,,,2026-04-27,,2.0,通过,周建军,佐证材料完整，予以通过
202400455,前沿学术报告,汽车百家讲坛,第6-10期·动力电池热管理关键技术,,,2025-07-21,,0.25,驳回,周建军,盖章缺失，请重新上传完整材料
202400455,年度创新创业项目,院级·一般成员,车载OBD数据采集与驾驶行为分析,,一般成员,2025-07-24,2027-06-30,0.5,通过,周建军,材料齐全，同意认定
202400455,科技创新竞赛,校智能车校内选拔赛,,校级·三等奖,第三完成人,2025-03-04,,0.25,驳回,周建军,盖章缺失，请重新上传完整材料
202400455,创业实践,智能驾培服务平台,创业训练计划·团队成员,,团队成员,2026-02-14,,1.5,待院长审批,周建军,初审通过，转院长审批
202400455,学术论文,混合动力汽车能量管理策略仿真,国际/国内会议·第二作者,,第二作者,2026-05-02,,2.0,待审核,,
202400455,申请专利,一种可调节角度的车载平板支架,发明专利·第一发明人,,第一发明人,2026-04-28,,6.0,通过,周建军,材料齐全，同意认定
202400455,其他实践活动,汽车造型设计工作坊,学科冬夏令营·校级,,,2026-05-19,,0.5,通过,周建军,佐证材料完整，予以通过
202400456,前沿学术报告,名家学术讲座,单场·汽车轻量化设计与新材料应用,,,2026-05-02,,0.5,通过,周建军,佐证材料完整，予以通过
202400456,年度创新创业项目,校级·核心成员,轮胎花纹与湿滑路面制动性能仿真,,核心成员,2025-03-18,2027-06-30,1.5,通过,周建军,材料齐全，同意认定
202400456,科技创新竞赛,中国大学生方程式汽车大赛,,国家级·一等奖,第二完成人,2026-05-20,,4.2,通过,周建军,佐证材料完整，予以通过
202400456,创业实践,智能驾培服务平台,注册成立公司·法人代表,,法人代表,2026-06-21,,6.0,驳回,周建军,时间信息有误，请核对后重新提交
202400456,学术论文,低温环境下锂电池充放电特性研究,国际/国内会议·第二作者,,第二作者,2026-01-05,,2.0,驳回,周建军,盖章缺失，请重新上传完整材料
202400456,申请专利,一种新能源汽车充电枪锁止机构,发明专利·第一发明人,,第一发明人,2026-06-17,,6.0,待审核,,
202400456,其他实践活动,汽车工程学院企业行,学科冬夏令营·校级,,,2026-02-24,,0.5,待审核,,
202400457,前沿学术报告,信息科学论坛,第1-5期·智能网联汽车技术前沿,,,2026-04-04,,0.25,驳回,周建军,盖章缺失，请重新上传完整材料
202400457,年度创新创业项目,院级·核心成员,车载OBD数据采集与驾驶行为分析,,核心成员,2025-11-18,2027-06-30,0.5,通过,周建军,材料齐全，同意认定
202400457,科技创新竞赛,全国大学生节能减排社会实践与科技竞赛,,国家级·一等奖,负责人,2025-04-13,,6.0,待审核,,
202400457,创业实践,校内共享打印服务站,入驻孵化器·团队成员,,团队成员,2026-05-11,,2.0,通过,周建军,佐证材料完整，予以通过
202400457,学术论文,电动汽车无线充电耦合机构优化设计,核心期刊·第一作者,,第一作者,2026-04-11,,4.0,通过,周建军,材料齐全，同意认定
202400457,申请专利,一种多功能汽车后备箱收纳架,实用新型专利·其他发明人,,其他发明人,2026-01-12,,1.5,待审核,,
202400457,其他实践活动,全国大学生汽车科技夏令营,学科冬夏令营·校级,,,2026-03-23,,0.5,通过,周建军,符合认定条件，通过
202400458,前沿学术报告,汽车百家讲坛,第1-5期·智能网联汽车技术前沿,,,2025-04-13,,0.25,通过,周建军,符合认定条件，通过
202400458,年度创新创业项目,院级·核心成员,新能源汽车电池热管理优化研究,,核心成员,2025-06-18,2027-06-30,0.5,通过,周建军,佐证材料完整，予以通过
202400458,科技创新竞赛,中国大学生方程式汽车大赛,,国家级·一等奖,核心成员,2026-04-05,,3.6,驳回,周建军,认定依据不足，请补充说明材料
202400458,创业实践,大学生汽车文创工作室,注册成立公司·团队成员,,团队成员,2026-01-11,,2.0,驳回,周建军,盖章缺失，请重新上传完整材料
202400458,学术论文,电动汽车无线充电耦合机构优化设计,国际/国内会议·第一作者,,第一作者,2026-04-20,,3.0,通过,周建军,佐证材料完整，予以通过
202400458,申请专利,一种新能源汽车充电枪锁止机构,实用新型专利·第一发明人,,第一发明人,2026-08-27,,3.0,待审核,,
202400458,其他实践活动,全国大学生汽车科技夏令营,学科冬夏令营·省级,,,2026-04-15,,1.0,通过,周建军,佐证材料完整，予以通过
202400459,前沿学术报告,名家学术讲座,单场·智能制造与数字化工厂实践,,,2026-05-18,,0.5,驳回,周建军,材料不完整，请补充佐证后重新提交
202400459,年度创新创业项目,省级·负责人,太阳能小车能量管理策略研究,,负责人,2025-04-27,2027-06-30,4.0,通过,周建军,佐证材料完整，予以通过
202400459,科技创新竞赛,全国大学生机械创新设计大赛,,省级·一等奖,负责人,2025-07-27,,3.0,待审核,,
202400459,创业实践,大学生汽车文创工作室,创业训练计划·团队成员,,团队成员,2026-01-04,,1.5,待审核,,
202400459,学术论文,混合动力汽车能量管理策略仿真,国际/国内会议·第一作者,,第一作者,2026-08-24,,3.0,通过,周建军,符合认定条件，通过
202400459,申请专利,一种新能源汽车充电枪锁止机构,发明专利·第一发明人,,第一发明人,2026-08-11,,6.0,通过,周建军,符合认定条件，通过
202400459,其他实践活动,汽车工程学院企业行,技能资格培训·初级,,,2025-10-17,,0.5,通过,周建军,符合认定条件，通过
202400460,前沿学术报告,汽车百家讲坛,第6-10期·氢能及燃料电池汽车产业展望,,,2026-05-20,,0.25,通过,周建军,符合认定条件，通过
202400460,年度创新创业项目,省级·负责人,基于深度学习的交通标志识别系统,,负责人,2025-12-08,2027-06-30,4.0,待审核,,
202400460,科技创新竞赛,全国大学生机械创新设计大赛,,国家级·二等奖,第一完成人,2026-06-01,,4.0,通过,周建军,材料齐全，同意认定
202400460,创业实践,智能驾培服务平台,创业训练计划·负责人,,负责人,2026-03-12,,3.0,待审核,,
202400460,学术论文,汽车主动悬架半主动控制策略仿真,核心期刊·第一作者,,第一作者,2026-06-20,,4.0,通过,周建军,材料齐全，同意认定
202400460,申请专利,一种基于视觉的后视镜盲区监测装置,实用新型专利·其他发明人,,其他发明人,2026-03-15,,1.5,通过,周建军,佐证材料完整，予以通过
202400460,其他实践活动,德国亚琛工业大学线上交流项目,技能资格培训·初级,,,2025-10-23,,0.5,通过,周建军,佐证材料完整，予以通过
202400461,前沿学术报告,汽车百家讲坛,第6-10期·智能制造与数字化工厂实践,,,2025-11-06,,0.25,驳回,周建军,盖章缺失，请重新上传完整材料
202400461,年度创新创业项目,省级·负责人,基于深度学习的交通标志识别系统,,负责人,2025-10-02,2027-06-30,4.0,待审核,,
202400461,科技创新竞赛,中国大学生方程式汽车大赛,,国家级·二等奖,第一完成人,2025-05-04,,4.0,通过,周建军,佐证材料完整，予以通过
202400461,创业实践,二手车检测陪购服务工作室,创业训练计划·团队成员,,团队成员,2026-02-27,,1.5,通过,周建军,符合认定条件，通过
202400461,学术论文,基于深度学习的路面裂缝检测方法研究,国际/国内会议·第二作者,,第二作者,2026-05-09,,2.0,通过,周建军,符合认定条件，通过
202400461,申请专利,一种新能源汽车充电枪锁止机构,实用新型专利·第一发明人,,第一发明人,2026-08-20,,3.0,通过,周建军,材料齐全，同意认定
202400461,其他实践活动,汽车工程学院企业行,学术交流访问·境内交流,,,2025-03-26,,1.0,通过,周建军,材料齐全，同意认定
202400462,前沿学术报告,汽车百家讲坛,第1-5期·智能网联汽车技术前沿,,,2026-05-10,,0.25,通过,周建军,佐证材料完整，予以通过
202400462,年度创新创业项目,校级·一般成员,氢燃料电池汽车散热性能仿真分析,,一般成员,2025-04-22,2027-06-30,1.0,通过,周建军,材料齐全，同意认定
202400462,科技创新竞赛,全国大学生数学建模竞赛,,国家级·一等奖,第二完成人,2025-12-12,,4.2,通过,周建军,符合认定条件，通过
202400462,创业实践,大学生汽车文创工作室,入驻孵化器·团队成员,,团队成员,2026-06-27,,2.0,通过,周建军,材料齐全，同意认定
202400462,学术论文,汽车主动悬架半主动控制策略仿真,普通期刊·第一作者,,第一作者,2026-03-15,,2.0,通过,周建军,材料齐全，同意认定
202400462,申请专利,一种车载智能空气净化装置,实用新型专利·第一发明人,,第一发明人,2026-01-01,,3.0,待审核,,
202400462,其他实践活动,汽车造型设计工作坊,学科冬夏令营·省级,,,2025-07-22,,1.0,待审核,,
202400463,前沿学术报告,信息科学论坛,第6期以后·智能网联汽车技术前沿,,,2026-06-03,,0.25,驳回,周建军,材料不完整，请补充佐证后重新提交
202400463,年度创新创业项目,校级·负责人,基于深度学习的交通标志识别系统,,负责人,2025-05-22,2027-06-30,2.0,通过,周建军,材料齐全，同意认定
202400463,科技创新竞赛,挑战杯全国大学生课外学术科技作品竞赛,,国家级·一等奖,负责人,2025-11-25,,6.0,待审核,,
202400463,创业实践,大学生汽车文创工作室,创业训练计划·团队成员,,团队成员,2026-03-25,,1.5,通过,周建军,符合认定条件，通过
202400463,学术论文,混合动力汽车能量管理策略仿真,国际/国内会议·第一作者,,第一作者,2026-04-01,,3.0,通过,周建军,符合认定条件，通过
202400463,申请专利,一种可调节角度的车载平板支架,外观设计专利·其他发明人,,其他发明人,2026-08-10,,1.0,待审核,,
202400463,其他实践活动,全国大学生汽车科技夏令营,学术交流访问·境内交流,,,2025-07-06,,1.0,通过,周建军,佐证材料完整，予以通过
202400464,前沿学术报告,汽车百家讲坛,第1-5期·车载总线与嵌入式系统开发,,,2025-10-13,,0.25,通过,周建军,佐证材料完整，予以通过
202400464,年度创新创业项目,省级·一般成员,新能源汽车电池热管理优化研究,,一般成员,2025-06-03,2027-06-30,1.5,待审核,,
202400464,科技创新竞赛,全国大学生数学建模竞赛,,国家级·二等奖,核心成员,2026-08-27,,2.4,通过,周建军,符合认定条件，通过
202400464,创业实践,二手车检测陪购服务工作室,注册成立公司·合伙人,,合伙人,2026-05-04,,4.0,待审核,,
202400464,学术论文,燃料电池汽车氢气循环系统特性分析,普通期刊·其他作者,,其他作者,2026-05-07,,0.5,驳回,周建军,材料不完整，请补充佐证后重新提交
202400464,申请专利,一种新能源汽车充电枪锁止机构,实用新型专利·其他发明人,,其他发明人,2026-05-27,,1.5,通过,周建军,佐证材料完整，予以通过
202400464,其他实践活动,智能驾驶技术专题培训,学术交流访问·出境交流,,,2025-06-11,,2.0,通过,周建军,材料齐全，同意认定
202400465,前沿学术报告,名家学术讲座,单场·汽车芯片与域控制器架构,,,2025-09-10,,0.5,待审核,,
202400465,年度创新创业项目,校级·核心成员,基于机器视觉的行人过街检测系统,,核心成员,2025-03-01,2027-06-30,1.5,驳回,周建军,盖章缺失，请重新上传完整材料
202400465,科技创新竞赛,全国大学生机械创新设计大赛,,国家级·二等奖,第三完成人,2026-05-01,,2.0,待审核,,
202400465,创业实践,新能源汽车科普工作室,创业训练计划·负责人,,负责人,2026-07-24,,3.0,通过,周建军,符合认定条件，通过
202400465,学术论文,混合动力汽车能量管理策略仿真,SCI/EI 收录·第一作者,,第一作者,2026-08-16,,6.0,通过,周建军,材料齐全，同意认定
202400465,申请专利,一种电动汽车电池包液冷结构,发明专利·第一发明人,,第一发明人,2026-06-24,,6.0,通过,周建军,符合认定条件，通过
202400465,其他实践活动,汽车造型设计工作坊,技能资格培训·中级,,,2026-07-23,,1.0,通过,周建军,材料齐全，同意认定
202400466,前沿学术报告,名家学术讲座,单场·汽车芯片与域控制器架构,,,2026-03-23,,0.5,通过,周建军,佐证材料完整，予以通过
202400466,年度创新创业项目,院级·一般成员,基于机器视觉的行人过街检测系统,,一般成员,2025-06-20,2027-06-30,0.5,通过,周建军,材料齐全，同意认定
202400466,科技创新竞赛,中国国际大学生创新大赛,,国家级·一等奖,第二完成人,2026-07-27,,4.2,驳回,周建军,材料不完整，请补充佐证后重新提交
202400466,创业实践,新能源汽车科普工作室,入驻孵化器·团队成员,,团队成员,2026-04-07,,2.0,通过,周建军,符合认定条件，通过
202400466,学术论文,基于YOLO的车距保持辅助算法研究,核心期刊·第二作者,,第二作者,2026-06-23,,2.0,待审核,,
202400466,申请专利,一种多功能汽车后备箱收纳架,外观设计专利·其他发明人,,其他发明人,2026-05-22,,1.0,通过,周建军,材料齐全，同意认定
202400466,其他实践活动,德国亚琛工业大学线上交流项目,技能资格培训·高级,,,2025-01-07,,1.5,待审核,,
202400467,前沿学术报告,名家学术讲座,单场·汽车芯片与域控制器架构,,,2026-01-17,,0.5,驳回,周建军,认定依据不足，请补充说明材料
202400467,年度创新创业项目,国家级·一般成员,基于机器视觉的行人过街检测系统,,一般成员,2025-02-02,2027-06-30,2.0,通过,周建军,符合认定条件，通过
202400467,科技创新竞赛,山东省大学生机电产品创新设计竞赛,,省级·一等奖,第一完成人,2025-10-07,,3.0,待审核,,
202400467,创业实践,校园二手书流转平台,创业训练计划·团队成员,,团队成员,2026-01-17,,1.5,通过,周建军,佐证材料完整，予以通过
202400467,学术论文,基于YOLO的车距保持辅助算法研究,普通期刊·第二作者,,第二作者,2026-07-14,,1.0,通过,周建军,材料齐全，同意认定
202400467,申请专利,一种多功能汽车后备箱收纳架,实用新型专利·其他发明人,,其他发明人,2026-04-03,,1.5,待审核,,
202400467,其他实践活动,全国大学生汽车科技夏令营,学科冬夏令营·国家级,,,2025-08-28,,2.0,待审核,,
202400468,前沿学术报告,汽车百家讲坛,第1-5期·氢能及燃料电池汽车产业展望,,,2026-04-26,,0.25,通过,周建军,符合认定条件，通过
202400468,年度创新创业项目,校级·核心成员,校园共享电动车调度优化研究,,核心成员,2025-02-17,2027-06-30,1.5,通过,周建军,材料齐全，同意认定
202400468,科技创新竞赛,山东省大学生机电产品创新设计竞赛,,省级·一等奖,负责人,2026-01-11,,3.0,通过,周建军,材料齐全，同意认定
202400468,创业实践,校内共享打印服务站,注册成立公司·合伙人,,合伙人,2026-07-15,,4.0,通过,周建军,佐证材料完整，予以通过
202400468,学术论文,燃料电池汽车氢气循环系统特性分析,SCI/EI 收录·其他作者,,其他作者,2026-02-21,,2.0,通过,周建军,符合认定条件，通过
202400468,申请专利,一种可调节角度的车载平板支架,实用新型专利·第一发明人,,第一发明人,2026-03-16,,3.0,通过,周建军,佐证材料完整，予以通过
202400468,其他实践活动,暑期高校科学营活动,学术交流访问·境内交流,,,2025-12-05,,1.0,通过,周建军,材料齐全，同意认定
202400469,前沿学术报告,信息科学论坛,第6期以后·新能源汽车动力总成发展趋势,,,2026-04-28,,0.25,通过,周建军,佐证材料完整，予以通过
202400469,年度创新创业项目,校级·负责人,新能源汽车电池热管理优化研究,,负责人,2025-11-03,2027-06-30,2.0,待审核,,
202400469,科技创新竞赛,校智能车校内选拔赛,,校级·二等奖,第一完成人,2026-08-24,,0.5,通过,周建军,材料齐全，同意认定
202400469,创业实践,新能源汽车科普工作室,入驻孵化器·负责人,,负责人,2026-02-23,,4.0,待审核,,
202400469,学术论文,汽车主动悬架半主动控制策略仿真,核心期刊·第二作者,,第二作者,2026-01-28,,2.0,待审核,,
202400469,申请专利,一种可调节角度的车载平板支架,实用新型专利·第一发明人,,第一发明人,2026-01-12,,3.0,通过,周建军,符合认定条件，通过
202400469,其他实践活动,智能驾驶技术专题培训,技能资格培训·中级,,,2026-02-02,,1.0,驳回,周建军,盖章缺失，请重新上传完整材料
202400470,前沿学术报告,汽车百家讲坛,第6-10期·动力电池热管理关键技术,,,2026-01-13,,0.25,通过,周建军,符合认定条件，通过
202400470,年度创新创业项目,校级·一般成员,基于机器视觉的行人过街检测系统,,一般成员,2025-03-15,2027-06-30,1.0,通过,周建军,符合认定条件，通过
202400470,科技创新竞赛,山东省大学生机电产品创新设计竞赛,,校级·三等奖,第一完成人,2026-05-23,,0.5,通过,周建军,佐证材料完整，予以通过
202400470,创业实践,校园二手书流转平台,创业训练计划·团队成员,,团队成员,2026-01-21,,1.5,通过,周建军,符合认定条件，通过
202400470,学术论文,基于YOLO的车距保持辅助算法研究,SCI/EI 收录·第一作者,,第一作者,2026-05-17,,6.0,公示中,周建军,材料齐全，同意认定
202400470,申请专利,一种基于视觉的后视镜盲区监测装置,发明专利·第一发明人,,第一发明人,2026-04-07,,6.0,待审核,,
202400470,其他实践活动,智能驾驶技术专题培训,技能资格培训·初级,,,2025-11-23,,0.5,通过,周建军,符合认定条件，通过
202400471,前沿学术报告,汽车百家讲坛,第6-10期·车载总线与嵌入式系统开发,,,2026-01-26,,0.25,通过,周建军,材料齐全，同意认定
202400471,年度创新创业项目,校级·核心成员,轮胎花纹与湿滑路面制动性能仿真,,核心成员,2025-06-10,2027-06-30,1.5,待审核,,
202400471,科技创新竞赛,全国大学生智能汽车竞赛,,国家级·一等奖,核心成员,2026-02-19,,3.6,通过,周建军,佐证材料完整，予以通过
202400471,创业实践,校园二手书流转平台,注册成立公司·法人代表,,法人代表,2026-08-16,,6.0,通过,周建军,佐证材料完整，予以通过
202400471,学术论文,燃料电池汽车氢气循环系统特性分析,普通期刊·第二作者,,第二作者,2026-03-11,,1.0,通过,周建军,材料齐全，同意认定
202400471,申请专利,一种基于视觉的后视镜盲区监测装置,外观设计专利·其他发明人,,其他发明人,2026-01-23,,1.0,待院长审批,周建军,初审通过，转院长审批
202400471,其他实践活动,汽车造型设计工作坊,学术交流访问·境内交流,,,2026-01-23,,1.0,通过,周建军,材料齐全，同意认定
202400472,前沿学术报告,名家学术讲座,单场·智能制造与数字化工厂实践,,,2025-11-23,,0.5,通过,周建军,材料齐全，同意认定
202400472,年度创新创业项目,校级·核心成员,太阳能小车能量管理策略研究,,核心成员,2025-10-06,2027-06-30,1.5,公示中,周建军,佐证材料完整，予以通过
202400472,科技创新竞赛,全国大学生智能汽车竞赛,,省级·三等奖,第一完成人,2025-11-06,,1.0,通过,周建军,佐证材料完整，予以通过
202400472,创业实践,校内共享打印服务站,注册成立公司·合伙人,,合伙人,2026-07-05,,4.0,通过,周建军,材料齐全，同意认定
202400472,学术论文,汽车主动悬架半主动控制策略仿真,普通期刊·其他作者,,其他作者,2026-05-20,,0.5,驳回,周建军,时间信息有误，请核对后重新提交
202400472,申请专利,一种基于视觉的后视镜盲区监测装置,实用新型专利·其他发明人,,其他发明人,2026-06-02,,1.5,待审核,,
202400472,其他实践活动,汽车造型设计工作坊,学科冬夏令营·校级,,,2026-07-09,,0.5,通过,周建军,符合认定条件，通过
202400473,前沿学术报告,汽车百家讲坛,第11期以后·车载总线与嵌入式系统开发,,,2025-07-26,,0.25,通过,周建军,佐证材料完整，予以通过
202400473,年度创新创业项目,省级·核心成员,基于机器视觉的行人过街检测系统,,核心成员,2025-03-17,2027-06-30,3.0,通过,周建军,佐证材料完整，予以通过
202400473,科技创新竞赛,全国大学生数学建模竞赛,,省级·三等奖,核心成员,2026-06-04,,0.6,待审核,,
202400473,创业实践,智能驾培服务平台,创业训练计划·团队成员,,团队成员,2026-04-27,,1.5,通过,周建军,材料齐全，同意认定
202400473,学术论文,低温环境下锂电池充放电特性研究,国际/国内会议·第一作者,,第一作者,2026-03-28,,3.0,通过,周建军,材料齐全，同意认定
202400473,申请专利,一种车载智能空气净化装置,发明专利·其他发明人,,其他发明人,2026-04-10,,3.0,通过,周建军,材料齐全，同意认定
202400473,其他实践活动,暑期高校科学营活动,学科冬夏令营·国家级,,,2025-02-21,,2.0,通过,周建军,材料齐全，同意认定
202400474,前沿学术报告,名家学术讲座,单场·汽车芯片与域控制器架构,,,2026-05-18,,0.5,待审核,,
202400474,年度创新创业项目,院级·核心成员,车载OBD数据采集与驾驶行为分析,,核心成员,2025-02-17,2027-06-30,0.5,通过,周建军,材料齐全，同意认定
202400474,科技创新竞赛,山东省大学生机电产品创新设计竞赛,,省级·三等奖,第三完成人,2026-02-01,,0.5,驳回,周建军,盖章缺失，请重新上传完整材料
202400474,创业实践,新能源汽车科普工作室,注册成立公司·团队成员,,团队成员,2026-02-20,,2.0,待审核,,
202400474,学术论文,低温环境下锂电池充放电特性研究,国际/国内会议·其他作者,,其他作者,2026-05-15,,1.0,待院长审批,周建军,初审通过，转院长审批
202400474,申请专利,一种可调节角度的车载平板支架,实用新型专利·第一发明人,,第一发明人,2026-04-03,,3.0,通过,周建军,材料齐全，同意认定
202400474,其他实践活动,德国亚琛工业大学线上交流项目,学术交流访问·境内交流,,,2026-01-08,,1.0,通过,周建军,材料齐全，同意认定
202400475,前沿学术报告,名家学术讲座,单场·汽车芯片与域控制器架构,,,2026-05-23,,0.5,通过,周建军,佐证材料完整，予以通过
202400475,年度创新创业项目,国家级·核心成员,基于STM32的智能循迹小车,,核心成员,2025-09-24,2027-06-30,4.0,通过,周建军,材料齐全，同意认定
202400475,科技创新竞赛,挑战杯全国大学生课外学术科技作品竞赛,,国家级·二等奖,核心成员,2026-08-14,,2.4,通过,周建军,佐证材料完整，予以通过
202400475,创业实践,二手车检测陪购服务工作室,注册成立公司·法人代表,,法人代表,2026-03-25,,6.0,通过,周建军,材料齐全，同意认定
202400475,学术论文,混合动力汽车能量管理策略仿真,核心期刊·其他作者,,其他作者,2026-03-15,,1.0,公示中,周建军,材料齐全，同意认定
202400475,申请专利,一种新能源汽车充电枪锁止机构,发明专利·第一发明人,,第一发明人,2026-08-20,,6.0,通过,周建军,佐证材料完整，予以通过
202400475,其他实践活动,汽车造型设计工作坊,学术交流访问·出境交流,,,2026-02-05,,2.0,待审核,,
202400476,前沿学术报告,汽车百家讲坛,第6-10期·车载总线与嵌入式系统开发,,,2026-04-19,,0.25,待审核,,
202400476,年度创新创业项目,院级·负责人,智能导览机器人设计与实现,,负责人,2025-05-03,2027-06-30,1.0,通过,周建军,佐证材料完整，予以通过
202400476,科技创新竞赛,全国大学生节能减排社会实践与科技竞赛,,国家级·三等奖,第二完成人,2026-06-11,,1.4,驳回,周建军,盖章缺失，请重新上传完整材料
202400476,创业实践,大学生汽车文创工作室,注册成立公司·法人代表,,法人代表,2026-01-27,,6.0,通过,周建军,佐证材料完整，予以通过
202400476,学术论文,混合动力汽车能量管理策略仿真,国际/国内会议·第二作者,,第二作者,2026-03-23,,2.0,待审核,,
202400476,申请专利,一种新能源汽车充电枪锁止机构,实用新型专利·其他发明人,,其他发明人,2026-05-11,,1.5,通过,周建军,佐证材料完整，予以通过
202400476,其他实践活动,智能驾驶技术专题培训,学术交流访问·出境交流,,,2026-05-26,,2.0,通过,周建军,佐证材料完整，予以通过
202400477,前沿学术报告,信息科学论坛,第6期以后·新能源汽车动力总成发展趋势,,,2026-07-26,,0.25,通过,周建军,材料齐全，同意认定
202400477,年度创新创业项目,国家级·核心成员,智能导览机器人设计与实现,,核心成员,2025-01-28,2027-06-30,4.0,通过,周建军,材料齐全，同意认定
202400477,科技创新竞赛,全国大学生智能汽车竞赛,,省级·一等奖,第三完成人,2026-03-22,,1.5,待院长审批,周建军,初审通过，转院长审批
202400477,创业实践,校园二手书流转平台,入驻孵化器·负责人,,负责人,2026-05-05,,4.0,待院长审批,周建军,初审通过，转院长审批
202400477,学术论文,基于多目标优化的车身结构轻量化设计,普通期刊·第一作者,,第一作者,2026-03-19,,2.0,通过,周建军,符合认定条件，通过
202400477,申请专利,一种多功能汽车后备箱收纳架,外观设计专利·第一发明人,,第一发明人,2026-05-17,,2.0,通过,周建军,符合认定条件，通过
202400477,其他实践活动,暑期高校科学营活动,学术交流访问·境内交流,,,2026-05-23,,1.0,公示中,周建军,佐证材料完整，予以通过
202400478,前沿学术报告,汽车百家讲坛,第1-5期·汽车轻量化设计与新材料应用,,,2026-04-25,,0.25,通过,周建军,佐证材料完整，予以通过
202400478,年度创新创业项目,国家级·一般成员,基于深度学习的交通标志识别系统,,一般成员,2025-10-05,2027-06-30,2.0,通过,周建军,符合认定条件，通过
202400478,科技创新竞赛,全国大学生数学建模竞赛,,省级·三等奖,第一完成人,2025-09-04,,1.0,通过,周建军,材料齐全，同意认定
202400478,创业实践,二手车检测陪购服务工作室,创业训练计划·负责人,,负责人,2026-04-10,,3.0,通过,周建军,符合认定条件，通过
202400478,学术论文,基于深度学习的路面裂缝检测方法研究,普通期刊·第二作者,,第二作者,2026-02-24,,1.0,待院长审批,周建军,初审通过，转院长审批
202400478,申请专利,一种基于视觉的后视镜盲区监测装置,实用新型专利·其他发明人,,其他发明人,2026-08-18,,1.5,通过,周建军,材料齐全，同意认定
202400478,其他实践活动,德国亚琛工业大学线上交流项目,技能资格培训·高级,,,2025-11-23,,1.5,待审核,,
202400479,前沿学术报告,汽车百家讲坛,第1-5期·氢能及燃料电池汽车产业展望,,,2026-08-01,,0.25,通过,周建军,佐证材料完整，予以通过
202400479,年度创新创业项目,校级·负责人,氢燃料电池汽车散热性能仿真分析,,负责人,2025-04-15,2027-06-30,2.0,驳回,周建军,认定依据不足，请补充说明材料
202400479,科技创新竞赛,山东省大学生机电产品创新设计竞赛,,校级·一等奖,第二完成人,2026-03-20,,0.7,通过,周建军,符合认定条件，通过
202400479,创业实践,校园二手书流转平台,创业训练计划·负责人,,负责人,2026-07-13,,3.0,待院长审批,周建军,初审通过，转院长审批
202400479,学术论文,低温环境下锂电池充放电特性研究,普通期刊·第一作者,,第一作者,2026-08-12,,2.0,通过,周建军,材料齐全，同意认定
202400479,申请专利,一种多功能汽车后备箱收纳架,实用新型专利·其他发明人,,其他发明人,2026-01-11,,1.5,驳回,周建军,时间信息有误，请核对后重新提交
202400479,其他实践活动,汽车造型设计工作坊,技能资格培训·中级,,,2026-06-12,,1.0,驳回,周建军,盖章缺失，请重新上传完整材料
202400480,前沿学术报告,名家学术讲座,单场·动力电池热管理关键技术,,,2026-02-21,,0.5,驳回,周建军,认定依据不足，请补充说明材料
202400480,年度创新创业项目,省级·核心成员,车载OBD数据采集与驾驶行为分析,,核心成员,2025-08-17,2027-06-30,3.0,通过,周建军,佐证材料完整，予以通过
202400480,科技创新竞赛,全国大学生数学建模竞赛,,国家级·二等奖,第一完成人,2026-05-16,,4.0,通过,周建军,佐证材料完整，予以通过
202400480,创业实践,二手车检测陪购服务工作室,创业训练计划·团队成员,,团队成员,2026-06-08,,1.5,待审核,,
202400480,学术论文,基于YOLO的车距保持辅助算法研究,核心期刊·第二作者,,第二作者,2026-06-16,,2.0,待院长审批,周建军,初审通过，转院长审批
202400480,申请专利,一种多功能汽车后备箱收纳架,外观设计专利·第一发明人,,第一发明人,2026-06-05,,2.0,通过,周建军,材料齐全，同意认定
202400480,其他实践活动,汽车工程学院企业行,技能资格培训·高级,,,2026-02-18,,1.5,通过,周建军,佐证材料完整，予以通过
202400481,前沿学术报告,汽车百家讲坛,第11期以后·汽车芯片与域控制器架构,,,2026-04-11,,0.25,通过,周建军,符合认定条件，通过
202400481,年度创新创业项目,省级·核心成员,校园共享电动车调度优化研究,,核心成员,2025-08-06,2027-06-30,3.0,通过,周建军,佐证材料完整，予以通过
202400481,科技创新竞赛,山东省大学生机电产品创新设计竞赛,,省级·一等奖,第三完成人,2025-03-10,,1.5,待审核,,
202400481,创业实践,大学生汽车文创工作室,创业训练计划·团队成员,,团队成员,2026-08-27,,1.5,公示中,周建军,佐证材料完整，予以通过
202400481,学术论文,基于YOLO的车距保持辅助算法研究,核心期刊·第二作者,,第二作者,2026-03-02,,2.0,通过,周建军,佐证材料完整，予以通过
202400481,申请专利,一种车载智能空气净化装置,实用新型专利·其他发明人,,其他发明人,2026-07-27,,1.5,通过,周建军,符合认定条件，通过
202400481,其他实践活动,智能驾驶技术专题培训,技能资格培训·中级,,,2026-08-27,,1.0,通过,周建军,材料齐全，同意认定
202400482,前沿学术报告,汽车百家讲坛,第6-10期·动力电池热管理关键技术,,,2026-04-08,,0.25,通过,周建军,符合认定条件，通过
202400482,年度创新创业项目,国家级·一般成员,轮胎花纹与湿滑路面制动性能仿真,,一般成员,2025-09-04,2027-06-30,2.0,通过,周建军,佐证材料完整，予以通过
202400482,科技创新竞赛,全国大学生机械创新设计大赛,,国家级·三等奖,核心成员,2026-06-13,,1.2,通过,周建军,材料齐全，同意认定
202400482,创业实践,智能驾培服务平台,入驻孵化器·负责人,,负责人,2026-06-08,,4.0,通过,周建军,符合认定条件，通过
202400482,学术论文,基于深度学习的路面裂缝检测方法研究,国际/国内会议·其他作者,,其他作者,2026-08-23,,1.0,通过,周建军,佐证材料完整，予以通过
202400482,申请专利,一种新能源汽车充电枪锁止机构,外观设计专利·第一发明人,,第一发明人,2026-05-23,,2.0,通过,周建军,符合认定条件，通过
202400482,其他实践活动,汽车工程学院企业行,技能资格培训·初级,,,2026-02-25,,0.5,通过,周建军,符合认定条件，通过
202400483,前沿学术报告,信息科学论坛,第1-5期·智能制造与数字化工厂实践,,,2025-05-08,,0.25,通过,周建军,佐证材料完整，予以通过
202400483,年度创新创业项目,国家级·核心成员,汽车内饰件轻量化设计,,核心成员,2025-03-16,2027-06-30,4.0,通过,周建军,佐证材料完整，予以通过
202400483,科技创新竞赛,全国大学生智能汽车竞赛,,国家级·二等奖,第二完成人,2026-03-17,,2.8,通过,周建军,佐证材料完整，予以通过
202400483,创业实践,大学生汽车文创工作室,创业训练计划·团队成员,,团队成员,2026-05-14,,1.5,待院长审批,周建军,初审通过，转院长审批
202400483,学术论文,电动汽车无线充电耦合机构优化设计,普通期刊·其他作者,,其他作者,2026-03-18,,0.5,通过,周建军,符合认定条件，通过
202400483,申请专利,一种基于视觉的后视镜盲区监测装置,外观设计专利·第一发明人,,第一发明人,2026-05-06,,2.0,待审核,,
202400483,其他实践活动,汽车工程学院企业行,技能资格培训·高级,,,2026-05-16,,1.5,通过,周建军,材料齐全，同意认定
202400484,前沿学术报告,汽车百家讲坛,第6-10期·氢能及燃料电池汽车产业展望,,,2026-05-24,,0.25,公示中,周建军,材料齐全，同意认定
202400484,年度创新创业项目,省级·核心成员,车载OBD数据采集与驾驶行为分析,,核心成员,2025-02-28,2027-06-30,3.0,通过,周建军,符合认定条件，通过
202400484,科技创新竞赛,校智能车校内选拔赛,,校级·三等奖,负责人,2025-05-09,,0.5,通过,周建军,佐证材料完整，予以通过
202400484,创业实践,智能驾培服务平台,注册成立公司·合伙人,,合伙人,2026-03-21,,4.0,驳回,周建军,盖章缺失，请重新上传完整材料
202400484,学术论文,基于多目标优化的车身结构轻量化设计,普通期刊·第二作者,,第二作者,2026-04-04,,1.0,待审核,,
202400484,申请专利,一种新能源汽车充电枪锁止机构,实用新型专利·第一发明人,,第一发明人,2026-03-13,,3.0,公示中,周建军,佐证材料完整，予以通过
202400484,其他实践活动,汽车造型设计工作坊,技能资格培训·中级,,,2026-06-09,,1.0,通过,周建军,符合认定条件，通过
202400485,前沿学术报告,汽车百家讲坛,第1-5期·智能制造与数字化工厂实践,,,2025-01-14,,0.25,通过,周建军,佐证材料完整，予以通过
202400485,年度创新创业项目,省级·一般成员,智能导览机器人设计与实现,,一般成员,2025-11-17,2027-06-30,1.5,通过,周建军,佐证材料完整，予以通过
202400485,科技创新竞赛,中国国际大学生创新大赛,,国家级·二等奖,负责人,2026-08-09,,4.0,驳回,周建军,盖章缺失，请重新上传完整材料
202400485,创业实践,大学生汽车文创工作室,入驻孵化器·团队成员,,团队成员,2026-04-27,,2.0,通过,周建军,材料齐全，同意认定
202400485,学术论文,低温环境下锂电池充放电特性研究,核心期刊·第一作者,,第一作者,2026-02-02,,4.0,待院长审批,周建军,初审通过，转院长审批
202400485,申请专利,一种多功能汽车后备箱收纳架,实用新型专利·第一发明人,,第一发明人,2026-05-17,,3.0,通过,周建军,佐证材料完整，予以通过
202400485,其他实践活动,汽车造型设计工作坊,学科冬夏令营·国家级,,,2025-07-24,,2.0,通过,周建军,佐证材料完整，予以通过
202400486,前沿学术报告,汽车百家讲坛,第6-10期·车载总线与嵌入式系统开发,,,2025-05-22,,0.25,待审核,,
202400486,年度创新创业项目,省级·核心成员,二手车价格预测模型构建,,核心成员,2025-11-15,2027-06-30,3.0,通过,周建军,佐证材料完整，予以通过
202400486,科技创新竞赛,全国大学生节能减排社会实践与科技竞赛,,国家级·一等奖,负责人,2025-07-27,,6.0,通过,周建军,佐证材料完整，予以通过
202400486,创业实践,大学生汽车文创工作室,注册成立公司·团队成员,,团队成员,2026-07-26,,2.0,通过,周建军,佐证材料完整，予以通过
202400486,学术论文,电动汽车无线充电耦合机构优化设计,核心期刊·第一作者,,第一作者,2026-03-22,,4.0,通过,周建军,佐证材料完整，予以通过
202400486,申请专利,一种新能源汽车充电枪锁止机构,发明专利·其他发明人,,其他发明人,2026-07-16,,3.0,通过,周建军,佐证材料完整，予以通过
202400486,其他实践活动,汽车工程学院企业行,学术交流访问·境内交流,,,2025-12-16,,1.0,通过,周建军,佐证材料完整，予以通过
202400487,前沿学术报告,汽车百家讲坛,第1-5期·汽车芯片与域控制器架构,,,2026-03-08,,0.25,通过,周建军,佐证材料完整，予以通过
202400487,年度创新创业项目,国家级·负责人,二手车价格预测模型构建,,负责人,2025-09-03,2027-06-30,6.0,通过,周建军,佐证材料完整，予以通过
202400487,科技创新竞赛,全国大学生机械创新设计大赛,,省级·二等奖,第三完成人,2025-08-12,,1.0,通过,周建军,佐证材料完整，予以通过
202400487,创业实践,校园二手书流转平台,入驻孵化器·负责人,,负责人,2026-01-23,,4.0,通过,周建军,材料齐全，同意认定
202400487,学术论文,电动汽车无线充电耦合机构优化设计,普通期刊·第二作者,,第二作者,2026-01-20,,1.0,驳回,周建军,认定依据不足，请补充说明材料
202400487,申请专利,一种车载智能空气净化装置,实用新型专利·第一发明人,,第一发明人,2026-01-11,,3.0,待院长审批,周建军,初审通过，转院长审批
202400487,其他实践活动,汽车工程学院企业行,技能资格培训·高级,,,2025-09-06,,1.5,通过,周建军,佐证材料完整，予以通过
202400488,前沿学术报告,汽车百家讲坛,第6-10期·汽车轻量化设计与新材料应用,,,2026-08-16,,0.25,通过,周建军,佐证材料完整，予以通过
202400488,年度创新创业项目,省级·负责人,车载OBD数据采集与驾驶行为分析,,负责人,2025-07-23,2027-06-30,4.0,通过,周建军,材料齐全，同意认定
202400488,科技创新竞赛,全国大学生智能汽车竞赛,,国家级·一等奖,第一完成人,2026-03-20,,6.0,通过,周建军,佐证材料完整，予以通过
202400488,创业实践,智能驾培服务平台,注册成立公司·法人代表,,法人代表,2026-08-22,,6.0,待审核,,
202400488,学术论文,电动汽车无线充电耦合机构优化设计,普通期刊·其他作者,,其他作者,2026-01-01,,0.5,待审核,,
202400488,申请专利,一种可调节角度的车载平板支架,外观设计专利·第一发明人,,第一发明人,2026-05-17,,2.0,通过,周建军,佐证材料完整，予以通过
202400488,其他实践活动,智能驾驶技术专题培训,学术交流访问·境内交流,,,2025-05-15,,1.0,待审核,,
202400489,前沿学术报告,汽车百家讲坛,第6-10期·智能网联汽车技术前沿,,,2026-08-07,,0.25,驳回,周建军,时间信息有误，请核对后重新提交
202400489,年度创新创业项目,省级·负责人,汽车内饰件轻量化设计,,负责人,2025-04-26,2027-06-30,4.0,待审核,,
202400489,科技创新竞赛,全国大学生节能减排社会实践与科技竞赛,,国家级·一等奖,第二完成人,2026-06-17,,4.2,待审核,,
202400489,创业实践,校园二手书流转平台,注册成立公司·合伙人,,合伙人,2026-04-26,,4.0,待审核,,
202400489,学术论文,低温环境下锂电池充放电特性研究,国际/国内会议·第一作者,,第一作者,2026-07-18,,3.0,驳回,周建军,材料不完整，请补充佐证后重新提交
202400489,申请专利,一种可调节角度的车载平板支架,实用新型专利·第一发明人,,第一发明人,2026-06-06,,3.0,通过,周建军,材料齐全，同意认定
202400489,其他实践活动,暑期高校科学营活动,技能资格培训·中级,,,2025-08-07,,1.0,通过,周建军,佐证材料完整，予以通过
202400490,前沿学术报告,汽车百家讲坛,第11期以后·无人驾驶环境感知技术进展,,,2025-04-24,,0.25,通过,周建军,符合认定条件，通过
202400490,年度创新创业项目,省级·负责人,车载OBD数据采集与驾驶行为分析,,负责人,2025-11-19,2027-06-30,4.0,通过,周建军,材料齐全，同意认定
202400490,科技创新竞赛,全国大学生数学建模竞赛,,省级·一等奖,第一完成人,2026-06-19,,3.0,通过,周建军,符合认定条件，通过
202400490,创业实践,校内共享打印服务站,创业训练计划·负责人,,负责人,2026-06-20,,3.0,驳回,周建军,时间信息有误，请核对后重新提交
202400490,学术论文,燃料电池汽车氢气循环系统特性分析,国际/国内会议·其他作者,,其他作者,2026-01-05,,1.0,驳回,周建军,材料不完整，请补充佐证后重新提交
202400490,申请专利,一种基于视觉的后视镜盲区监测装置,实用新型专利·其他发明人,,其他发明人,2026-08-10,,1.5,通过,周建军,符合认定条件，通过
202400490,其他实践活动,智能驾驶技术专题培训,学术交流访问·境内交流,,,2026-05-23,,1.0,驳回,周建军,时间信息有误，请核对后重新提交
202400491,前沿学术报告,信息科学论坛,第1-5期·汽车芯片与域控制器架构,,,2025-03-05,,0.25,通过,周建军,材料齐全，同意认定
202400491,年度创新创业项目,院级·一般成员,汽车内饰件轻量化设计,,一般成员,2025-05-28,2027-06-30,0.5,待审核,,
202400491,科技创新竞赛,全国大学生机械创新设计大赛,,国家级·三等奖,第三完成人,2026-06-07,,1.0,通过,周建军,材料齐全，同意认定
202400491,创业实践,大学生汽车文创工作室,注册成立公司·法人代表,,法人代表,2026-01-24,,6.0,通过,周建军,佐证材料完整，予以通过
202400491,学术论文,基于YOLO的车距保持辅助算法研究,普通期刊·第一作者,,第一作者,2026-04-12,,2.0,通过,周建军,符合认定条件，通过
202400491,申请专利,一种新能源汽车充电枪锁止机构,外观设计专利·第一发明人,,第一发明人,2026-07-28,,2.0,通过,周建军,符合认定条件，通过
202400491,其他实践活动,暑期高校科学营活动,学科冬夏令营·省级,,,2026-02-27,,1.0,通过,周建军,材料齐全，同意认定
202400492,前沿学术报告,汽车百家讲坛,第6-10期·车载总线与嵌入式系统开发,,,2025-01-19,,0.25,通过,周建军,佐证材料完整，予以通过
202400492,年度创新创业项目,省级·负责人,基于STM32的智能循迹小车,,负责人,2025-06-06,2027-06-30,4.0,通过,周建军,佐证材料完整，予以通过
202400492,科技创新竞赛,中国大学生方程式汽车大赛,,国家级·三等奖,第一完成人,2026-06-18,,2.0,通过,周建军,佐证材料完整，予以通过
202400492,创业实践,智能驾培服务平台,注册成立公司·法人代表,,法人代表,2026-03-19,,6.0,通过,周建军,佐证材料完整，予以通过
202400492,学术论文,电动汽车无线充电耦合机构优化设计,国际/国内会议·其他作者,,其他作者,2026-05-23,,1.0,通过,周建军,佐证材料完整，予以通过
202400492,申请专利,一种可调节角度的车载平板支架,发明专利·第一发明人,,第一发明人,2026-04-18,,6.0,驳回,周建军,盖章缺失，请重新上传完整材料
202400492,其他实践活动,智能驾驶技术专题培训,学术交流访问·出境交流,,,2026-03-05,,2.0,通过,周建军,材料齐全，同意认定
202400493,前沿学术报告,信息科学论坛,第1-5期·车载总线与嵌入式系统开发,,,2026-01-01,,0.25,通过,周建军,佐证材料完整，予以通过
202400493,年度创新创业项目,校级·一般成员,氢燃料电池汽车散热性能仿真分析,,一般成员,2025-11-06,2027-06-30,1.0,通过,周建军,材料齐全，同意认定
202400493,科技创新竞赛,全国大学生数学建模竞赛,,国家级·一等奖,负责人,2025-06-19,,6.0,通过,周建军,材料齐全，同意认定
202400493,创业实践,大学生汽车文创工作室,入驻孵化器·团队成员,,团队成员,2026-03-16,,2.0,通过,周建军,符合认定条件，通过
202400493,学术论文,基于多目标优化的车身结构轻量化设计,普通期刊·第一作者,,第一作者,2026-02-10,,2.0,通过,周建军,佐证材料完整，予以通过
202400493,申请专利,一种多功能汽车后备箱收纳架,实用新型专利·其他发明人,,其他发明人,2026-07-25,,1.5,通过,周建军,材料齐全，同意认定
202400493,其他实践活动,全国大学生汽车科技夏令营,学术交流访问·出境交流,,,2025-06-11,,2.0,驳回,周建军,盖章缺失，请重新上传完整材料
202400494,前沿学术报告,名家学术讲座,单场·汽车轻量化设计与新材料应用,,,2026-06-23,,0.5,通过,周建军,符合认定条件，通过
202400494,年度创新创业项目,校级·核心成员,二手车价格预测模型构建,,核心成员,2025-01-28,2027-06-30,1.5,通过,周建军,材料齐全，同意认定
202400494,科技创新竞赛,中国国际大学生创新大赛,,国家级·二等奖,负责人,2026-05-08,,4.0,驳回,周建军,盖章缺失，请重新上传完整材料
202400494,创业实践,校园二手书流转平台,入驻孵化器·负责人,,负责人,2026-07-24,,4.0,待院长审批,周建军,初审通过，转院长审批
202400494,学术论文,电动汽车无线充电耦合机构优化设计,普通期刊·其他作者,,其他作者,2026-01-24,,0.5,待院长审批,周建军,初审通过，转院长审批
202400494,申请专利,一种车载智能空气净化装置,发明专利·第一发明人,,第一发明人,2026-07-21,,6.0,通过,周建军,符合认定条件，通过
202400494,其他实践活动,智能驾驶技术专题培训,学科冬夏令营·校级,,,2026-08-24,,0.5,通过,周建军,材料齐全，同意认定
202400495,前沿学术报告,汽车百家讲坛,第6-10期·智能网联汽车技术前沿,,,2025-11-15,,0.25,通过,周建军,材料齐全，同意认定
202400495,年度创新创业项目,校级·核心成员,新能源汽车电池热管理优化研究,,核心成员,2025-08-12,2027-06-30,1.5,通过,周建军,符合认定条件，通过
202400495,科技创新竞赛,山东省大学生机电产品创新设计竞赛,,省级·一等奖,第二完成人,2026-08-02,,2.1,待审核,,
202400495,创业实践,校园二手书流转平台,入驻孵化器·负责人,,负责人,2026-07-17,,4.0,通过,周建军,符合认定条件，通过
202400495,学术论文,燃料电池汽车氢气循环系统特性分析,SCI/EI 收录·第一作者,,第一作者,2026-08-05,,6.0,通过,周建军,佐证材料完整，予以通过
202400495,申请专利,一种新能源汽车充电枪锁止机构,外观设计专利·其他发明人,,其他发明人,2026-05-16,,1.0,通过,周建军,符合认定条件，通过
202400495,其他实践活动,汽车造型设计工作坊,技能资格培训·高级,,,2026-05-04,,1.5,待审核,,
202400496,前沿学术报告,信息科学论坛,第6期以后·车载总线与嵌入式系统开发,,,2025-09-19,,0.25,通过,周建军,符合认定条件，通过
202400496,年度创新创业项目,省级·负责人,新能源汽车电池热管理优化研究,,负责人,2025-03-14,2027-06-30,4.0,通过,周建军,符合认定条件，通过
202400496,科技创新竞赛,全国大学生机械创新设计大赛,,国家级·三等奖,第三完成人,2025-04-11,,1.0,通过,周建军,材料齐全，同意认定
202400496,创业实践,校内共享打印服务站,创业训练计划·负责人,,负责人,2026-04-27,,3.0,通过,周建军,材料齐全，同意认定
202400496,学术论文,混合动力汽车能量管理策略仿真,国际/国内会议·第一作者,,第一作者,2026-04-12,,3.0,通过,周建军,材料齐全，同意认定
202400496,申请专利,一种电动汽车电池包液冷结构,发明专利·其他发明人,,其他发明人,2026-06-12,,3.0,待审核,,
202400496,其他实践活动,智能驾驶技术专题培训,学科冬夏令营·省级,,,2026-03-19,,1.0,通过,周建军,符合认定条件，通过
202400497,前沿学术报告,名家学术讲座,单场·智能制造与数字化工厂实践,,,2026-07-07,,0.5,通过,周建军,材料齐全，同意认定
202400497,年度创新创业项目,国家级·一般成员,汽车内饰件轻量化设计,,一般成员,2025-07-11,2027-06-30,2.0,通过,周建军,符合认定条件，通过
202400497,科技创新竞赛,山东省大学生机电产品创新设计竞赛,,校级·二等奖,核心成员,2026-06-22,,0.3,通过,周建军,符合认定条件，通过
202400497,创业实践,大学生汽车文创工作室,创业训练计划·团队成员,,团队成员,2026-06-24,,1.5,公示中,周建军,材料齐全，同意认定
202400497,学术论文,低温环境下锂电池充放电特性研究,国际/国内会议·其他作者,,其他作者,2026-07-07,,1.0,通过,周建军,佐证材料完整，予以通过
202400497,申请专利,一种电动汽车电池包液冷结构,实用新型专利·其他发明人,,其他发明人,2026-06-19,,1.5,驳回,周建军,认定依据不足，请补充说明材料
202400497,其他实践活动,智能驾驶技术专题培训,学科冬夏令营·省级,,,2025-07-20,,1.0,通过,周建军,材料齐全，同意认定
202400498,前沿学术报告,汽车百家讲坛,第6-10期·动力电池热管理关键技术,,,2026-02-26,,0.25,通过,周建军,佐证材料完整，予以通过
202400498,年度创新创业项目,校级·核心成员,太阳能小车能量管理策略研究,,核心成员,2025-10-07,2027-06-30,1.5,通过,周建军,符合认定条件，通过
202400498,科技创新竞赛,全国大学生机械创新设计大赛,,国家级·三等奖,负责人,2025-11-11,,2.0,通过,周建军,符合认定条件，通过
202400498,创业实践,大学生汽车文创工作室,入驻孵化器·负责人,,负责人,2026-01-06,,4.0,通过,周建军,佐证材料完整，予以通过
202400498,学术论文,混合动力汽车能量管理策略仿真,国际/国内会议·其他作者,,其他作者,2026-08-02,,1.0,通过,周建军,符合认定条件，通过
202400498,申请专利,一种基于视觉的后视镜盲区监测装置,实用新型专利·第一发明人,,第一发明人,2026-01-14,,3.0,通过,周建军,佐证材料完整，予以通过
202400498,其他实践活动,暑期高校科学营活动,技能资格培训·中级,,,2025-11-26,,1.0,通过,周建军,符合认定条件，通过
202400499,前沿学术报告,信息科学论坛,第6期以后·新能源汽车动力总成发展趋势,,,2025-12-14,,0.25,待审核,,
202400499,年度创新创业项目,院级·负责人,基于深度学习的交通标志识别系统,,负责人,2025-07-11,2027-06-30,1.0,待审核,,
202400499,科技创新竞赛,全国大学生数学建模竞赛,,国家级·三等奖,第一完成人,2026-02-19,,2.0,通过,周建军,材料齐全，同意认定
202400499,创业实践,二手车检测陪购服务工作室,注册成立公司·合伙人,,合伙人,2026-06-03,,4.0,待审核,,
202400499,学术论文,燃料电池汽车氢气循环系统特性分析,国际/国内会议·第二作者,,第二作者,2026-07-26,,2.0,通过,周建军,符合认定条件，通过
202400499,申请专利,一种多功能汽车后备箱收纳架,实用新型专利·第一发明人,,第一发明人,2026-01-23,,3.0,待审核,,
202400499,其他实践活动,汽车工程学院企业行,技能资格培训·初级,,,2025-03-25,,0.5,待审核,,
202400500,前沿学术报告,汽车百家讲坛,第6-10期·汽车芯片与域控制器架构,,,2026-06-11,,0.25,通过,周建军,材料齐全，同意认定
202400500,年度创新创业项目,校级·核心成员,基于深度学习的交通标志识别系统,,核心成员,2025-02-25,2027-06-30,1.5,通过,周建军,符合认定条件，通过
202400500,科技创新竞赛,中国大学生方程式汽车大赛,,国家级·一等奖,核心成员,2026-01-15,,3.6,通过,周建军,符合认定条件，通过
202400500,创业实践,智能驾培服务平台,创业训练计划·团队成员,,团队成员,2026-07-26,,1.5,通过,周建军,符合认定条件，通过
202400500,学术论文,基于多目标优化的车身结构轻量化设计,国际/国内会议·第一作者,,第一作者,2026-04-04,,3.0,通过,周建军,佐证材料完整，予以通过
202400500,申请专利,一种车载智能空气净化装置,实用新型专利·第一发明人,,第一发明人,2026-03-25,,3.0,待审核,,
202400500,其他实践活动,暑期高校科学营活动,学科冬夏令营·省级,,,2025-08-26,,1.0,待审核,,
202400501,前沿学术报告,信息科学论坛,第6期以后·无人驾驶环境感知技术进展,,,2026-01-03,,0.25,通过,周建军,佐证材料完整，予以通过
202400501,年度创新创业项目,省级·一般成员,汽车内饰件轻量化设计,,一般成员,2025-12-08,2027-06-30,1.5,通过,周建军,材料齐全，同意认定
202400501,科技创新竞赛,全国大学生智能汽车竞赛,,省级·二等奖,第二完成人,2026-07-25,,1.4,通过,周建军,材料齐全，同意认定
202400501,创业实践,新能源汽车科普工作室,注册成立公司·法人代表,,法人代表,2026-06-06,,6.0,驳回,周建军,认定依据不足，请补充说明材料
202400501,学术论文,电动汽车无线充电耦合机构优化设计,国际/国内会议·其他作者,,其他作者,2026-04-15,,1.0,公示中,周建军,佐证材料完整，予以通过
202400501,申请专利,一种可调节角度的车载平板支架,发明专利·第一发明人,,第一发明人,2026-03-18,,6.0,待审核,,
202400501,其他实践活动,德国亚琛工业大学线上交流项目,技能资格培训·初级,,,2025-03-19,,0.5,驳回,周建军,材料不完整，请补充佐证后重新提交
202400502,前沿学术报告,名家学术讲座,单场·无人驾驶环境感知技术进展,,,2025-07-12,,0.5,通过,周建军,材料齐全，同意认定
202400502,年度创新创业项目,省级·一般成员,基于STM32的智能循迹小车,,一般成员,2025-02-21,2027-06-30,1.5,通过,周建军,符合认定条件，通过
202400502,科技创新竞赛,挑战杯全国大学生课外学术科技作品竞赛,,国家级·三等奖,负责人,2026-03-27,,2.0,待审核,,
202400502,创业实践,智能驾培服务平台,注册成立公司·合伙人,,合伙人,2026-06-11,,4.0,待审核,,
202400502,学术论文,基于YOLO的车距保持辅助算法研究,国际/国内会议·第一作者,,第一作者,2026-01-02,,3.0,通过,周建军,符合认定条件，通过
202400502,申请专利,一种电动汽车电池包液冷结构,外观设计专利·其他发明人,,其他发明人,2026-06-16,,1.0,公示中,周建军,材料齐全，同意认定
202400502,其他实践活动,智能驾驶技术专题培训,学科冬夏令营·校级,,,2026-08-23,,0.5,待审核,,
202400503,前沿学术报告,汽车百家讲坛,第11期以后·汽车空气动力学优化设计,,,2026-04-12,,0.25,通过,周建军,佐证材料完整，予以通过
202400503,年度创新创业项目,校级·核心成员,轮胎花纹与湿滑路面制动性能仿真,,核心成员,2025-11-06,2027-06-30,1.5,通过,周建军,佐证材料完整，予以通过
202400503,科技创新竞赛,全国大学生智能汽车竞赛,,省级·一等奖,核心成员,2026-07-16,,1.8,通过,周建军,材料齐全，同意认定
202400503,创业实践,二手车检测陪购服务工作室,注册成立公司·法人代表,,法人代表,2026-02-14,,6.0,通过,周建军,符合认定条件，通过
202400503,学术论文,低温环境下锂电池充放电特性研究,核心期刊·第一作者,,第一作者,2026-04-04,,4.0,通过,周建军,材料齐全，同意认定
202400503,申请专利,一种车载智能空气净化装置,外观设计专利·其他发明人,,其他发明人,2026-03-08,,1.0,通过,周建军,符合认定条件，通过
202400503,其他实践活动,暑期高校科学营活动,学术交流访问·境内交流,,,2026-07-26,,1.0,通过,周建军,材料齐全，同意认定
202400504,前沿学术报告,名家学术讲座,单场·智能制造与数字化工厂实践,,,2026-04-08,,0.5,公示中,周建军,材料齐全，同意认定
202400504,年度创新创业项目,校级·一般成员,氢燃料电池汽车散热性能仿真分析,,一般成员,2025-07-09,2027-06-30,1.0,通过,周建军,符合认定条件，通过
202400504,科技创新竞赛,校智能车校内选拔赛,,校级·三等奖,第三完成人,2026-06-11,,0.25,通过,周建军,符合认定条件，通过
202400504,创业实践,校园二手书流转平台,注册成立公司·合伙人,,合伙人,2026-05-21,,4.0,通过,周建军,符合认定条件，通过
202400504,学术论文,汽车主动悬架半主动控制策略仿真,普通期刊·第二作者,,第二作者,2026-04-21,,1.0,通过,周建军,佐证材料完整，予以通过
202400504,申请专利,一种车载智能空气净化装置,发明专利·其他发明人,,其他发明人,2026-06-02,,3.0,通过,周建军,佐证材料完整，予以通过
202400504,其他实践活动,智能驾驶技术专题培训,学术交流访问·出境交流,,,2026-03-27,,2.0,待审核,,
202400505,前沿学术报告,名家学术讲座,单场·汽车轻量化设计与新材料应用,,,2026-08-07,,0.5,通过,孙丽华,材料齐全，同意认定
202400505,年度创新创业项目,省级·负责人,基于机器视觉的行人过街检测系统,,负责人,2025-03-01,2027-06-30,4.0,通过,孙丽华,佐证材料完整，予以通过
202400505,科技创新竞赛,全国大学生机械创新设计大赛,,省级·三等奖,负责人,2025-03-05,,1.0,公示中,孙丽华,佐证材料完整，予以通过
202400505,创业实践,二手车检测陪购服务工作室,入驻孵化器·负责人,,负责人,2026-08-01,,4.0,公示中,孙丽华,佐证材料完整，予以通过
202400505,学术论文,低温环境下锂电池充放电特性研究,国际/国内会议·第一作者,,第一作者,2026-02-09,,3.0,待审核,,
202400505,申请专利,一种可调节角度的车载平板支架,外观设计专利·第一发明人,,第一发明人,2026-01-08,,2.0,待审核,,
202400505,其他实践活动,德国亚琛工业大学线上交流项目,技能资格培训·初级,,,2026-02-25,,0.5,通过,孙丽华,佐证材料完整，予以通过
202400506,前沿学术报告,名家学术讲座,单场·氢能及燃料电池汽车产业展望,,,2026-03-22,,0.5,通过,孙丽华,符合认定条件，通过
202400506,年度创新创业项目,校级·一般成员,轮胎花纹与湿滑路面制动性能仿真,,一般成员,2025-05-25,2027-06-30,1.0,通过,孙丽华,材料齐全，同意认定
202400506,科技创新竞赛,挑战杯全国大学生课外学术科技作品竞赛,,国家级·三等奖,第一完成人,2025-07-22,,2.0,待审核,,
202400506,创业实践,二手车检测陪购服务工作室,入驻孵化器·团队成员,,团队成员,2026-01-21,,2.0,待审核,,
202400506,学术论文,低温环境下锂电池充放电特性研究,普通期刊·第一作者,,第一作者,2026-05-15,,2.0,通过,孙丽华,符合认定条件，通过
202400506,申请专利,一种基于视觉的后视镜盲区监测装置,外观设计专利·第一发明人,,第一发明人,2026-02-17,,2.0,通过,孙丽华,符合认定条件，通过
202400506,其他实践活动,智能驾驶技术专题培训,技能资格培训·中级,,,2025-04-05,,1.0,公示中,孙丽华,符合认定条件，通过
202400507,前沿学术报告,信息科学论坛,第6期以后·汽车芯片与域控制器架构,,,2026-05-04,,0.25,通过,孙丽华,材料齐全，同意认定
202400507,年度创新创业项目,校级·负责人,轮胎花纹与湿滑路面制动性能仿真,,负责人,2025-05-24,2027-06-30,2.0,通过,孙丽华,材料齐全，同意认定
202400507,科技创新竞赛,全国大学生机械创新设计大赛,,国家级·一等奖,负责人,2026-01-04,,6.0,待院长审批,孙丽华,初审通过，转院长审批
202400507,创业实践,校内共享打印服务站,注册成立公司·合伙人,,合伙人,2026-06-22,,4.0,待审核,,
202400507,学术论文,基于深度学习的路面裂缝检测方法研究,核心期刊·第二作者,,第二作者,2026-03-19,,2.0,通过,孙丽华,材料齐全，同意认定
202400507,申请专利,一种多功能汽车后备箱收纳架,实用新型专利·其他发明人,,其他发明人,2026-08-24,,1.5,驳回,孙丽华,认定依据不足，请补充说明材料
202400507,其他实践活动,汽车造型设计工作坊,学科冬夏令营·校级,,,2026-08-02,,0.5,通过,孙丽华,佐证材料完整，予以通过
202400508,前沿学术报告,汽车百家讲坛,第1-5期·车载总线与嵌入式系统开发,,,2025-09-14,,0.25,待审核,,
202400508,年度创新创业项目,省级·负责人,智能导览机器人设计与实现,,负责人,2025-04-10,2027-06-30,4.0,通过,孙丽华,佐证材料完整，予以通过
202400508,科技创新竞赛,校智能车校内选拔赛,,校级·三等奖,核心成员,2025-07-10,,0.3,通过,孙丽华,佐证材料完整，予以通过
202400508,创业实践,校内共享打印服务站,创业训练计划·负责人,,负责人,2026-04-25,,3.0,通过,孙丽华,佐证材料完整，予以通过
202400508,学术论文,混合动力汽车能量管理策略仿真,SCI/EI 收录·第二作者,,第二作者,2026-01-23,,4.0,待审核,,
202400508,申请专利,一种新能源汽车充电枪锁止机构,实用新型专利·第一发明人,,第一发明人,2026-04-23,,3.0,通过,孙丽华,材料齐全，同意认定
202400508,其他实践活动,汽车造型设计工作坊,学科冬夏令营·国家级,,,2025-03-19,,2.0,通过,孙丽华,佐证材料完整，予以通过
202400509,前沿学术报告,汽车百家讲坛,第1-5期·汽车轻量化设计与新材料应用,,,2025-06-21,,0.25,驳回,孙丽华,时间信息有误，请核对后重新提交
202400509,年度创新创业项目,院级·一般成员,基于深度学习的交通标志识别系统,,一般成员,2025-12-11,2027-06-30,0.5,通过,孙丽华,佐证材料完整，予以通过
202400509,科技创新竞赛,山东省大学生机电产品创新设计竞赛,,省级·一等奖,第二完成人,2025-07-23,,2.1,待审核,,
202400509,创业实践,新能源汽车科普工作室,注册成立公司·法人代表,,法人代表,2026-07-13,,6.0,待审核,,
202400509,学术论文,低温环境下锂电池充放电特性研究,国际/国内会议·其他作者,,其他作者,2026-02-12,,1.0,通过,孙丽华,材料齐全，同意认定
202400509,申请专利,一种可调节角度的车载平板支架,发明专利·第一发明人,,第一发明人,2026-05-08,,6.0,通过,孙丽华,材料齐全，同意认定
202400509,其他实践活动,德国亚琛工业大学线上交流项目,学术交流访问·出境交流,,,2025-01-10,,2.0,通过,孙丽华,符合认定条件，通过
202400510,前沿学术报告,名家学术讲座,单场·新能源汽车动力总成发展趋势,,,2026-01-06,,0.5,通过,孙丽华,符合认定条件，通过
202400510,年度创新创业项目,国家级·一般成员,汽车内饰件轻量化设计,,一般成员,2025-06-25,2027-06-30,2.0,待审核,,
202400510,科技创新竞赛,全国大学生智能汽车竞赛,,国家级·二等奖,第一完成人,2026-05-15,,4.0,通过,孙丽华,佐证材料完整，予以通过
202400510,创业实践,大学生汽车文创工作室,创业训练计划·团队成员,,团队成员,2026-03-03,,1.5,通过,孙丽华,佐证材料完整，予以通过
202400510,学术论文,低温环境下锂电池充放电特性研究,国际/国内会议·其他作者,,其他作者,2026-04-26,,1.0,通过,孙丽华,符合认定条件，通过
202400510,申请专利,一种电动汽车电池包液冷结构,发明专利·其他发明人,,其他发明人,2026-07-18,,3.0,通过,孙丽华,佐证材料完整，予以通过
202400510,其他实践活动,汽车造型设计工作坊,学科冬夏令营·校级,,,2025-03-12,,0.5,驳回,孙丽华,材料不完整，请补充佐证后重新提交
202400511,前沿学术报告,名家学术讲座,单场·汽车芯片与域控制器架构,,,2025-09-18,,0.5,通过,孙丽华,符合认定条件，通过
202400511,年度创新创业项目,省级·负责人,汽车内饰件轻量化设计,,负责人,2025-01-15,2027-06-30,4.0,通过,孙丽华,材料齐全，同意认定
202400511,科技创新竞赛,全国大学生数学建模竞赛,,国家级·一等奖,负责人,2025-04-17,,6.0,通过,孙丽华,佐证材料完整，予以通过
202400511,创业实践,校园二手书流转平台,入驻孵化器·负责人,,负责人,2026-05-02,,4.0,通过,孙丽华,符合认定条件，通过
202400511,学术论文,燃料电池汽车氢气循环系统特性分析,国际/国内会议·其他作者,,其他作者,2026-07-13,,1.0,通过,孙丽华,材料齐全，同意认定
202400511,申请专利,一种电动汽车电池包液冷结构,外观设计专利·其他发明人,,其他发明人,2026-07-14,,1.0,待审核,,
202400511,其他实践活动,全国大学生汽车科技夏令营,技能资格培训·高级,,,2026-07-17,,1.5,待审核,,
202400512,前沿学术报告,名家学术讲座,单场·新能源汽车动力总成发展趋势,,,2026-01-08,,0.5,通过,孙丽华,符合认定条件，通过
202400512,年度创新创业项目,院级·一般成员,二手车价格预测模型构建,,一般成员,2025-07-03,2027-06-30,0.5,通过,孙丽华,佐证材料完整，予以通过
202400512,科技创新竞赛,全国大学生机械创新设计大赛,,国家级·三等奖,第二完成人,2026-04-05,,1.4,待审核,,
202400512,创业实践,大学生汽车文创工作室,创业训练计划·负责人,,负责人,2026-08-08,,3.0,待审核,,
202400512,学术论文,基于多目标优化的车身结构轻量化设计,普通期刊·第二作者,,第二作者,2026-04-23,,1.0,待审核,,
202400512,申请专利,一种多功能汽车后备箱收纳架,发明专利·其他发明人,,其他发明人,2026-04-14,,3.0,通过,孙丽华,材料齐全，同意认定
202400512,其他实践活动,全国大学生汽车科技夏令营,学术交流访问·出境交流,,,2026-07-21,,2.0,通过,孙丽华,符合认定条件，通过
202400513,前沿学术报告,汽车百家讲坛,第6-10期·智能制造与数字化工厂实践,,,2026-01-24,,0.25,通过,孙丽华,佐证材料完整，予以通过
202400513,年度创新创业项目,校级·负责人,车载OBD数据采集与驾驶行为分析,,负责人,2025-07-27,2027-06-30,2.0,驳回,孙丽华,盖章缺失，请重新上传完整材料
202400513,科技创新竞赛,校智能车校内选拔赛,,校级·一等奖,核心成员,2025-05-25,,0.6,通过,孙丽华,符合认定条件，通过
202400513,创业实践,智能驾培服务平台,注册成立公司·合伙人,,合伙人,2026-06-04,,4.0,通过,孙丽华,符合认定条件，通过
202400513,学术论文,燃料电池汽车氢气循环系统特性分析,国际/国内会议·其他作者,,其他作者,2026-01-06,,1.0,待审核,,
202400513,申请专利,一种基于视觉的后视镜盲区监测装置,外观设计专利·其他发明人,,其他发明人,2026-06-01,,1.0,待院长审批,孙丽华,初审通过，转院长审批
202400513,其他实践活动,德国亚琛工业大学线上交流项目,学术交流访问·出境交流,,,2025-11-21,,2.0,通过,孙丽华,佐证材料完整，予以通过
202400514,前沿学术报告,汽车百家讲坛,第11期以后·智能制造与数字化工厂实践,,,2025-05-15,,0.25,通过,孙丽华,佐证材料完整，予以通过
202400514,年度创新创业项目,省级·核心成员,汽车内饰件轻量化设计,,核心成员,2025-08-11,2027-06-30,3.0,待审核,,
202400514,科技创新竞赛,校智能车校内选拔赛,,校级·二等奖,核心成员,2025-02-10,,0.3,驳回,孙丽华,时间信息有误，请核对后重新提交
202400514,创业实践,校园二手书流转平台,创业训练计划·团队成员,,团队成员,2026-08-17,,1.5,待审核,,
202400514,学术论文,混合动力汽车能量管理策略仿真,国际/国内会议·第一作者,,第一作者,2026-05-10,,3.0,通过,孙丽华,佐证材料完整，予以通过
202400514,申请专利,一种车载智能空气净化装置,发明专利·其他发明人,,其他发明人,2026-08-18,,3.0,通过,孙丽华,材料齐全，同意认定
202400514,其他实践活动,汽车工程学院企业行,学术交流访问·境内交流,,,2026-06-25,,1.0,通过,孙丽华,佐证材料完整，予以通过
202400515,前沿学术报告,名家学术讲座,单场·新能源汽车动力总成发展趋势,,,2025-09-03,,0.5,通过,孙丽华,材料齐全，同意认定
202400515,年度创新创业项目,院级·一般成员,二手车价格预测模型构建,,一般成员,2025-10-26,2027-06-30,0.5,公示中,孙丽华,材料齐全，同意认定
202400515,科技创新竞赛,中国国际大学生创新大赛,,国家级·二等奖,第二完成人,2025-01-03,,2.8,驳回,孙丽华,时间信息有误，请核对后重新提交
202400515,创业实践,大学生汽车文创工作室,注册成立公司·法人代表,,法人代表,2026-06-11,,6.0,通过,孙丽华,材料齐全，同意认定
202400515,学术论文,基于YOLO的车距保持辅助算法研究,国际/国内会议·第一作者,,第一作者,2026-01-10,,3.0,待审核,,
202400515,申请专利,一种车载智能空气净化装置,实用新型专利·第一发明人,,第一发明人,2026-01-23,,3.0,通过,孙丽华,材料齐全，同意认定
202400515,其他实践活动,汽车工程学院企业行,学科冬夏令营·国家级,,,2025-08-22,,2.0,通过,孙丽华,佐证材料完整，予以通过
202400516,前沿学术报告,信息科学论坛,第1-5期·车载总线与嵌入式系统开发,,,2026-06-05,,0.25,待审核,,
202400516,年度创新创业项目,省级·负责人,基于机器视觉的行人过街检测系统,,负责人,2025-03-23,2027-06-30,4.0,通过,孙丽华,材料齐全，同意认定
202400516,科技创新竞赛,全国大学生智能汽车竞赛,,国家级·一等奖,第一完成人,2026-04-06,,6.0,通过,孙丽华,符合认定条件，通过
202400516,创业实践,新能源汽车科普工作室,入驻孵化器·负责人,,负责人,2026-04-24,,4.0,通过,孙丽华,佐证材料完整，予以通过
202400516,学术论文,基于YOLO的车距保持辅助算法研究,核心期刊·其他作者,,其他作者,2026-08-25,,1.0,通过,孙丽华,佐证材料完整，予以通过
202400516,申请专利,一种新能源汽车充电枪锁止机构,实用新型专利·其他发明人,,其他发明人,2026-08-25,,1.5,通过,孙丽华,佐证材料完整，予以通过
202400516,其他实践活动,智能驾驶技术专题培训,学术交流访问·境内交流,,,2025-09-12,,1.0,通过,孙丽华,符合认定条件，通过
202400517,前沿学术报告,汽车百家讲坛,第11期以后·无人驾驶环境感知技术进展,,,2026-01-14,,0.25,通过,孙丽华,符合认定条件，通过
202400517,年度创新创业项目,校级·核心成员,氢燃料电池汽车散热性能仿真分析,,核心成员,2025-12-13,2027-06-30,1.5,通过,孙丽华,佐证材料完整，予以通过
202400517,科技创新竞赛,全国大学生节能减排社会实践与科技竞赛,,国家级·二等奖,核心成员,2026-05-28,,2.4,待院长审批,孙丽华,初审通过，转院长审批
202400517,创业实践,校内共享打印服务站,注册成立公司·团队成员,,团队成员,2026-07-08,,2.0,通过,孙丽华,材料齐全，同意认定
202400517,学术论文,基于多目标优化的车身结构轻量化设计,核心期刊·第二作者,,第二作者,2026-06-12,,2.0,通过,孙丽华,材料齐全，同意认定
202400517,申请专利,一种新能源汽车充电枪锁止机构,外观设计专利·第一发明人,,第一发明人,2026-08-23,,2.0,通过,孙丽华,材料齐全，同意认定
202400517,其他实践活动,汽车工程学院企业行,技能资格培训·中级,,,2025-04-12,,1.0,待审核,,
202400518,前沿学术报告,汽车百家讲坛,第6-10期·汽车空气动力学优化设计,,,2026-07-15,,0.25,驳回,孙丽华,认定依据不足，请补充说明材料
202400518,年度创新创业项目,省级·一般成员,氢燃料电池汽车散热性能仿真分析,,一般成员,2025-04-13,2027-06-30,1.5,通过,孙丽华,佐证材料完整，予以通过
202400518,科技创新竞赛,全国大学生节能减排社会实践与科技竞赛,,省级·一等奖,第二完成人,2026-07-01,,2.1,通过,孙丽华,佐证材料完整，予以通过
202400518,创业实践,二手车检测陪购服务工作室,创业训练计划·负责人,,负责人,2026-03-20,,3.0,驳回,孙丽华,盖章缺失，请重新上传完整材料
202400518,学术论文,汽车主动悬架半主动控制策略仿真,国际/国内会议·第一作者,,第一作者,2026-05-20,,3.0,驳回,孙丽华,时间信息有误，请核对后重新提交
202400518,申请专利,一种新能源汽车充电枪锁止机构,发明专利·第一发明人,,第一发明人,2026-03-21,,6.0,通过,孙丽华,佐证材料完整，予以通过
202400518,其他实践活动,汽车造型设计工作坊,学术交流访问·出境交流,,,2026-07-12,,2.0,通过,孙丽华,材料齐全，同意认定
202400519,前沿学术报告,汽车百家讲坛,第6-10期·车载总线与嵌入式系统开发,,,2025-04-20,,0.25,通过,孙丽华,佐证材料完整，予以通过
202400519,年度创新创业项目,省级·负责人,太阳能小车能量管理策略研究,,负责人,2025-12-16,2027-06-30,4.0,通过,孙丽华,材料齐全，同意认定
202400519,科技创新竞赛,全国大学生机械创新设计大赛,,省级·一等奖,第一完成人,2025-06-03,,3.0,通过,孙丽华,符合认定条件，通过
202400519,创业实践,大学生汽车文创工作室,入驻孵化器·团队成员,,团队成员,2026-07-22,,2.0,通过,孙丽华,材料齐全，同意认定
202400519,学术论文,汽车主动悬架半主动控制策略仿真,核心期刊·其他作者,,其他作者,2026-05-21,,1.0,通过,孙丽华,材料齐全，同意认定
202400519,申请专利,一种基于视觉的后视镜盲区监测装置,外观设计专利·其他发明人,,其他发明人,2026-04-14,,1.0,待审核,,
202400519,其他实践活动,全国大学生汽车科技夏令营,学术交流访问·境内交流,,,2026-03-01,,1.0,待审核,,
202400520,前沿学术报告,名家学术讲座,单场·智能制造与数字化工厂实践,,,2025-12-22,,0.5,通过,孙丽华,符合认定条件，通过
202400520,年度创新创业项目,校级·一般成员,新能源汽车电池热管理优化研究,,一般成员,2025-07-22,2027-06-30,1.0,待审核,,
202400520,科技创新竞赛,全国大学生智能汽车竞赛,,国家级·三等奖,核心成员,2026-01-05,,1.2,公示中,孙丽华,材料齐全，同意认定
202400520,创业实践,二手车检测陪购服务工作室,注册成立公司·法人代表,,法人代表,2026-05-05,,6.0,驳回,孙丽华,时间信息有误，请核对后重新提交
202400520,学术论文,汽车主动悬架半主动控制策略仿真,普通期刊·第一作者,,第一作者,2026-04-07,,2.0,通过,孙丽华,材料齐全，同意认定
202400520,申请专利,一种多功能汽车后备箱收纳架,实用新型专利·第一发明人,,第一发明人,2026-01-18,,3.0,待审核,,
202400520,其他实践活动,汽车造型设计工作坊,学术交流访问·境内交流,,,2026-05-24,,1.0,通过,孙丽华,材料齐全，同意认定
202400521,前沿学术报告,名家学术讲座,单场·车载总线与嵌入式系统开发,,,2026-05-22,,0.5,公示中,孙丽华,佐证材料完整，予以通过
202400521,年度创新创业项目,校级·一般成员,车载OBD数据采集与驾驶行为分析,,一般成员,2025-01-05,2027-06-30,1.0,通过,孙丽华,材料齐全，同意认定
202400521,科技创新竞赛,中国大学生方程式汽车大赛,,国家级·二等奖,第三完成人,2026-07-06,,2.0,待审核,,
202400521,创业实践,新能源汽车科普工作室,创业训练计划·团队成员,,团队成员,2026-07-13,,1.5,通过,孙丽华,材料齐全，同意认定
202400521,学术论文,基于YOLO的车距保持辅助算法研究,SCI/EI 收录·其他作者,,其他作者,2026-04-21,,2.0,待院长审批,孙丽华,初审通过，转院长审批
202400521,申请专利,一种可调节角度的车载平板支架,实用新型专利·第一发明人,,第一发明人,2026-03-06,,3.0,通过,孙丽华,佐证材料完整，予以通过
202400521,其他实践活动,汽车工程学院企业行,学科冬夏令营·国家级,,,2025-04-04,,2.0,待审核,,
202400522,前沿学术报告,汽车百家讲坛,第6-10期·新能源汽车动力总成发展趋势,,,2026-01-07,,0.25,通过,孙丽华,材料齐全，同意认定
202400522,年度创新创业项目,校级·一般成员,氢燃料电池汽车散热性能仿真分析,,一般成员,2025-08-17,2027-06-30,1.0,驳回,孙丽华,材料不完整，请补充佐证后重新提交
202400522,科技创新竞赛,校智能车校内选拔赛,,校级·三等奖,第一完成人,2026-02-21,,0.5,待院长审批,孙丽华,初审通过，转院长审批
202400522,创业实践,新能源汽车科普工作室,注册成立公司·法人代表,,法人代表,2026-07-28,,6.0,通过,孙丽华,材料齐全，同意认定
202400522,学术论文,电动汽车无线充电耦合机构优化设计,核心期刊·第一作者,,第一作者,2026-07-13,,4.0,待院长审批,孙丽华,初审通过，转院长审批
202400522,申请专利,一种多功能汽车后备箱收纳架,外观设计专利·其他发明人,,其他发明人,2026-05-09,,1.0,驳回,孙丽华,认定依据不足，请补充说明材料
202400522,其他实践活动,智能驾驶技术专题培训,学科冬夏令营·省级,,,2025-07-18,,1.0,通过,孙丽华,佐证材料完整，予以通过
202400523,前沿学术报告,汽车百家讲坛,第11期以后·车载总线与嵌入式系统开发,,,2026-01-05,,0.25,通过,孙丽华,材料齐全，同意认定
202400523,年度创新创业项目,院级·负责人,二手车价格预测模型构建,,负责人,2025-04-08,2027-06-30,1.0,通过,孙丽华,佐证材料完整，予以通过
202400523,科技创新竞赛,校智能车校内选拔赛,,校级·一等奖,核心成员,2025-08-10,,0.6,通过,孙丽华,材料齐全，同意认定
202400523,创业实践,智能驾培服务平台,入驻孵化器·团队成员,,团队成员,2026-01-10,,2.0,通过,孙丽华,材料齐全，同意认定
202400523,学术论文,电动汽车无线充电耦合机构优化设计,国际/国内会议·其他作者,,其他作者,2026-03-06,,1.0,通过,孙丽华,佐证材料完整，予以通过
202400523,申请专利,一种电动汽车电池包液冷结构,实用新型专利·第一发明人,,第一发明人,2026-05-16,,3.0,通过,孙丽华,符合认定条件，通过
202400523,其他实践活动,汽车工程学院企业行,学科冬夏令营·校级,,,2025-12-22,,0.5,待审核,,
202400524,前沿学术报告,信息科学论坛,第6期以后·汽车空气动力学优化设计,,,2025-09-07,,0.25,驳回,孙丽华,时间信息有误，请核对后重新提交
202400524,年度创新创业项目,省级·负责人,车载OBD数据采集与驾驶行为分析,,负责人,2025-08-03,2027-06-30,4.0,公示中,孙丽华,材料齐全，同意认定
202400524,科技创新竞赛,挑战杯全国大学生课外学术科技作品竞赛,,国家级·一等奖,负责人,2025-04-08,,6.0,驳回,孙丽华,材料不完整，请补充佐证后重新提交
202400524,创业实践,大学生汽车文创工作室,入驻孵化器·团队成员,,团队成员,2026-05-11,,2.0,通过,孙丽华,符合认定条件，通过
202400524,学术论文,基于YOLO的车距保持辅助算法研究,国际/国内会议·第一作者,,第一作者,2026-06-12,,3.0,通过,孙丽华,符合认定条件，通过
202400524,申请专利,一种可调节角度的车载平板支架,发明专利·第一发明人,,第一发明人,2026-03-16,,6.0,待审核,,
202400524,其他实践活动,暑期高校科学营活动,学术交流访问·境内交流,,,2026-06-20,,1.0,通过,孙丽华,符合认定条件，通过
202400525,前沿学术报告,汽车百家讲坛,第1-5期·车载总线与嵌入式系统开发,,,2025-10-21,,0.25,驳回,孙丽华,材料不完整，请补充佐证后重新提交
202400525,年度创新创业项目,省级·负责人,轮胎花纹与湿滑路面制动性能仿真,,负责人,2025-07-12,2027-06-30,4.0,通过,孙丽华,佐证材料完整，予以通过
202400525,科技创新竞赛,山东省大学生机电产品创新设计竞赛,,省级·一等奖,第二完成人,2025-01-13,,2.1,通过,孙丽华,符合认定条件，通过
202400525,创业实践,新能源汽车科普工作室,创业训练计划·负责人,,负责人,2026-07-15,,3.0,驳回,孙丽华,盖章缺失，请重新上传完整材料
202400525,学术论文,汽车主动悬架半主动控制策略仿真,核心期刊·第二作者,,第二作者,2026-02-14,,2.0,待院长审批,孙丽华,初审通过，转院长审批
202400525,申请专利,一种电动汽车电池包液冷结构,外观设计专利·其他发明人,,其他发明人,2026-07-27,,1.0,待审核,,
202400525,其他实践活动,全国大学生汽车科技夏令营,学科冬夏令营·国家级,,,2025-09-01,,2.0,待审核,,
202400526,前沿学术报告,信息科学论坛,第6期以后·汽车空气动力学优化设计,,,2026-01-12,,0.25,通过,孙丽华,符合认定条件，通过
202400526,年度创新创业项目,国家级·核心成员,智能导览机器人设计与实现,,核心成员,2025-04-03,2027-06-30,4.0,待审核,,
202400526,科技创新竞赛,挑战杯全国大学生课外学术科技作品竞赛,,国家级·三等奖,第二完成人,2026-04-15,,1.4,通过,孙丽华,材料齐全，同意认定
202400526,创业实践,校内共享打印服务站,入驻孵化器·负责人,,负责人,2026-01-15,,4.0,驳回,孙丽华,时间信息有误，请核对后重新提交
202400526,学术论文,基于YOLO的车距保持辅助算法研究,核心期刊·其他作者,,其他作者,2026-08-24,,1.0,通过,孙丽华,符合认定条件，通过
202400526,申请专利,一种新能源汽车充电枪锁止机构,发明专利·第一发明人,,第一发明人,2026-03-22,,6.0,待审核,,
202400526,其他实践活动,汽车造型设计工作坊,学术交流访问·境内交流,,,2025-12-17,,1.0,通过,孙丽华,符合认定条件，通过
202400527,前沿学术报告,汽车百家讲坛,第1-5期·新能源汽车动力总成发展趋势,,,2025-04-03,,0.25,通过,孙丽华,材料齐全，同意认定
202400527,年度创新创业项目,省级·负责人,太阳能小车能量管理策略研究,,负责人,2025-05-07,2027-06-30,4.0,公示中,孙丽华,符合认定条件，通过
202400527,科技创新竞赛,中国大学生方程式汽车大赛,,国家级·三等奖,第三完成人,2025-09-05,,1.0,公示中,孙丽华,佐证材料完整，予以通过
202400527,创业实践,新能源汽车科普工作室,创业训练计划·团队成员,,团队成员,2026-07-14,,1.5,通过,孙丽华,材料齐全，同意认定
202400527,学术论文,基于多目标优化的车身结构轻量化设计,国际/国内会议·其他作者,,其他作者,2026-01-26,,1.0,通过,孙丽华,符合认定条件，通过
202400527,申请专利,一种多功能汽车后备箱收纳架,外观设计专利·其他发明人,,其他发明人,2026-01-04,,1.0,通过,孙丽华,佐证材料完整，予以通过
202400527,其他实践活动,汽车造型设计工作坊,技能资格培训·初级,,,2025-08-06,,0.5,通过,孙丽华,材料齐全，同意认定
202400528,前沿学术报告,汽车百家讲坛,第6-10期·智能制造与数字化工厂实践,,,2025-11-05,,0.25,通过,孙丽华,材料齐全，同意认定
202400528,年度创新创业项目,院级·一般成员,基于深度学习的交通标志识别系统,,一般成员,2025-11-14,2027-06-30,0.5,待审核,,
202400528,科技创新竞赛,全国大学生智能汽车竞赛,,省级·二等奖,核心成员,2025-05-05,,1.2,待审核,,
202400528,创业实践,大学生汽车文创工作室,创业训练计划·团队成员,,团队成员,2026-04-25,,1.5,通过,孙丽华,材料齐全，同意认定
202400528,学术论文,基于深度学习的路面裂缝检测方法研究,核心期刊·第一作者,,第一作者,2026-08-10,,4.0,待审核,,
202400528,申请专利,一种新能源汽车充电枪锁止机构,实用新型专利·其他发明人,,其他发明人,2026-02-17,,1.5,通过,孙丽华,佐证材料完整，予以通过
202400528,其他实践活动,智能驾驶技术专题培训,学科冬夏令营·省级,,,2025-05-01,,1.0,待审核,,
202400529,前沿学术报告,汽车百家讲坛,第6-10期·汽车空气动力学优化设计,,,2025-09-03,,0.25,通过,孙丽华,材料齐全，同意认定
202400529,年度创新创业项目,国家级·核心成员,二手车价格预测模型构建,,核心成员,2025-12-24,2027-06-30,4.0,通过,孙丽华,材料齐全，同意认定
202400529,科技创新竞赛,全国大学生数学建模竞赛,,国家级·二等奖,核心成员,2025-06-26,,2.4,待审核,,
202400529,创业实践,智能驾培服务平台,入驻孵化器·负责人,,负责人,2026-05-02,,4.0,通过,孙丽华,佐证材料完整，予以通过
202400529,学术论文,燃料电池汽车氢气循环系统特性分析,国际/国内会议·其他作者,,其他作者,2026-04-21,,1.0,驳回,孙丽华,时间信息有误，请核对后重新提交
202400529,申请专利,一种可调节角度的车载平板支架,外观设计专利·其他发明人,,其他发明人,2026-04-08,,1.0,通过,孙丽华,佐证材料完整，予以通过
202400529,其他实践活动,德国亚琛工业大学线上交流项目,学科冬夏令营·校级,,,2026-02-22,,0.5,通过,孙丽华,佐证材料完整，予以通过
202400530,前沿学术报告,汽车百家讲坛,第11期以后·氢能及燃料电池汽车产业展望,,,2025-03-27,,0.25,驳回,孙丽华,认定依据不足，请补充说明材料
202400530,年度创新创业项目,国家级·负责人,轮胎花纹与湿滑路面制动性能仿真,,负责人,2025-02-09,2027-06-30,6.0,通过,孙丽华,材料齐全，同意认定
202400530,科技创新竞赛,校智能车校内选拔赛,,校级·三等奖,第三完成人,2025-09-27,,0.25,通过,孙丽华,佐证材料完整，予以通过
202400530,创业实践,校内共享打印服务站,入驻孵化器·负责人,,负责人,2026-08-24,,4.0,驳回,孙丽华,认定依据不足，请补充说明材料
202400530,学术论文,燃料电池汽车氢气循环系统特性分析,核心期刊·其他作者,,其他作者,2026-06-17,,1.0,驳回,孙丽华,材料不完整，请补充佐证后重新提交
202400530,申请专利,一种可调节角度的车载平板支架,发明专利·第一发明人,,第一发明人,2026-08-10,,6.0,待审核,,
202400530,其他实践活动,智能驾驶技术专题培训,学术交流访问·出境交流,,,2025-03-27,,2.0,通过,孙丽华,符合认定条件，通过
202400531,前沿学术报告,信息科学论坛,第6期以后·智能制造与数字化工厂实践,,,2025-09-28,,0.25,通过,孙丽华,符合认定条件，通过
202400531,年度创新创业项目,省级·负责人,车载OBD数据采集与驾驶行为分析,,负责人,2025-05-17,2027-06-30,4.0,通过,孙丽华,符合认定条件，通过
202400531,科技创新竞赛,挑战杯全国大学生课外学术科技作品竞赛,,省级·二等奖,第二完成人,2025-04-16,,1.4,通过,孙丽华,符合认定条件，通过
202400531,创业实践,校内共享打印服务站,创业训练计划·负责人,,负责人,2026-03-18,,3.0,通过,孙丽华,符合认定条件，通过
202400531,学术论文,混合动力汽车能量管理策略仿真,核心期刊·第二作者,,第二作者,2026-08-04,,2.0,通过,孙丽华,佐证材料完整，予以通过
202400531,申请专利,一种车载智能空气净化装置,外观设计专利·其他发明人,,其他发明人,2026-04-10,,1.0,通过,孙丽华,符合认定条件，通过
202400531,其他实践活动,汽车工程学院企业行,技能资格培训·初级,,,2025-01-21,,0.5,通过,孙丽华,佐证材料完整，予以通过
202400532,前沿学术报告,名家学术讲座,单场·新能源汽车动力总成发展趋势,,,2026-03-19,,0.5,驳回,孙丽华,时间信息有误，请核对后重新提交
202400532,年度创新创业项目,省级·负责人,车载OBD数据采集与驾驶行为分析,,负责人,2025-09-01,2027-06-30,4.0,待审核,,
202400532,科技创新竞赛,全国大学生机械创新设计大赛,,国家级·二等奖,第一完成人,2025-06-11,,4.0,待院长审批,孙丽华,初审通过，转院长审批
202400532,创业实践,校内共享打印服务站,注册成立公司·合伙人,,合伙人,2026-03-03,,4.0,待审核,,
202400532,学术论文,低温环境下锂电池充放电特性研究,国际/国内会议·其他作者,,其他作者,2026-05-08,,1.0,通过,孙丽华,佐证材料完整，予以通过
202400532,申请专利,一种新能源汽车充电枪锁止机构,实用新型专利·第一发明人,,第一发明人,2026-05-03,,3.0,通过,孙丽华,佐证材料完整，予以通过
202400532,其他实践活动,暑期高校科学营活动,技能资格培训·中级,,,2025-06-10,,1.0,通过,孙丽华,材料齐全，同意认定
202400533,前沿学术报告,汽车百家讲坛,第6-10期·智能网联汽车技术前沿,,,2026-08-10,,0.25,通过,孙丽华,材料齐全，同意认定
202400533,年度创新创业项目,校级·一般成员,氢燃料电池汽车散热性能仿真分析,,一般成员,2025-06-03,2027-06-30,1.0,通过,孙丽华,符合认定条件，通过
202400533,科技创新竞赛,全国大学生数学建模竞赛,,省级·一等奖,第一完成人,2025-06-26,,3.0,通过,孙丽华,符合认定条件，通过
202400533,创业实践,二手车检测陪购服务工作室,注册成立公司·合伙人,,合伙人,2026-07-25,,4.0,通过,孙丽华,符合认定条件，通过
202400533,学术论文,汽车主动悬架半主动控制策略仿真,国际/国内会议·第一作者,,第一作者,2026-01-05,,3.0,通过,孙丽华,材料齐全，同意认定
202400533,申请专利,一种新能源汽车充电枪锁止机构,实用新型专利·第一发明人,,第一发明人,2026-06-01,,3.0,通过,孙丽华,符合认定条件，通过
202400533,其他实践活动,全国大学生汽车科技夏令营,学科冬夏令营·国家级,,,2026-08-04,,2.0,通过,孙丽华,材料齐全，同意认定
202400534,前沿学术报告,汽车百家讲坛,第6-10期·新能源汽车动力总成发展趋势,,,2025-01-03,,0.25,通过,孙丽华,符合认定条件，通过
202400534,年度创新创业项目,校级·一般成员,二手车价格预测模型构建,,一般成员,2025-05-01,2027-06-30,1.0,通过,孙丽华,佐证材料完整，予以通过
202400534,科技创新竞赛,全国大学生智能汽车竞赛,,国家级·二等奖,负责人,2026-02-11,,4.0,通过,孙丽华,佐证材料完整，予以通过
202400534,创业实践,二手车检测陪购服务工作室,入驻孵化器·团队成员,,团队成员,2026-06-09,,2.0,通过,孙丽华,佐证材料完整，予以通过
202400534,学术论文,低温环境下锂电池充放电特性研究,普通期刊·第二作者,,第二作者,2026-05-11,,1.0,驳回,孙丽华,时间信息有误，请核对后重新提交
202400534,申请专利,一种车载智能空气净化装置,实用新型专利·其他发明人,,其他发明人,2026-05-15,,1.5,通过,孙丽华,符合认定条件，通过
202400534,其他实践活动,汽车造型设计工作坊,技能资格培训·初级,,,2026-02-05,,0.5,通过,孙丽华,佐证材料完整，予以通过
202400535,前沿学术报告,信息科学论坛,第1-5期·汽车空气动力学优化设计,,,2025-10-14,,0.25,通过,孙丽华,符合认定条件，通过
202400535,年度创新创业项目,省级·负责人,轮胎花纹与湿滑路面制动性能仿真,,负责人,2025-08-06,2027-06-30,4.0,通过,孙丽华,符合认定条件，通过
202400535,科技创新竞赛,全国大学生节能减排社会实践与科技竞赛,,省级·一等奖,第一完成人,2026-08-03,,3.0,通过,孙丽华,符合认定条件，通过
202400535,创业实践,智能驾培服务平台,入驻孵化器·负责人,,负责人,2026-01-19,,4.0,通过,孙丽华,符合认定条件，通过
202400535,学术论文,基于YOLO的车距保持辅助算法研究,核心期刊·其他作者,,其他作者,2026-01-27,,1.0,待审核,,
202400535,申请专利,一种新能源汽车充电枪锁止机构,实用新型专利·其他发明人,,其他发明人,2026-02-13,,1.5,通过,孙丽华,佐证材料完整，予以通过
202400535,其他实践活动,全国大学生汽车科技夏令营,技能资格培训·中级,,,2025-11-24,,1.0,待审核,,
202400536,前沿学术报告,汽车百家讲坛,第11期以后·智能制造与数字化工厂实践,,,2026-01-09,,0.25,通过,孙丽华,符合认定条件，通过
202400536,年度创新创业项目,院级·核心成员,校园共享电动车调度优化研究,,核心成员,2025-04-01,2027-06-30,0.5,通过,孙丽华,佐证材料完整，予以通过
202400536,科技创新竞赛,挑战杯全国大学生课外学术科技作品竞赛,,省级·一等奖,负责人,2026-05-12,,3.0,通过,孙丽华,符合认定条件，通过
202400536,创业实践,新能源汽车科普工作室,创业训练计划·团队成员,,团队成员,2026-08-21,,1.5,通过,孙丽华,佐证材料完整，予以通过
202400536,学术论文,电动汽车无线充电耦合机构优化设计,SCI/EI 收录·其他作者,,其他作者,2026-05-22,,2.0,通过,孙丽华,佐证材料完整，予以通过
202400536,申请专利,一种基于视觉的后视镜盲区监测装置,发明专利·第一发明人,,第一发明人,2026-08-01,,6.0,通过,孙丽华,材料齐全，同意认定
202400536,其他实践活动,暑期高校科学营活动,学术交流访问·境内交流,,,2026-08-09,,1.0,通过,孙丽华,材料齐全，同意认定
202400537,前沿学术报告,汽车百家讲坛,第1-5期·动力电池热管理关键技术,,,2025-07-03,,0.25,通过,孙丽华,材料齐全，同意认定
202400537,年度创新创业项目,校级·核心成员,二手车价格预测模型构建,,核心成员,2025-05-03,2027-06-30,1.5,通过,孙丽华,符合认定条件，通过
202400537,科技创新竞赛,山东省大学生机电产品创新设计竞赛,,省级·一等奖,第三完成人,2025-03-15,,1.5,通过,孙丽华,符合认定条件，通过
202400537,创业实践,大学生汽车文创工作室,注册成立公司·团队成员,,团队成员,2026-08-02,,2.0,通过,孙丽华,佐证材料完整，予以通过
202400537,学术论文,汽车主动悬架半主动控制策略仿真,国际/国内会议·其他作者,,其他作者,2026-04-23,,1.0,待审核,,
202400537,申请专利,一种新能源汽车充电枪锁止机构,外观设计专利·其他发明人,,其他发明人,2026-02-18,,1.0,待院长审批,孙丽华,初审通过，转院长审批
202400537,其他实践活动,智能驾驶技术专题培训,学术交流访问·出境交流,,,2026-02-08,,2.0,驳回,孙丽华,认定依据不足，请补充说明材料
202400538,前沿学术报告,汽车百家讲坛,第6-10期·新能源汽车动力总成发展趋势,,,2026-08-04,,0.25,待审核,,
202400538,年度创新创业项目,院级·核心成员,车载OBD数据采集与驾驶行为分析,,核心成员,2025-08-14,2027-06-30,0.5,通过,孙丽华,符合认定条件，通过
202400538,科技创新竞赛,全国大学生智能汽车竞赛,,国家级·一等奖,第一完成人,2025-04-05,,6.0,通过,孙丽华,符合认定条件，通过
202400538,创业实践,校内共享打印服务站,入驻孵化器·团队成员,,团队成员,2026-04-15,,2.0,驳回,孙丽华,材料不完整，请补充佐证后重新提交
202400538,学术论文,汽车主动悬架半主动控制策略仿真,国际/国内会议·第一作者,,第一作者,2026-06-08,,3.0,公示中,孙丽华,材料齐全，同意认定
202400538,申请专利,一种车载智能空气净化装置,实用新型专利·其他发明人,,其他发明人,2026-04-10,,1.5,公示中,孙丽华,佐证材料完整，予以通过
202400538,其他实践活动,智能驾驶技术专题培训,学科冬夏令营·国家级,,,2025-11-19,,2.0,通过,孙丽华,符合认定条件，通过
202400539,前沿学术报告,汽车百家讲坛,第6-10期·动力电池热管理关键技术,,,2025-02-15,,0.25,通过,孙丽华,佐证材料完整，予以通过
202400539,年度创新创业项目,校级·核心成员,二手车价格预测模型构建,,核心成员,2025-01-14,2027-06-30,1.5,待审核,,
202400539,科技创新竞赛,中国国际大学生创新大赛,,省级·三等奖,负责人,2026-04-03,,1.0,驳回,孙丽华,时间信息有误，请核对后重新提交
202400539,创业实践,校园二手书流转平台,入驻孵化器·负责人,,负责人,2026-03-09,,4.0,通过,孙丽华,佐证材料完整，予以通过
202400539,学术论文,混合动力汽车能量管理策略仿真,国际/国内会议·第二作者,,第二作者,2026-08-02,,2.0,待审核,,
202400539,申请专利,一种车载智能空气净化装置,实用新型专利·其他发明人,,其他发明人,2026-07-07,,1.5,通过,孙丽华,符合认定条件，通过
202400539,其他实践活动,汽车造型设计工作坊,学术交流访问·境内交流,,,2025-04-22,,1.0,通过,孙丽华,材料齐全，同意认定
202400540,前沿学术报告,汽车百家讲坛,第1-5期·汽车轻量化设计与新材料应用,,,2026-06-23,,0.25,通过,孙丽华,佐证材料完整，予以通过
202400540,年度创新创业项目,院级·一般成员,智能导览机器人设计与实现,,一般成员,2025-07-22,2027-06-30,0.5,待审核,,
202400540,科技创新竞赛,全国大学生节能减排社会实践与科技竞赛,,国家级·三等奖,第三完成人,2026-08-26,,1.0,通过,孙丽华,符合认定条件，通过
202400540,创业实践,智能驾培服务平台,注册成立公司·合伙人,,合伙人,2026-08-19,,4.0,通过,孙丽华,材料齐全，同意认定
202400540,学术论文,混合动力汽车能量管理策略仿真,普通期刊·第二作者,,第二作者,2026-03-26,,1.0,通过,孙丽华,佐证材料完整，予以通过
202400540,申请专利,一种新能源汽车充电枪锁止机构,实用新型专利·其他发明人,,其他发明人,2026-07-21,,1.5,通过,孙丽华,符合认定条件，通过
202400540,其他实践活动,全国大学生汽车科技夏令营,学术交流访问·境内交流,,,2025-10-20,,1.0,驳回,孙丽华,盖章缺失，请重新上传完整材料
202400541,前沿学术报告,汽车百家讲坛,第1-5期·汽车空气动力学优化设计,,,2025-08-25,,0.25,通过,孙丽华,材料齐全，同意认定
202400541,年度创新创业项目,校级·负责人,车载OBD数据采集与驾驶行为分析,,负责人,2025-04-11,2027-06-30,2.0,通过,孙丽华,材料齐全，同意认定
202400541,科技创新竞赛,全国大学生节能减排社会实践与科技竞赛,,国家级·一等奖,第二完成人,2026-03-12,,4.2,待审核,,
202400541,创业实践,校园二手书流转平台,注册成立公司·法人代表,,法人代表,2026-03-22,,6.0,待审核,,
202400541,学术论文,基于深度学习的路面裂缝检测方法研究,国际/国内会议·第一作者,,第一作者,2026-03-10,,3.0,驳回,孙丽华,盖章缺失，请重新上传完整材料
202400541,申请专利,一种电动汽车电池包液冷结构,实用新型专利·其他发明人,,其他发明人,2026-08-04,,1.5,通过,孙丽华,材料齐全，同意认定
202400541,其他实践活动,德国亚琛工业大学线上交流项目,学科冬夏令营·省级,,,2026-05-14,,1.0,通过,孙丽华,佐证材料完整，予以通过
202400542,前沿学术报告,汽车百家讲坛,第11期以后·无人驾驶环境感知技术进展,,,2025-03-24,,0.25,通过,孙丽华,符合认定条件，通过
202400542,年度创新创业项目,院级·负责人,二手车价格预测模型构建,,负责人,2025-12-15,2027-06-30,1.0,待审核,,
202400542,科技创新竞赛,中国大学生方程式汽车大赛,,国家级·一等奖,第三完成人,2026-05-10,,3.0,通过,孙丽华,符合认定条件，通过
202400542,创业实践,新能源汽车科普工作室,创业训练计划·负责人,,负责人,2026-08-05,,3.0,待审核,,
202400542,学术论文,电动汽车无线充电耦合机构优化设计,普通期刊·第二作者,,第二作者,2026-06-26,,1.0,待审核,,
202400542,申请专利,一种新能源汽车充电枪锁止机构,实用新型专利·第一发明人,,第一发明人,2026-08-06,,3.0,待审核,,
202400542,其他实践活动,全国大学生汽车科技夏令营,学术交流访问·境内交流,,,2026-04-27,,1.0,通过,孙丽华,符合认定条件，通过
202400543,前沿学术报告,信息科学论坛,第6期以后·智能制造与数字化工厂实践,,,2026-04-19,,0.25,通过,孙丽华,佐证材料完整，予以通过
202400543,年度创新创业项目,省级·负责人,氢燃料电池汽车散热性能仿真分析,,负责人,2025-03-18,2027-06-30,4.0,通过,孙丽华,材料齐全，同意认定
202400543,科技创新竞赛,校智能车校内选拔赛,,校级·一等奖,第二完成人,2026-04-10,,0.7,通过,孙丽华,佐证材料完整，予以通过
202400543,创业实践,智能驾培服务平台,入驻孵化器·团队成员,,团队成员,2026-02-17,,2.0,通过,孙丽华,材料齐全，同意认定
202400543,学术论文,基于深度学习的路面裂缝检测方法研究,核心期刊·其他作者,,其他作者,2026-06-01,,1.0,通过,孙丽华,符合认定条件，通过
202400543,申请专利,一种电动汽车电池包液冷结构,实用新型专利·其他发明人,,其他发明人,2026-02-06,,1.5,通过,孙丽华,佐证材料完整，予以通过
202400543,其他实践活动,德国亚琛工业大学线上交流项目,学科冬夏令营·校级,,,2025-06-02,,0.5,通过,孙丽华,材料齐全，同意认定
202400544,前沿学术报告,汽车百家讲坛,第11期以后·汽车轻量化设计与新材料应用,,,2025-06-05,,0.25,待审核,,
202400544,年度创新创业项目,省级·核心成员,新能源汽车电池热管理优化研究,,核心成员,2025-05-09,2027-06-30,3.0,通过,孙丽华,材料齐全，同意认定
202400544,科技创新竞赛,全国大学生智能汽车竞赛,,国家级·三等奖,第二完成人,2025-07-07,,1.4,待审核,,
202400544,创业实践,二手车检测陪购服务工作室,入驻孵化器·负责人,,负责人,2026-05-18,,4.0,待审核,,
202400544,学术论文,基于YOLO的车距保持辅助算法研究,普通期刊·第二作者,,第二作者,2026-01-05,,1.0,通过,孙丽华,佐证材料完整，予以通过
202400544,申请专利,一种可调节角度的车载平板支架,外观设计专利·第一发明人,,第一发明人,2026-04-06,,2.0,通过,孙丽华,佐证材料完整，予以通过
202400544,其他实践活动,智能驾驶技术专题培训,学科冬夏令营·校级,,,2025-07-20,,0.5,通过,孙丽华,材料齐全，同意认定
202400545,前沿学术报告,汽车百家讲坛,第11期以后·车载总线与嵌入式系统开发,,,2025-01-25,,0.25,通过,孙丽华,符合认定条件，通过
202400545,年度创新创业项目,院级·负责人,新能源汽车电池热管理优化研究,,负责人,2025-07-11,2027-06-30,1.0,通过,孙丽华,材料齐全，同意认定
202400545,科技创新竞赛,校智能车校内选拔赛,,校级·一等奖,第三完成人,2025-12-12,,0.5,通过,孙丽华,材料齐全，同意认定
202400545,创业实践,二手车检测陪购服务工作室,创业训练计划·团队成员,,团队成员,2026-02-27,,1.5,待审核,,
202400545,学术论文,混合动力汽车能量管理策略仿真,普通期刊·第二作者,,第二作者,2026-08-25,,1.0,通过,孙丽华,佐证材料完整，予以通过
202400545,申请专利,一种可调节角度的车载平板支架,发明专利·其他发明人,,其他发明人,2026-03-19,,3.0,待院长审批,孙丽华,初审通过，转院长审批
202400545,其他实践活动,全国大学生汽车科技夏令营,学术交流访问·境内交流,,,2026-04-19,,1.0,通过,孙丽华,佐证材料完整，予以通过
202400546,前沿学术报告,汽车百家讲坛,第11期以后·无人驾驶环境感知技术进展,,,2025-07-20,,0.25,待审核,,
202400546,年度创新创业项目,校级·一般成员,太阳能小车能量管理策略研究,,一般成员,2025-06-26,2027-06-30,1.0,待审核,,
202400546,科技创新竞赛,中国国际大学生创新大赛,,国家级·三等奖,第二完成人,2025-09-16,,1.4,通过,孙丽华,符合认定条件，通过
202400546,创业实践,二手车检测陪购服务工作室,创业训练计划·团队成员,,团队成员,2026-08-19,,1.5,待院长审批,孙丽华,初审通过，转院长审批
202400546,学术论文,基于多目标优化的车身结构轻量化设计,国际/国内会议·第二作者,,第二作者,2026-01-16,,2.0,待审核,,
202400546,申请专利,一种车载智能空气净化装置,发明专利·第一发明人,,第一发明人,2026-01-13,,6.0,通过,孙丽华,符合认定条件，通过
202400546,其他实践活动,汽车造型设计工作坊,学术交流访问·出境交流,,,2025-06-17,,2.0,通过,孙丽华,材料齐全，同意认定
202400547,前沿学术报告,汽车百家讲坛,第1-5期·智能制造与数字化工厂实践,,,2025-09-05,,0.25,待审核,,
202400547,年度创新创业项目,省级·一般成员,车载OBD数据采集与驾驶行为分析,,一般成员,2025-12-27,2027-06-30,1.5,待审核,,
202400547,科技创新竞赛,挑战杯全国大学生课外学术科技作品竞赛,,省级·一等奖,负责人,2026-08-06,,3.0,待审核,,
202400547,创业实践,校内共享打印服务站,入驻孵化器·负责人,,负责人,2026-06-13,,4.0,通过,孙丽华,材料齐全，同意认定
202400547,学术论文,基于深度学习的路面裂缝检测方法研究,国际/国内会议·其他作者,,其他作者,2026-03-23,,1.0,驳回,孙丽华,时间信息有误，请核对后重新提交
202400547,申请专利,一种电动汽车电池包液冷结构,发明专利·第一发明人,,第一发明人,2026-02-21,,6.0,驳回,孙丽华,时间信息有误，请核对后重新提交
202400547,其他实践活动,汽车工程学院企业行,技能资格培训·高级,,,2025-08-21,,1.5,通过,孙丽华,佐证材料完整，予以通过
202400548,前沿学术报告,汽车百家讲坛,第6-10期·智能网联汽车技术前沿,,,2025-05-20,,0.25,通过,孙丽华,符合认定条件，通过
202400548,年度创新创业项目,校级·负责人,基于机器视觉的行人过街检测系统,,负责人,2025-11-20,2027-06-30,2.0,驳回,孙丽华,认定依据不足，请补充说明材料
202400548,科技创新竞赛,山东省大学生机电产品创新设计竞赛,,省级·一等奖,第二完成人,2026-06-05,,2.1,通过,孙丽华,符合认定条件，通过
202400548,创业实践,二手车检测陪购服务工作室,入驻孵化器·负责人,,负责人,2026-07-18,,4.0,通过,孙丽华,材料齐全，同意认定
202400548,学术论文,燃料电池汽车氢气循环系统特性分析,核心期刊·其他作者,,其他作者,2026-01-13,,1.0,通过,孙丽华,材料齐全，同意认定
202400548,申请专利,一种车载智能空气净化装置,发明专利·第一发明人,,第一发明人,2026-07-21,,6.0,待审核,,
202400548,其他实践活动,德国亚琛工业大学线上交流项目,技能资格培训·高级,,,2026-03-13,,1.5,通过,孙丽华,材料齐全，同意认定
202400549,前沿学术报告,汽车百家讲坛,第6-10期·汽车芯片与域控制器架构,,,2026-07-16,,0.25,通过,孙丽华,佐证材料完整，予以通过
202400549,年度创新创业项目,省级·核心成员,基于机器视觉的行人过街检测系统,,核心成员,2025-11-11,2027-06-30,3.0,通过,孙丽华,材料齐全，同意认定
202400549,科技创新竞赛,全国大学生智能汽车竞赛,,国家级·三等奖,核心成员,2025-07-08,,1.2,驳回,孙丽华,认定依据不足，请补充说明材料
202400549,创业实践,校园二手书流转平台,入驻孵化器·负责人,,负责人,2026-07-12,,4.0,通过,孙丽华,材料齐全，同意认定
202400549,学术论文,基于多目标优化的车身结构轻量化设计,普通期刊·其他作者,,其他作者,2026-04-06,,0.5,驳回,孙丽华,材料不完整，请补充佐证后重新提交
202400549,申请专利,一种新能源汽车充电枪锁止机构,发明专利·第一发明人,,第一发明人,2026-07-15,,6.0,通过,孙丽华,符合认定条件，通过
202400549,其他实践活动,暑期高校科学营活动,学科冬夏令营·校级,,,2025-02-08,,0.5,驳回,孙丽华,盖章缺失，请重新上传完整材料
202400550,前沿学术报告,名家学术讲座,单场·无人驾驶环境感知技术进展,,,2025-04-04,,0.5,通过,孙丽华,材料齐全，同意认定
202400550,年度创新创业项目,校级·核心成员,基于机器视觉的行人过街检测系统,,核心成员,2025-12-07,2027-06-30,1.5,通过,孙丽华,佐证材料完整，予以通过
202400550,科技创新竞赛,全国大学生数学建模竞赛,,国家级·二等奖,核心成员,2026-06-04,,2.4,通过,孙丽华,材料齐全，同意认定
202400550,创业实践,智能驾培服务平台,入驻孵化器·团队成员,,团队成员,2026-03-14,,2.0,通过,孙丽华,佐证材料完整，予以通过
202400550,学术论文,基于深度学习的路面裂缝检测方法研究,核心期刊·第一作者,,第一作者,2026-04-13,,4.0,通过,孙丽华,材料齐全，同意认定
202400550,申请专利,一种车载智能空气净化装置,实用新型专利·第一发明人,,第一发明人,2026-02-15,,3.0,通过,孙丽华,佐证材料完整，予以通过
202400550,其他实践活动,德国亚琛工业大学线上交流项目,学科冬夏令营·校级,,,2026-03-06,,0.5,通过,孙丽华,符合认定条件，通过
202400551,前沿学术报告,汽车百家讲坛,第11期以后·汽车空气动力学优化设计,,,2026-07-12,,0.25,通过,孙丽华,符合认定条件，通过
202400551,年度创新创业项目,省级·负责人,太阳能小车能量管理策略研究,,负责人,2025-07-06,2027-06-30,4.0,通过,孙丽华,佐证材料完整，予以通过
202400551,科技创新竞赛,全国大学生节能减排社会实践与科技竞赛,,国家级·一等奖,负责人,2026-04-26,,6.0,通过,孙丽华,符合认定条件，通过
202400551,创业实践,二手车检测陪购服务工作室,创业训练计划·团队成员,,团队成员,2026-08-19,,1.5,公示中,孙丽华,佐证材料完整，予以通过
202400551,学术论文,低温环境下锂电池充放电特性研究,普通期刊·其他作者,,其他作者,2026-01-07,,0.5,通过,孙丽华,材料齐全，同意认定
202400551,申请专利,一种可调节角度的车载平板支架,发明专利·其他发明人,,其他发明人,2026-07-11,,3.0,通过,孙丽华,符合认定条件，通过
202400551,其他实践活动,汽车工程学院企业行,学术交流访问·境内交流,,,2026-08-22,,1.0,通过,孙丽华,符合认定条件，通过
202400552,前沿学术报告,信息科学论坛,第6期以后·氢能及燃料电池汽车产业展望,,,2025-11-16,,0.25,通过,孙丽华,佐证材料完整，予以通过
202400552,年度创新创业项目,省级·一般成员,新能源汽车电池热管理优化研究,,一般成员,2025-02-25,2027-06-30,1.5,驳回,孙丽华,盖章缺失，请重新上传完整材料
202400552,科技创新竞赛,山东省大学生机电产品创新设计竞赛,,省级·一等奖,第三完成人,2026-03-12,,1.5,驳回,孙丽华,材料不完整，请补充佐证后重新提交
202400552,创业实践,大学生汽车文创工作室,注册成立公司·法人代表,,法人代表,2026-06-27,,6.0,通过,孙丽华,材料齐全，同意认定
202400552,学术论文,燃料电池汽车氢气循环系统特性分析,普通期刊·第一作者,,第一作者,2026-01-15,,2.0,通过,孙丽华,符合认定条件，通过
202400552,申请专利,一种基于视觉的后视镜盲区监测装置,外观设计专利·第一发明人,,第一发明人,2026-07-17,,2.0,公示中,孙丽华,材料齐全，同意认定
202400552,其他实践活动,汽车造型设计工作坊,学术交流访问·境内交流,,,2026-04-22,,1.0,通过,孙丽华,材料齐全，同意认定
202400553,前沿学术报告,汽车百家讲坛,第6-10期·汽车轻量化设计与新材料应用,,,2025-07-25,,0.25,通过,孙丽华,佐证材料完整，予以通过
202400553,年度创新创业项目,校级·负责人,新能源汽车电池热管理优化研究,,负责人,2025-06-04,2027-06-30,2.0,通过,孙丽华,佐证材料完整，予以通过
202400553,科技创新竞赛,全国大学生智能汽车竞赛,,省级·一等奖,核心成员,2026-01-13,,1.8,通过,孙丽华,材料齐全，同意认定
202400553,创业实践,校内共享打印服务站,入驻孵化器·负责人,,负责人,2026-05-27,,4.0,通过,孙丽华,符合认定条件，通过
202400553,学术论文,汽车主动悬架半主动控制策略仿真,普通期刊·第二作者,,第二作者,2026-05-05,,1.0,通过,孙丽华,符合认定条件，通过
202400553,申请专利,一种新能源汽车充电枪锁止机构,发明专利·其他发明人,,其他发明人,2026-03-22,,3.0,待审核,,
202400553,其他实践活动,汽车造型设计工作坊,学术交流访问·出境交流,,,2025-08-14,,2.0,通过,孙丽华,符合认定条件，通过
202400554,前沿学术报告,名家学术讲座,单场·氢能及燃料电池汽车产业展望,,,2025-05-11,,0.5,待审核,,
202400554,年度创新创业项目,校级·核心成员,校园共享电动车调度优化研究,,核心成员,2025-08-23,2027-06-30,1.5,驳回,孙丽华,盖章缺失，请重新上传完整材料
202400554,科技创新竞赛,挑战杯全国大学生课外学术科技作品竞赛,,国家级·三等奖,核心成员,2025-08-15,,1.2,通过,孙丽华,佐证材料完整，予以通过
202400554,创业实践,智能驾培服务平台,创业训练计划·团队成员,,团队成员,2026-04-14,,1.5,通过,孙丽华,符合认定条件，通过
202400554,学术论文,基于深度学习的路面裂缝检测方法研究,SCI/EI 收录·第一作者,,第一作者,2026-02-04,,6.0,通过,孙丽华,材料齐全，同意认定
202400554,申请专利,一种可调节角度的车载平板支架,外观设计专利·其他发明人,,其他发明人,2026-03-15,,1.0,通过,孙丽华,佐证材料完整，予以通过
202400554,其他实践活动,汽车工程学院企业行,学科冬夏令营·校级,,,2026-01-27,,0.5,通过,孙丽华,符合认定条件，通过
202400555,前沿学术报告,汽车百家讲坛,第6-10期·汽车轻量化设计与新材料应用,,,2025-09-05,,0.25,通过,孙丽华,佐证材料完整，予以通过
202400555,年度创新创业项目,校级·负责人,太阳能小车能量管理策略研究,,负责人,2025-02-02,2027-06-30,2.0,通过,孙丽华,佐证材料完整，予以通过
202400555,科技创新竞赛,全国大学生机械创新设计大赛,,省级·三等奖,第一完成人,2026-05-26,,1.0,通过,孙丽华,佐证材料完整，予以通过
202400555,创业实践,二手车检测陪购服务工作室,创业训练计划·负责人,,负责人,2026-02-01,,3.0,通过,孙丽华,符合认定条件，通过
202400555,学术论文,汽车主动悬架半主动控制策略仿真,国际/国内会议·第一作者,,第一作者,2026-01-11,,3.0,待审核,,
202400555,申请专利,一种基于视觉的后视镜盲区监测装置,发明专利·第一发明人,,第一发明人,2026-02-20,,6.0,通过,孙丽华,材料齐全，同意认定
202400555,其他实践活动,德国亚琛工业大学线上交流项目,技能资格培训·中级,,,2026-04-21,,1.0,通过,孙丽华,佐证材料完整，予以通过
202400556,前沿学术报告,名家学术讲座,单场·无人驾驶环境感知技术进展,,,2026-05-25,,0.5,驳回,孙丽华,认定依据不足，请补充说明材料
202400556,年度创新创业项目,院级·负责人,轮胎花纹与湿滑路面制动性能仿真,,负责人,2025-01-07,2027-06-30,1.0,通过,孙丽华,佐证材料完整，予以通过
202400556,科技创新竞赛,中国国际大学生创新大赛,,省级·三等奖,第一完成人,2025-06-26,,1.0,通过,孙丽华,符合认定条件，通过
202400556,创业实践,校内共享打印服务站,注册成立公司·团队成员,,团队成员,2026-04-13,,2.0,通过,孙丽华,佐证材料完整，予以通过
202400556,学术论文,电动汽车无线充电耦合机构优化设计,国际/国内会议·其他作者,,其他作者,2026-06-05,,1.0,通过,孙丽华,材料齐全，同意认定
202400556,申请专利,一种电动汽车电池包液冷结构,实用新型专利·第一发明人,,第一发明人,2026-06-08,,3.0,待审核,,
202400556,其他实践活动,智能驾驶技术专题培训,学术交流访问·出境交流,,,2026-03-13,,2.0,通过,孙丽华,佐证材料完整，予以通过
202400557,前沿学术报告,名家学术讲座,单场·新能源汽车动力总成发展趋势,,,2025-03-26,,0.5,通过,孙丽华,佐证材料完整，予以通过
202400557,年度创新创业项目,院级·一般成员,二手车价格预测模型构建,,一般成员,2025-07-01,2027-06-30,0.5,通过,孙丽华,佐证材料完整，予以通过
202400557,科技创新竞赛,中国大学生方程式汽车大赛,,国家级·三等奖,核心成员,2025-08-07,,1.2,通过,孙丽华,佐证材料完整，予以通过
202400557,创业实践,智能驾培服务平台,入驻孵化器·团队成员,,团队成员,2026-08-12,,2.0,通过,孙丽华,佐证材料完整，予以通过
202400557,学术论文,基于深度学习的路面裂缝检测方法研究,普通期刊·第一作者,,第一作者,2026-06-16,,2.0,驳回,孙丽华,盖章缺失，请重新上传完整材料
202400557,申请专利,一种基于视觉的后视镜盲区监测装置,发明专利·第一发明人,,第一发明人,2026-03-18,,6.0,驳回,孙丽华,时间信息有误，请核对后重新提交
202400557,其他实践活动,智能驾驶技术专题培训,学科冬夏令营·校级,,,2026-06-16,,0.5,通过,孙丽华,材料齐全，同意认定
202400558,前沿学术报告,汽车百家讲坛,第6-10期·车载总线与嵌入式系统开发,,,2026-05-12,,0.25,通过,孙丽华,材料齐全，同意认定
202400558,年度创新创业项目,院级·负责人,汽车内饰件轻量化设计,,负责人,2025-09-24,2027-06-30,1.0,通过,孙丽华,符合认定条件，通过
202400558,科技创新竞赛,全国大学生机械创新设计大赛,,省级·三等奖,第二完成人,2026-05-25,,0.7,待审核,,
202400558,创业实践,校园二手书流转平台,入驻孵化器·负责人,,负责人,2026-03-14,,4.0,通过,孙丽华,佐证材料完整，予以通过
202400558,学术论文,基于深度学习的路面裂缝检测方法研究,国际/国内会议·其他作者,,其他作者,2026-02-12,,1.0,通过,孙丽华,佐证材料完整，予以通过
202400558,申请专利,一种车载智能空气净化装置,发明专利·其他发明人,,其他发明人,2026-04-11,,3.0,驳回,孙丽华,时间信息有误，请核对后重新提交
202400558,其他实践活动,智能驾驶技术专题培训,学科冬夏令营·省级,,,2025-11-22,,1.0,通过,孙丽华,佐证材料完整，予以通过
202400559,前沿学术报告,汽车百家讲坛,第6-10期·智能制造与数字化工厂实践,,,2026-05-05,,0.25,通过,孙丽华,符合认定条件，通过
202400559,年度创新创业项目,省级·一般成员,智能导览机器人设计与实现,,一般成员,2025-07-03,2027-06-30,1.5,通过,孙丽华,符合认定条件，通过
202400559,科技创新竞赛,山东省大学生机电产品创新设计竞赛,,省级·一等奖,第三完成人,2026-08-12,,1.5,通过,孙丽华,符合认定条件，通过
202400559,创业实践,新能源汽车科普工作室,入驻孵化器·团队成员,,团队成员,2026-05-18,,2.0,通过,孙丽华,材料齐全，同意认定
202400559,学术论文,燃料电池汽车氢气循环系统特性分析,国际/国内会议·其他作者,,其他作者,2026-01-02,,1.0,待审核,,
202400559,申请专利,一种多功能汽车后备箱收纳架,发明专利·第一发明人,,第一发明人,2026-01-27,,6.0,待审核,,
202400559,其他实践活动,智能驾驶技术专题培训,学术交流访问·出境交流,,,2025-04-26,,2.0,待审核,,
202400560,前沿学术报告,汽车百家讲坛,第11期以后·新能源汽车动力总成发展趋势,,,2026-03-02,,0.25,通过,孙丽华,材料齐全，同意认定
202400560,年度创新创业项目,校级·核心成员,二手车价格预测模型构建,,核心成员,2025-11-01,2027-06-30,1.5,待审核,,
202400560,科技创新竞赛,校智能车校内选拔赛,,校级·二等奖,第二完成人,2025-04-11,,0.35,待院长审批,孙丽华,初审通过，转院长审批
202400560,创业实践,校内共享打印服务站,入驻孵化器·团队成员,,团队成员,2026-08-23,,2.0,通过,孙丽华,符合认定条件，通过
202400560,学术论文,基于深度学习的路面裂缝检测方法研究,普通期刊·第一作者,,第一作者,2026-01-17,,2.0,通过,孙丽华,佐证材料完整，予以通过
202400560,申请专利,一种新能源汽车充电枪锁止机构,实用新型专利·其他发明人,,其他发明人,2026-06-01,,1.5,通过,孙丽华,材料齐全，同意认定
202400560,其他实践活动,汽车造型设计工作坊,学科冬夏令营·国家级,,,2026-03-25,,2.0,待审核,,
202400561,前沿学术报告,汽车百家讲坛,第1-5期·汽车空气动力学优化设计,,,2026-05-07,,0.25,通过,孙丽华,佐证材料完整，予以通过
202400561,年度创新创业项目,校级·负责人,二手车价格预测模型构建,,负责人,2025-08-17,2027-06-30,2.0,待审核,,
202400561,科技创新竞赛,全国大学生智能汽车竞赛,,国家级·三等奖,负责人,2025-11-03,,2.0,通过,孙丽华,符合认定条件，通过
202400561,创业实践,校园二手书流转平台,入驻孵化器·负责人,,负责人,2026-06-21,,4.0,驳回,孙丽华,材料不完整，请补充佐证后重新提交
202400561,学术论文,基于深度学习的路面裂缝检测方法研究,普通期刊·其他作者,,其他作者,2026-02-13,,0.5,待院长审批,孙丽华,初审通过，转院长审批
202400561,申请专利,一种电动汽车电池包液冷结构,实用新型专利·第一发明人,,第一发明人,2026-07-22,,3.0,通过,孙丽华,佐证材料完整，予以通过
202400561,其他实践活动,全国大学生汽车科技夏令营,学术交流访问·出境交流,,,2025-08-16,,2.0,通过,孙丽华,材料齐全，同意认定
202400562,前沿学术报告,汽车百家讲坛,第1-5期·汽车芯片与域控制器架构,,,2026-07-26,,0.25,通过,孙丽华,材料齐全，同意认定
202400562,年度创新创业项目,省级·负责人,基于STM32的智能循迹小车,,负责人,2025-11-17,2027-06-30,4.0,通过,孙丽华,佐证材料完整，予以通过
202400562,科技创新竞赛,校智能车校内选拔赛,,校级·三等奖,第三完成人,2026-04-22,,0.25,待审核,,
202400562,创业实践,二手车检测陪购服务工作室,创业训练计划·团队成员,,团队成员,2026-02-15,,1.5,待审核,,
202400562,学术论文,燃料电池汽车氢气循环系统特性分析,国际/国内会议·其他作者,,其他作者,2026-03-23,,1.0,通过,孙丽华,符合认定条件，通过
202400562,申请专利,一种基于视觉的后视镜盲区监测装置,发明专利·其他发明人,,其他发明人,2026-07-10,,3.0,通过,孙丽华,材料齐全，同意认定
202400562,其他实践活动,汽车工程学院企业行,学科冬夏令营·校级,,,2026-07-09,,0.5,驳回,孙丽华,时间信息有误，请核对后重新提交
202400563,前沿学术报告,名家学术讲座,单场·汽车芯片与域控制器架构,,,2026-03-13,,0.5,通过,孙丽华,材料齐全，同意认定
202400563,年度创新创业项目,校级·负责人,基于机器视觉的行人过街检测系统,,负责人,2025-03-22,2027-06-30,2.0,通过,孙丽华,佐证材料完整，予以通过
202400563,科技创新竞赛,全国大学生节能减排社会实践与科技竞赛,,省级·一等奖,核心成员,2025-04-21,,1.8,通过,孙丽华,佐证材料完整，予以通过
202400563,创业实践,校园二手书流转平台,入驻孵化器·负责人,,负责人,2026-03-16,,4.0,驳回,孙丽华,时间信息有误，请核对后重新提交
202400563,学术论文,汽车主动悬架半主动控制策略仿真,SCI/EI 收录·第二作者,,第二作者,2026-08-26,,4.0,待审核,,
202400563,申请专利,一种新能源汽车充电枪锁止机构,实用新型专利·其他发明人,,其他发明人,2026-03-21,,1.5,待审核,,
202400563,其他实践活动,汽车造型设计工作坊,学科冬夏令营·国家级,,,2026-01-08,,2.0,通过,孙丽华,佐证材料完整，予以通过
202400564,前沿学术报告,汽车百家讲坛,第6-10期·智能网联汽车技术前沿,,,2025-08-07,,0.25,驳回,孙丽华,时间信息有误，请核对后重新提交
202400564,年度创新创业项目,国家级·核心成员,车载OBD数据采集与驾驶行为分析,,核心成员,2025-11-28,2027-06-30,4.0,通过,孙丽华,符合认定条件，通过
202400564,科技创新竞赛,校智能车校内选拔赛,,校级·三等奖,第二完成人,2026-08-25,,0.35,待审核,,
202400564,创业实践,二手车检测陪购服务工作室,创业训练计划·团队成员,,团队成员,2026-03-17,,1.5,待审核,,
202400564,学术论文,基于YOLO的车距保持辅助算法研究,核心期刊·其他作者,,其他作者,2026-04-11,,1.0,通过,孙丽华,符合认定条件，通过
202400564,申请专利,一种新能源汽车充电枪锁止机构,实用新型专利·第一发明人,,第一发明人,2026-06-27,,3.0,驳回,孙丽华,盖章缺失，请重新上传完整材料
202400564,其他实践活动,智能驾驶技术专题培训,技能资格培训·初级,,,2026-02-12,,0.5,通过,孙丽华,佐证材料完整，予以通过
202400565,前沿学术报告,汽车百家讲坛,第11期以后·智能制造与数字化工厂实践,,,2025-04-03,,0.25,通过,孙丽华,符合认定条件，通过
202400565,年度创新创业项目,省级·一般成员,新能源汽车电池热管理优化研究,,一般成员,2025-01-04,2027-06-30,1.5,驳回,孙丽华,认定依据不足，请补充说明材料
202400565,科技创新竞赛,全国大学生机械创新设计大赛,,省级·二等奖,第一完成人,2026-01-15,,2.0,驳回,孙丽华,盖章缺失，请重新上传完整材料
202400565,创业实践,大学生汽车文创工作室,创业训练计划·负责人,,负责人,2026-02-07,,3.0,通过,孙丽华,符合认定条件，通过
202400565,学术论文,基于YOLO的车距保持辅助算法研究,普通期刊·第二作者,,第二作者,2026-06-12,,1.0,通过,孙丽华,佐证材料完整，予以通过
202400565,申请专利,一种多功能汽车后备箱收纳架,实用新型专利·第一发明人,,第一发明人,2026-07-01,,3.0,待审核,,
202400565,其他实践活动,全国大学生汽车科技夏令营,学术交流访问·出境交流,,,2025-06-28,,2.0,待审核,,
202400566,前沿学术报告,汽车百家讲坛,第1-5期·智能制造与数字化工厂实践,,,2025-01-03,,0.25,驳回,孙丽华,认定依据不足，请补充说明材料
202400566,年度创新创业项目,院级·核心成员,二手车价格预测模型构建,,核心成员,2025-11-16,2027-06-30,0.5,通过,孙丽华,佐证材料完整，予以通过
202400566,科技创新竞赛,中国国际大学生创新大赛,,省级·一等奖,核心成员,2025-12-04,,1.8,通过,孙丽华,佐证材料完整，予以通过
202400566,创业实践,二手车检测陪购服务工作室,创业训练计划·团队成员,,团队成员,2026-07-06,,1.5,公示中,孙丽华,佐证材料完整，予以通过
202400566,学术论文,混合动力汽车能量管理策略仿真,普通期刊·其他作者,,其他作者,2026-02-04,,0.5,通过,孙丽华,佐证材料完整，予以通过
202400566,申请专利,一种可调节角度的车载平板支架,外观设计专利·其他发明人,,其他发明人,2026-02-12,,1.0,通过,孙丽华,佐证材料完整，予以通过
202400566,其他实践活动,全国大学生汽车科技夏令营,技能资格培训·初级,,,2026-06-10,,0.5,通过,孙丽华,符合认定条件，通过
202400567,前沿学术报告,汽车百家讲坛,第6-10期·氢能及燃料电池汽车产业展望,,,2026-08-06,,0.25,通过,孙丽华,佐证材料完整，予以通过
202400567,年度创新创业项目,校级·一般成员,智能导览机器人设计与实现,,一般成员,2025-09-09,2027-06-30,1.0,通过,孙丽华,符合认定条件，通过
202400567,科技创新竞赛,校智能车校内选拔赛,,校级·一等奖,核心成员,2026-07-01,,0.6,通过,孙丽华,佐证材料完整，予以通过
202400567,创业实践,智能驾培服务平台,创业训练计划·负责人,,负责人,2026-04-18,,3.0,公示中,孙丽华,佐证材料完整，予以通过
202400567,学术论文,电动汽车无线充电耦合机构优化设计,国际/国内会议·第一作者,,第一作者,2026-04-23,,3.0,通过,孙丽华,材料齐全，同意认定
202400567,申请专利,一种电动汽车电池包液冷结构,实用新型专利·第一发明人,,第一发明人,2026-04-16,,3.0,通过,孙丽华,佐证材料完整，予以通过
202400567,其他实践活动,汽车造型设计工作坊,学科冬夏令营·国家级,,,2025-02-28,,2.0,通过,孙丽华,材料齐全，同意认定
202400568,前沿学术报告,名家学术讲座,单场·汽车空气动力学优化设计,,,2025-07-05,,0.5,待审核,,
202400568,年度创新创业项目,院级·核心成员,基于深度学习的交通标志识别系统,,核心成员,2025-11-28,2027-06-30,0.5,待审核,,
202400568,科技创新竞赛,全国大学生节能减排社会实践与科技竞赛,,国家级·一等奖,第二完成人,2025-02-28,,4.2,待审核,,
202400568,创业实践,二手车检测陪购服务工作室,创业训练计划·团队成员,,团队成员,2026-03-12,,1.5,通过,孙丽华,材料齐全，同意认定
202400568,学术论文,基于多目标优化的车身结构轻量化设计,普通期刊·其他作者,,其他作者,2026-03-03,,0.5,通过,孙丽华,材料齐全，同意认定
202400568,申请专利,一种电动汽车电池包液冷结构,实用新型专利·其他发明人,,其他发明人,2026-03-08,,1.5,通过,孙丽华,佐证材料完整，予以通过
202400568,其他实践活动,暑期高校科学营活动,学科冬夏令营·省级,,,2025-08-06,,1.0,通过,孙丽华,佐证材料完整，予以通过
202400569,前沿学术报告,汽车百家讲坛,第1-5期·智能制造与数字化工厂实践,,,2026-01-19,,0.25,通过,孙丽华,佐证材料完整，予以通过
202400569,年度创新创业项目,校级·一般成员,基于STM32的智能循迹小车,,一般成员,2025-12-13,2027-06-30,1.0,通过,孙丽华,佐证材料完整，予以通过
202400569,科技创新竞赛,全国大学生智能汽车竞赛,,国家级·一等奖,第二完成人,2025-10-08,,4.2,待审核,,
202400569,创业实践,校园二手书流转平台,入驻孵化器·团队成员,,团队成员,2026-04-16,,2.0,待审核,,
202400569,学术论文,基于深度学习的路面裂缝检测方法研究,国际/国内会议·第二作者,,第二作者,2026-01-14,,2.0,通过,孙丽华,符合认定条件，通过
202400569,申请专利,一种基于视觉的后视镜盲区监测装置,发明专利·其他发明人,,其他发明人,2026-06-14,,3.0,待审核,,
202400569,其他实践活动,汽车造型设计工作坊,学术交流访问·境内交流,,,2026-03-09,,1.0,通过,孙丽华,佐证材料完整，予以通过
202400570,前沿学术报告,名家学术讲座,单场·汽车轻量化设计与新材料应用,,,2025-10-06,,0.5,通过,孙丽华,材料齐全，同意认定
202400570,年度创新创业项目,省级·负责人,轮胎花纹与湿滑路面制动性能仿真,,负责人,2025-05-24,2027-06-30,4.0,通过,孙丽华,符合认定条件，通过
202400570,科技创新竞赛,全国大学生节能减排社会实践与科技竞赛,,国家级·二等奖,第二完成人,2025-02-05,,2.8,通过,孙丽华,佐证材料完整，予以通过
202400570,创业实践,新能源汽车科普工作室,创业训练计划·团队成员,,团队成员,2026-08-25,,1.5,通过,孙丽华,佐证材料完整，予以通过
202400570,学术论文,基于多目标优化的车身结构轻量化设计,国际/国内会议·其他作者,,其他作者,2026-03-18,,1.0,通过,孙丽华,材料齐全，同意认定
202400570,申请专利,一种可调节角度的车载平板支架,实用新型专利·其他发明人,,其他发明人,2026-05-04,,1.5,待审核,,
202400570,其他实践活动,暑期高校科学营活动,学科冬夏令营·国家级,,,2026-05-25,,2.0,待审核,,
202400571,前沿学术报告,名家学术讲座,单场·新能源汽车动力总成发展趋势,,,2026-01-21,,0.5,驳回,钱雅琴,材料不完整，请补充佐证后重新提交
202400571,年度创新创业项目,院级·负责人,基于STM32的智能循迹小车,,负责人,2025-05-20,2027-06-30,1.0,驳回,钱雅琴,盖章缺失，请重新上传完整材料
202400571,科技创新竞赛,中国大学生方程式汽车大赛,,国家级·二等奖,负责人,2026-04-28,,4.0,通过,钱雅琴,符合认定条件，通过
202400571,创业实践,校园二手书流转平台,注册成立公司·合伙人,,合伙人,2026-06-14,,4.0,待审核,,
202400571,学术论文,基于深度学习的路面裂缝检测方法研究,国际/国内会议·第二作者,,第二作者,2026-06-12,,2.0,待审核,,
202400571,申请专利,一种多功能汽车后备箱收纳架,外观设计专利·其他发明人,,其他发明人,2026-02-14,,1.0,驳回,钱雅琴,时间信息有误，请核对后重新提交
202400571,其他实践活动,全国大学生汽车科技夏令营,学科冬夏令营·校级,,,2026-02-15,,0.5,通过,钱雅琴,材料齐全，同意认定
202400572,前沿学术报告,名家学术讲座,单场·汽车空气动力学优化设计,,,2026-05-05,,0.5,通过,钱雅琴,符合认定条件，通过
202400572,年度创新创业项目,国家级·一般成员,智能导览机器人设计与实现,,一般成员,2025-12-24,2027-06-30,2.0,通过,钱雅琴,材料齐全，同意认定
202400572,科技创新竞赛,挑战杯全国大学生课外学术科技作品竞赛,,省级·一等奖,第一完成人,2025-11-06,,3.0,通过,钱雅琴,符合认定条件，通过
202400572,创业实践,校园二手书流转平台,注册成立公司·法人代表,,法人代表,2026-08-16,,6.0,待审核,,
202400572,学术论文,汽车主动悬架半主动控制策略仿真,SCI/EI 收录·第一作者,,第一作者,2026-01-06,,6.0,公示中,钱雅琴,佐证材料完整，予以通过
202400572,申请专利,一种新能源汽车充电枪锁止机构,实用新型专利·第一发明人,,第一发明人,2026-08-07,,3.0,通过,钱雅琴,材料齐全，同意认定
202400572,其他实践活动,汽车造型设计工作坊,技能资格培训·高级,,,2026-04-24,,1.5,通过,钱雅琴,符合认定条件，通过
202400573,前沿学术报告,汽车百家讲坛,第1-5期·动力电池热管理关键技术,,,2025-08-23,,0.25,通过,钱雅琴,佐证材料完整，予以通过
202400573,年度创新创业项目,院级·一般成员,基于机器视觉的行人过街检测系统,,一般成员,2025-02-22,2027-06-30,0.5,通过,钱雅琴,佐证材料完整，予以通过
202400573,科技创新竞赛,挑战杯全国大学生课外学术科技作品竞赛,,国家级·三等奖,第一完成人,2025-10-25,,2.0,通过,钱雅琴,符合认定条件，通过
202400573,创业实践,校内共享打印服务站,注册成立公司·团队成员,,团队成员,2026-02-09,,2.0,通过,钱雅琴,符合认定条件，通过
202400573,学术论文,燃料电池汽车氢气循环系统特性分析,普通期刊·第二作者,,第二作者,2026-02-12,,1.0,驳回,钱雅琴,认定依据不足，请补充说明材料
202400573,申请专利,一种车载智能空气净化装置,实用新型专利·第一发明人,,第一发明人,2026-04-12,,3.0,通过,钱雅琴,符合认定条件，通过
202400573,其他实践活动,汽车造型设计工作坊,技能资格培训·初级,,,2026-03-17,,0.5,通过,钱雅琴,佐证材料完整，予以通过
202400574,前沿学术报告,名家学术讲座,单场·汽车轻量化设计与新材料应用,,,2026-01-26,,0.5,待审核,,
202400574,年度创新创业项目,校级·核心成员,二手车价格预测模型构建,,核心成员,2025-04-22,2027-06-30,1.5,通过,钱雅琴,佐证材料完整，予以通过
202400574,科技创新竞赛,全国大学生智能汽车竞赛,,国家级·二等奖,第二完成人,2025-08-20,,2.8,通过,钱雅琴,佐证材料完整，予以通过
202400574,创业实践,新能源汽车科普工作室,注册成立公司·法人代表,,法人代表,2026-08-16,,6.0,通过,钱雅琴,佐证材料完整，予以通过
202400574,学术论文,电动汽车无线充电耦合机构优化设计,普通期刊·第一作者,,第一作者,2026-04-23,,2.0,待院长审批,钱雅琴,初审通过，转院长审批
202400574,申请专利,一种可调节角度的车载平板支架,外观设计专利·其他发明人,,其他发明人,2026-01-07,,1.0,待审核,,
202400574,其他实践活动,德国亚琛工业大学线上交流项目,学科冬夏令营·省级,,,2025-07-22,,1.0,通过,钱雅琴,佐证材料完整，予以通过
202400575,前沿学术报告,名家学术讲座,单场·智能制造与数字化工厂实践,,,2026-03-01,,0.5,通过,钱雅琴,符合认定条件，通过
202400575,年度创新创业项目,院级·核心成员,智能导览机器人设计与实现,,核心成员,2025-12-27,2027-06-30,0.5,驳回,钱雅琴,认定依据不足，请补充说明材料
202400575,科技创新竞赛,全国大学生机械创新设计大赛,,省级·三等奖,第一完成人,2026-08-22,,1.0,通过,钱雅琴,符合认定条件，通过
202400575,创业实践,大学生汽车文创工作室,创业训练计划·团队成员,,团队成员,2026-03-16,,1.5,驳回,钱雅琴,认定依据不足，请补充说明材料
202400575,学术论文,电动汽车无线充电耦合机构优化设计,核心期刊·其他作者,,其他作者,2026-03-07,,1.0,驳回,钱雅琴,材料不完整，请补充佐证后重新提交
202400575,申请专利,一种新能源汽车充电枪锁止机构,发明专利·其他发明人,,其他发明人,2026-08-11,,3.0,通过,钱雅琴,佐证材料完整，予以通过
202400575,其他实践活动,全国大学生汽车科技夏令营,学科冬夏令营·国家级,,,2025-08-11,,2.0,通过,钱雅琴,材料齐全，同意认定
202400576,前沿学术报告,信息科学论坛,第1-5期·车载总线与嵌入式系统开发,,,2025-07-24,,0.25,通过,钱雅琴,符合认定条件，通过
202400576,年度创新创业项目,国家级·一般成员,二手车价格预测模型构建,,一般成员,2025-02-11,2027-06-30,2.0,通过,钱雅琴,材料齐全，同意认定
202400576,科技创新竞赛,全国大学生节能减排社会实践与科技竞赛,,国家级·一等奖,负责人,2025-07-12,,6.0,通过,钱雅琴,佐证材料完整，予以通过
202400576,创业实践,智能驾培服务平台,入驻孵化器·负责人,,负责人,2026-07-27,,4.0,通过,钱雅琴,符合认定条件，通过
202400576,学术论文,汽车主动悬架半主动控制策略仿真,核心期刊·其他作者,,其他作者,2026-04-24,,1.0,待审核,,
202400576,申请专利,一种车载智能空气净化装置,实用新型专利·其他发明人,,其他发明人,2026-06-19,,1.5,通过,钱雅琴,材料齐全，同意认定
202400576,其他实践活动,汽车造型设计工作坊,学术交流访问·境内交流,,,2026-07-07,,1.0,通过,钱雅琴,佐证材料完整，予以通过
202400577,前沿学术报告,信息科学论坛,第1-5期·氢能及燃料电池汽车产业展望,,,2025-03-06,,0.25,通过,钱雅琴,符合认定条件，通过
202400577,年度创新创业项目,校级·核心成员,新能源汽车电池热管理优化研究,,核心成员,2025-12-13,2027-06-30,1.5,通过,钱雅琴,符合认定条件，通过
202400577,科技创新竞赛,山东省大学生机电产品创新设计竞赛,,校级·二等奖,第二完成人,2025-05-20,,0.35,通过,钱雅琴,符合认定条件，通过
202400577,创业实践,校园二手书流转平台,创业训练计划·负责人,,负责人,2026-05-03,,3.0,通过,钱雅琴,佐证材料完整，予以通过
202400577,学术论文,汽车主动悬架半主动控制策略仿真,国际/国内会议·第二作者,,第二作者,2026-07-15,,2.0,通过,钱雅琴,材料齐全，同意认定
202400577,申请专利,一种多功能汽车后备箱收纳架,实用新型专利·其他发明人,,其他发明人,2026-04-27,,1.5,待审核,,
202400577,其他实践活动,智能驾驶技术专题培训,学术交流访问·出境交流,,,2026-08-14,,2.0,通过,钱雅琴,符合认定条件，通过
202400578,前沿学术报告,汽车百家讲坛,第1-5期·无人驾驶环境感知技术进展,,,2025-09-08,,0.25,通过,钱雅琴,材料齐全，同意认定
202400578,年度创新创业项目,省级·核心成员,太阳能小车能量管理策略研究,,核心成员,2025-04-16,2027-06-30,3.0,通过,钱雅琴,符合认定条件，通过
202400578,科技创新竞赛,中国国际大学生创新大赛,,省级·一等奖,第一完成人,2025-05-20,,3.0,通过,钱雅琴,材料齐全，同意认定
202400578,创业实践,新能源汽车科普工作室,注册成立公司·团队成员,,团队成员,2026-04-05,,2.0,通过,钱雅琴,佐证材料完整，予以通过
202400578,学术论文,燃料电池汽车氢气循环系统特性分析,国际/国内会议·第一作者,,第一作者,2026-02-17,,3.0,待审核,,
202400578,申请专利,一种新能源汽车充电枪锁止机构,实用新型专利·第一发明人,,第一发明人,2026-01-08,,3.0,通过,钱雅琴,材料齐全，同意认定
202400578,其他实践活动,德国亚琛工业大学线上交流项目,学科冬夏令营·省级,,,2025-05-04,,1.0,通过,钱雅琴,符合认定条件，通过
202400579,前沿学术报告,名家学术讲座,单场·新能源汽车动力总成发展趋势,,,2025-03-22,,0.5,通过,钱雅琴,佐证材料完整，予以通过
202400579,年度创新创业项目,校级·核心成员,氢燃料电池汽车散热性能仿真分析,,核心成员,2025-11-21,2027-06-30,1.5,待审核,,
202400579,科技创新竞赛,全国大学生智能汽车竞赛,,国家级·一等奖,第二完成人,2026-06-18,,4.2,通过,钱雅琴,佐证材料完整，予以通过
202400579,创业实践,智能驾培服务平台,入驻孵化器·负责人,,负责人,2026-08-12,,4.0,通过,钱雅琴,材料齐全，同意认定
202400579,学术论文,基于深度学习的路面裂缝检测方法研究,SCI/EI 收录·第二作者,,第二作者,2026-06-25,,4.0,通过,钱雅琴,材料齐全，同意认定
202400579,申请专利,一种电动汽车电池包液冷结构,实用新型专利·第一发明人,,第一发明人,2026-08-05,,3.0,通过,钱雅琴,材料齐全，同意认定
202400579,其他实践活动,全国大学生汽车科技夏令营,学科冬夏令营·省级,,,2025-11-17,,1.0,通过,钱雅琴,符合认定条件，通过
202400580,前沿学术报告,名家学术讲座,单场·汽车轻量化设计与新材料应用,,,2026-03-25,,0.5,通过,钱雅琴,材料齐全，同意认定
202400580,年度创新创业项目,校级·负责人,轮胎花纹与湿滑路面制动性能仿真,,负责人,2025-10-13,2027-06-30,2.0,通过,钱雅琴,佐证材料完整，予以通过
202400580,科技创新竞赛,校智能车校内选拔赛,,校级·一等奖,负责人,2025-08-06,,1.0,通过,钱雅琴,符合认定条件，通过
202400580,创业实践,校园二手书流转平台,创业训练计划·团队成员,,团队成员,2026-05-15,,1.5,公示中,钱雅琴,符合认定条件，通过
202400580,学术论文,低温环境下锂电池充放电特性研究,普通期刊·第一作者,,第一作者,2026-06-27,,2.0,待院长审批,钱雅琴,初审通过，转院长审批
202400580,申请专利,一种车载智能空气净化装置,实用新型专利·其他发明人,,其他发明人,2026-08-28,,1.5,通过,钱雅琴,佐证材料完整，予以通过
202400580,其他实践活动,智能驾驶技术专题培训,学术交流访问·出境交流,,,2025-09-20,,2.0,通过,钱雅琴,佐证材料完整，予以通过
202400581,前沿学术报告,名家学术讲座,单场·新能源汽车动力总成发展趋势,,,2026-08-20,,0.5,通过,钱雅琴,符合认定条件，通过
202400581,年度创新创业项目,校级·负责人,太阳能小车能量管理策略研究,,负责人,2025-12-26,2027-06-30,2.0,通过,钱雅琴,佐证材料完整，予以通过
202400581,科技创新竞赛,挑战杯全国大学生课外学术科技作品竞赛,,国家级·二等奖,第二完成人,2025-04-22,,2.8,待院长审批,钱雅琴,初审通过，转院长审批
202400581,创业实践,智能驾培服务平台,创业训练计划·负责人,,负责人,2026-07-12,,3.0,通过,钱雅琴,符合认定条件，通过
202400581,学术论文,低温环境下锂电池充放电特性研究,核心期刊·第二作者,,第二作者,2026-08-28,,2.0,通过,钱雅琴,材料齐全，同意认定
202400581,申请专利,一种基于视觉的后视镜盲区监测装置,实用新型专利·其他发明人,,其他发明人,2026-08-15,,1.5,驳回,钱雅琴,时间信息有误，请核对后重新提交
202400581,其他实践活动,汽车工程学院企业行,技能资格培训·中级,,,2025-04-09,,1.0,通过,钱雅琴,佐证材料完整，予以通过
202400582,前沿学术报告,名家学术讲座,单场·汽车空气动力学优化设计,,,2025-05-08,,0.5,通过,钱雅琴,材料齐全，同意认定
202400582,年度创新创业项目,省级·核心成员,基于深度学习的交通标志识别系统,,核心成员,2025-09-22,2027-06-30,3.0,通过,钱雅琴,材料齐全，同意认定
202400582,科技创新竞赛,全国大学生智能汽车竞赛,,省级·三等奖,负责人,2026-04-22,,1.0,驳回,钱雅琴,盖章缺失，请重新上传完整材料
202400582,创业实践,校园二手书流转平台,创业训练计划·团队成员,,团队成员,2026-08-12,,1.5,待审核,,
202400582,学术论文,汽车主动悬架半主动控制策略仿真,普通期刊·第一作者,,第一作者,2026-04-16,,2.0,驳回,钱雅琴,认定依据不足，请补充说明材料
202400582,申请专利,一种新能源汽车充电枪锁止机构,实用新型专利·其他发明人,,其他发明人,2026-03-20,,1.5,通过,钱雅琴,材料齐全，同意认定
202400582,其他实践活动,汽车工程学院企业行,技能资格培训·初级,,,2026-03-16,,0.5,通过,钱雅琴,材料齐全，同意认定
202400583,前沿学术报告,汽车百家讲坛,第1-5期·新能源汽车动力总成发展趋势,,,2026-04-25,,0.25,通过,钱雅琴,符合认定条件，通过
202400583,年度创新创业项目,校级·负责人,基于深度学习的交通标志识别系统,,负责人,2025-04-19,2027-06-30,2.0,待审核,,
202400583,科技创新竞赛,中国国际大学生创新大赛,,国家级·三等奖,第一完成人,2025-11-26,,2.0,待审核,,
202400583,创业实践,校园二手书流转平台,创业训练计划·团队成员,,团队成员,2026-07-04,,1.5,通过,钱雅琴,符合认定条件，通过
202400583,学术论文,基于深度学习的路面裂缝检测方法研究,普通期刊·第一作者,,第一作者,2026-01-25,,2.0,通过,钱雅琴,符合认定条件，通过
202400583,申请专利,一种可调节角度的车载平板支架,实用新型专利·第一发明人,,第一发明人,2026-05-12,,3.0,通过,钱雅琴,符合认定条件，通过
202400583,其他实践活动,德国亚琛工业大学线上交流项目,学科冬夏令营·国家级,,,2025-10-21,,2.0,通过,钱雅琴,符合认定条件，通过
202400584,前沿学术报告,信息科学论坛,第6期以后·氢能及燃料电池汽车产业展望,,,2025-10-07,,0.25,待审核,,
202400584,年度创新创业项目,校级·一般成员,新能源汽车电池热管理优化研究,,一般成员,2025-03-08,2027-06-30,1.0,通过,钱雅琴,材料齐全，同意认定
202400584,科技创新竞赛,挑战杯全国大学生课外学术科技作品竞赛,,国家级·三等奖,负责人,2025-05-20,,2.0,通过,钱雅琴,符合认定条件，通过
202400584,创业实践,二手车检测陪购服务工作室,创业训练计划·团队成员,,团队成员,2026-05-14,,1.5,待审核,,
202400584,学术论文,电动汽车无线充电耦合机构优化设计,国际/国内会议·第一作者,,第一作者,2026-03-12,,3.0,待审核,,
202400584,申请专利,一种电动汽车电池包液冷结构,实用新型专利·第一发明人,,第一发明人,2026-08-15,,3.0,通过,钱雅琴,符合认定条件，通过
202400584,其他实践活动,暑期高校科学营活动,技能资格培训·中级,,,2026-05-19,,1.0,通过,钱雅琴,材料齐全，同意认定
202400585,前沿学术报告,信息科学论坛,第6期以后·汽车轻量化设计与新材料应用,,,2025-05-14,,0.25,通过,钱雅琴,佐证材料完整，予以通过
202400585,年度创新创业项目,校级·核心成员,太阳能小车能量管理策略研究,,核心成员,2025-06-20,2027-06-30,1.5,驳回,钱雅琴,认定依据不足，请补充说明材料
202400585,科技创新竞赛,中国国际大学生创新大赛,,国家级·三等奖,第一完成人,2025-05-22,,2.0,通过,钱雅琴,材料齐全，同意认定
202400585,创业实践,智能驾培服务平台,注册成立公司·法人代表,,法人代表,2026-08-06,,6.0,待审核,,
202400585,学术论文,混合动力汽车能量管理策略仿真,普通期刊·第一作者,,第一作者,2026-01-06,,2.0,通过,钱雅琴,材料齐全，同意认定
202400585,申请专利,一种基于视觉的后视镜盲区监测装置,实用新型专利·其他发明人,,其他发明人,2026-06-27,,1.5,通过,钱雅琴,佐证材料完整，予以通过
202400585,其他实践活动,智能驾驶技术专题培训,学术交流访问·出境交流,,,2025-08-14,,2.0,待审核,,
202400586,前沿学术报告,名家学术讲座,单场·汽车芯片与域控制器架构,,,2026-07-16,,0.5,通过,钱雅琴,符合认定条件，通过
202400586,年度创新创业项目,省级·一般成员,汽车内饰件轻量化设计,,一般成员,2025-12-07,2027-06-30,1.5,公示中,钱雅琴,佐证材料完整，予以通过
202400586,科技创新竞赛,全国大学生智能汽车竞赛,,省级·二等奖,负责人,2025-01-25,,2.0,待院长审批,钱雅琴,初审通过，转院长审批
202400586,创业实践,校园二手书流转平台,创业训练计划·团队成员,,团队成员,2026-04-06,,1.5,驳回,钱雅琴,盖章缺失，请重新上传完整材料
202400586,学术论文,燃料电池汽车氢气循环系统特性分析,国际/国内会议·第二作者,,第二作者,2026-02-14,,2.0,待审核,,
202400586,申请专利,一种多功能汽车后备箱收纳架,实用新型专利·其他发明人,,其他发明人,2026-01-17,,1.5,通过,钱雅琴,符合认定条件，通过
202400586,其他实践活动,智能驾驶技术专题培训,学术交流访问·出境交流,,,2025-04-16,,2.0,待审核,,
202400587,前沿学术报告,名家学术讲座,单场·新能源汽车动力总成发展趋势,,,2026-06-15,,0.5,通过,钱雅琴,符合认定条件，通过
202400587,年度创新创业项目,校级·一般成员,汽车内饰件轻量化设计,,一般成员,2025-06-08,2027-06-30,1.0,通过,钱雅琴,佐证材料完整，予以通过
202400587,科技创新竞赛,校智能车校内选拔赛,,校级·三等奖,第三完成人,2025-09-11,,0.25,待审核,,
202400587,创业实践,二手车检测陪购服务工作室,注册成立公司·合伙人,,合伙人,2026-02-11,,4.0,通过,钱雅琴,佐证材料完整，予以通过
202400587,学术论文,混合动力汽车能量管理策略仿真,核心期刊·第二作者,,第二作者,2026-05-18,,2.0,通过,钱雅琴,符合认定条件，通过
202400587,申请专利,一种基于视觉的后视镜盲区监测装置,外观设计专利·其他发明人,,其他发明人,2026-02-09,,1.0,通过,钱雅琴,佐证材料完整，予以通过
202400587,其他实践活动,汽车工程学院企业行,技能资格培训·中级,,,2025-06-10,,1.0,通过,钱雅琴,材料齐全，同意认定
202400588,前沿学术报告,汽车百家讲坛,第11期以后·智能网联汽车技术前沿,,,2025-05-19,,0.25,公示中,钱雅琴,符合认定条件，通过
202400588,年度创新创业项目,校级·负责人,基于深度学习的交通标志识别系统,,负责人,2025-11-20,2027-06-30,2.0,通过,钱雅琴,材料齐全，同意认定
202400588,科技创新竞赛,校智能车校内选拔赛,,校级·一等奖,第三完成人,2026-05-25,,0.5,待审核,,
202400588,创业实践,大学生汽车文创工作室,入驻孵化器·负责人,,负责人,2026-05-02,,4.0,待审核,,
202400588,学术论文,基于YOLO的车距保持辅助算法研究,核心期刊·第一作者,,第一作者,2026-03-22,,4.0,通过,钱雅琴,符合认定条件，通过
202400588,申请专利,一种新能源汽车充电枪锁止机构,外观设计专利·第一发明人,,第一发明人,2026-07-18,,2.0,通过,钱雅琴,符合认定条件，通过
202400588,其他实践活动,全国大学生汽车科技夏令营,学术交流访问·出境交流,,,2025-12-12,,2.0,通过,钱雅琴,佐证材料完整，予以通过
202400589,前沿学术报告,名家学术讲座,单场·动力电池热管理关键技术,,,2026-08-09,,0.5,驳回,钱雅琴,时间信息有误，请核对后重新提交
202400589,年度创新创业项目,省级·核心成员,基于深度学习的交通标志识别系统,,核心成员,2025-11-14,2027-06-30,3.0,通过,钱雅琴,材料齐全，同意认定
202400589,科技创新竞赛,全国大学生节能减排社会实践与科技竞赛,,省级·二等奖,核心成员,2025-02-24,,1.2,待审核,,
202400589,创业实践,大学生汽车文创工作室,入驻孵化器·负责人,,负责人,2026-02-20,,4.0,驳回,钱雅琴,盖章缺失，请重新上传完整材料
202400589,学术论文,汽车主动悬架半主动控制策略仿真,核心期刊·第二作者,,第二作者,2026-08-15,,2.0,待审核,,
202400589,申请专利,一种可调节角度的车载平板支架,实用新型专利·第一发明人,,第一发明人,2026-01-08,,3.0,驳回,钱雅琴,材料不完整，请补充佐证后重新提交
202400589,其他实践活动,智能驾驶技术专题培训,学科冬夏令营·国家级,,,2026-02-06,,2.0,通过,钱雅琴,符合认定条件，通过
202400590,前沿学术报告,汽车百家讲坛,第6-10期·新能源汽车动力总成发展趋势,,,2026-08-22,,0.25,通过,钱雅琴,佐证材料完整，予以通过
202400590,年度创新创业项目,省级·负责人,汽车内饰件轻量化设计,,负责人,2025-09-08,2027-06-30,4.0,待审核,,
202400590,科技创新竞赛,全国大学生智能汽车竞赛,,国家级·二等奖,第二完成人,2026-05-02,,2.8,通过,钱雅琴,材料齐全，同意认定
202400590,创业实践,校内共享打印服务站,创业训练计划·团队成员,,团队成员,2026-08-23,,1.5,驳回,钱雅琴,认定依据不足，请补充说明材料
202400590,学术论文,基于深度学习的路面裂缝检测方法研究,核心期刊·第一作者,,第一作者,2026-06-06,,4.0,待审核,,
202400590,申请专利,一种电动汽车电池包液冷结构,外观设计专利·第一发明人,,第一发明人,2026-08-02,,2.0,通过,钱雅琴,材料齐全，同意认定
202400590,其他实践活动,暑期高校科学营活动,学术交流访问·境内交流,,,2026-01-16,,1.0,待审核,,
202400591,前沿学术报告,汽车百家讲坛,第11期以后·汽车空气动力学优化设计,,,2025-02-10,,0.25,通过,钱雅琴,材料齐全，同意认定
202400591,年度创新创业项目,院级·负责人,校园共享电动车调度优化研究,,负责人,2025-04-14,2027-06-30,1.0,通过,钱雅琴,符合认定条件，通过
202400591,科技创新竞赛,中国大学生方程式汽车大赛,,国家级·一等奖,核心成员,2026-06-06,,3.6,通过,钱雅琴,符合认定条件，通过
202400591,创业实践,大学生汽车文创工作室,入驻孵化器·团队成员,,团队成员,2026-02-04,,2.0,通过,钱雅琴,佐证材料完整，予以通过
202400591,学术论文,基于YOLO的车距保持辅助算法研究,国际/国内会议·第一作者,,第一作者,2026-02-28,,3.0,待审核,,
202400591,申请专利,一种基于视觉的后视镜盲区监测装置,外观设计专利·其他发明人,,其他发明人,2026-05-26,,1.0,通过,钱雅琴,佐证材料完整，予以通过
202400591,其他实践活动,智能驾驶技术专题培训,学术交流访问·出境交流,,,2026-04-23,,2.0,驳回,钱雅琴,材料不完整，请补充佐证后重新提交
202400592,前沿学术报告,信息科学论坛,第6期以后·智能网联汽车技术前沿,,,2026-01-28,,0.25,待审核,,
202400592,年度创新创业项目,院级·一般成员,氢燃料电池汽车散热性能仿真分析,,一般成员,2025-08-18,2027-06-30,0.5,驳回,钱雅琴,盖章缺失，请重新上传完整材料
202400592,科技创新竞赛,全国大学生节能减排社会实践与科技竞赛,,国家级·三等奖,第三完成人,2025-02-25,,1.0,通过,钱雅琴,佐证材料完整，予以通过
202400592,创业实践,新能源汽车科普工作室,注册成立公司·合伙人,,合伙人,2026-07-02,,4.0,通过,钱雅琴,佐证材料完整，予以通过
202400592,学术论文,燃料电池汽车氢气循环系统特性分析,国际/国内会议·第二作者,,第二作者,2026-04-24,,2.0,通过,钱雅琴,符合认定条件，通过
202400592,申请专利,一种电动汽车电池包液冷结构,实用新型专利·其他发明人,,其他发明人,2026-01-06,,1.5,待审核,,
202400592,其他实践活动,全国大学生汽车科技夏令营,学术交流访问·出境交流,,,2025-12-12,,2.0,通过,钱雅琴,材料齐全，同意认定
202400593,前沿学术报告,汽车百家讲坛,第6-10期·汽车轻量化设计与新材料应用,,,2026-03-05,,0.25,通过,钱雅琴,符合认定条件，通过
202400593,年度创新创业项目,国家级·一般成员,汽车内饰件轻量化设计,,一般成员,2025-02-28,2027-06-30,2.0,通过,钱雅琴,符合认定条件，通过
202400593,科技创新竞赛,中国大学生方程式汽车大赛,,国家级·二等奖,负责人,2026-01-07,,4.0,驳回,钱雅琴,盖章缺失，请重新上传完整材料
202400593,创业实践,智能驾培服务平台,入驻孵化器·团队成员,,团队成员,2026-08-14,,2.0,通过,钱雅琴,符合认定条件，通过
202400593,学术论文,基于YOLO的车距保持辅助算法研究,普通期刊·第一作者,,第一作者,2026-05-10,,2.0,通过,钱雅琴,符合认定条件，通过
202400593,申请专利,一种可调节角度的车载平板支架,实用新型专利·其他发明人,,其他发明人,2026-03-23,,1.5,驳回,钱雅琴,时间信息有误，请核对后重新提交
202400593,其他实践活动,汽车工程学院企业行,技能资格培训·中级,,,2025-11-04,,1.0,通过,钱雅琴,符合认定条件，通过
202400594,前沿学术报告,汽车百家讲坛,第11期以后·动力电池热管理关键技术,,,2026-08-10,,0.25,通过,钱雅琴,材料齐全，同意认定
202400594,年度创新创业项目,院级·一般成员,校园共享电动车调度优化研究,,一般成员,2025-09-14,2027-06-30,0.5,待审核,,
202400594,科技创新竞赛,中国国际大学生创新大赛,,国家级·三等奖,负责人,2025-01-05,,2.0,驳回,钱雅琴,认定依据不足，请补充说明材料
202400594,创业实践,校内共享打印服务站,创业训练计划·团队成员,,团队成员,2026-07-11,,1.5,待院长审批,钱雅琴,初审通过，转院长审批
202400594,学术论文,低温环境下锂电池充放电特性研究,SCI/EI 收录·第一作者,,第一作者,2026-02-03,,6.0,驳回,钱雅琴,时间信息有误，请核对后重新提交
202400594,申请专利,一种车载智能空气净化装置,外观设计专利·其他发明人,,其他发明人,2026-03-18,,1.0,通过,钱雅琴,符合认定条件，通过
202400594,其他实践活动,暑期高校科学营活动,学术交流访问·出境交流,,,2026-08-28,,2.0,待审核,,
202400595,前沿学术报告,名家学术讲座,单场·氢能及燃料电池汽车产业展望,,,2025-02-11,,0.5,通过,钱雅琴,符合认定条件，通过
202400595,年度创新创业项目,校级·一般成员,汽车内饰件轻量化设计,,一般成员,2025-03-18,2027-06-30,1.0,通过,钱雅琴,符合认定条件，通过
202400595,科技创新竞赛,挑战杯全国大学生课外学术科技作品竞赛,,国家级·三等奖,第一完成人,2026-02-03,,2.0,通过,钱雅琴,符合认定条件，通过
202400595,创业实践,校园二手书流转平台,注册成立公司·法人代表,,法人代表,2026-06-13,,6.0,驳回,钱雅琴,盖章缺失，请重新上传完整材料
202400595,学术论文,基于深度学习的路面裂缝检测方法研究,国际/国内会议·其他作者,,其他作者,2026-08-17,,1.0,通过,钱雅琴,佐证材料完整，予以通过
202400595,申请专利,一种基于视觉的后视镜盲区监测装置,发明专利·其他发明人,,其他发明人,2026-07-21,,3.0,通过,钱雅琴,材料齐全，同意认定
202400595,其他实践活动,汽车工程学院企业行,技能资格培训·中级,,,2025-02-26,,1.0,待审核,,
202400596,前沿学术报告,名家学术讲座,单场·氢能及燃料电池汽车产业展望,,,2026-02-09,,0.5,通过,钱雅琴,材料齐全，同意认定
202400596,年度创新创业项目,国家级·负责人,氢燃料电池汽车散热性能仿真分析,,负责人,2025-07-25,2027-06-30,6.0,待审核,,
202400596,科技创新竞赛,挑战杯全国大学生课外学术科技作品竞赛,,国家级·一等奖,第一完成人,2026-07-02,,6.0,通过,钱雅琴,材料齐全，同意认定
202400596,创业实践,智能驾培服务平台,注册成立公司·合伙人,,合伙人,2026-08-25,,4.0,通过,钱雅琴,材料齐全，同意认定
202400596,学术论文,电动汽车无线充电耦合机构优化设计,普通期刊·第二作者,,第二作者,2026-08-21,,1.0,待审核,,
202400596,申请专利,一种基于视觉的后视镜盲区监测装置,实用新型专利·第一发明人,,第一发明人,2026-04-17,,3.0,通过,钱雅琴,符合认定条件，通过
202400596,其他实践活动,汽车造型设计工作坊,技能资格培训·初级,,,2026-02-01,,0.5,通过,钱雅琴,材料齐全，同意认定
202400597,前沿学术报告,名家学术讲座,单场·汽车芯片与域控制器架构,,,2026-01-10,,0.5,待审核,,
202400597,年度创新创业项目,校级·核心成员,基于机器视觉的行人过街检测系统,,核心成员,2025-12-13,2027-06-30,1.5,通过,钱雅琴,佐证材料完整，予以通过
202400597,科技创新竞赛,全国大学生数学建模竞赛,,省级·一等奖,第一完成人,2025-11-02,,3.0,通过,钱雅琴,材料齐全，同意认定
202400597,创业实践,二手车检测陪购服务工作室,创业训练计划·团队成员,,团队成员,2026-05-01,,1.5,待审核,,
202400597,学术论文,低温环境下锂电池充放电特性研究,普通期刊·第二作者,,第二作者,2026-02-03,,1.0,待院长审批,钱雅琴,初审通过，转院长审批
202400597,申请专利,一种可调节角度的车载平板支架,实用新型专利·其他发明人,,其他发明人,2026-07-27,,1.5,通过,钱雅琴,符合认定条件，通过
202400597,其他实践活动,汽车工程学院企业行,技能资格培训·高级,,,2026-07-13,,1.5,通过,钱雅琴,符合认定条件，通过
202400598,前沿学术报告,汽车百家讲坛,第6-10期·汽车芯片与域控制器架构,,,2025-01-02,,0.25,通过,钱雅琴,材料齐全，同意认定
202400598,年度创新创业项目,校级·核心成员,新能源汽车电池热管理优化研究,,核心成员,2025-11-24,2027-06-30,1.5,通过,钱雅琴,符合认定条件，通过
202400598,科技创新竞赛,校智能车校内选拔赛,,校级·一等奖,负责人,2025-11-24,,1.0,通过,钱雅琴,材料齐全，同意认定
202400598,创业实践,大学生汽车文创工作室,入驻孵化器·团队成员,,团队成员,2026-05-06,,2.0,驳回,钱雅琴,材料不完整，请补充佐证后重新提交
202400598,学术论文,基于深度学习的路面裂缝检测方法研究,国际/国内会议·第二作者,,第二作者,2026-06-07,,2.0,通过,钱雅琴,佐证材料完整，予以通过
202400598,申请专利,一种电动汽车电池包液冷结构,实用新型专利·其他发明人,,其他发明人,2026-08-16,,1.5,通过,钱雅琴,符合认定条件，通过
202400598,其他实践活动,全国大学生汽车科技夏令营,技能资格培训·高级,,,2025-07-14,,1.5,待审核,,
202400599,前沿学术报告,名家学术讲座,单场·智能网联汽车技术前沿,,,2026-07-07,,0.5,通过,钱雅琴,材料齐全，同意认定
202400599,年度创新创业项目,院级·一般成员,智能导览机器人设计与实现,,一般成员,2025-08-01,2027-06-30,0.5,通过,钱雅琴,佐证材料完整，予以通过
202400599,科技创新竞赛,全国大学生智能汽车竞赛,,国家级·二等奖,第三完成人,2025-10-08,,2.0,待院长审批,钱雅琴,初审通过，转院长审批
202400599,创业实践,大学生汽车文创工作室,注册成立公司·合伙人,,合伙人,2026-08-03,,4.0,待审核,,
202400599,学术论文,基于深度学习的路面裂缝检测方法研究,国际/国内会议·第一作者,,第一作者,2026-05-25,,3.0,待审核,,
202400599,申请专利,一种可调节角度的车载平板支架,发明专利·第一发明人,,第一发明人,2026-07-03,,6.0,待审核,,
202400599,其他实践活动,智能驾驶技术专题培训,技能资格培训·中级,,,2025-06-14,,1.0,驳回,钱雅琴,材料不完整，请补充佐证后重新提交
202400600,前沿学术报告,汽车百家讲坛,第1-5期·汽车轻量化设计与新材料应用,,,2026-03-21,,0.25,通过,钱雅琴,符合认定条件，通过
202400600,年度创新创业项目,省级·一般成员,校园共享电动车调度优化研究,,一般成员,2025-09-07,2027-06-30,1.5,通过,钱雅琴,材料齐全，同意认定
202400600,科技创新竞赛,中国国际大学生创新大赛,,省级·二等奖,第三完成人,2026-05-22,,1.0,通过,钱雅琴,佐证材料完整，予以通过
202400600,创业实践,智能驾培服务平台,注册成立公司·团队成员,,团队成员,2026-03-13,,2.0,通过,钱雅琴,符合认定条件，通过
202400600,学术论文,基于多目标优化的车身结构轻量化设计,普通期刊·第二作者,,第二作者,2026-03-06,,1.0,通过,钱雅琴,材料齐全，同意认定
202400600,申请专利,一种基于视觉的后视镜盲区监测装置,实用新型专利·第一发明人,,第一发明人,2026-07-03,,3.0,通过,钱雅琴,佐证材料完整，予以通过
202400600,其他实践活动,智能驾驶技术专题培训,学科冬夏令营·校级,,,2026-04-01,,0.5,通过,钱雅琴,材料齐全，同意认定
202500601,前沿学术报告,名家学术讲座,单场·氢能及燃料电池汽车产业展望,,,2026-07-16,,0.5,通过,陈晓宇,佐证材料完整，予以通过
202500601,年度创新创业项目,校级·一般成员,新能源汽车电池热管理优化研究,,一般成员,2025-07-08,2028-06-30,1.0,通过,陈晓宇,材料齐全，同意认定
202500601,科技创新竞赛,山东省大学生机电产品创新设计竞赛,,省级·三等奖,核心成员,2026-08-15,,0.6,待审核,,
202500601,创业实践,二手车检测陪购服务工作室,入驻孵化器·团队成员,,团队成员,2026-07-11,,2.0,待审核,,
202500601,学术论文,电动汽车无线充电耦合机构优化设计,国际/国内会议·其他作者,,其他作者,2026-08-11,,1.0,通过,陈晓宇,材料齐全，同意认定
202500601,申请专利,一种基于视觉的后视镜盲区监测装置,外观设计专利·第一发明人,,第一发明人,2026-03-12,,2.0,公示中,陈晓宇,符合认定条件，通过
202500601,其他实践活动,智能驾驶技术专题培训,技能资格培训·高级,,,2026-07-14,,1.5,待审核,,
202500602,前沿学术报告,名家学术讲座,单场·智能网联汽车技术前沿,,,2026-07-24,,0.5,驳回,陈晓宇,盖章缺失，请重新上传完整材料
202500602,年度创新创业项目,校级·核心成员,基于深度学习的交通标志识别系统,,核心成员,2025-09-17,2028-06-30,1.5,驳回,陈晓宇,盖章缺失，请重新上传完整材料
202500602,科技创新竞赛,全国大学生节能减排社会实践与科技竞赛,,国家级·一等奖,第二完成人,2026-06-13,,4.2,待审核,,
202500602,创业实践,智能驾培服务平台,创业训练计划·团队成员,,团队成员,2026-05-13,,1.5,通过,陈晓宇,材料齐全，同意认定
202500602,学术论文,低温环境下锂电池充放电特性研究,核心期刊·第一作者,,第一作者,2026-03-20,,4.0,公示中,陈晓宇,符合认定条件，通过
202500602,申请专利,一种可调节角度的车载平板支架,实用新型专利·第一发明人,,第一发明人,2026-05-20,,3.0,驳回,陈晓宇,时间信息有误，请核对后重新提交
202500602,其他实践活动,德国亚琛工业大学线上交流项目,技能资格培训·初级,,,2026-02-07,,0.5,通过,陈晓宇,佐证材料完整，予以通过
202500603,前沿学术报告,汽车百家讲坛,第1-5期·智能制造与数字化工厂实践,,,2026-03-18,,0.25,通过,陈晓宇,佐证材料完整，予以通过
202500603,年度创新创业项目,院级·一般成员,基于深度学习的交通标志识别系统,,一般成员,2025-05-04,2028-06-30,0.5,通过,陈晓宇,佐证材料完整，予以通过
202500603,科技创新竞赛,全国大学生机械创新设计大赛,,省级·二等奖,核心成员,2026-05-23,,1.2,通过,陈晓宇,材料齐全，同意认定
202500603,创业实践,大学生汽车文创工作室,注册成立公司·团队成员,,团队成员,2026-08-12,,2.0,待审核,,
202500603,学术论文,混合动力汽车能量管理策略仿真,国际/国内会议·其他作者,,其他作者,2026-07-09,,1.0,通过,陈晓宇,材料齐全，同意认定
202500603,申请专利,一种可调节角度的车载平板支架,实用新型专利·第一发明人,,第一发明人,2026-01-27,,3.0,通过,陈晓宇,佐证材料完整，予以通过
202500603,其他实践活动,德国亚琛工业大学线上交流项目,技能资格培训·中级,,,2026-07-11,,1.0,通过,陈晓宇,材料齐全，同意认定
202500604,前沿学术报告,汽车百家讲坛,第6-10期·新能源汽车动力总成发展趋势,,,2026-07-05,,0.25,通过,陈晓宇,材料齐全，同意认定
202500604,年度创新创业项目,省级·负责人,轮胎花纹与湿滑路面制动性能仿真,,负责人,2025-04-08,2028-06-30,4.0,通过,陈晓宇,符合认定条件，通过
202500604,科技创新竞赛,全国大学生智能汽车竞赛,,国家级·三等奖,第二完成人,2026-04-22,,1.4,通过,陈晓宇,材料齐全，同意认定
202500604,创业实践,校内共享打印服务站,创业训练计划·团队成员,,团队成员,2026-05-09,,1.5,通过,陈晓宇,佐证材料完整，予以通过
202500604,学术论文,汽车主动悬架半主动控制策略仿真,国际/国内会议·第二作者,,第二作者,2026-02-08,,2.0,通过,陈晓宇,佐证材料完整，予以通过
202500604,申请专利,一种基于视觉的后视镜盲区监测装置,发明专利·其他发明人,,其他发明人,2026-05-28,,3.0,待院长审批,陈晓宇,初审通过，转院长审批
202500604,其他实践活动,智能驾驶技术专题培训,技能资格培训·初级,,,2026-02-06,,0.5,通过,陈晓宇,符合认定条件，通过
202500605,前沿学术报告,信息科学论坛,第6期以后·汽车芯片与域控制器架构,,,2026-02-22,,0.25,通过,陈晓宇,佐证材料完整，予以通过
202500605,年度创新创业项目,省级·一般成员,基于机器视觉的行人过街检测系统,,一般成员,2025-06-19,2028-06-30,1.5,通过,陈晓宇,符合认定条件，通过
202500605,科技创新竞赛,中国国际大学生创新大赛,,省级·一等奖,第三完成人,2026-01-12,,1.5,待审核,,
202500605,创业实践,校内共享打印服务站,注册成立公司·法人代表,,法人代表,2026-04-19,,6.0,通过,陈晓宇,材料齐全，同意认定
202500605,学术论文,基于YOLO的车距保持辅助算法研究,国际/国内会议·其他作者,,其他作者,2026-08-12,,1.0,通过,陈晓宇,材料齐全，同意认定
202500605,申请专利,一种电动汽车电池包液冷结构,发明专利·第一发明人,,第一发明人,2026-04-15,,6.0,公示中,陈晓宇,材料齐全，同意认定
202500605,其他实践活动,汽车造型设计工作坊,学术交流访问·境内交流,,,2026-04-01,,1.0,待审核,,
202500606,前沿学术报告,名家学术讲座,单场·无人驾驶环境感知技术进展,,,2026-03-16,,0.5,通过,陈晓宇,符合认定条件，通过
202500606,年度创新创业项目,省级·核心成员,基于深度学习的交通标志识别系统,,核心成员,2025-10-25,2028-06-30,3.0,通过,陈晓宇,符合认定条件，通过
202500606,科技创新竞赛,校智能车校内选拔赛,,校级·二等奖,负责人,2026-04-11,,0.5,通过,陈晓宇,材料齐全，同意认定
202500606,创业实践,新能源汽车科普工作室,入驻孵化器·团队成员,,团队成员,2026-08-06,,2.0,通过,陈晓宇,符合认定条件，通过
202500606,学术论文,电动汽车无线充电耦合机构优化设计,国际/国内会议·第二作者,,第二作者,2026-01-10,,2.0,通过,陈晓宇,佐证材料完整，予以通过
202500606,申请专利,一种基于视觉的后视镜盲区监测装置,实用新型专利·第一发明人,,第一发明人,2026-07-04,,3.0,通过,陈晓宇,符合认定条件，通过
202500606,其他实践活动,全国大学生汽车科技夏令营,学科冬夏令营·省级,,,2026-01-20,,1.0,待审核,,
202500607,前沿学术报告,名家学术讲座,单场·动力电池热管理关键技术,,,2026-05-05,,0.5,通过,陈晓宇,材料齐全，同意认定
202500607,年度创新创业项目,校级·核心成员,基于深度学习的交通标志识别系统,,核心成员,2025-11-03,2028-06-30,1.5,通过,陈晓宇,材料齐全，同意认定
202500607,科技创新竞赛,全国大学生数学建模竞赛,,省级·三等奖,负责人,2026-04-24,,1.0,通过,陈晓宇,符合认定条件，通过
202500607,创业实践,智能驾培服务平台,入驻孵化器·负责人,,负责人,2026-05-15,,4.0,公示中,陈晓宇,佐证材料完整，予以通过
202500607,学术论文,燃料电池汽车氢气循环系统特性分析,普通期刊·第二作者,,第二作者,2026-02-16,,1.0,通过,陈晓宇,材料齐全，同意认定
202500607,申请专利,一种车载智能空气净化装置,实用新型专利·第一发明人,,第一发明人,2026-08-08,,3.0,通过,陈晓宇,佐证材料完整，予以通过
202500607,其他实践活动,汽车工程学院企业行,学科冬夏令营·校级,,,2026-08-28,,0.5,通过,陈晓宇,佐证材料完整，予以通过
202500608,前沿学术报告,汽车百家讲坛,第6-10期·车载总线与嵌入式系统开发,,,2026-01-18,,0.25,通过,陈晓宇,佐证材料完整，予以通过
202500608,年度创新创业项目,院级·核心成员,车载OBD数据采集与驾驶行为分析,,核心成员,2025-01-04,2028-06-30,0.5,通过,陈晓宇,符合认定条件，通过
202500608,科技创新竞赛,全国大学生智能汽车竞赛,,国家级·一等奖,第三完成人,2026-03-08,,3.0,通过,陈晓宇,佐证材料完整，予以通过
202500608,创业实践,智能驾培服务平台,创业训练计划·负责人,,负责人,2026-03-04,,3.0,驳回,陈晓宇,认定依据不足，请补充说明材料
202500608,学术论文,燃料电池汽车氢气循环系统特性分析,国际/国内会议·其他作者,,其他作者,2026-01-15,,1.0,通过,陈晓宇,符合认定条件，通过
202500608,申请专利,一种新能源汽车充电枪锁止机构,外观设计专利·第一发明人,,第一发明人,2026-07-05,,2.0,待审核,,
202500608,其他实践活动,智能驾驶技术专题培训,学术交流访问·境内交流,,,2026-02-18,,1.0,通过,陈晓宇,佐证材料完整，予以通过
202500609,前沿学术报告,名家学术讲座,单场·汽车轻量化设计与新材料应用,,,2026-03-24,,0.5,驳回,陈晓宇,材料不完整，请补充佐证后重新提交
202500609,年度创新创业项目,省级·一般成员,校园共享电动车调度优化研究,,一般成员,2025-12-05,2028-06-30,1.5,驳回,陈晓宇,材料不完整，请补充佐证后重新提交
202500609,科技创新竞赛,中国大学生方程式汽车大赛,,国家级·一等奖,负责人,2026-07-19,,6.0,待院长审批,陈晓宇,初审通过，转院长审批
202500609,创业实践,大学生汽车文创工作室,注册成立公司·法人代表,,法人代表,2026-08-28,,6.0,待审核,,
202500609,学术论文,燃料电池汽车氢气循环系统特性分析,国际/国内会议·其他作者,,其他作者,2026-05-19,,1.0,通过,陈晓宇,材料齐全，同意认定
202500609,申请专利,一种基于视觉的后视镜盲区监测装置,实用新型专利·其他发明人,,其他发明人,2026-06-10,,1.5,驳回,陈晓宇,盖章缺失，请重新上传完整材料
202500609,其他实践活动,汽车工程学院企业行,学术交流访问·境内交流,,,2026-02-21,,1.0,通过,陈晓宇,材料齐全，同意认定
202500610,前沿学术报告,汽车百家讲坛,第1-5期·汽车空气动力学优化设计,,,2026-01-06,,0.25,驳回,陈晓宇,盖章缺失，请重新上传完整材料
202500610,年度创新创业项目,校级·核心成员,基于机器视觉的行人过街检测系统,,核心成员,2025-12-26,2028-06-30,1.5,通过,陈晓宇,佐证材料完整，予以通过
202500610,科技创新竞赛,中国国际大学生创新大赛,,国家级·三等奖,核心成员,2026-04-24,,1.2,驳回,陈晓宇,材料不完整，请补充佐证后重新提交
202500610,创业实践,校内共享打印服务站,入驻孵化器·负责人,,负责人,2026-02-23,,4.0,待审核,,
202500610,学术论文,混合动力汽车能量管理策略仿真,普通期刊·其他作者,,其他作者,2026-04-03,,0.5,通过,陈晓宇,材料齐全，同意认定
202500610,申请专利,一种可调节角度的车载平板支架,发明专利·其他发明人,,其他发明人,2026-07-11,,3.0,通过,陈晓宇,佐证材料完整，予以通过
202500610,其他实践活动,暑期高校科学营活动,技能资格培训·高级,,,2026-08-10,,1.5,通过,陈晓宇,佐证材料完整，予以通过
202500611,前沿学术报告,名家学术讲座,单场·新能源汽车动力总成发展趋势,,,2026-04-13,,0.5,通过,陈晓宇,佐证材料完整，予以通过
202500611,年度创新创业项目,省级·一般成员,基于深度学习的交通标志识别系统,,一般成员,2025-03-09,2028-06-30,1.5,通过,陈晓宇,符合认定条件，通过
202500611,科技创新竞赛,山东省大学生机电产品创新设计竞赛,,校级·三等奖,第二完成人,2026-04-14,,0.35,待审核,,
202500611,创业实践,校内共享打印服务站,注册成立公司·合伙人,,合伙人,2026-02-14,,4.0,待审核,,
202500611,学术论文,低温环境下锂电池充放电特性研究,核心期刊·第一作者,,第一作者,2026-02-26,,4.0,驳回,陈晓宇,认定依据不足，请补充说明材料
202500611,申请专利,一种基于视觉的后视镜盲区监测装置,外观设计专利·第一发明人,,第一发明人,2026-03-12,,2.0,通过,陈晓宇,佐证材料完整，予以通过
202500611,其他实践活动,智能驾驶技术专题培训,学科冬夏令营·校级,,,2026-07-17,,0.5,通过,陈晓宇,符合认定条件，通过
202500612,前沿学术报告,汽车百家讲坛,第1-5期·无人驾驶环境感知技术进展,,,2026-03-18,,0.25,待审核,,
202500612,年度创新创业项目,院级·一般成员,二手车价格预测模型构建,,一般成员,2025-09-08,2028-06-30,0.5,待审核,,
202500612,科技创新竞赛,山东省大学生机电产品创新设计竞赛,,校级·三等奖,第二完成人,2026-02-19,,0.35,待审核,,
202500612,创业实践,校园二手书流转平台,入驻孵化器·负责人,,负责人,2026-01-12,,4.0,驳回,陈晓宇,认定依据不足，请补充说明材料
202500612,学术论文,基于多目标优化的车身结构轻量化设计,SCI/EI 收录·第二作者,,第二作者,2026-04-16,,4.0,通过,陈晓宇,佐证材料完整，予以通过
202500612,申请专利,一种电动汽车电池包液冷结构,实用新型专利·第一发明人,,第一发明人,2026-03-28,,3.0,公示中,陈晓宇,佐证材料完整，予以通过
202500612,其他实践活动,德国亚琛工业大学线上交流项目,技能资格培训·高级,,,2026-08-28,,1.5,通过,陈晓宇,材料齐全，同意认定
202500613,前沿学术报告,名家学术讲座,单场·新能源汽车动力总成发展趋势,,,2026-04-03,,0.5,驳回,陈晓宇,认定依据不足，请补充说明材料
202500613,年度创新创业项目,院级·负责人,校园共享电动车调度优化研究,,负责人,2025-10-25,2028-06-30,1.0,通过,陈晓宇,材料齐全，同意认定
202500613,科技创新竞赛,中国大学生方程式汽车大赛,,国家级·三等奖,第一完成人,2026-08-01,,2.0,驳回,陈晓宇,材料不完整，请补充佐证后重新提交
202500613,创业实践,大学生汽车文创工作室,创业训练计划·团队成员,,团队成员,2026-07-25,,1.5,待审核,,
202500613,学术论文,基于深度学习的路面裂缝检测方法研究,国际/国内会议·其他作者,,其他作者,2026-02-11,,1.0,驳回,陈晓宇,时间信息有误，请核对后重新提交
202500613,申请专利,一种车载智能空气净化装置,实用新型专利·第一发明人,,第一发明人,2026-05-27,,3.0,通过,陈晓宇,佐证材料完整，予以通过
202500613,其他实践活动,汽车造型设计工作坊,学科冬夏令营·国家级,,,2026-06-09,,2.0,通过,陈晓宇,佐证材料完整，予以通过
202500614,前沿学术报告,名家学术讲座,单场·动力电池热管理关键技术,,,2026-08-19,,0.5,驳回,陈晓宇,材料不完整，请补充佐证后重新提交
202500614,年度创新创业项目,国家级·负责人,车载OBD数据采集与驾驶行为分析,,负责人,2025-05-20,2028-06-30,6.0,驳回,陈晓宇,认定依据不足，请补充说明材料
202500614,科技创新竞赛,全国大学生节能减排社会实践与科技竞赛,,国家级·二等奖,第二完成人,2026-05-18,,2.8,通过,陈晓宇,符合认定条件，通过
202500614,创业实践,新能源汽车科普工作室,入驻孵化器·团队成员,,团队成员,2026-04-23,,2.0,通过,陈晓宇,符合认定条件，通过
202500614,学术论文,汽车主动悬架半主动控制策略仿真,国际/国内会议·第一作者,,第一作者,2026-05-07,,3.0,通过,陈晓宇,佐证材料完整，予以通过
202500614,申请专利,一种多功能汽车后备箱收纳架,实用新型专利·第一发明人,,第一发明人,2026-05-14,,3.0,驳回,陈晓宇,盖章缺失，请重新上传完整材料
202500614,其他实践活动,暑期高校科学营活动,学术交流访问·出境交流,,,2026-04-20,,2.0,驳回,陈晓宇,时间信息有误，请核对后重新提交
202500615,前沿学术报告,汽车百家讲坛,第1-5期·氢能及燃料电池汽车产业展望,,,2026-02-06,,0.25,通过,陈晓宇,材料齐全，同意认定
202500615,年度创新创业项目,校级·核心成员,基于STM32的智能循迹小车,,核心成员,2025-07-14,2028-06-30,1.5,通过,陈晓宇,符合认定条件，通过
202500615,科技创新竞赛,中国国际大学生创新大赛,,国家级·一等奖,第二完成人,2026-01-26,,4.2,待审核,,
202500615,创业实践,校内共享打印服务站,入驻孵化器·负责人,,负责人,2026-08-16,,4.0,驳回,陈晓宇,时间信息有误，请核对后重新提交
202500615,学术论文,基于多目标优化的车身结构轻量化设计,国际/国内会议·第二作者,,第二作者,2026-08-14,,2.0,待审核,,
202500615,申请专利,一种基于视觉的后视镜盲区监测装置,发明专利·第一发明人,,第一发明人,2026-02-20,,6.0,通过,陈晓宇,材料齐全，同意认定
202500615,其他实践活动,汽车造型设计工作坊,学术交流访问·境内交流,,,2026-08-20,,1.0,通过,陈晓宇,材料齐全，同意认定
202500616,前沿学术报告,汽车百家讲坛,第1-5期·智能制造与数字化工厂实践,,,2026-01-19,,0.25,通过,陈晓宇,佐证材料完整，予以通过
202500616,年度创新创业项目,校级·负责人,汽车内饰件轻量化设计,,负责人,2025-08-04,2028-06-30,2.0,通过,陈晓宇,佐证材料完整，予以通过
202500616,科技创新竞赛,全国大学生数学建模竞赛,,省级·一等奖,负责人,2026-04-26,,3.0,通过,陈晓宇,材料齐全，同意认定
202500616,创业实践,二手车检测陪购服务工作室,入驻孵化器·负责人,,负责人,2026-05-09,,4.0,驳回,陈晓宇,时间信息有误，请核对后重新提交
202500616,学术论文,基于多目标优化的车身结构轻量化设计,国际/国内会议·其他作者,,其他作者,2026-08-14,,1.0,通过,陈晓宇,符合认定条件，通过
202500616,申请专利,一种新能源汽车充电枪锁止机构,发明专利·第一发明人,,第一发明人,2026-05-04,,6.0,待审核,,
202500616,其他实践活动,全国大学生汽车科技夏令营,学术交流访问·境内交流,,,2026-04-28,,1.0,通过,陈晓宇,佐证材料完整，予以通过
202500617,前沿学术报告,名家学术讲座,单场·汽车空气动力学优化设计,,,2026-05-13,,0.5,通过,陈晓宇,材料齐全，同意认定
202500617,年度创新创业项目,国家级·核心成员,汽车内饰件轻量化设计,,核心成员,2025-06-24,2028-06-30,4.0,通过,陈晓宇,符合认定条件，通过
202500617,科技创新竞赛,校智能车校内选拔赛,,校级·二等奖,负责人,2026-01-13,,0.5,通过,陈晓宇,佐证材料完整，予以通过
202500617,创业实践,大学生汽车文创工作室,创业训练计划·团队成员,,团队成员,2026-08-20,,1.5,通过,陈晓宇,符合认定条件，通过
202500617,学术论文,基于多目标优化的车身结构轻量化设计,国际/国内会议·第二作者,,第二作者,2026-03-05,,2.0,通过,陈晓宇,佐证材料完整，予以通过
202500617,申请专利,一种车载智能空气净化装置,发明专利·第一发明人,,第一发明人,2026-03-28,,6.0,通过,陈晓宇,符合认定条件，通过
202500617,其他实践活动,智能驾驶技术专题培训,技能资格培训·高级,,,2026-06-11,,1.5,通过,陈晓宇,佐证材料完整，予以通过
202500618,前沿学术报告,汽车百家讲坛,第11期以后·车载总线与嵌入式系统开发,,,2026-06-10,,0.25,通过,陈晓宇,符合认定条件，通过
202500618,年度创新创业项目,校级·核心成员,太阳能小车能量管理策略研究,,核心成员,2025-05-02,2028-06-30,1.5,通过,陈晓宇,佐证材料完整，予以通过
202500618,科技创新竞赛,挑战杯全国大学生课外学术科技作品竞赛,,省级·二等奖,第一完成人,2026-04-13,,2.0,通过,陈晓宇,材料齐全，同意认定
202500618,创业实践,校内共享打印服务站,创业训练计划·负责人,,负责人,2026-02-22,,3.0,通过,陈晓宇,材料齐全，同意认定
202500618,学术论文,燃料电池汽车氢气循环系统特性分析,国际/国内会议·其他作者,,其他作者,2026-05-20,,1.0,待审核,,
202500618,申请专利,一种车载智能空气净化装置,外观设计专利·其他发明人,,其他发明人,2026-06-07,,1.0,通过,陈晓宇,佐证材料完整，予以通过
202500618,其他实践活动,汽车造型设计工作坊,学科冬夏令营·省级,,,2026-07-12,,1.0,通过,陈晓宇,材料齐全，同意认定
202500619,前沿学术报告,名家学术讲座,单场·智能网联汽车技术前沿,,,2026-05-20,,0.5,待审核,,
202500619,年度创新创业项目,国家级·核心成员,二手车价格预测模型构建,,核心成员,2025-11-26,2028-06-30,4.0,通过,陈晓宇,佐证材料完整，予以通过
202500619,科技创新竞赛,挑战杯全国大学生课外学术科技作品竞赛,,国家级·二等奖,负责人,2026-03-10,,4.0,驳回,陈晓宇,认定依据不足，请补充说明材料
202500619,创业实践,校内共享打印服务站,入驻孵化器·负责人,,负责人,2026-01-04,,4.0,待审核,,
202500619,学术论文,混合动力汽车能量管理策略仿真,SCI/EI 收录·第一作者,,第一作者,2026-03-01,,6.0,公示中,陈晓宇,符合认定条件，通过
202500619,申请专利,一种可调节角度的车载平板支架,外观设计专利·其他发明人,,其他发明人,2026-06-11,,1.0,通过,陈晓宇,佐证材料完整，予以通过
202500619,其他实践活动,德国亚琛工业大学线上交流项目,技能资格培训·高级,,,2026-08-01,,1.5,驳回,陈晓宇,材料不完整，请补充佐证后重新提交
202500620,前沿学术报告,名家学术讲座,单场·汽车芯片与域控制器架构,,,2026-05-16,,0.5,驳回,陈晓宇,材料不完整，请补充佐证后重新提交
202500620,年度创新创业项目,省级·核心成员,校园共享电动车调度优化研究,,核心成员,2025-08-11,2028-06-30,3.0,待审核,,
202500620,科技创新竞赛,校智能车校内选拔赛,,校级·一等奖,第一完成人,2026-01-15,,1.0,待审核,,
202500620,创业实践,大学生汽车文创工作室,入驻孵化器·团队成员,,团队成员,2026-02-26,,2.0,通过,陈晓宇,佐证材料完整，予以通过
202500620,学术论文,基于YOLO的车距保持辅助算法研究,核心期刊·第二作者,,第二作者,2026-06-06,,2.0,待审核,,
202500620,申请专利,一种新能源汽车充电枪锁止机构,实用新型专利·第一发明人,,第一发明人,2026-01-06,,3.0,通过,陈晓宇,符合认定条件，通过
202500620,其他实践活动,全国大学生汽车科技夏令营,学术交流访问·出境交流,,,2026-03-05,,2.0,通过,陈晓宇,符合认定条件，通过
202500621,前沿学术报告,汽车百家讲坛,第1-5期·氢能及燃料电池汽车产业展望,,,2026-02-26,,0.25,通过,陈晓宇,符合认定条件，通过
202500621,年度创新创业项目,校级·核心成员,汽车内饰件轻量化设计,,核心成员,2025-11-08,2028-06-30,1.5,驳回,陈晓宇,盖章缺失，请重新上传完整材料
202500621,科技创新竞赛,挑战杯全国大学生课外学术科技作品竞赛,,国家级·三等奖,核心成员,2026-07-21,,1.2,通过,陈晓宇,佐证材料完整，予以通过
202500621,创业实践,二手车检测陪购服务工作室,创业训练计划·负责人,,负责人,2026-07-02,,3.0,驳回,陈晓宇,认定依据不足，请补充说明材料
202500621,学术论文,基于多目标优化的车身结构轻量化设计,国际/国内会议·第一作者,,第一作者,2026-04-17,,3.0,待审核,,
202500621,申请专利,一种电动汽车电池包液冷结构,外观设计专利·其他发明人,,其他发明人,2026-06-04,,1.0,通过,陈晓宇,佐证材料完整，予以通过
202500621,其他实践活动,德国亚琛工业大学线上交流项目,学术交流访问·境内交流,,,2026-08-25,,1.0,通过,陈晓宇,符合认定条件，通过
202500622,前沿学术报告,汽车百家讲坛,第11期以后·氢能及燃料电池汽车产业展望,,,2026-01-23,,0.25,通过,陈晓宇,佐证材料完整，予以通过
202500622,年度创新创业项目,省级·核心成员,车载OBD数据采集与驾驶行为分析,,核心成员,2025-12-21,2028-06-30,3.0,通过,陈晓宇,材料齐全，同意认定
202500622,科技创新竞赛,挑战杯全国大学生课外学术科技作品竞赛,,国家级·二等奖,第三完成人,2026-01-01,,2.0,通过,陈晓宇,佐证材料完整，予以通过
202500622,创业实践,校内共享打印服务站,入驻孵化器·团队成员,,团队成员,2026-08-18,,2.0,通过,陈晓宇,佐证材料完整，予以通过
202500622,学术论文,基于YOLO的车距保持辅助算法研究,SCI/EI 收录·第二作者,,第二作者,2026-08-13,,4.0,通过,陈晓宇,材料齐全，同意认定
202500622,申请专利,一种电动汽车电池包液冷结构,发明专利·其他发明人,,其他发明人,2026-02-09,,3.0,通过,陈晓宇,符合认定条件，通过
202500622,其他实践活动,暑期高校科学营活动,技能资格培训·初级,,,2026-03-13,,0.5,通过,陈晓宇,符合认定条件，通过
202500623,前沿学术报告,汽车百家讲坛,第6-10期·新能源汽车动力总成发展趋势,,,2026-05-05,,0.25,驳回,陈晓宇,材料不完整，请补充佐证后重新提交
202500623,年度创新创业项目,校级·核心成员,校园共享电动车调度优化研究,,核心成员,2025-01-25,2028-06-30,1.5,通过,陈晓宇,符合认定条件，通过
202500623,科技创新竞赛,全国大学生数学建模竞赛,,国家级·三等奖,第一完成人,2026-06-13,,2.0,驳回,陈晓宇,时间信息有误，请核对后重新提交
202500623,创业实践,校园二手书流转平台,注册成立公司·团队成员,,团队成员,2026-08-26,,2.0,通过,陈晓宇,符合认定条件，通过
202500623,学术论文,基于深度学习的路面裂缝检测方法研究,国际/国内会议·第一作者,,第一作者,2026-02-27,,3.0,驳回,陈晓宇,认定依据不足，请补充说明材料
202500623,申请专利,一种多功能汽车后备箱收纳架,实用新型专利·其他发明人,,其他发明人,2026-01-21,,1.5,通过,陈晓宇,佐证材料完整，予以通过
202500623,其他实践活动,汽车造型设计工作坊,技能资格培训·中级,,,2026-08-20,,1.0,通过,陈晓宇,佐证材料完整，予以通过
202500624,前沿学术报告,汽车百家讲坛,第11期以后·汽车空气动力学优化设计,,,2026-04-03,,0.25,待审核,,
202500624,年度创新创业项目,省级·核心成员,轮胎花纹与湿滑路面制动性能仿真,,核心成员,2025-02-27,2028-06-30,3.0,通过,陈晓宇,佐证材料完整，予以通过
202500624,科技创新竞赛,中国国际大学生创新大赛,,国家级·三等奖,第一完成人,2026-04-18,,2.0,通过,陈晓宇,材料齐全，同意认定
202500624,创业实践,智能驾培服务平台,创业训练计划·团队成员,,团队成员,2026-06-22,,1.5,驳回,陈晓宇,材料不完整，请补充佐证后重新提交
202500624,学术论文,汽车主动悬架半主动控制策略仿真,普通期刊·第二作者,,第二作者,2026-02-23,,1.0,待院长审批,陈晓宇,初审通过，转院长审批
202500624,申请专利,一种车载智能空气净化装置,发明专利·其他发明人,,其他发明人,2026-02-22,,3.0,通过,陈晓宇,符合认定条件，通过
202500624,其他实践活动,汽车工程学院企业行,技能资格培训·中级,,,2026-04-18,,1.0,待审核,,
202500625,前沿学术报告,汽车百家讲坛,第11期以后·智能网联汽车技术前沿,,,2026-02-21,,0.25,通过,陈晓宇,佐证材料完整，予以通过
202500625,年度创新创业项目,院级·一般成员,基于机器视觉的行人过街检测系统,,一般成员,2025-12-17,2028-06-30,0.5,驳回,陈晓宇,盖章缺失，请重新上传完整材料
202500625,科技创新竞赛,全国大学生节能减排社会实践与科技竞赛,,国家级·二等奖,第一完成人,2026-08-06,,4.0,待院长审批,陈晓宇,初审通过，转院长审批
202500625,创业实践,校园二手书流转平台,入驻孵化器·负责人,,负责人,2026-03-02,,4.0,通过,陈晓宇,材料齐全，同意认定
202500625,学术论文,基于YOLO的车距保持辅助算法研究,普通期刊·其他作者,,其他作者,2026-03-23,,0.5,通过,陈晓宇,佐证材料完整，予以通过
202500625,申请专利,一种多功能汽车后备箱收纳架,实用新型专利·其他发明人,,其他发明人,2026-04-06,,1.5,驳回,陈晓宇,时间信息有误，请核对后重新提交
202500625,其他实践活动,全国大学生汽车科技夏令营,学术交流访问·出境交流,,,2026-01-24,,2.0,通过,陈晓宇,符合认定条件，通过
202500626,前沿学术报告,名家学术讲座,单场·智能制造与数字化工厂实践,,,2026-01-05,,0.5,驳回,陈晓宇,认定依据不足，请补充说明材料
202500626,年度创新创业项目,院级·负责人,二手车价格预测模型构建,,负责人,2025-01-28,2028-06-30,1.0,通过,陈晓宇,佐证材料完整，予以通过
202500626,科技创新竞赛,中国大学生方程式汽车大赛,,国家级·二等奖,负责人,2026-06-07,,4.0,待审核,,
202500626,创业实践,校园二手书流转平台,注册成立公司·合伙人,,合伙人,2026-06-04,,4.0,通过,陈晓宇,佐证材料完整，予以通过
202500626,学术论文,混合动力汽车能量管理策略仿真,国际/国内会议·其他作者,,其他作者,2026-04-16,,1.0,通过,陈晓宇,佐证材料完整，予以通过
202500626,申请专利,一种车载智能空气净化装置,实用新型专利·第一发明人,,第一发明人,2026-07-16,,3.0,通过,陈晓宇,符合认定条件，通过
202500626,其他实践活动,暑期高校科学营活动,技能资格培训·高级,,,2026-02-15,,1.5,通过,陈晓宇,佐证材料完整，予以通过
202500627,前沿学术报告,信息科学论坛,第1-5期·汽车轻量化设计与新材料应用,,,2026-02-06,,0.25,通过,陈晓宇,材料齐全，同意认定
202500627,年度创新创业项目,校级·负责人,校园共享电动车调度优化研究,,负责人,2025-10-02,2028-06-30,2.0,通过,陈晓宇,材料齐全，同意认定
202500627,科技创新竞赛,全国大学生数学建模竞赛,,省级·二等奖,负责人,2026-07-01,,2.0,驳回,陈晓宇,时间信息有误，请核对后重新提交
202500627,创业实践,二手车检测陪购服务工作室,创业训练计划·团队成员,,团队成员,2026-08-21,,1.5,通过,陈晓宇,符合认定条件，通过
202500627,学术论文,燃料电池汽车氢气循环系统特性分析,核心期刊·第一作者,,第一作者,2026-07-11,,4.0,通过,陈晓宇,佐证材料完整，予以通过
202500627,申请专利,一种可调节角度的车载平板支架,实用新型专利·第一发明人,,第一发明人,2026-01-02,,3.0,通过,陈晓宇,符合认定条件，通过
202500627,其他实践活动,智能驾驶技术专题培训,学术交流访问·境内交流,,,2026-01-22,,1.0,驳回,陈晓宇,材料不完整，请补充佐证后重新提交
202500628,前沿学术报告,名家学术讲座,单场·动力电池热管理关键技术,,,2026-05-13,,0.5,通过,陈晓宇,符合认定条件，通过
202500628,年度创新创业项目,校级·核心成员,氢燃料电池汽车散热性能仿真分析,,核心成员,2025-02-22,2028-06-30,1.5,通过,陈晓宇,符合认定条件，通过
202500628,科技创新竞赛,全国大学生数学建模竞赛,,省级·一等奖,负责人,2026-04-09,,3.0,通过,陈晓宇,材料齐全，同意认定
202500628,创业实践,二手车检测陪购服务工作室,入驻孵化器·负责人,,负责人,2026-06-25,,4.0,驳回,陈晓宇,盖章缺失，请重新上传完整材料
202500628,学术论文,燃料电池汽车氢气循环系统特性分析,核心期刊·第二作者,,第二作者,2026-02-13,,2.0,驳回,陈晓宇,盖章缺失，请重新上传完整材料
202500628,申请专利,一种电动汽车电池包液冷结构,外观设计专利·其他发明人,,其他发明人,2026-01-13,,1.0,通过,陈晓宇,佐证材料完整，予以通过
202500628,其他实践活动,德国亚琛工业大学线上交流项目,技能资格培训·中级,,,2026-07-15,,1.0,通过,陈晓宇,佐证材料完整，予以通过
202500629,前沿学术报告,汽车百家讲坛,第6-10期·车载总线与嵌入式系统开发,,,2026-08-12,,0.25,驳回,陈晓宇,时间信息有误，请核对后重新提交
202500629,年度创新创业项目,校级·负责人,基于机器视觉的行人过街检测系统,,负责人,2025-04-26,2028-06-30,2.0,待审核,,
202500629,科技创新竞赛,山东省大学生机电产品创新设计竞赛,,省级·三等奖,第一完成人,2026-02-28,,1.0,驳回,陈晓宇,时间信息有误，请核对后重新提交
202500629,创业实践,大学生汽车文创工作室,注册成立公司·法人代表,,法人代表,2026-07-01,,6.0,通过,陈晓宇,符合认定条件，通过
202500629,学术论文,燃料电池汽车氢气循环系统特性分析,普通期刊·第一作者,,第一作者,2026-03-24,,2.0,通过,陈晓宇,符合认定条件，通过
202500629,申请专利,一种基于视觉的后视镜盲区监测装置,外观设计专利·第一发明人,,第一发明人,2026-02-05,,2.0,驳回,陈晓宇,时间信息有误，请核对后重新提交
202500629,其他实践活动,汽车造型设计工作坊,学术交流访问·境内交流,,,2026-01-08,,1.0,通过,陈晓宇,符合认定条件，通过
202500630,前沿学术报告,信息科学论坛,第1-5期·智能网联汽车技术前沿,,,2026-04-15,,0.25,驳回,陈晓宇,认定依据不足，请补充说明材料
202500630,年度创新创业项目,省级·一般成员,太阳能小车能量管理策略研究,,一般成员,2025-02-01,2028-06-30,1.5,公示中,陈晓宇,材料齐全，同意认定
202500630,科技创新竞赛,全国大学生数学建模竞赛,,省级·二等奖,第二完成人,2026-06-21,,1.4,驳回,陈晓宇,盖章缺失，请重新上传完整材料
202500630,创业实践,大学生汽车文创工作室,注册成立公司·团队成员,,团队成员,2026-07-01,,2.0,通过,陈晓宇,符合认定条件，通过
202500630,学术论文,基于YOLO的车距保持辅助算法研究,普通期刊·其他作者,,其他作者,2026-06-10,,0.5,驳回,陈晓宇,盖章缺失，请重新上传完整材料
202500630,申请专利,一种多功能汽车后备箱收纳架,实用新型专利·其他发明人,,其他发明人,2026-08-10,,1.5,通过,陈晓宇,材料齐全，同意认定
202500630,其他实践活动,德国亚琛工业大学线上交流项目,技能资格培训·高级,,,2026-02-08,,1.5,驳回,陈晓宇,时间信息有误，请核对后重新提交
202500631,前沿学术报告,汽车百家讲坛,第1-5期·新能源汽车动力总成发展趋势,,,2026-05-19,,0.25,驳回,陈晓宇,材料不完整，请补充佐证后重新提交
202500631,年度创新创业项目,省级·一般成员,氢燃料电池汽车散热性能仿真分析,,一般成员,2025-09-09,2028-06-30,1.5,通过,陈晓宇,符合认定条件，通过
202500631,科技创新竞赛,中国大学生方程式汽车大赛,,国家级·一等奖,第一完成人,2026-08-01,,6.0,通过,陈晓宇,佐证材料完整，予以通过
202500631,创业实践,二手车检测陪购服务工作室,注册成立公司·法人代表,,法人代表,2026-07-18,,6.0,驳回,陈晓宇,认定依据不足，请补充说明材料
202500631,学术论文,燃料电池汽车氢气循环系统特性分析,普通期刊·其他作者,,其他作者,2026-05-17,,0.5,通过,陈晓宇,符合认定条件，通过
202500631,申请专利,一种车载智能空气净化装置,实用新型专利·第一发明人,,第一发明人,2026-07-24,,3.0,待审核,,
202500631,其他实践活动,德国亚琛工业大学线上交流项目,技能资格培训·中级,,,2026-01-02,,1.0,通过,陈晓宇,佐证材料完整，予以通过
202500632,前沿学术报告,汽车百家讲坛,第11期以后·车载总线与嵌入式系统开发,,,2026-04-13,,0.25,通过,陈晓宇,材料齐全，同意认定
202500632,年度创新创业项目,校级·核心成员,汽车内饰件轻量化设计,,核心成员,2025-08-22,2028-06-30,1.5,驳回,陈晓宇,材料不完整，请补充佐证后重新提交
202500632,科技创新竞赛,全国大学生智能汽车竞赛,,省级·三等奖,负责人,2026-05-10,,1.0,待审核,,
202500632,创业实践,新能源汽车科普工作室,创业训练计划·团队成员,,团队成员,2026-02-27,,1.5,待审核,,
202500632,学术论文,基于YOLO的车距保持辅助算法研究,国际/国内会议·第一作者,,第一作者,2026-07-17,,3.0,通过,陈晓宇,佐证材料完整，予以通过
202500632,申请专利,一种可调节角度的车载平板支架,发明专利·其他发明人,,其他发明人,2026-04-08,,3.0,驳回,陈晓宇,认定依据不足，请补充说明材料
202500632,其他实践活动,智能驾驶技术专题培训,学术交流访问·出境交流,,,2026-03-12,,2.0,通过,陈晓宇,佐证材料完整，予以通过
202500633,前沿学术报告,名家学术讲座,单场·车载总线与嵌入式系统开发,,,2026-01-14,,0.5,通过,陈晓宇,符合认定条件，通过
202500633,年度创新创业项目,国家级·一般成员,基于机器视觉的行人过街检测系统,,一般成员,2025-02-23,2028-06-30,2.0,通过,陈晓宇,符合认定条件，通过
202500633,科技创新竞赛,校智能车校内选拔赛,,校级·一等奖,第二完成人,2026-04-05,,0.7,通过,陈晓宇,佐证材料完整，予以通过
202500633,创业实践,二手车检测陪购服务工作室,创业训练计划·团队成员,,团队成员,2026-03-27,,1.5,驳回,陈晓宇,盖章缺失，请重新上传完整材料
202500633,学术论文,燃料电池汽车氢气循环系统特性分析,国际/国内会议·其他作者,,其他作者,2026-05-10,,1.0,待院长审批,陈晓宇,初审通过，转院长审批
202500633,申请专利,一种车载智能空气净化装置,实用新型专利·其他发明人,,其他发明人,2026-03-23,,1.5,公示中,陈晓宇,佐证材料完整，予以通过
202500633,其他实践活动,德国亚琛工业大学线上交流项目,学术交流访问·出境交流,,,2026-06-15,,2.0,通过,陈晓宇,佐证材料完整，予以通过
202500634,前沿学术报告,汽车百家讲坛,第11期以后·汽车轻量化设计与新材料应用,,,2026-01-01,,0.25,驳回,陈晓宇,时间信息有误，请核对后重新提交
202500634,年度创新创业项目,国家级·负责人,基于深度学习的交通标志识别系统,,负责人,2025-10-12,2028-06-30,6.0,通过,陈晓宇,符合认定条件，通过
202500634,科技创新竞赛,中国大学生方程式汽车大赛,,国家级·三等奖,负责人,2026-02-04,,2.0,驳回,陈晓宇,材料不完整，请补充佐证后重新提交
202500634,创业实践,大学生汽车文创工作室,创业训练计划·负责人,,负责人,2026-07-27,,3.0,驳回,陈晓宇,材料不完整，请补充佐证后重新提交
202500634,学术论文,低温环境下锂电池充放电特性研究,普通期刊·其他作者,,其他作者,2026-01-20,,0.5,通过,陈晓宇,佐证材料完整，予以通过
202500634,申请专利,一种车载智能空气净化装置,发明专利·第一发明人,,第一发明人,2026-05-20,,6.0,待审核,,
202500634,其他实践活动,德国亚琛工业大学线上交流项目,学术交流访问·境内交流,,,2026-02-10,,1.0,通过,陈晓宇,符合认定条件，通过
202500635,前沿学术报告,汽车百家讲坛,第6-10期·动力电池热管理关键技术,,,2026-07-03,,0.25,通过,陈晓宇,佐证材料完整，予以通过
202500635,年度创新创业项目,院级·一般成员,校园共享电动车调度优化研究,,一般成员,2025-12-12,2028-06-30,0.5,驳回,陈晓宇,时间信息有误，请核对后重新提交
202500635,科技创新竞赛,全国大学生节能减排社会实践与科技竞赛,,国家级·二等奖,第二完成人,2026-03-28,,2.8,驳回,陈晓宇,材料不完整，请补充佐证后重新提交
202500635,创业实践,二手车检测陪购服务工作室,注册成立公司·团队成员,,团队成员,2026-04-01,,2.0,待审核,,
202500635,学术论文,电动汽车无线充电耦合机构优化设计,国际/国内会议·第二作者,,第二作者,2026-01-06,,2.0,通过,陈晓宇,佐证材料完整，予以通过
202500635,申请专利,一种多功能汽车后备箱收纳架,实用新型专利·第一发明人,,第一发明人,2026-06-28,,3.0,通过,陈晓宇,佐证材料完整，予以通过
202500635,其他实践活动,智能驾驶技术专题培训,学术交流访问·境内交流,,,2026-08-14,,1.0,通过,陈晓宇,符合认定条件，通过
202500636,前沿学术报告,汽车百家讲坛,第6-10期·汽车空气动力学优化设计,,,2026-01-23,,0.25,驳回,陈晓宇,盖章缺失，请重新上传完整材料
202500636,年度创新创业项目,院级·核心成员,汽车内饰件轻量化设计,,核心成员,2025-08-14,2028-06-30,0.5,通过,陈晓宇,符合认定条件，通过
202500636,科技创新竞赛,挑战杯全国大学生课外学术科技作品竞赛,,省级·一等奖,第一完成人,2026-06-18,,3.0,通过,陈晓宇,符合认定条件，通过
202500636,创业实践,二手车检测陪购服务工作室,入驻孵化器·负责人,,负责人,2026-08-21,,4.0,通过,陈晓宇,材料齐全，同意认定
202500636,学术论文,燃料电池汽车氢气循环系统特性分析,国际/国内会议·其他作者,,其他作者,2026-03-15,,1.0,待审核,,
202500636,申请专利,一种多功能汽车后备箱收纳架,实用新型专利·其他发明人,,其他发明人,2026-05-21,,1.5,待院长审批,陈晓宇,初审通过，转院长审批
202500636,其他实践活动,暑期高校科学营活动,学科冬夏令营·校级,,,2026-07-14,,0.5,通过,陈晓宇,材料齐全，同意认定
202500637,前沿学术报告,名家学术讲座,单场·新能源汽车动力总成发展趋势,,,2026-04-12,,0.5,通过,陈晓宇,材料齐全，同意认定
202500637,年度创新创业项目,院级·一般成员,二手车价格预测模型构建,,一般成员,2025-05-14,2028-06-30,0.5,驳回,陈晓宇,盖章缺失，请重新上传完整材料
202500637,科技创新竞赛,全国大学生机械创新设计大赛,,省级·二等奖,第三完成人,2026-07-10,,1.0,待审核,,
202500637,创业实践,校内共享打印服务站,创业训练计划·团队成员,,团队成员,2026-05-11,,1.5,驳回,陈晓宇,材料不完整，请补充佐证后重新提交
202500637,学术论文,电动汽车无线充电耦合机构优化设计,国际/国内会议·第一作者,,第一作者,2026-01-18,,3.0,待审核,,
202500637,申请专利,一种新能源汽车充电枪锁止机构,发明专利·第一发明人,,第一发明人,2026-06-18,,6.0,驳回,陈晓宇,认定依据不足，请补充说明材料
202500637,其他实践活动,汽车造型设计工作坊,学科冬夏令营·国家级,,,2026-02-21,,2.0,待审核,,
202500638,前沿学术报告,名家学术讲座,单场·车载总线与嵌入式系统开发,,,2026-05-20,,0.5,待审核,,
202500638,年度创新创业项目,省级·核心成员,太阳能小车能量管理策略研究,,核心成员,2025-08-06,2028-06-30,3.0,通过,陈晓宇,材料齐全，同意认定
202500638,科技创新竞赛,挑战杯全国大学生课外学术科技作品竞赛,,省级·一等奖,核心成员,2026-03-12,,1.8,通过,陈晓宇,符合认定条件，通过
202500638,创业实践,大学生汽车文创工作室,入驻孵化器·团队成员,,团队成员,2026-02-20,,2.0,通过,陈晓宇,佐证材料完整，予以通过
202500638,学术论文,基于深度学习的路面裂缝检测方法研究,普通期刊·其他作者,,其他作者,2026-07-21,,0.5,通过,陈晓宇,材料齐全，同意认定
202500638,申请专利,一种车载智能空气净化装置,实用新型专利·第一发明人,,第一发明人,2026-01-10,,3.0,待院长审批,陈晓宇,初审通过，转院长审批
202500638,其他实践活动,汽车工程学院企业行,学术交流访问·境内交流,,,2026-01-08,,1.0,通过,陈晓宇,材料齐全，同意认定
202500639,前沿学术报告,汽车百家讲坛,第1-5期·汽车轻量化设计与新材料应用,,,2026-05-12,,0.25,通过,陈晓宇,佐证材料完整，予以通过
202500639,年度创新创业项目,院级·核心成员,基于深度学习的交通标志识别系统,,核心成员,2025-06-03,2028-06-30,0.5,公示中,陈晓宇,符合认定条件，通过
202500639,科技创新竞赛,校智能车校内选拔赛,,校级·三等奖,第二完成人,2026-06-06,,0.35,通过,陈晓宇,材料齐全，同意认定
202500639,创业实践,二手车检测陪购服务工作室,创业训练计划·负责人,,负责人,2026-08-26,,3.0,公示中,陈晓宇,材料齐全，同意认定
202500639,学术论文,混合动力汽车能量管理策略仿真,国际/国内会议·第一作者,,第一作者,2026-01-28,,3.0,驳回,陈晓宇,材料不完整，请补充佐证后重新提交
202500639,申请专利,一种可调节角度的车载平板支架,发明专利·第一发明人,,第一发明人,2026-04-16,,6.0,待审核,,
202500639,其他实践活动,暑期高校科学营活动,学术交流访问·出境交流,,,2026-02-18,,2.0,通过,陈晓宇,佐证材料完整，予以通过
202500640,前沿学术报告,汽车百家讲坛,第1-5期·智能制造与数字化工厂实践,,,2026-03-04,,0.25,通过,陈晓宇,符合认定条件，通过
202500640,年度创新创业项目,省级·核心成员,轮胎花纹与湿滑路面制动性能仿真,,核心成员,2025-04-15,2028-06-30,3.0,待审核,,
202500640,科技创新竞赛,校智能车校内选拔赛,,校级·二等奖,核心成员,2026-02-24,,0.3,通过,陈晓宇,符合认定条件，通过
202500640,创业实践,校园二手书流转平台,创业训练计划·团队成员,,团队成员,2026-07-16,,1.5,驳回,陈晓宇,材料不完整，请补充佐证后重新提交
202500640,学术论文,基于深度学习的路面裂缝检测方法研究,普通期刊·第一作者,,第一作者,2026-06-05,,2.0,驳回,陈晓宇,盖章缺失，请重新上传完整材料
202500640,申请专利,一种电动汽车电池包液冷结构,外观设计专利·其他发明人,,其他发明人,2026-03-23,,1.0,驳回,陈晓宇,认定依据不足，请补充说明材料
202500640,其他实践活动,智能驾驶技术专题培训,学术交流访问·出境交流,,,2026-03-03,,2.0,通过,陈晓宇,佐证材料完整，予以通过
202500641,前沿学术报告,名家学术讲座,单场·新能源汽车动力总成发展趋势,,,2026-01-06,,0.5,待审核,,
202500641,年度创新创业项目,校级·一般成员,氢燃料电池汽车散热性能仿真分析,,一般成员,2025-07-05,2028-06-30,1.0,通过,陈晓宇,材料齐全，同意认定
202500641,科技创新竞赛,中国大学生方程式汽车大赛,,国家级·一等奖,第二完成人,2026-06-07,,4.2,公示中,陈晓宇,符合认定条件，通过
202500641,创业实践,校园二手书流转平台,注册成立公司·法人代表,,法人代表,2026-01-09,,6.0,通过,陈晓宇,佐证材料完整，予以通过
202500641,学术论文,电动汽车无线充电耦合机构优化设计,核心期刊·第一作者,,第一作者,2026-01-15,,4.0,通过,陈晓宇,材料齐全，同意认定
202500641,申请专利,一种多功能汽车后备箱收纳架,实用新型专利·第一发明人,,第一发明人,2026-08-13,,3.0,驳回,陈晓宇,材料不完整，请补充佐证后重新提交
202500641,其他实践活动,德国亚琛工业大学线上交流项目,学术交流访问·出境交流,,,2026-06-04,,2.0,通过,陈晓宇,材料齐全，同意认定
202500642,前沿学术报告,汽车百家讲坛,第6-10期·无人驾驶环境感知技术进展,,,2026-02-24,,0.25,待审核,,
202500642,年度创新创业项目,校级·核心成员,新能源汽车电池热管理优化研究,,核心成员,2025-10-13,2028-06-30,1.5,驳回,陈晓宇,认定依据不足，请补充说明材料
202500642,科技创新竞赛,全国大学生数学建模竞赛,,国家级·一等奖,第三完成人,2026-08-01,,3.0,待审核,,
202500642,创业实践,二手车检测陪购服务工作室,入驻孵化器·负责人,,负责人,2026-01-07,,4.0,通过,陈晓宇,佐证材料完整，予以通过
202500642,学术论文,汽车主动悬架半主动控制策略仿真,国际/国内会议·第一作者,,第一作者,2026-06-23,,3.0,驳回,陈晓宇,认定依据不足，请补充说明材料
202500642,申请专利,一种多功能汽车后备箱收纳架,发明专利·第一发明人,,第一发明人,2026-08-06,,6.0,待审核,,
202500642,其他实践活动,暑期高校科学营活动,学科冬夏令营·校级,,,2026-01-08,,0.5,通过,陈晓宇,佐证材料完整，予以通过
202500643,前沿学术报告,汽车百家讲坛,第11期以后·智能制造与数字化工厂实践,,,2026-01-21,,0.25,驳回,陈晓宇,时间信息有误，请核对后重新提交
202500643,年度创新创业项目,校级·一般成员,新能源汽车电池热管理优化研究,,一般成员,2025-12-03,2028-06-30,1.0,通过,陈晓宇,符合认定条件，通过
202500643,科技创新竞赛,校智能车校内选拔赛,,校级·一等奖,第一完成人,2026-07-25,,1.0,驳回,陈晓宇,材料不完整，请补充佐证后重新提交
202500643,创业实践,新能源汽车科普工作室,创业训练计划·负责人,,负责人,2026-05-28,,3.0,通过,陈晓宇,符合认定条件，通过
202500643,学术论文,基于YOLO的车距保持辅助算法研究,国际/国内会议·其他作者,,其他作者,2026-07-24,,1.0,驳回,陈晓宇,盖章缺失，请重新上传完整材料
202500643,申请专利,一种可调节角度的车载平板支架,发明专利·其他发明人,,其他发明人,2026-08-20,,3.0,驳回,陈晓宇,时间信息有误，请核对后重新提交
202500643,其他实践活动,汽车造型设计工作坊,学科冬夏令营·校级,,,2026-04-22,,0.5,通过,陈晓宇,材料齐全，同意认定
202500644,前沿学术报告,信息科学论坛,第6期以后·动力电池热管理关键技术,,,2026-08-02,,0.25,待审核,,
202500644,年度创新创业项目,院级·负责人,二手车价格预测模型构建,,负责人,2025-05-24,2028-06-30,1.0,通过,陈晓宇,佐证材料完整，予以通过
202500644,科技创新竞赛,全国大学生机械创新设计大赛,,省级·一等奖,第一完成人,2026-06-15,,3.0,通过,陈晓宇,材料齐全，同意认定
202500644,创业实践,校内共享打印服务站,注册成立公司·团队成员,,团队成员,2026-03-04,,2.0,驳回,陈晓宇,材料不完整，请补充佐证后重新提交
202500644,学术论文,汽车主动悬架半主动控制策略仿真,核心期刊·第二作者,,第二作者,2026-04-18,,2.0,待审核,,
202500644,申请专利,一种电动汽车电池包液冷结构,实用新型专利·第一发明人,,第一发明人,2026-07-05,,3.0,待审核,,
202500644,其他实践活动,全国大学生汽车科技夏令营,技能资格培训·初级,,,2026-04-06,,0.5,待审核,,
202500645,前沿学术报告,名家学术讲座,单场·氢能及燃料电池汽车产业展望,,,2026-01-04,,0.5,驳回,陈晓宇,材料不完整，请补充佐证后重新提交
202500645,年度创新创业项目,国家级·核心成员,校园共享电动车调度优化研究,,核心成员,2025-10-10,2028-06-30,4.0,待审核,,
202500645,科技创新竞赛,全国大学生智能汽车竞赛,,国家级·一等奖,第一完成人,2026-08-01,,6.0,通过,陈晓宇,符合认定条件，通过
202500645,创业实践,新能源汽车科普工作室,创业训练计划·团队成员,,团队成员,2026-05-22,,1.5,通过,陈晓宇,符合认定条件，通过
202500645,学术论文,低温环境下锂电池充放电特性研究,核心期刊·第二作者,,第二作者,2026-03-06,,2.0,通过,陈晓宇,符合认定条件，通过
202500645,申请专利,一种可调节角度的车载平板支架,发明专利·其他发明人,,其他发明人,2026-07-13,,3.0,驳回,陈晓宇,材料不完整，请补充佐证后重新提交
202500645,其他实践活动,智能驾驶技术专题培训,学术交流访问·出境交流,,,2026-08-03,,2.0,驳回,陈晓宇,盖章缺失，请重新上传完整材料
202500646,前沿学术报告,汽车百家讲坛,第11期以后·智能网联汽车技术前沿,,,2026-06-08,,0.25,待审核,,
202500646,年度创新创业项目,省级·一般成员,汽车内饰件轻量化设计,,一般成员,2025-09-03,2028-06-30,1.5,通过,陈晓宇,佐证材料完整，予以通过
202500646,科技创新竞赛,全国大学生数学建模竞赛,,国家级·二等奖,核心成员,2026-03-18,,2.4,通过,陈晓宇,佐证材料完整，予以通过
202500646,创业实践,新能源汽车科普工作室,注册成立公司·合伙人,,合伙人,2026-07-07,,4.0,通过,陈晓宇,材料齐全，同意认定
202500646,学术论文,基于YOLO的车距保持辅助算法研究,国际/国内会议·其他作者,,其他作者,2026-04-24,,1.0,待审核,,
202500646,申请专利,一种可调节角度的车载平板支架,实用新型专利·第一发明人,,第一发明人,2026-05-06,,3.0,通过,陈晓宇,材料齐全，同意认定
202500646,其他实践活动,全国大学生汽车科技夏令营,技能资格培训·初级,,,2026-04-06,,0.5,通过,陈晓宇,符合认定条件，通过
202500647,前沿学术报告,汽车百家讲坛,第11期以后·新能源汽车动力总成发展趋势,,,2026-03-25,,0.25,通过,陈晓宇,佐证材料完整，予以通过
202500647,年度创新创业项目,省级·一般成员,氢燃料电池汽车散热性能仿真分析,,一般成员,2025-07-26,2028-06-30,1.5,通过,陈晓宇,材料齐全，同意认定
202500647,科技创新竞赛,挑战杯全国大学生课外学术科技作品竞赛,,省级·三等奖,第二完成人,2026-06-10,,0.7,驳回,陈晓宇,材料不完整，请补充佐证后重新提交
202500647,创业实践,二手车检测陪购服务工作室,注册成立公司·团队成员,,团队成员,2026-04-26,,2.0,通过,陈晓宇,符合认定条件，通过
202500647,学术论文,基于YOLO的车距保持辅助算法研究,核心期刊·第二作者,,第二作者,2026-02-03,,2.0,通过,陈晓宇,佐证材料完整，予以通过
202500647,申请专利,一种多功能汽车后备箱收纳架,实用新型专利·第一发明人,,第一发明人,2026-04-18,,3.0,驳回,陈晓宇,材料不完整，请补充佐证后重新提交
202500647,其他实践活动,汽车造型设计工作坊,学科冬夏令营·国家级,,,2026-04-07,,2.0,驳回,陈晓宇,时间信息有误，请核对后重新提交
202500648,前沿学术报告,汽车百家讲坛,第1-5期·动力电池热管理关键技术,,,2026-07-10,,0.25,待审核,,
202500648,年度创新创业项目,校级·负责人,汽车内饰件轻量化设计,,负责人,2025-12-07,2028-06-30,2.0,通过,陈晓宇,佐证材料完整，予以通过
202500648,科技创新竞赛,全国大学生数学建模竞赛,,国家级·三等奖,第二完成人,2026-07-13,,1.4,待审核,,
202500648,创业实践,二手车检测陪购服务工作室,创业训练计划·负责人,,负责人,2026-02-08,,3.0,驳回,陈晓宇,材料不完整，请补充佐证后重新提交
202500648,学术论文,汽车主动悬架半主动控制策略仿真,普通期刊·其他作者,,其他作者,2026-05-09,,0.5,待审核,,
202500648,申请专利,一种可调节角度的车载平板支架,实用新型专利·第一发明人,,第一发明人,2026-08-03,,3.0,驳回,陈晓宇,认定依据不足，请补充说明材料
202500648,其他实践活动,汽车工程学院企业行,学科冬夏令营·省级,,,2026-08-14,,1.0,通过,陈晓宇,佐证材料完整，予以通过
202500649,前沿学术报告,名家学术讲座,单场·无人驾驶环境感知技术进展,,,2026-06-05,,0.5,待审核,,
202500649,年度创新创业项目,院级·一般成员,太阳能小车能量管理策略研究,,一般成员,2025-06-15,2028-06-30,0.5,待审核,,
202500649,科技创新竞赛,挑战杯全国大学生课外学术科技作品竞赛,,国家级·一等奖,第二完成人,2026-05-03,,4.2,通过,陈晓宇,符合认定条件，通过
202500649,创业实践,校园二手书流转平台,注册成立公司·团队成员,,团队成员,2026-04-01,,2.0,通过,陈晓宇,材料齐全，同意认定
202500649,学术论文,基于多目标优化的车身结构轻量化设计,国际/国内会议·第一作者,,第一作者,2026-02-23,,3.0,通过,陈晓宇,材料齐全，同意认定
202500649,申请专利,一种电动汽车电池包液冷结构,外观设计专利·第一发明人,,第一发明人,2026-07-22,,2.0,驳回,陈晓宇,盖章缺失，请重新上传完整材料
202500649,其他实践活动,全国大学生汽车科技夏令营,学术交流访问·出境交流,,,2026-08-06,,2.0,通过,陈晓宇,符合认定条件，通过
202500650,前沿学术报告,汽车百家讲坛,第11期以后·汽车轻量化设计与新材料应用,,,2026-01-28,,0.25,待审核,,
202500650,年度创新创业项目,省级·负责人,车载OBD数据采集与驾驶行为分析,,负责人,2025-06-26,2028-06-30,4.0,待审核,,
202500650,科技创新竞赛,中国大学生方程式汽车大赛,,国家级·一等奖,第三完成人,2026-05-23,,3.0,驳回,陈晓宇,材料不完整，请补充佐证后重新提交
202500650,创业实践,新能源汽车科普工作室,注册成立公司·合伙人,,合伙人,2026-03-20,,4.0,通过,陈晓宇,材料齐全，同意认定
202500650,学术论文,基于YOLO的车距保持辅助算法研究,核心期刊·第一作者,,第一作者,2026-02-21,,4.0,待审核,,
202500650,申请专利,一种基于视觉的后视镜盲区监测装置,实用新型专利·第一发明人,,第一发明人,2026-06-20,,3.0,驳回,陈晓宇,时间信息有误，请核对后重新提交
202500650,其他实践活动,全国大学生汽车科技夏令营,学科冬夏令营·国家级,,,2026-06-25,,2.0,通过,陈晓宇,材料齐全，同意认定
202500651,前沿学术报告,汽车百家讲坛,第1-5期·新能源汽车动力总成发展趋势,,,2026-07-19,,0.25,驳回,陈晓宇,时间信息有误，请核对后重新提交
202500651,年度创新创业项目,校级·负责人,智能导览机器人设计与实现,,负责人,2025-05-04,2028-06-30,2.0,公示中,陈晓宇,材料齐全，同意认定
202500651,科技创新竞赛,中国国际大学生创新大赛,,国家级·三等奖,负责人,2026-05-02,,2.0,待院长审批,陈晓宇,初审通过，转院长审批
202500651,创业实践,大学生汽车文创工作室,注册成立公司·合伙人,,合伙人,2026-06-19,,4.0,通过,陈晓宇,佐证材料完整，予以通过
202500651,学术论文,燃料电池汽车氢气循环系统特性分析,国际/国内会议·第二作者,,第二作者,2026-03-23,,2.0,通过,陈晓宇,佐证材料完整，予以通过
202500651,申请专利,一种新能源汽车充电枪锁止机构,实用新型专利·其他发明人,,其他发明人,2026-01-26,,1.5,驳回,陈晓宇,盖章缺失，请重新上传完整材料
202500651,其他实践活动,德国亚琛工业大学线上交流项目,技能资格培训·高级,,,2026-04-04,,1.5,驳回,陈晓宇,认定依据不足，请补充说明材料
202500652,前沿学术报告,名家学术讲座,单场·智能网联汽车技术前沿,,,2026-07-27,,0.5,通过,陈晓宇,材料齐全，同意认定
202500652,年度创新创业项目,院级·核心成员,轮胎花纹与湿滑路面制动性能仿真,,核心成员,2025-02-20,2028-06-30,0.5,通过,陈晓宇,佐证材料完整，予以通过
202500652,科技创新竞赛,中国大学生方程式汽车大赛,,国家级·一等奖,第一完成人,2026-02-14,,6.0,驳回,陈晓宇,认定依据不足，请补充说明材料
202500652,创业实践,智能驾培服务平台,创业训练计划·负责人,,负责人,2026-03-24,,3.0,驳回,陈晓宇,认定依据不足，请补充说明材料
202500652,学术论文,基于深度学习的路面裂缝检测方法研究,普通期刊·第一作者,,第一作者,2026-08-28,,2.0,驳回,陈晓宇,时间信息有误，请核对后重新提交
202500652,申请专利,一种多功能汽车后备箱收纳架,实用新型专利·其他发明人,,其他发明人,2026-02-17,,1.5,通过,陈晓宇,材料齐全，同意认定
202500652,其他实践活动,智能驾驶技术专题培训,学术交流访问·出境交流,,,2026-06-06,,2.0,公示中,陈晓宇,佐证材料完整，予以通过
202500653,前沿学术报告,汽车百家讲坛,第1-5期·动力电池热管理关键技术,,,2026-02-05,,0.25,驳回,陈晓宇,材料不完整，请补充佐证后重新提交
202500653,年度创新创业项目,院级·核心成员,基于机器视觉的行人过街检测系统,,核心成员,2025-05-05,2028-06-30,0.5,通过,陈晓宇,材料齐全，同意认定
202500653,科技创新竞赛,全国大学生数学建模竞赛,,省级·二等奖,第二完成人,2026-04-05,,1.4,通过,陈晓宇,材料齐全，同意认定
202500653,创业实践,二手车检测陪购服务工作室,创业训练计划·团队成员,,团队成员,2026-03-25,,1.5,通过,陈晓宇,佐证材料完整，予以通过
202500653,学术论文,基于多目标优化的车身结构轻量化设计,国际/国内会议·其他作者,,其他作者,2026-02-06,,1.0,通过,陈晓宇,符合认定条件，通过
202500653,申请专利,一种可调节角度的车载平板支架,发明专利·其他发明人,,其他发明人,2026-02-09,,3.0,通过,陈晓宇,符合认定条件，通过
202500653,其他实践活动,汽车工程学院企业行,技能资格培训·中级,,,2026-01-08,,1.0,通过,陈晓宇,材料齐全，同意认定
202500654,前沿学术报告,信息科学论坛,第1-5期·智能制造与数字化工厂实践,,,2026-08-21,,0.25,通过,陈晓宇,材料齐全，同意认定
202500654,年度创新创业项目,校级·一般成员,太阳能小车能量管理策略研究,,一般成员,2025-10-11,2028-06-30,1.0,待审核,,
202500654,科技创新竞赛,中国国际大学生创新大赛,,国家级·二等奖,第二完成人,2026-05-23,,2.8,待院长审批,陈晓宇,初审通过，转院长审批
202500654,创业实践,智能驾培服务平台,入驻孵化器·负责人,,负责人,2026-07-19,,4.0,通过,陈晓宇,符合认定条件，通过
202500654,学术论文,基于多目标优化的车身结构轻量化设计,国际/国内会议·其他作者,,其他作者,2026-06-12,,1.0,驳回,陈晓宇,时间信息有误，请核对后重新提交
202500654,申请专利,一种可调节角度的车载平板支架,实用新型专利·第一发明人,,第一发明人,2026-04-07,,3.0,驳回,陈晓宇,盖章缺失，请重新上传完整材料
202500654,其他实践活动,汽车造型设计工作坊,学科冬夏令营·省级,,,2026-06-12,,1.0,通过,陈晓宇,材料齐全，同意认定
202500655,前沿学术报告,名家学术讲座,单场·汽车轻量化设计与新材料应用,,,2026-07-10,,0.5,通过,陈晓宇,材料齐全，同意认定
202500655,年度创新创业项目,校级·一般成员,太阳能小车能量管理策略研究,,一般成员,2025-01-21,2028-06-30,1.0,驳回,陈晓宇,时间信息有误，请核对后重新提交
202500655,科技创新竞赛,山东省大学生机电产品创新设计竞赛,,省级·三等奖,第二完成人,2026-02-07,,0.7,公示中,陈晓宇,符合认定条件，通过
202500655,创业实践,校园二手书流转平台,注册成立公司·法人代表,,法人代表,2026-01-24,,6.0,待审核,,
202500655,学术论文,混合动力汽车能量管理策略仿真,核心期刊·第一作者,,第一作者,2026-04-17,,4.0,驳回,陈晓宇,认定依据不足，请补充说明材料
202500655,申请专利,一种基于视觉的后视镜盲区监测装置,实用新型专利·第一发明人,,第一发明人,2026-07-25,,3.0,待审核,,
202500655,其他实践活动,汽车造型设计工作坊,学科冬夏令营·省级,,,2026-03-12,,1.0,驳回,陈晓宇,时间信息有误，请核对后重新提交
202500656,前沿学术报告,汽车百家讲坛,第11期以后·汽车轻量化设计与新材料应用,,,2026-08-24,,0.25,通过,陈晓宇,符合认定条件，通过
202500656,年度创新创业项目,院级·负责人,校园共享电动车调度优化研究,,负责人,2025-05-28,2028-06-30,1.0,通过,陈晓宇,符合认定条件，通过
202500656,科技创新竞赛,全国大学生数学建模竞赛,,国家级·三等奖,负责人,2026-02-07,,2.0,驳回,陈晓宇,材料不完整，请补充佐证后重新提交
202500656,创业实践,智能驾培服务平台,创业训练计划·团队成员,,团队成员,2026-03-16,,1.5,驳回,陈晓宇,认定依据不足，请补充说明材料
202500656,学术论文,燃料电池汽车氢气循环系统特性分析,普通期刊·其他作者,,其他作者,2026-06-18,,0.5,驳回,陈晓宇,盖章缺失，请重新上传完整材料
202500656,申请专利,一种车载智能空气净化装置,发明专利·其他发明人,,其他发明人,2026-01-18,,3.0,通过,陈晓宇,佐证材料完整，予以通过
202500656,其他实践活动,全国大学生汽车科技夏令营,学科冬夏令营·校级,,,2026-01-22,,0.5,通过,陈晓宇,佐证材料完整，予以通过
202500657,前沿学术报告,信息科学论坛,第6期以后·汽车空气动力学优化设计,,,2026-06-24,,0.25,通过,陈晓宇,材料齐全，同意认定
202500657,年度创新创业项目,院级·一般成员,智能导览机器人设计与实现,,一般成员,2025-06-20,2028-06-30,0.5,通过,陈晓宇,材料齐全，同意认定
202500657,科技创新竞赛,全国大学生机械创新设计大赛,,省级·三等奖,第二完成人,2026-07-03,,0.7,通过,陈晓宇,材料齐全，同意认定
202500657,创业实践,二手车检测陪购服务工作室,入驻孵化器·负责人,,负责人,2026-04-11,,4.0,驳回,陈晓宇,认定依据不足，请补充说明材料
202500657,学术论文,基于多目标优化的车身结构轻量化设计,国际/国内会议·第一作者,,第一作者,2026-03-05,,3.0,待审核,,
202500657,申请专利,一种多功能汽车后备箱收纳架,实用新型专利·其他发明人,,其他发明人,2026-07-10,,1.5,通过,陈晓宇,佐证材料完整，予以通过
202500657,其他实践活动,智能驾驶技术专题培训,学术交流访问·出境交流,,,2026-06-14,,2.0,驳回,陈晓宇,盖章缺失，请重新上传完整材料
202500658,前沿学术报告,名家学术讲座,单场·智能制造与数字化工厂实践,,,2026-08-01,,0.5,待审核,,
202500658,年度创新创业项目,省级·一般成员,汽车内饰件轻量化设计,,一般成员,2025-10-27,2028-06-30,1.5,待审核,,
202500658,科技创新竞赛,校智能车校内选拔赛,,校级·二等奖,第一完成人,2026-01-22,,0.5,待审核,,
202500658,创业实践,智能驾培服务平台,入驻孵化器·团队成员,,团队成员,2026-05-04,,2.0,待审核,,
202500658,学术论文,基于深度学习的路面裂缝检测方法研究,普通期刊·其他作者,,其他作者,2026-05-06,,0.5,通过,陈晓宇,佐证材料完整，予以通过
202500658,申请专利,一种多功能汽车后备箱收纳架,外观设计专利·其他发明人,,其他发明人,2026-04-19,,1.0,待审核,,
202500658,其他实践活动,汽车造型设计工作坊,学科冬夏令营·省级,,,2026-02-02,,1.0,通过,陈晓宇,佐证材料完整，予以通过
202500659,前沿学术报告,汽车百家讲坛,第1-5期·新能源汽车动力总成发展趋势,,,2026-07-10,,0.25,待审核,,
202500659,年度创新创业项目,院级·一般成员,基于机器视觉的行人过街检测系统,,一般成员,2025-07-07,2028-06-30,0.5,通过,陈晓宇,材料齐全，同意认定
202500659,科技创新竞赛,山东省大学生机电产品创新设计竞赛,,校级·一等奖,核心成员,2026-05-09,,0.6,通过,陈晓宇,符合认定条件，通过
202500659,创业实践,新能源汽车科普工作室,创业训练计划·团队成员,,团队成员,2026-01-12,,1.5,通过,陈晓宇,符合认定条件，通过
202500659,学术论文,汽车主动悬架半主动控制策略仿真,国际/国内会议·第一作者,,第一作者,2026-03-06,,3.0,通过,陈晓宇,材料齐全，同意认定
202500659,申请专利,一种车载智能空气净化装置,实用新型专利·其他发明人,,其他发明人,2026-06-02,,1.5,待审核,,
202500659,其他实践活动,全国大学生汽车科技夏令营,学术交流访问·出境交流,,,2026-04-20,,2.0,通过,陈晓宇,佐证材料完整，予以通过
202500660,前沿学术报告,名家学术讲座,单场·新能源汽车动力总成发展趋势,,,2026-02-16,,0.5,通过,陈晓宇,材料齐全，同意认定
202500660,年度创新创业项目,校级·核心成员,二手车价格预测模型构建,,核心成员,2025-03-22,2028-06-30,1.5,通过,陈晓宇,材料齐全，同意认定
202500660,科技创新竞赛,全国大学生节能减排社会实践与科技竞赛,,国家级·一等奖,第二完成人,2026-08-08,,4.2,待审核,,
202500660,创业实践,智能驾培服务平台,入驻孵化器·团队成员,,团队成员,2026-03-01,,2.0,通过,陈晓宇,佐证材料完整，予以通过
202500660,学术论文,基于多目标优化的车身结构轻量化设计,国际/国内会议·第二作者,,第二作者,2026-02-11,,2.0,待审核,,
202500660,申请专利,一种基于视觉的后视镜盲区监测装置,发明专利·第一发明人,,第一发明人,2026-05-11,,6.0,驳回,陈晓宇,认定依据不足，请补充说明材料
202500660,其他实践活动,汽车造型设计工作坊,学术交流访问·出境交流,,,2026-07-21,,2.0,公示中,陈晓宇,佐证材料完整，予以通过
202500661,前沿学术报告,汽车百家讲坛,第1-5期·汽车空气动力学优化设计,,,2026-08-02,,0.25,通过,陈晓宇,佐证材料完整，予以通过
202500661,年度创新创业项目,校级·一般成员,二手车价格预测模型构建,,一般成员,2025-12-14,2028-06-30,1.0,待审核,,
202500661,科技创新竞赛,全国大学生机械创新设计大赛,,省级·三等奖,第一完成人,2026-02-10,,1.0,通过,陈晓宇,材料齐全，同意认定
202500661,创业实践,智能驾培服务平台,入驻孵化器·负责人,,负责人,2026-05-17,,4.0,通过,陈晓宇,材料齐全，同意认定
202500661,学术论文,基于深度学习的路面裂缝检测方法研究,SCI/EI 收录·第一作者,,第一作者,2026-04-22,,6.0,通过,陈晓宇,材料齐全，同意认定
202500661,申请专利,一种多功能汽车后备箱收纳架,实用新型专利·其他发明人,,其他发明人,2026-05-21,,1.5,通过,陈晓宇,材料齐全，同意认定
202500661,其他实践活动,智能驾驶技术专题培训,技能资格培训·初级,,,2026-08-04,,0.5,驳回,陈晓宇,时间信息有误，请核对后重新提交
202500662,前沿学术报告,汽车百家讲坛,第11期以后·智能网联汽车技术前沿,,,2026-06-08,,0.25,驳回,陈晓宇,时间信息有误，请核对后重新提交
202500662,年度创新创业项目,省级·核心成员,基于STM32的智能循迹小车,,核心成员,2025-10-25,2028-06-30,3.0,通过,陈晓宇,材料齐全，同意认定
202500662,科技创新竞赛,全国大学生智能汽车竞赛,,省级·三等奖,第三完成人,2026-08-02,,0.5,待审核,,
202500662,创业实践,大学生汽车文创工作室,创业训练计划·负责人,,负责人,2026-06-17,,3.0,通过,陈晓宇,材料齐全，同意认定
202500662,学术论文,燃料电池汽车氢气循环系统特性分析,普通期刊·第二作者,,第二作者,2026-07-03,,1.0,驳回,陈晓宇,时间信息有误，请核对后重新提交
202500662,申请专利,一种新能源汽车充电枪锁止机构,发明专利·第一发明人,,第一发明人,2026-01-10,,6.0,通过,陈晓宇,佐证材料完整，予以通过
202500662,其他实践活动,德国亚琛工业大学线上交流项目,学科冬夏令营·校级,,,2026-03-22,,0.5,待审核,,
202500663,前沿学术报告,名家学术讲座,单场·汽车轻量化设计与新材料应用,,,2026-06-11,,0.5,通过,陈晓宇,符合认定条件，通过
202500663,年度创新创业项目,校级·核心成员,太阳能小车能量管理策略研究,,核心成员,2025-06-22,2028-06-30,1.5,待审核,,
202500663,科技创新竞赛,中国大学生方程式汽车大赛,,国家级·三等奖,第三完成人,2026-05-26,,1.0,待审核,,
202500663,创业实践,二手车检测陪购服务工作室,创业训练计划·负责人,,负责人,2026-05-14,,3.0,驳回,陈晓宇,认定依据不足，请补充说明材料
202500663,学术论文,基于YOLO的车距保持辅助算法研究,核心期刊·第一作者,,第一作者,2026-04-05,,4.0,待审核,,
202500663,申请专利,一种电动汽车电池包液冷结构,发明专利·第一发明人,,第一发明人,2026-05-11,,6.0,待审核,,
202500663,其他实践活动,德国亚琛工业大学线上交流项目,学术交流访问·境内交流,,,2026-03-07,,1.0,待审核,,
202500664,前沿学术报告,汽车百家讲坛,第1-5期·汽车轻量化设计与新材料应用,,,2026-03-28,,0.25,通过,陈晓宇,佐证材料完整，予以通过
202500664,年度创新创业项目,国家级·一般成员,汽车内饰件轻量化设计,,一般成员,2025-07-14,2028-06-30,2.0,驳回,陈晓宇,认定依据不足，请补充说明材料
202500664,科技创新竞赛,全国大学生机械创新设计大赛,,省级·一等奖,负责人,2026-07-05,,3.0,通过,陈晓宇,材料齐全，同意认定
202500664,创业实践,智能驾培服务平台,创业训练计划·负责人,,负责人,2026-03-25,,3.0,驳回,陈晓宇,材料不完整，请补充佐证后重新提交
202500664,学术论文,低温环境下锂电池充放电特性研究,SCI/EI 收录·第二作者,,第二作者,2026-06-07,,4.0,通过,陈晓宇,材料齐全，同意认定
202500664,申请专利,一种基于视觉的后视镜盲区监测装置,发明专利·第一发明人,,第一发明人,2026-01-22,,6.0,通过,陈晓宇,材料齐全，同意认定
202500664,其他实践活动,汽车造型设计工作坊,技能资格培训·初级,,,2026-08-05,,0.5,通过,陈晓宇,材料齐全，同意认定
202500665,前沿学术报告,信息科学论坛,第1-5期·氢能及燃料电池汽车产业展望,,,2026-02-24,,0.25,通过,陈晓宇,材料齐全，同意认定
202500665,年度创新创业项目,校级·负责人,基于机器视觉的行人过街检测系统,,负责人,2025-05-14,2028-06-30,2.0,待审核,,
202500665,科技创新竞赛,全国大学生机械创新设计大赛,,国家级·一等奖,负责人,2026-03-03,,6.0,通过,陈晓宇,佐证材料完整，予以通过
202500665,创业实践,二手车检测陪购服务工作室,创业训练计划·团队成员,,团队成员,2026-03-12,,1.5,驳回,陈晓宇,盖章缺失，请重新上传完整材料
202500665,学术论文,汽车主动悬架半主动控制策略仿真,国际/国内会议·其他作者,,其他作者,2026-04-25,,1.0,待院长审批,陈晓宇,初审通过，转院长审批
202500665,申请专利,一种电动汽车电池包液冷结构,实用新型专利·第一发明人,,第一发明人,2026-08-12,,3.0,驳回,陈晓宇,盖章缺失，请重新上传完整材料
202500665,其他实践活动,汽车造型设计工作坊,学科冬夏令营·省级,,,2026-02-01,,1.0,通过,陈晓宇,佐证材料完整，予以通过
202500666,前沿学术报告,汽车百家讲坛,第11期以后·汽车芯片与域控制器架构,,,2026-01-04,,0.25,公示中,陈晓宇,符合认定条件，通过
202500666,年度创新创业项目,校级·一般成员,基于STM32的智能循迹小车,,一般成员,2025-05-22,2028-06-30,1.0,通过,陈晓宇,符合认定条件，通过
202500666,科技创新竞赛,中国国际大学生创新大赛,,省级·二等奖,第二完成人,2026-05-02,,1.4,待审核,,
202500666,创业实践,智能驾培服务平台,创业训练计划·团队成员,,团队成员,2026-03-10,,1.5,驳回,陈晓宇,认定依据不足，请补充说明材料
202500666,学术论文,汽车主动悬架半主动控制策略仿真,国际/国内会议·其他作者,,其他作者,2026-04-25,,1.0,通过,陈晓宇,符合认定条件，通过
202500666,申请专利,一种多功能汽车后备箱收纳架,外观设计专利·第一发明人,,第一发明人,2026-02-20,,2.0,驳回,陈晓宇,时间信息有误，请核对后重新提交
202500666,其他实践活动,汽车工程学院企业行,学科冬夏令营·国家级,,,2026-03-11,,2.0,通过,陈晓宇,符合认定条件，通过
202500667,前沿学术报告,信息科学论坛,第1-5期·汽车芯片与域控制器架构,,,2026-06-23,,0.25,通过,陈晓宇,佐证材料完整，予以通过
202500667,年度创新创业项目,省级·核心成员,轮胎花纹与湿滑路面制动性能仿真,,核心成员,2025-07-14,2028-06-30,3.0,通过,陈晓宇,符合认定条件，通过
202500667,科技创新竞赛,中国大学生方程式汽车大赛,,国家级·三等奖,第三完成人,2026-07-21,,1.0,通过,陈晓宇,符合认定条件，通过
202500667,创业实践,新能源汽车科普工作室,入驻孵化器·团队成员,,团队成员,2026-03-25,,2.0,待审核,,
202500667,学术论文,基于YOLO的车距保持辅助算法研究,国际/国内会议·其他作者,,其他作者,2026-02-03,,1.0,驳回,陈晓宇,时间信息有误，请核对后重新提交
202500667,申请专利,一种基于视觉的后视镜盲区监测装置,发明专利·第一发明人,,第一发明人,2026-08-20,,6.0,驳回,陈晓宇,盖章缺失，请重新上传完整材料
202500667,其他实践活动,汽车造型设计工作坊,技能资格培训·高级,,,2026-01-28,,1.5,待审核,,
202500668,前沿学术报告,名家学术讲座,单场·无人驾驶环境感知技术进展,,,2026-03-17,,0.5,通过,陈晓宇,佐证材料完整，予以通过
202500668,年度创新创业项目,省级·负责人,校园共享电动车调度优化研究,,负责人,2025-05-10,2028-06-30,4.0,通过,陈晓宇,材料齐全，同意认定
202500668,科技创新竞赛,挑战杯全国大学生课外学术科技作品竞赛,,省级·二等奖,第一完成人,2026-08-23,,2.0,通过,陈晓宇,材料齐全，同意认定
202500668,创业实践,校内共享打印服务站,注册成立公司·合伙人,,合伙人,2026-08-21,,4.0,通过,陈晓宇,材料齐全，同意认定
202500668,学术论文,电动汽车无线充电耦合机构优化设计,国际/国内会议·其他作者,,其他作者,2026-07-16,,1.0,通过,陈晓宇,材料齐全，同意认定
202500668,申请专利,一种可调节角度的车载平板支架,外观设计专利·第一发明人,,第一发明人,2026-02-15,,2.0,待审核,,
202500668,其他实践活动,德国亚琛工业大学线上交流项目,学科冬夏令营·校级,,,2026-04-18,,0.5,通过,陈晓宇,符合认定条件，通过
202500669,前沿学术报告,名家学术讲座,单场·新能源汽车动力总成发展趋势,,,2026-07-28,,0.5,通过,陈晓宇,佐证材料完整，予以通过
202500669,年度创新创业项目,院级·负责人,基于STM32的智能循迹小车,,负责人,2025-11-09,2028-06-30,1.0,驳回,陈晓宇,盖章缺失，请重新上传完整材料
202500669,科技创新竞赛,全国大学生智能汽车竞赛,,国家级·三等奖,第三完成人,2026-04-02,,1.0,待审核,,
202500669,创业实践,智能驾培服务平台,创业训练计划·团队成员,,团队成员,2026-05-19,,1.5,驳回,陈晓宇,认定依据不足，请补充说明材料
202500669,学术论文,混合动力汽车能量管理策略仿真,核心期刊·其他作者,,其他作者,2026-08-07,,1.0,驳回,陈晓宇,时间信息有误，请核对后重新提交
202500669,申请专利,一种车载智能空气净化装置,实用新型专利·第一发明人,,第一发明人,2026-07-22,,3.0,通过,陈晓宇,佐证材料完整，予以通过
202500669,其他实践活动,汽车造型设计工作坊,学术交流访问·境内交流,,,2026-02-11,,1.0,待审核,,
202500670,前沿学术报告,名家学术讲座,单场·汽车空气动力学优化设计,,,2026-08-20,,0.5,驳回,陈晓宇,时间信息有误，请核对后重新提交
202500670,年度创新创业项目,省级·负责人,氢燃料电池汽车散热性能仿真分析,,负责人,2025-05-25,2028-06-30,4.0,通过,陈晓宇,佐证材料完整，予以通过
202500670,科技创新竞赛,中国国际大学生创新大赛,,国家级·一等奖,第一完成人,2026-08-23,,6.0,通过,陈晓宇,材料齐全，同意认定
202500670,创业实践,新能源汽车科普工作室,注册成立公司·合伙人,,合伙人,2026-04-12,,4.0,通过,陈晓宇,佐证材料完整，予以通过
202500670,学术论文,基于多目标优化的车身结构轻量化设计,普通期刊·第二作者,,第二作者,2026-04-20,,1.0,驳回,陈晓宇,材料不完整，请补充佐证后重新提交
202500670,申请专利,一种新能源汽车充电枪锁止机构,发明专利·其他发明人,,其他发明人,2026-02-25,,3.0,驳回,陈晓宇,时间信息有误，请核对后重新提交
202500670,其他实践活动,汽车工程学院企业行,技能资格培训·初级,,,2026-05-26,,0.5,驳回,陈晓宇,材料不完整，请补充佐证后重新提交
202500671,前沿学术报告,汽车百家讲坛,第11期以后·汽车轻量化设计与新材料应用,,,2026-03-01,,0.25,驳回,陈晓宇,盖章缺失，请重新上传完整材料
202500671,年度创新创业项目,省级·负责人,汽车内饰件轻量化设计,,负责人,2025-03-24,2028-06-30,4.0,通过,陈晓宇,符合认定条件，通过
202500671,科技创新竞赛,挑战杯全国大学生课外学术科技作品竞赛,,省级·三等奖,负责人,2026-06-23,,1.0,驳回,陈晓宇,盖章缺失，请重新上传完整材料
202500671,创业实践,二手车检测陪购服务工作室,创业训练计划·团队成员,,团队成员,2026-03-28,,1.5,通过,陈晓宇,符合认定条件，通过
202500671,学术论文,汽车主动悬架半主动控制策略仿真,国际/国内会议·其他作者,,其他作者,2026-04-08,,1.0,通过,陈晓宇,佐证材料完整，予以通过
202500671,申请专利,一种车载智能空气净化装置,外观设计专利·第一发明人,,第一发明人,2026-08-26,,2.0,待审核,,
202500671,其他实践活动,德国亚琛工业大学线上交流项目,学术交流访问·境内交流,,,2026-08-11,,1.0,驳回,陈晓宇,时间信息有误，请核对后重新提交
202500672,前沿学术报告,名家学术讲座,单场·汽车芯片与域控制器架构,,,2026-02-21,,0.5,驳回,陈晓宇,材料不完整，请补充佐证后重新提交
202500672,年度创新创业项目,院级·一般成员,轮胎花纹与湿滑路面制动性能仿真,,一般成员,2025-09-08,2028-06-30,0.5,待审核,,
202500672,科技创新竞赛,挑战杯全国大学生课外学术科技作品竞赛,,国家级·一等奖,第二完成人,2026-03-06,,4.2,待审核,,
202500672,创业实践,智能驾培服务平台,注册成立公司·法人代表,,法人代表,2026-07-05,,6.0,驳回,陈晓宇,认定依据不足，请补充说明材料
202500672,学术论文,汽车主动悬架半主动控制策略仿真,核心期刊·第一作者,,第一作者,2026-07-04,,4.0,待审核,,
202500672,申请专利,一种电动汽车电池包液冷结构,实用新型专利·其他发明人,,其他发明人,2026-07-04,,1.5,驳回,陈晓宇,材料不完整，请补充佐证后重新提交
202500672,其他实践活动,德国亚琛工业大学线上交流项目,学科冬夏令营·校级,,,2026-01-24,,0.5,通过,陈晓宇,符合认定条件，通过
202500673,前沿学术报告,名家学术讲座,单场·氢能及燃料电池汽车产业展望,,,2026-08-07,,0.5,通过,陈晓宇,材料齐全，同意认定
202500673,年度创新创业项目,省级·一般成员,基于机器视觉的行人过街检测系统,,一般成员,2025-04-03,2028-06-30,1.5,待审核,,
202500673,科技创新竞赛,全国大学生数学建模竞赛,,省级·一等奖,负责人,2026-06-20,,3.0,驳回,陈晓宇,认定依据不足，请补充说明材料
202500673,创业实践,新能源汽车科普工作室,注册成立公司·合伙人,,合伙人,2026-01-21,,4.0,待审核,,
202500673,学术论文,基于YOLO的车距保持辅助算法研究,国际/国内会议·其他作者,,其他作者,2026-07-24,,1.0,驳回,陈晓宇,盖章缺失，请重新上传完整材料
202500673,申请专利,一种新能源汽车充电枪锁止机构,实用新型专利·其他发明人,,其他发明人,2026-05-20,,1.5,驳回,陈晓宇,材料不完整，请补充佐证后重新提交
202500673,其他实践活动,汽车造型设计工作坊,学科冬夏令营·国家级,,,2026-01-11,,2.0,通过,陈晓宇,佐证材料完整，予以通过
202500674,前沿学术报告,汽车百家讲坛,第6-10期·智能制造与数字化工厂实践,,,2026-05-21,,0.25,通过,陈晓宇,材料齐全，同意认定
202500674,年度创新创业项目,校级·负责人,智能导览机器人设计与实现,,负责人,2025-07-15,2028-06-30,2.0,通过,陈晓宇,佐证材料完整，予以通过
202500674,科技创新竞赛,中国大学生方程式汽车大赛,,国家级·一等奖,核心成员,2026-06-26,,3.6,通过,陈晓宇,佐证材料完整，予以通过
202500674,创业实践,校内共享打印服务站,入驻孵化器·团队成员,,团队成员,2026-03-08,,2.0,待审核,,
202500674,学术论文,混合动力汽车能量管理策略仿真,普通期刊·第一作者,,第一作者,2026-06-15,,2.0,驳回,陈晓宇,材料不完整，请补充佐证后重新提交
202500674,申请专利,一种电动汽车电池包液冷结构,外观设计专利·第一发明人,,第一发明人,2026-01-28,,2.0,待审核,,
202500674,其他实践活动,全国大学生汽车科技夏令营,学科冬夏令营·国家级,,,2026-01-27,,2.0,驳回,陈晓宇,认定依据不足，请补充说明材料
202500675,前沿学术报告,信息科学论坛,第1-5期·汽车轻量化设计与新材料应用,,,2026-08-04,,0.25,待审核,,
202500675,年度创新创业项目,省级·核心成员,新能源汽车电池热管理优化研究,,核心成员,2025-01-23,2028-06-30,3.0,待审核,,
202500675,科技创新竞赛,全国大学生机械创新设计大赛,,省级·三等奖,第一完成人,2026-03-02,,1.0,通过,陈晓宇,佐证材料完整，予以通过
202500675,创业实践,智能驾培服务平台,创业训练计划·团队成员,,团队成员,2026-07-24,,1.5,待院长审批,陈晓宇,初审通过，转院长审批
202500675,学术论文,基于多目标优化的车身结构轻量化设计,核心期刊·第一作者,,第一作者,2026-06-13,,4.0,待院长审批,陈晓宇,初审通过，转院长审批
202500675,申请专利,一种新能源汽车充电枪锁止机构,外观设计专利·第一发明人,,第一发明人,2026-05-24,,2.0,待院长审批,陈晓宇,初审通过，转院长审批
202500675,其他实践活动,德国亚琛工业大学线上交流项目,学术交流访问·境内交流,,,2026-02-25,,1.0,公示中,陈晓宇,材料齐全，同意认定
202500676,前沿学术报告,汽车百家讲坛,第6-10期·新能源汽车动力总成发展趋势,,,2026-06-12,,0.25,驳回,陈晓宇,认定依据不足，请补充说明材料
202500676,年度创新创业项目,省级·负责人,基于STM32的智能循迹小车,,负责人,2025-11-03,2028-06-30,4.0,通过,陈晓宇,佐证材料完整，予以通过
202500676,科技创新竞赛,中国大学生方程式汽车大赛,,国家级·三等奖,第一完成人,2026-03-16,,2.0,通过,陈晓宇,材料齐全，同意认定
202500676,创业实践,二手车检测陪购服务工作室,注册成立公司·合伙人,,合伙人,2026-05-06,,4.0,驳回,陈晓宇,盖章缺失，请重新上传完整材料
202500676,学术论文,基于YOLO的车距保持辅助算法研究,普通期刊·其他作者,,其他作者,2026-06-18,,0.5,驳回,陈晓宇,盖章缺失，请重新上传完整材料
202500676,申请专利,一种新能源汽车充电枪锁止机构,实用新型专利·其他发明人,,其他发明人,2026-03-14,,1.5,驳回,陈晓宇,认定依据不足，请补充说明材料
202500676,其他实践活动,德国亚琛工业大学线上交流项目,学科冬夏令营·国家级,,,2026-03-02,,2.0,通过,陈晓宇,符合认定条件，通过
202500677,前沿学术报告,汽车百家讲坛,第1-5期·氢能及燃料电池汽车产业展望,,,2026-05-04,,0.25,通过,陈晓宇,材料齐全，同意认定
202500677,年度创新创业项目,校级·核心成员,基于深度学习的交通标志识别系统,,核心成员,2025-05-21,2028-06-30,1.5,驳回,陈晓宇,盖章缺失，请重新上传完整材料
202500677,科技创新竞赛,校智能车校内选拔赛,,校级·二等奖,第三完成人,2026-04-16,,0.25,通过,陈晓宇,材料齐全，同意认定
202500677,创业实践,二手车检测陪购服务工作室,创业训练计划·团队成员,,团队成员,2026-05-28,,1.5,驳回,陈晓宇,认定依据不足，请补充说明材料
202500677,学术论文,汽车主动悬架半主动控制策略仿真,国际/国内会议·其他作者,,其他作者,2026-06-17,,1.0,驳回,陈晓宇,时间信息有误，请核对后重新提交
202500677,申请专利,一种新能源汽车充电枪锁止机构,实用新型专利·第一发明人,,第一发明人,2026-04-05,,3.0,待审核,,
202500677,其他实践活动,暑期高校科学营活动,学术交流访问·出境交流,,,2026-02-22,,2.0,通过,陈晓宇,材料齐全，同意认定
202500678,前沿学术报告,汽车百家讲坛,第6-10期·无人驾驶环境感知技术进展,,,2026-07-10,,0.25,通过,陈晓宇,佐证材料完整，予以通过
202500678,年度创新创业项目,校级·一般成员,汽车内饰件轻量化设计,,一般成员,2025-07-04,2028-06-30,1.0,通过,陈晓宇,材料齐全，同意认定
202500678,科技创新竞赛,校智能车校内选拔赛,,校级·一等奖,第二完成人,2026-04-01,,0.7,通过,陈晓宇,佐证材料完整，予以通过
202500678,创业实践,新能源汽车科普工作室,创业训练计划·负责人,,负责人,2026-06-10,,3.0,驳回,陈晓宇,时间信息有误，请核对后重新提交
202500678,学术论文,汽车主动悬架半主动控制策略仿真,普通期刊·第一作者,,第一作者,2026-05-20,,2.0,通过,陈晓宇,材料齐全，同意认定
202500678,申请专利,一种基于视觉的后视镜盲区监测装置,实用新型专利·第一发明人,,第一发明人,2026-06-17,,3.0,待审核,,
202500678,其他实践活动,汽车工程学院企业行,学科冬夏令营·省级,,,2026-03-01,,1.0,通过,陈晓宇,符合认定条件，通过
202500679,前沿学术报告,信息科学论坛,第6期以后·无人驾驶环境感知技术进展,,,2026-03-03,,0.25,通过,陈晓宇,符合认定条件，通过
202500679,年度创新创业项目,省级·核心成员,基于STM32的智能循迹小车,,核心成员,2025-04-11,2028-06-30,3.0,通过,陈晓宇,佐证材料完整，予以通过
202500679,科技创新竞赛,全国大学生数学建模竞赛,,省级·一等奖,第一完成人,2026-01-22,,3.0,通过,陈晓宇,材料齐全，同意认定
202500679,创业实践,新能源汽车科普工作室,创业训练计划·负责人,,负责人,2026-01-01,,3.0,待院长审批,陈晓宇,初审通过，转院长审批
202500679,学术论文,基于多目标优化的车身结构轻量化设计,国际/国内会议·第一作者,,第一作者,2026-02-18,,3.0,驳回,陈晓宇,认定依据不足，请补充说明材料
202500679,申请专利,一种基于视觉的后视镜盲区监测装置,实用新型专利·第一发明人,,第一发明人,2026-03-18,,3.0,通过,陈晓宇,符合认定条件，通过
202500679,其他实践活动,德国亚琛工业大学线上交流项目,学术交流访问·出境交流,,,2026-04-14,,2.0,公示中,陈晓宇,符合认定条件，通过
202500680,前沿学术报告,汽车百家讲坛,第11期以后·车载总线与嵌入式系统开发,,,2026-08-02,,0.25,驳回,陈晓宇,材料不完整，请补充佐证后重新提交
202500680,年度创新创业项目,院级·核心成员,基于STM32的智能循迹小车,,核心成员,2025-01-25,2028-06-30,0.5,通过,陈晓宇,符合认定条件，通过
202500680,科技创新竞赛,中国国际大学生创新大赛,,国家级·二等奖,负责人,2026-01-20,,4.0,驳回,陈晓宇,认定依据不足，请补充说明材料
202500680,创业实践,智能驾培服务平台,创业训练计划·负责人,,负责人,2026-04-25,,3.0,驳回,陈晓宇,盖章缺失，请重新上传完整材料
202500680,学术论文,基于YOLO的车距保持辅助算法研究,国际/国内会议·第一作者,,第一作者,2026-05-13,,3.0,驳回,陈晓宇,材料不完整，请补充佐证后重新提交
202500680,申请专利,一种新能源汽车充电枪锁止机构,外观设计专利·其他发明人,,其他发明人,2026-08-09,,1.0,通过,陈晓宇,材料齐全，同意认定
202500680,其他实践活动,暑期高校科学营活动,学科冬夏令营·省级,,,2026-06-12,,1.0,通过,陈晓宇,材料齐全，同意认定
202500681,前沿学术报告,名家学术讲座,单场·氢能及燃料电池汽车产业展望,,,2026-05-24,,0.5,通过,陈晓宇,材料齐全，同意认定
202500681,年度创新创业项目,省级·一般成员,车载OBD数据采集与驾驶行为分析,,一般成员,2025-01-01,2028-06-30,1.5,通过,陈晓宇,佐证材料完整，予以通过
202500681,科技创新竞赛,校智能车校内选拔赛,,校级·一等奖,核心成员,2026-08-03,,0.6,通过,陈晓宇,符合认定条件，通过
202500681,创业实践,大学生汽车文创工作室,创业训练计划·负责人,,负责人,2026-08-19,,3.0,通过,陈晓宇,符合认定条件，通过
202500681,学术论文,汽车主动悬架半主动控制策略仿真,普通期刊·其他作者,,其他作者,2026-04-22,,0.5,通过,陈晓宇,材料齐全，同意认定
202500681,申请专利,一种新能源汽车充电枪锁止机构,发明专利·第一发明人,,第一发明人,2026-08-02,,6.0,驳回,陈晓宇,认定依据不足，请补充说明材料
202500681,其他实践活动,汽车造型设计工作坊,学科冬夏令营·国家级,,,2026-02-10,,2.0,通过,陈晓宇,佐证材料完整，予以通过
202500682,前沿学术报告,名家学术讲座,单场·智能网联汽车技术前沿,,,2026-03-09,,0.5,通过,陈晓宇,材料齐全，同意认定
202500682,年度创新创业项目,校级·核心成员,二手车价格预测模型构建,,核心成员,2025-05-06,2028-06-30,1.5,通过,陈晓宇,符合认定条件，通过
202500682,科技创新竞赛,全国大学生智能汽车竞赛,,国家级·二等奖,第三完成人,2026-03-08,,2.0,驳回,陈晓宇,认定依据不足，请补充说明材料
202500682,创业实践,新能源汽车科普工作室,注册成立公司·合伙人,,合伙人,2026-08-09,,4.0,通过,陈晓宇,材料齐全，同意认定
202500682,学术论文,基于YOLO的车距保持辅助算法研究,国际/国内会议·第二作者,,第二作者,2026-05-02,,2.0,驳回,陈晓宇,盖章缺失，请重新上传完整材料
202500682,申请专利,一种多功能汽车后备箱收纳架,实用新型专利·第一发明人,,第一发明人,2026-07-09,,3.0,待审核,,
202500682,其他实践活动,暑期高校科学营活动,学科冬夏令营·省级,,,2026-06-16,,1.0,通过,陈晓宇,材料齐全，同意认定
202500683,前沿学术报告,名家学术讲座,单场·新能源汽车动力总成发展趋势,,,2026-02-27,,0.5,通过,陈晓宇,佐证材料完整，予以通过
202500683,年度创新创业项目,国家级·一般成员,新能源汽车电池热管理优化研究,,一般成员,2025-11-12,2028-06-30,2.0,通过,陈晓宇,佐证材料完整，予以通过
202500683,科技创新竞赛,挑战杯全国大学生课外学术科技作品竞赛,,国家级·二等奖,负责人,2026-02-19,,4.0,驳回,陈晓宇,时间信息有误，请核对后重新提交
202500683,创业实践,新能源汽车科普工作室,创业训练计划·团队成员,,团队成员,2026-07-16,,1.5,通过,陈晓宇,材料齐全，同意认定
202500683,学术论文,混合动力汽车能量管理策略仿真,国际/国内会议·第一作者,,第一作者,2026-02-09,,3.0,驳回,陈晓宇,盖章缺失，请重新上传完整材料
202500683,申请专利,一种多功能汽车后备箱收纳架,实用新型专利·第一发明人,,第一发明人,2026-02-02,,3.0,通过,陈晓宇,材料齐全，同意认定
202500683,其他实践活动,暑期高校科学营活动,技能资格培训·初级,,,2026-02-01,,0.5,通过,陈晓宇,符合认定条件，通过
202500684,前沿学术报告,汽车百家讲坛,第1-5期·智能制造与数字化工厂实践,,,2026-01-15,,0.25,驳回,陈晓宇,时间信息有误，请核对后重新提交
202500684,年度创新创业项目,院级·一般成员,氢燃料电池汽车散热性能仿真分析,,一般成员,2025-08-28,2028-06-30,0.5,通过,陈晓宇,材料齐全，同意认定
202500684,科技创新竞赛,全国大学生数学建模竞赛,,国家级·一等奖,第一完成人,2026-01-13,,6.0,待审核,,
202500684,创业实践,校园二手书流转平台,注册成立公司·法人代表,,法人代表,2026-03-24,,6.0,通过,陈晓宇,材料齐全，同意认定
202500684,学术论文,燃料电池汽车氢气循环系统特性分析,核心期刊·第二作者,,第二作者,2026-08-02,,2.0,通过,陈晓宇,符合认定条件，通过
202500684,申请专利,一种多功能汽车后备箱收纳架,实用新型专利·第一发明人,,第一发明人,2026-06-09,,3.0,通过,陈晓宇,材料齐全，同意认定
202500684,其他实践活动,汽车工程学院企业行,学科冬夏令营·省级,,,2026-01-16,,1.0,通过,陈晓宇,材料齐全，同意认定
202500685,前沿学术报告,名家学术讲座,单场·新能源汽车动力总成发展趋势,,,2026-07-13,,0.5,通过,陈晓宇,符合认定条件，通过
202500685,年度创新创业项目,省级·一般成员,太阳能小车能量管理策略研究,,一般成员,2025-08-06,2028-06-30,1.5,通过,陈晓宇,符合认定条件，通过
202500685,科技创新竞赛,山东省大学生机电产品创新设计竞赛,,省级·一等奖,负责人,2026-08-18,,3.0,通过,陈晓宇,佐证材料完整，予以通过
202500685,创业实践,校园二手书流转平台,入驻孵化器·负责人,,负责人,2026-05-08,,4.0,通过,陈晓宇,符合认定条件，通过
202500685,学术论文,低温环境下锂电池充放电特性研究,普通期刊·第二作者,,第二作者,2026-05-16,,1.0,待审核,,
202500685,申请专利,一种多功能汽车后备箱收纳架,外观设计专利·第一发明人,,第一发明人,2026-06-28,,2.0,通过,陈晓宇,符合认定条件，通过
202500685,其他实践活动,德国亚琛工业大学线上交流项目,学科冬夏令营·校级,,,2026-05-03,,0.5,驳回,陈晓宇,材料不完整，请补充佐证后重新提交
202500686,前沿学术报告,名家学术讲座,单场·智能制造与数字化工厂实践,,,2026-07-22,,0.5,驳回,陈晓宇,时间信息有误，请核对后重新提交
202500686,年度创新创业项目,院级·核心成员,新能源汽车电池热管理优化研究,,核心成员,2025-09-03,2028-06-30,0.5,通过,陈晓宇,材料齐全，同意认定
202500686,科技创新竞赛,中国国际大学生创新大赛,,国家级·一等奖,第三完成人,2026-08-12,,3.0,待审核,,
202500686,创业实践,校园二手书流转平台,创业训练计划·团队成员,,团队成员,2026-04-21,,1.5,通过,陈晓宇,佐证材料完整，予以通过
202500686,学术论文,混合动力汽车能量管理策略仿真,普通期刊·第一作者,,第一作者,2026-01-13,,2.0,驳回,陈晓宇,材料不完整，请补充佐证后重新提交
202500686,申请专利,一种电动汽车电池包液冷结构,外观设计专利·其他发明人,,其他发明人,2026-01-23,,1.0,通过,陈晓宇,材料齐全，同意认定
202500686,其他实践活动,汽车工程学院企业行,学术交流访问·出境交流,,,2026-03-14,,2.0,通过,陈晓宇,佐证材料完整，予以通过
202500687,前沿学术报告,名家学术讲座,单场·智能网联汽车技术前沿,,,2026-04-06,,0.5,驳回,陈晓宇,盖章缺失，请重新上传完整材料
202500687,年度创新创业项目,省级·一般成员,基于STM32的智能循迹小车,,一般成员,2025-12-24,2028-06-30,1.5,通过,陈晓宇,佐证材料完整，予以通过
202500687,科技创新竞赛,全国大学生数学建模竞赛,,国家级·一等奖,第二完成人,2026-07-26,,4.2,通过,陈晓宇,符合认定条件，通过
202500687,创业实践,智能驾培服务平台,注册成立公司·合伙人,,合伙人,2026-07-07,,4.0,通过,陈晓宇,符合认定条件，通过
202500687,学术论文,基于YOLO的车距保持辅助算法研究,核心期刊·第二作者,,第二作者,2026-07-07,,2.0,通过,陈晓宇,佐证材料完整，予以通过
202500687,申请专利,一种可调节角度的车载平板支架,实用新型专利·其他发明人,,其他发明人,2026-07-03,,1.5,待审核,,
202500687,其他实践活动,汽车工程学院企业行,学科冬夏令营·省级,,,2026-04-10,,1.0,待审核,,
202500688,前沿学术报告,信息科学论坛,第1-5期·智能网联汽车技术前沿,,,2026-08-01,,0.25,驳回,陈晓宇,材料不完整，请补充佐证后重新提交
202500688,年度创新创业项目,国家级·一般成员,汽车内饰件轻量化设计,,一般成员,2025-12-17,2028-06-30,2.0,通过,陈晓宇,材料齐全，同意认定
202500688,科技创新竞赛,全国大学生机械创新设计大赛,,省级·三等奖,第三完成人,2026-08-08,,0.5,通过,陈晓宇,符合认定条件，通过
202500688,创业实践,智能驾培服务平台,入驻孵化器·团队成员,,团队成员,2026-06-09,,2.0,通过,陈晓宇,佐证材料完整，予以通过
202500688,学术论文,基于YOLO的车距保持辅助算法研究,SCI/EI 收录·其他作者,,其他作者,2026-04-14,,2.0,待审核,,
202500688,申请专利,一种新能源汽车充电枪锁止机构,实用新型专利·其他发明人,,其他发明人,2026-05-23,,1.5,通过,陈晓宇,佐证材料完整，予以通过
202500688,其他实践活动,智能驾驶技术专题培训,学术交流访问·境内交流,,,2026-03-08,,1.0,通过,陈晓宇,材料齐全，同意认定
202500689,前沿学术报告,汽车百家讲坛,第1-5期·新能源汽车动力总成发展趋势,,,2026-04-01,,0.25,通过,陈晓宇,佐证材料完整，予以通过
202500689,年度创新创业项目,校级·核心成员,二手车价格预测模型构建,,核心成员,2025-10-23,2028-06-30,1.5,待审核,,
202500689,科技创新竞赛,全国大学生智能汽车竞赛,,省级·三等奖,第二完成人,2026-01-10,,0.7,驳回,陈晓宇,时间信息有误，请核对后重新提交
202500689,创业实践,校园二手书流转平台,入驻孵化器·团队成员,,团队成员,2026-08-28,,2.0,待审核,,
202500689,学术论文,汽车主动悬架半主动控制策略仿真,国际/国内会议·其他作者,,其他作者,2026-03-08,,1.0,驳回,陈晓宇,认定依据不足，请补充说明材料
202500689,申请专利,一种车载智能空气净化装置,实用新型专利·第一发明人,,第一发明人,2026-02-01,,3.0,驳回,陈晓宇,盖章缺失，请重新上传完整材料
202500689,其他实践活动,汽车造型设计工作坊,学术交流访问·境内交流,,,2026-08-17,,1.0,驳回,陈晓宇,认定依据不足，请补充说明材料
202500690,前沿学术报告,名家学术讲座,单场·动力电池热管理关键技术,,,2026-07-26,,0.5,待审核,,
202500690,年度创新创业项目,省级·负责人,车载OBD数据采集与驾驶行为分析,,负责人,2025-06-24,2028-06-30,4.0,驳回,陈晓宇,时间信息有误，请核对后重新提交
202500690,科技创新竞赛,全国大学生机械创新设计大赛,,国家级·三等奖,第一完成人,2026-03-25,,2.0,通过,陈晓宇,材料齐全，同意认定
202500690,创业实践,新能源汽车科普工作室,入驻孵化器·团队成员,,团队成员,2026-05-17,,2.0,通过,陈晓宇,符合认定条件，通过
202500690,学术论文,电动汽车无线充电耦合机构优化设计,普通期刊·其他作者,,其他作者,2026-08-18,,0.5,通过,陈晓宇,符合认定条件，通过
202500690,申请专利,一种新能源汽车充电枪锁止机构,实用新型专利·其他发明人,,其他发明人,2026-01-18,,1.5,通过,陈晓宇,符合认定条件，通过
202500690,其他实践活动,智能驾驶技术专题培训,技能资格培训·初级,,,2026-08-27,,0.5,通过,陈晓宇,佐证材料完整，予以通过
202500691,前沿学术报告,名家学术讲座,单场·汽车芯片与域控制器架构,,,2026-05-20,,0.5,通过,陈晓宇,材料齐全，同意认定
202500691,年度创新创业项目,校级·一般成员,校园共享电动车调度优化研究,,一般成员,2025-06-28,2028-06-30,1.0,通过,陈晓宇,佐证材料完整，予以通过
202500691,科技创新竞赛,校智能车校内选拔赛,,校级·三等奖,第三完成人,2026-05-28,,0.25,通过,陈晓宇,佐证材料完整，予以通过
202500691,创业实践,校园二手书流转平台,创业训练计划·负责人,,负责人,2026-07-11,,3.0,待审核,,
202500691,学术论文,基于深度学习的路面裂缝检测方法研究,SCI/EI 收录·其他作者,,其他作者,2026-05-10,,2.0,驳回,陈晓宇,盖章缺失，请重新上传完整材料
202500691,申请专利,一种可调节角度的车载平板支架,实用新型专利·其他发明人,,其他发明人,2026-04-05,,1.5,通过,陈晓宇,佐证材料完整，予以通过
202500691,其他实践活动,德国亚琛工业大学线上交流项目,技能资格培训·初级,,,2026-07-10,,0.5,通过,陈晓宇,佐证材料完整，予以通过
202500692,前沿学术报告,名家学术讲座,单场·无人驾驶环境感知技术进展,,,2026-08-20,,0.5,通过,陈晓宇,佐证材料完整，予以通过
202500692,年度创新创业项目,国家级·一般成员,汽车内饰件轻量化设计,,一般成员,2025-06-25,2028-06-30,2.0,通过,陈晓宇,佐证材料完整，予以通过
202500692,科技创新竞赛,校智能车校内选拔赛,,校级·三等奖,第三完成人,2026-02-04,,0.25,待审核,,
202500692,创业实践,新能源汽车科普工作室,创业训练计划·团队成员,,团队成员,2026-02-15,,1.5,待审核,,
202500692,学术论文,基于多目标优化的车身结构轻量化设计,国际/国内会议·第二作者,,第二作者,2026-08-02,,2.0,驳回,陈晓宇,盖章缺失，请重新上传完整材料
202500692,申请专利,一种电动汽车电池包液冷结构,实用新型专利·其他发明人,,其他发明人,2026-05-12,,1.5,待审核,,
202500692,其他实践活动,汽车工程学院企业行,技能资格培训·高级,,,2026-07-07,,1.5,通过,陈晓宇,材料齐全，同意认定
202500693,前沿学术报告,名家学术讲座,单场·智能制造与数字化工厂实践,,,2026-02-18,,0.5,待审核,,
202500693,年度创新创业项目,院级·核心成员,氢燃料电池汽车散热性能仿真分析,,核心成员,2025-03-16,2028-06-30,0.5,通过,陈晓宇,佐证材料完整，予以通过
202500693,科技创新竞赛,全国大学生数学建模竞赛,,国家级·一等奖,核心成员,2026-01-28,,3.6,待审核,,
202500693,创业实践,智能驾培服务平台,注册成立公司·团队成员,,团队成员,2026-04-15,,2.0,待审核,,
202500693,学术论文,低温环境下锂电池充放电特性研究,核心期刊·第二作者,,第二作者,2026-01-02,,2.0,待审核,,
202500693,申请专利,一种电动汽车电池包液冷结构,实用新型专利·第一发明人,,第一发明人,2026-03-12,,3.0,通过,陈晓宇,符合认定条件，通过
202500693,其他实践活动,汽车工程学院企业行,技能资格培训·高级,,,2026-01-20,,1.5,驳回,陈晓宇,材料不完整，请补充佐证后重新提交
202500694,前沿学术报告,名家学术讲座,单场·汽车轻量化设计与新材料应用,,,2026-02-26,,0.5,通过,陈晓宇,材料齐全，同意认定
202500694,年度创新创业项目,校级·负责人,智能导览机器人设计与实现,,负责人,2025-02-06,2028-06-30,2.0,通过,陈晓宇,佐证材料完整，予以通过
202500694,科技创新竞赛,山东省大学生机电产品创新设计竞赛,,省级·三等奖,第二完成人,2026-02-08,,0.7,待院长审批,陈晓宇,初审通过，转院长审批
202500694,创业实践,智能驾培服务平台,创业训练计划·负责人,,负责人,2026-02-28,,3.0,通过,陈晓宇,佐证材料完整，予以通过
202500694,学术论文,低温环境下锂电池充放电特性研究,国际/国内会议·第二作者,,第二作者,2026-03-06,,2.0,通过,陈晓宇,材料齐全，同意认定
202500694,申请专利,一种可调节角度的车载平板支架,外观设计专利·其他发明人,,其他发明人,2026-05-21,,1.0,驳回,陈晓宇,盖章缺失，请重新上传完整材料
202500694,其他实践活动,汽车造型设计工作坊,技能资格培训·中级,,,2026-07-18,,1.0,通过,陈晓宇,材料齐全，同意认定
202500695,前沿学术报告,名家学术讲座,单场·汽车轻量化设计与新材料应用,,,2026-02-21,,0.5,通过,陈晓宇,材料齐全，同意认定
202500695,年度创新创业项目,省级·一般成员,太阳能小车能量管理策略研究,,一般成员,2025-01-03,2028-06-30,1.5,公示中,陈晓宇,佐证材料完整，予以通过
202500695,科技创新竞赛,校智能车校内选拔赛,,校级·二等奖,负责人,2026-02-26,,0.5,通过,陈晓宇,符合认定条件，通过
202500695,创业实践,大学生汽车文创工作室,入驻孵化器·负责人,,负责人,2026-07-20,,4.0,通过,陈晓宇,材料齐全，同意认定
202500695,学术论文,低温环境下锂电池充放电特性研究,核心期刊·第二作者,,第二作者,2026-05-14,,2.0,通过,陈晓宇,材料齐全，同意认定
202500695,申请专利,一种电动汽车电池包液冷结构,实用新型专利·第一发明人,,第一发明人,2026-04-19,,3.0,驳回,陈晓宇,材料不完整，请补充佐证后重新提交
202500695,其他实践活动,暑期高校科学营活动,学术交流访问·境内交流,,,2026-03-20,,1.0,通过,陈晓宇,符合认定条件，通过
202500696,前沿学术报告,汽车百家讲坛,第1-5期·汽车空气动力学优化设计,,,2026-08-04,,0.25,驳回,陈晓宇,认定依据不足，请补充说明材料
202500696,年度创新创业项目,省级·一般成员,新能源汽车电池热管理优化研究,,一般成员,2025-12-13,2028-06-30,1.5,驳回,陈晓宇,材料不完整，请补充佐证后重新提交
202500696,科技创新竞赛,挑战杯全国大学生课外学术科技作品竞赛,,省级·三等奖,第二完成人,2026-06-06,,0.7,通过,陈晓宇,佐证材料完整，予以通过
202500696,创业实践,校内共享打印服务站,注册成立公司·团队成员,,团队成员,2026-08-15,,2.0,驳回,陈晓宇,盖章缺失，请重新上传完整材料
202500696,学术论文,基于多目标优化的车身结构轻量化设计,国际/国内会议·其他作者,,其他作者,2026-06-19,,1.0,待审核,,
202500696,申请专利,一种基于视觉的后视镜盲区监测装置,发明专利·其他发明人,,其他发明人,2026-06-26,,3.0,驳回,陈晓宇,材料不完整，请补充佐证后重新提交
202500696,其他实践活动,汽车造型设计工作坊,学科冬夏令营·校级,,,2026-08-11,,0.5,待审核,,
202500697,前沿学术报告,汽车百家讲坛,第6-10期·汽车轻量化设计与新材料应用,,,2026-07-27,,0.25,驳回,陈晓宇,认定依据不足，请补充说明材料
202500697,年度创新创业项目,校级·负责人,基于STM32的智能循迹小车,,负责人,2025-06-16,2028-06-30,2.0,待审核,,
202500697,科技创新竞赛,中国大学生方程式汽车大赛,,国家级·一等奖,第一完成人,2026-06-18,,6.0,待审核,,
202500697,创业实践,智能驾培服务平台,入驻孵化器·团队成员,,团队成员,2026-07-13,,2.0,通过,陈晓宇,佐证材料完整，予以通过
202500697,学术论文,电动汽车无线充电耦合机构优化设计,普通期刊·第一作者,,第一作者,2026-03-19,,2.0,通过,陈晓宇,符合认定条件，通过
202500697,申请专利,一种可调节角度的车载平板支架,外观设计专利·第一发明人,,第一发明人,2026-01-13,,2.0,通过,陈晓宇,材料齐全，同意认定
202500697,其他实践活动,汽车工程学院企业行,学术交流访问·出境交流,,,2026-03-20,,2.0,待审核,,
202500698,前沿学术报告,名家学术讲座,单场·智能网联汽车技术前沿,,,2026-06-21,,0.5,通过,陈晓宇,材料齐全，同意认定
202500698,年度创新创业项目,校级·负责人,基于STM32的智能循迹小车,,负责人,2025-08-13,2028-06-30,2.0,通过,陈晓宇,材料齐全，同意认定
202500698,科技创新竞赛,校智能车校内选拔赛,,校级·一等奖,第三完成人,2026-07-21,,0.5,驳回,陈晓宇,时间信息有误，请核对后重新提交
202500698,创业实践,二手车检测陪购服务工作室,入驻孵化器·负责人,,负责人,2026-01-17,,4.0,通过,陈晓宇,材料齐全，同意认定
202500698,学术论文,混合动力汽车能量管理策略仿真,普通期刊·第二作者,,第二作者,2026-03-24,,1.0,通过,陈晓宇,符合认定条件，通过
202500698,申请专利,一种新能源汽车充电枪锁止机构,实用新型专利·第一发明人,,第一发明人,2026-02-21,,3.0,通过,陈晓宇,符合认定条件，通过
202500698,其他实践活动,汽车造型设计工作坊,技能资格培训·中级,,,2026-07-27,,1.0,驳回,陈晓宇,盖章缺失，请重新上传完整材料
202500699,前沿学术报告,汽车百家讲坛,第6-10期·汽车空气动力学优化设计,,,2026-03-04,,0.25,驳回,陈晓宇,认定依据不足，请补充说明材料
202500699,年度创新创业项目,国家级·核心成员,校园共享电动车调度优化研究,,核心成员,2025-03-18,2028-06-30,4.0,通过,陈晓宇,材料齐全，同意认定
202500699,科技创新竞赛,全国大学生数学建模竞赛,,省级·二等奖,负责人,2026-06-10,,2.0,通过,陈晓宇,佐证材料完整，予以通过
202500699,创业实践,新能源汽车科普工作室,创业训练计划·负责人,,负责人,2026-05-03,,3.0,通过,陈晓宇,符合认定条件，通过
202500699,学术论文,基于深度学习的路面裂缝检测方法研究,国际/国内会议·第一作者,,第一作者,2026-05-23,,3.0,通过,陈晓宇,佐证材料完整，予以通过
202500699,申请专利,一种基于视觉的后视镜盲区监测装置,实用新型专利·第一发明人,,第一发明人,2026-01-01,,3.0,通过,陈晓宇,材料齐全，同意认定
202500699,其他实践活动,暑期高校科学营活动,技能资格培训·初级,,,2026-07-28,,0.5,驳回,陈晓宇,时间信息有误，请核对后重新提交
202500700,前沿学术报告,汽车百家讲坛,第1-5期·汽车轻量化设计与新材料应用,,,2026-05-06,,0.25,待审核,,
202500700,年度创新创业项目,院级·核心成员,智能导览机器人设计与实现,,核心成员,2025-02-15,2028-06-30,0.5,待审核,,
202500700,科技创新竞赛,中国国际大学生创新大赛,,省级·二等奖,第二完成人,2026-08-11,,1.4,通过,陈晓宇,符合认定条件，通过
202500700,创业实践,校内共享打印服务站,入驻孵化器·团队成员,,团队成员,2026-07-14,,2.0,通过,陈晓宇,材料齐全，同意认定
202500700,学术论文,基于YOLO的车距保持辅助算法研究,国际/国内会议·其他作者,,其他作者,2026-02-03,,1.0,通过,陈晓宇,符合认定条件，通过
202500700,申请专利,一种可调节角度的车载平板支架,发明专利·第一发明人,,第一发明人,2026-02-13,,6.0,通过,陈晓宇,符合认定条件，通过
202500700,其他实践活动,智能驾驶技术专题培训,学术交流访问·境内交流,,,2026-06-09,,1.0,驳回,陈晓宇,时间信息有误，请核对后重新提交
202500701,前沿学术报告,汽车百家讲坛,第1-5期·汽车空气动力学优化设计,,,2026-06-17,,0.25,待审核,,
202500701,年度创新创业项目,校级·负责人,基于深度学习的交通标志识别系统,,负责人,2025-09-21,2028-06-30,2.0,待审核,,
202500701,科技创新竞赛,全国大学生智能汽车竞赛,,省级·二等奖,第二完成人,2026-07-06,,1.4,待院长审批,陈晓宇,初审通过，转院长审批
202500701,创业实践,大学生汽车文创工作室,创业训练计划·负责人,,负责人,2026-07-13,,3.0,驳回,陈晓宇,时间信息有误，请核对后重新提交
202500701,学术论文,电动汽车无线充电耦合机构优化设计,国际/国内会议·其他作者,,其他作者,2026-01-11,,1.0,通过,陈晓宇,符合认定条件，通过
202500701,申请专利,一种可调节角度的车载平板支架,实用新型专利·其他发明人,,其他发明人,2026-01-07,,1.5,待审核,,
202500701,其他实践活动,汽车造型设计工作坊,技能资格培训·中级,,,2026-03-01,,1.0,通过,陈晓宇,符合认定条件，通过
202500702,前沿学术报告,汽车百家讲坛,第11期以后·无人驾驶环境感知技术进展,,,2026-01-26,,0.25,驳回,陈晓宇,时间信息有误，请核对后重新提交
202500702,年度创新创业项目,校级·核心成员,基于STM32的智能循迹小车,,核心成员,2025-07-27,2028-06-30,1.5,通过,陈晓宇,符合认定条件，通过
202500702,科技创新竞赛,中国国际大学生创新大赛,,省级·一等奖,第一完成人,2026-07-10,,3.0,通过,陈晓宇,佐证材料完整，予以通过
202500702,创业实践,校内共享打印服务站,创业训练计划·负责人,,负责人,2026-07-08,,3.0,通过,陈晓宇,符合认定条件，通过
202500702,学术论文,基于YOLO的车距保持辅助算法研究,普通期刊·第二作者,,第二作者,2026-02-05,,1.0,通过,陈晓宇,符合认定条件，通过
202500702,申请专利,一种基于视觉的后视镜盲区监测装置,发明专利·第一发明人,,第一发明人,2026-03-18,,6.0,驳回,陈晓宇,盖章缺失，请重新上传完整材料
202500702,其他实践活动,汽车造型设计工作坊,学术交流访问·境内交流,,,2026-08-22,,1.0,待审核,,
202500703,前沿学术报告,汽车百家讲坛,第1-5期·新能源汽车动力总成发展趋势,,,2026-01-20,,0.25,通过,陈晓宇,材料齐全，同意认定
202500703,年度创新创业项目,省级·核心成员,氢燃料电池汽车散热性能仿真分析,,核心成员,2025-09-16,2028-06-30,3.0,通过,陈晓宇,佐证材料完整，予以通过
202500703,科技创新竞赛,全国大学生节能减排社会实践与科技竞赛,,省级·三等奖,核心成员,2026-08-16,,0.6,通过,陈晓宇,符合认定条件，通过
202500703,创业实践,智能驾培服务平台,创业训练计划·负责人,,负责人,2026-02-16,,3.0,驳回,陈晓宇,材料不完整，请补充佐证后重新提交
202500703,学术论文,低温环境下锂电池充放电特性研究,SCI/EI 收录·其他作者,,其他作者,2026-08-06,,2.0,驳回,陈晓宇,盖章缺失，请重新上传完整材料
202500703,申请专利,一种多功能汽车后备箱收纳架,发明专利·其他发明人,,其他发明人,2026-03-12,,3.0,通过,陈晓宇,佐证材料完整，予以通过
202500703,其他实践活动,智能驾驶技术专题培训,学术交流访问·出境交流,,,2026-04-02,,2.0,通过,陈晓宇,材料齐全，同意认定
202500704,前沿学术报告,名家学术讲座,单场·氢能及燃料电池汽车产业展望,,,2026-05-28,,0.5,驳回,陈晓宇,材料不完整，请补充佐证后重新提交
202500704,年度创新创业项目,院级·一般成员,基于深度学习的交通标志识别系统,,一般成员,2025-02-25,2028-06-30,0.5,驳回,陈晓宇,盖章缺失，请重新上传完整材料
202500704,科技创新竞赛,中国国际大学生创新大赛,,国家级·一等奖,第三完成人,2026-02-13,,3.0,待审核,,
202500704,创业实践,新能源汽车科普工作室,注册成立公司·团队成员,,团队成员,2026-06-05,,2.0,通过,陈晓宇,材料齐全，同意认定
202500704,学术论文,电动汽车无线充电耦合机构优化设计,国际/国内会议·其他作者,,其他作者,2026-07-13,,1.0,通过,陈晓宇,佐证材料完整，予以通过
202500704,申请专利,一种基于视觉的后视镜盲区监测装置,外观设计专利·第一发明人,,第一发明人,2026-02-08,,2.0,驳回,陈晓宇,材料不完整，请补充佐证后重新提交
202500704,其他实践活动,全国大学生汽车科技夏令营,技能资格培训·中级,,,2026-03-03,,1.0,待审核,,
202500705,前沿学术报告,信息科学论坛,第1-5期·智能制造与数字化工厂实践,,,2026-01-20,,0.25,通过,陈晓宇,佐证材料完整，予以通过
202500705,年度创新创业项目,院级·核心成员,汽车内饰件轻量化设计,,核心成员,2025-07-17,2028-06-30,0.5,待审核,,
202500705,科技创新竞赛,全国大学生节能减排社会实践与科技竞赛,,省级·二等奖,第三完成人,2026-06-15,,1.0,待审核,,
202500705,创业实践,校内共享打印服务站,入驻孵化器·负责人,,负责人,2026-07-25,,4.0,驳回,陈晓宇,认定依据不足，请补充说明材料
202500705,学术论文,基于深度学习的路面裂缝检测方法研究,国际/国内会议·第一作者,,第一作者,2026-03-19,,3.0,通过,陈晓宇,材料齐全，同意认定
202500705,申请专利,一种电动汽车电池包液冷结构,实用新型专利·第一发明人,,第一发明人,2026-04-19,,3.0,通过,陈晓宇,符合认定条件，通过
202500705,其他实践活动,智能驾驶技术专题培训,学术交流访问·出境交流,,,2026-07-16,,2.0,驳回,陈晓宇,盖章缺失，请重新上传完整材料
202500706,前沿学术报告,汽车百家讲坛,第11期以后·汽车轻量化设计与新材料应用,,,2026-05-18,,0.25,待审核,,
202500706,年度创新创业项目,院级·负责人,二手车价格预测模型构建,,负责人,2025-01-12,2028-06-30,1.0,待审核,,
202500706,科技创新竞赛,校智能车校内选拔赛,,校级·一等奖,第三完成人,2026-02-16,,0.5,驳回,陈晓宇,时间信息有误，请核对后重新提交
202500706,创业实践,校园二手书流转平台,注册成立公司·法人代表,,法人代表,2026-01-26,,6.0,通过,陈晓宇,佐证材料完整，予以通过
202500706,学术论文,汽车主动悬架半主动控制策略仿真,国际/国内会议·其他作者,,其他作者,2026-02-14,,1.0,通过,陈晓宇,材料齐全，同意认定
202500706,申请专利,一种新能源汽车充电枪锁止机构,实用新型专利·第一发明人,,第一发明人,2026-01-19,,3.0,驳回,陈晓宇,认定依据不足，请补充说明材料
202500706,其他实践活动,汽车造型设计工作坊,技能资格培训·初级,,,2026-08-22,,0.5,通过,陈晓宇,材料齐全，同意认定
202500707,前沿学术报告,信息科学论坛,第1-5期·智能网联汽车技术前沿,,,2026-02-12,,0.25,驳回,陈晓宇,时间信息有误，请核对后重新提交
202500707,年度创新创业项目,国家级·核心成员,车载OBD数据采集与驾驶行为分析,,核心成员,2025-12-12,2028-06-30,4.0,待审核,,
202500707,科技创新竞赛,中国国际大学生创新大赛,,省级·二等奖,第二完成人,2026-08-23,,1.4,通过,陈晓宇,材料齐全，同意认定
202500707,创业实践,校园二手书流转平台,创业训练计划·负责人,,负责人,2026-04-04,,3.0,驳回,陈晓宇,材料不完整，请补充佐证后重新提交
202500707,学术论文,混合动力汽车能量管理策略仿真,核心期刊·第二作者,,第二作者,2026-08-08,,2.0,通过,陈晓宇,材料齐全，同意认定
202500707,申请专利,一种基于视觉的后视镜盲区监测装置,实用新型专利·其他发明人,,其他发明人,2026-06-28,,1.5,驳回,陈晓宇,盖章缺失，请重新上传完整材料
202500707,其他实践活动,汽车造型设计工作坊,技能资格培训·初级,,,2026-08-18,,0.5,通过,陈晓宇,佐证材料完整，予以通过
202500708,前沿学术报告,名家学术讲座,单场·氢能及燃料电池汽车产业展望,,,2026-02-08,,0.5,通过,陈晓宇,符合认定条件，通过
202500708,年度创新创业项目,国家级·核心成员,车载OBD数据采集与驾驶行为分析,,核心成员,2025-07-01,2028-06-30,4.0,待审核,,
202500708,科技创新竞赛,全国大学生数学建模竞赛,,省级·三等奖,负责人,2026-06-11,,1.0,驳回,陈晓宇,盖章缺失，请重新上传完整材料
202500708,创业实践,智能驾培服务平台,注册成立公司·法人代表,,法人代表,2026-03-08,,6.0,通过,陈晓宇,符合认定条件，通过
202500708,学术论文,电动汽车无线充电耦合机构优化设计,普通期刊·第一作者,,第一作者,2026-06-11,,2.0,驳回,陈晓宇,材料不完整，请补充佐证后重新提交
202500708,申请专利,一种多功能汽车后备箱收纳架,发明专利·其他发明人,,其他发明人,2026-02-17,,3.0,通过,陈晓宇,佐证材料完整，予以通过
202500708,其他实践活动,汽车工程学院企业行,学科冬夏令营·省级,,,2026-02-02,,1.0,通过,陈晓宇,佐证材料完整，予以通过
202500709,前沿学术报告,名家学术讲座,单场·汽车轻量化设计与新材料应用,,,2026-07-27,,0.5,通过,陈晓宇,佐证材料完整，予以通过
202500709,年度创新创业项目,省级·核心成员,新能源汽车电池热管理优化研究,,核心成员,2025-08-25,2028-06-30,3.0,通过,陈晓宇,材料齐全，同意认定
202500709,科技创新竞赛,校智能车校内选拔赛,,校级·三等奖,第三完成人,2026-04-23,,0.25,待院长审批,陈晓宇,初审通过，转院长审批
202500709,创业实践,新能源汽车科普工作室,创业训练计划·负责人,,负责人,2026-05-21,,3.0,待审核,,
202500709,学术论文,汽车主动悬架半主动控制策略仿真,国际/国内会议·其他作者,,其他作者,2026-08-25,,1.0,驳回,陈晓宇,材料不完整，请补充佐证后重新提交
202500709,申请专利,一种电动汽车电池包液冷结构,发明专利·其他发明人,,其他发明人,2026-01-09,,3.0,通过,陈晓宇,材料齐全，同意认定
202500709,其他实践活动,全国大学生汽车科技夏令营,技能资格培训·初级,,,2026-03-22,,0.5,通过,陈晓宇,佐证材料完整，予以通过
202500710,前沿学术报告,汽车百家讲坛,第11期以后·动力电池热管理关键技术,,,2026-04-26,,0.25,驳回,陈晓宇,盖章缺失，请重新上传完整材料
202500710,年度创新创业项目,校级·核心成员,智能导览机器人设计与实现,,核心成员,2025-01-26,2028-06-30,1.5,驳回,陈晓宇,盖章缺失，请重新上传完整材料
202500710,科技创新竞赛,全国大学生节能减排社会实践与科技竞赛,,国家级·二等奖,第三完成人,2026-08-05,,2.0,驳回,陈晓宇,材料不完整，请补充佐证后重新提交
202500710,创业实践,智能驾培服务平台,注册成立公司·法人代表,,法人代表,2026-04-25,,6.0,待审核,,
202500710,学术论文,低温环境下锂电池充放电特性研究,普通期刊·第一作者,,第一作者,2026-07-05,,2.0,待审核,,
202500710,申请专利,一种车载智能空气净化装置,实用新型专利·其他发明人,,其他发明人,2026-07-24,,1.5,通过,陈晓宇,材料齐全，同意认定
202500710,其他实践活动,暑期高校科学营活动,学科冬夏令营·省级,,,2026-07-03,,1.0,通过,陈晓宇,佐证材料完整，予以通过
202500711,前沿学术报告,名家学术讲座,单场·车载总线与嵌入式系统开发,,,2026-07-14,,0.5,驳回,陈晓宇,材料不完整，请补充佐证后重新提交
202500711,年度创新创业项目,省级·一般成员,车载OBD数据采集与驾驶行为分析,,一般成员,2025-03-05,2028-06-30,1.5,通过,陈晓宇,符合认定条件，通过
202500711,科技创新竞赛,全国大学生数学建模竞赛,,国家级·二等奖,核心成员,2026-06-21,,2.4,待审核,,
202500711,创业实践,大学生汽车文创工作室,创业训练计划·负责人,,负责人,2026-05-28,,3.0,通过,陈晓宇,材料齐全，同意认定
202500711,学术论文,电动汽车无线充电耦合机构优化设计,普通期刊·第一作者,,第一作者,2026-06-04,,2.0,驳回,陈晓宇,盖章缺失，请重新上传完整材料
202500711,申请专利,一种车载智能空气净化装置,发明专利·其他发明人,,其他发明人,2026-05-19,,3.0,通过,陈晓宇,符合认定条件，通过
202500711,其他实践活动,智能驾驶技术专题培训,学术交流访问·境内交流,,,2026-01-03,,1.0,驳回,陈晓宇,时间信息有误，请核对后重新提交
202500712,前沿学术报告,汽车百家讲坛,第6-10期·氢能及燃料电池汽车产业展望,,,2026-03-28,,0.25,通过,陈晓宇,佐证材料完整，予以通过
202500712,年度创新创业项目,校级·负责人,氢燃料电池汽车散热性能仿真分析,,负责人,2025-01-16,2028-06-30,2.0,驳回,陈晓宇,认定依据不足，请补充说明材料
202500712,科技创新竞赛,挑战杯全国大学生课外学术科技作品竞赛,,国家级·一等奖,第二完成人,2026-01-14,,4.2,通过,陈晓宇,材料齐全，同意认定
202500712,创业实践,二手车检测陪购服务工作室,入驻孵化器·负责人,,负责人,2026-07-11,,4.0,驳回,陈晓宇,时间信息有误，请核对后重新提交
202500712,学术论文,基于深度学习的路面裂缝检测方法研究,核心期刊·第一作者,,第一作者,2026-05-20,,4.0,待审核,,
202500712,申请专利,一种新能源汽车充电枪锁止机构,实用新型专利·其他发明人,,其他发明人,2026-08-20,,1.5,驳回,陈晓宇,认定依据不足，请补充说明材料
202500712,其他实践活动,暑期高校科学营活动,技能资格培训·中级,,,2026-05-04,,1.0,通过,陈晓宇,佐证材料完整，予以通过
202500713,前沿学术报告,汽车百家讲坛,第11期以后·动力电池热管理关键技术,,,2026-05-27,,0.25,驳回,陈晓宇,盖章缺失，请重新上传完整材料
202500713,年度创新创业项目,院级·一般成员,太阳能小车能量管理策略研究,,一般成员,2025-06-12,2028-06-30,0.5,通过,陈晓宇,佐证材料完整，予以通过
202500713,科技创新竞赛,山东省大学生机电产品创新设计竞赛,,校级·一等奖,第一完成人,2026-08-19,,1.0,通过,陈晓宇,佐证材料完整，予以通过
202500713,创业实践,校园二手书流转平台,注册成立公司·团队成员,,团队成员,2026-01-15,,2.0,通过,陈晓宇,符合认定条件，通过
202500713,学术论文,基于YOLO的车距保持辅助算法研究,核心期刊·第一作者,,第一作者,2026-06-02,,4.0,待审核,,
202500713,申请专利,一种新能源汽车充电枪锁止机构,实用新型专利·第一发明人,,第一发明人,2026-02-14,,3.0,通过,陈晓宇,材料齐全，同意认定
202500713,其他实践活动,汽车造型设计工作坊,学术交流访问·境内交流,,,2026-03-17,,1.0,驳回,陈晓宇,认定依据不足，请补充说明材料
202500714,前沿学术报告,信息科学论坛,第6期以后·无人驾驶环境感知技术进展,,,2026-07-24,,0.25,驳回,陈晓宇,盖章缺失，请重新上传完整材料
202500714,年度创新创业项目,国家级·一般成员,智能导览机器人设计与实现,,一般成员,2025-05-13,2028-06-30,2.0,通过,陈晓宇,佐证材料完整，予以通过
202500714,科技创新竞赛,全国大学生节能减排社会实践与科技竞赛,,国家级·一等奖,负责人,2026-01-09,,6.0,通过,陈晓宇,符合认定条件，通过
202500714,创业实践,二手车检测陪购服务工作室,创业训练计划·团队成员,,团队成员,2026-04-26,,1.5,驳回,陈晓宇,盖章缺失，请重新上传完整材料
202500714,学术论文,汽车主动悬架半主动控制策略仿真,核心期刊·其他作者,,其他作者,2026-07-27,,1.0,驳回,陈晓宇,时间信息有误，请核对后重新提交
202500714,申请专利,一种车载智能空气净化装置,外观设计专利·第一发明人,,第一发明人,2026-06-03,,2.0,驳回,陈晓宇,材料不完整，请补充佐证后重新提交
202500714,其他实践活动,全国大学生汽车科技夏令营,学科冬夏令营·校级,,,2026-07-17,,0.5,驳回,陈晓宇,材料不完整，请补充佐证后重新提交
202500715,前沿学术报告,汽车百家讲坛,第6-10期·新能源汽车动力总成发展趋势,,,2026-01-11,,0.25,通过,陈晓宇,符合认定条件，通过
202500715,年度创新创业项目,校级·负责人,基于深度学习的交通标志识别系统,,负责人,2025-11-18,2028-06-30,2.0,驳回,陈晓宇,认定依据不足，请补充说明材料
202500715,科技创新竞赛,中国大学生方程式汽车大赛,,国家级·二等奖,第一完成人,2026-05-06,,4.0,通过,陈晓宇,符合认定条件，通过
202500715,创业实践,校内共享打印服务站,入驻孵化器·团队成员,,团队成员,2026-04-09,,2.0,待审核,,
202500715,学术论文,基于深度学习的路面裂缝检测方法研究,国际/国内会议·其他作者,,其他作者,2026-01-10,,1.0,驳回,陈晓宇,时间信息有误，请核对后重新提交
202500715,申请专利,一种电动汽车电池包液冷结构,外观设计专利·其他发明人,,其他发明人,2026-02-15,,1.0,驳回,陈晓宇,材料不完整，请补充佐证后重新提交
202500715,其他实践活动,汽车工程学院企业行,技能资格培训·高级,,,2026-02-06,,1.5,待审核,,
202500716,前沿学术报告,名家学术讲座,单场·氢能及燃料电池汽车产业展望,,,2026-07-12,,0.5,驳回,陈晓宇,材料不完整，请补充佐证后重新提交
202500716,年度创新创业项目,校级·核心成员,氢燃料电池汽车散热性能仿真分析,,核心成员,2025-08-22,2028-06-30,1.5,通过,陈晓宇,材料齐全，同意认定
202500716,科技创新竞赛,中国大学生方程式汽车大赛,,国家级·二等奖,核心成员,2026-08-28,,2.4,待院长审批,陈晓宇,初审通过，转院长审批
202500716,创业实践,大学生汽车文创工作室,入驻孵化器·负责人,,负责人,2026-02-14,,4.0,通过,陈晓宇,符合认定条件，通过
202500716,学术论文,基于深度学习的路面裂缝检测方法研究,国际/国内会议·第二作者,,第二作者,2026-03-02,,2.0,待审核,,
202500716,申请专利,一种基于视觉的后视镜盲区监测装置,实用新型专利·第一发明人,,第一发明人,2026-03-01,,3.0,通过,陈晓宇,材料齐全，同意认定
202500716,其他实践活动,汽车造型设计工作坊,技能资格培训·初级,,,2026-06-02,,0.5,驳回,陈晓宇,材料不完整，请补充佐证后重新提交
202500717,前沿学术报告,汽车百家讲坛,第6-10期·汽车空气动力学优化设计,,,2026-05-23,,0.25,通过,陈晓宇,材料齐全，同意认定
202500717,年度创新创业项目,校级·一般成员,汽车内饰件轻量化设计,,一般成员,2025-01-05,2028-06-30,1.0,通过,陈晓宇,符合认定条件，通过
202500717,科技创新竞赛,挑战杯全国大学生课外学术科技作品竞赛,,国家级·一等奖,第三完成人,2026-01-22,,3.0,通过,陈晓宇,材料齐全，同意认定
202500717,创业实践,校园二手书流转平台,注册成立公司·法人代表,,法人代表,2026-06-28,,6.0,通过,陈晓宇,符合认定条件，通过
202500717,学术论文,混合动力汽车能量管理策略仿真,国际/国内会议·其他作者,,其他作者,2026-08-11,,1.0,通过,陈晓宇,材料齐全，同意认定
202500717,申请专利,一种多功能汽车后备箱收纳架,发明专利·其他发明人,,其他发明人,2026-02-14,,3.0,通过,陈晓宇,佐证材料完整，予以通过
202500717,其他实践活动,汽车工程学院企业行,学科冬夏令营·国家级,,,2026-08-18,,2.0,通过,陈晓宇,材料齐全，同意认定
202500718,前沿学术报告,名家学术讲座,单场·动力电池热管理关键技术,,,2026-04-23,,0.5,待审核,,
202500718,年度创新创业项目,院级·一般成员,智能导览机器人设计与实现,,一般成员,2025-04-10,2028-06-30,0.5,待审核,,
202500718,科技创新竞赛,中国大学生方程式汽车大赛,,国家级·二等奖,第二完成人,2026-02-28,,2.8,待院长审批,陈晓宇,初审通过，转院长审批
202500718,创业实践,校内共享打印服务站,入驻孵化器·负责人,,负责人,2026-02-23,,4.0,驳回,陈晓宇,材料不完整，请补充佐证后重新提交
202500718,学术论文,基于YOLO的车距保持辅助算法研究,普通期刊·其他作者,,其他作者,2026-05-15,,0.5,待审核,,
202500718,申请专利,一种电动汽车电池包液冷结构,实用新型专利·其他发明人,,其他发明人,2026-02-14,,1.5,通过,陈晓宇,材料齐全，同意认定
202500718,其他实践活动,德国亚琛工业大学线上交流项目,学科冬夏令营·国家级,,,2026-05-11,,2.0,通过,陈晓宇,符合认定条件，通过
202500719,前沿学术报告,汽车百家讲坛,第1-5期·动力电池热管理关键技术,,,2026-05-23,,0.25,通过,陈晓宇,符合认定条件，通过
202500719,年度创新创业项目,省级·一般成员,基于深度学习的交通标志识别系统,,一般成员,2025-09-20,2028-06-30,1.5,通过,陈晓宇,佐证材料完整，予以通过
202500719,科技创新竞赛,中国国际大学生创新大赛,,国家级·一等奖,第一完成人,2026-08-14,,6.0,通过,陈晓宇,佐证材料完整，予以通过
202500719,创业实践,二手车检测陪购服务工作室,入驻孵化器·团队成员,,团队成员,2026-03-09,,2.0,驳回,陈晓宇,认定依据不足，请补充说明材料
202500719,学术论文,基于深度学习的路面裂缝检测方法研究,普通期刊·第一作者,,第一作者,2026-08-14,,2.0,驳回,陈晓宇,盖章缺失，请重新上传完整材料
202500719,申请专利,一种电动汽车电池包液冷结构,实用新型专利·第一发明人,,第一发明人,2026-04-16,,3.0,通过,陈晓宇,材料齐全，同意认定
202500719,其他实践活动,暑期高校科学营活动,技能资格培训·高级,,,2026-05-05,,1.5,驳回,陈晓宇,认定依据不足，请补充说明材料
202500720,前沿学术报告,名家学术讲座,单场·新能源汽车动力总成发展趋势,,,2026-05-10,,0.5,通过,陈晓宇,符合认定条件，通过
202500720,年度创新创业项目,省级·负责人,基于深度学习的交通标志识别系统,,负责人,2025-09-18,2028-06-30,4.0,通过,陈晓宇,符合认定条件，通过
202500720,科技创新竞赛,全国大学生节能减排社会实践与科技竞赛,,国家级·二等奖,负责人,2026-05-01,,4.0,通过,陈晓宇,材料齐全，同意认定
202500720,创业实践,大学生汽车文创工作室,入驻孵化器·团队成员,,团队成员,2026-03-06,,2.0,驳回,陈晓宇,材料不完整，请补充佐证后重新提交
202500720,学术论文,燃料电池汽车氢气循环系统特性分析,普通期刊·其他作者,,其他作者,2026-01-01,,0.5,待审核,,
202500720,申请专利,一种新能源汽车充电枪锁止机构,外观设计专利·第一发明人,,第一发明人,2026-04-03,,2.0,通过,陈晓宇,佐证材料完整，予以通过
202500720,其他实践活动,汽车造型设计工作坊,学科冬夏令营·省级,,,2026-05-21,,1.0,驳回,陈晓宇,材料不完整，请补充佐证后重新提交
202500721,前沿学术报告,信息科学论坛,第1-5期·汽车芯片与域控制器架构,,,2026-01-11,,0.25,通过,陈晓宇,佐证材料完整，予以通过
202500721,年度创新创业项目,院级·一般成员,车载OBD数据采集与驾驶行为分析,,一般成员,2025-10-04,2028-06-30,0.5,通过,陈晓宇,佐证材料完整，予以通过
202500721,科技创新竞赛,校智能车校内选拔赛,,校级·二等奖,第三完成人,2026-07-11,,0.25,通过,陈晓宇,材料齐全，同意认定
202500721,创业实践,大学生汽车文创工作室,注册成立公司·合伙人,,合伙人,2026-03-26,,4.0,通过,陈晓宇,符合认定条件，通过
202500721,学术论文,基于多目标优化的车身结构轻量化设计,国际/国内会议·第一作者,,第一作者,2026-03-07,,3.0,通过,陈晓宇,材料齐全，同意认定
202500721,申请专利,一种可调节角度的车载平板支架,发明专利·其他发明人,,其他发明人,2026-08-13,,3.0,通过,陈晓宇,佐证材料完整，予以通过
202500721,其他实践活动,汽车造型设计工作坊,学科冬夏令营·国家级,,,2026-03-20,,2.0,通过,陈晓宇,材料齐全，同意认定
202500722,前沿学术报告,信息科学论坛,第1-5期·车载总线与嵌入式系统开发,,,2026-08-20,,0.25,驳回,陈晓宇,认定依据不足，请补充说明材料
202500722,年度创新创业项目,校级·一般成员,基于STM32的智能循迹小车,,一般成员,2025-11-08,2028-06-30,1.0,驳回,陈晓宇,材料不完整，请补充佐证后重新提交
202500722,科技创新竞赛,山东省大学生机电产品创新设计竞赛,,校级·二等奖,第二完成人,2026-03-10,,0.35,待审核,,
202500722,创业实践,新能源汽车科普工作室,注册成立公司·合伙人,,合伙人,2026-05-13,,4.0,通过,陈晓宇,材料齐全，同意认定
202500722,学术论文,混合动力汽车能量管理策略仿真,核心期刊·第一作者,,第一作者,2026-06-19,,4.0,待院长审批,陈晓宇,初审通过，转院长审批
202500722,申请专利,一种车载智能空气净化装置,外观设计专利·第一发明人,,第一发明人,2026-06-24,,2.0,通过,陈晓宇,材料齐全，同意认定
202500722,其他实践活动,智能驾驶技术专题培训,学科冬夏令营·省级,,,2026-07-14,,1.0,通过,陈晓宇,符合认定条件，通过
202500723,前沿学术报告,信息科学论坛,第1-5期·动力电池热管理关键技术,,,2026-01-24,,0.25,驳回,陈晓宇,材料不完整，请补充佐证后重新提交
202500723,年度创新创业项目,校级·一般成员,氢燃料电池汽车散热性能仿真分析,,一般成员,2025-12-18,2028-06-30,1.0,通过,陈晓宇,符合认定条件，通过
202500723,科技创新竞赛,校智能车校内选拔赛,,校级·三等奖,第三完成人,2026-08-10,,0.25,通过,陈晓宇,佐证材料完整，予以通过
202500723,创业实践,二手车检测陪购服务工作室,入驻孵化器·团队成员,,团队成员,2026-07-11,,2.0,公示中,陈晓宇,佐证材料完整，予以通过
202500723,学术论文,燃料电池汽车氢气循环系统特性分析,普通期刊·第一作者,,第一作者,2026-03-05,,2.0,通过,陈晓宇,佐证材料完整，予以通过
202500723,申请专利,一种新能源汽车充电枪锁止机构,外观设计专利·其他发明人,,其他发明人,2026-05-23,,1.0,通过,陈晓宇,佐证材料完整，予以通过
202500723,其他实践活动,智能驾驶技术专题培训,学术交流访问·境内交流,,,2026-02-07,,1.0,通过,陈晓宇,符合认定条件，通过
202500724,前沿学术报告,名家学术讲座,单场·氢能及燃料电池汽车产业展望,,,2026-02-13,,0.5,通过,陈晓宇,符合认定条件，通过
202500724,年度创新创业项目,省级·核心成员,校园共享电动车调度优化研究,,核心成员,2025-02-02,2028-06-30,3.0,待审核,,
202500724,科技创新竞赛,中国国际大学生创新大赛,,省级·三等奖,负责人,2026-04-05,,1.0,通过,陈晓宇,符合认定条件，通过
202500724,创业实践,大学生汽车文创工作室,注册成立公司·合伙人,,合伙人,2026-03-27,,4.0,通过,陈晓宇,佐证材料完整，予以通过
202500724,学术论文,基于深度学习的路面裂缝检测方法研究,普通期刊·第一作者,,第一作者,2026-04-02,,2.0,待院长审批,陈晓宇,初审通过，转院长审批
202500724,申请专利,一种电动汽车电池包液冷结构,发明专利·其他发明人,,其他发明人,2026-03-24,,3.0,驳回,陈晓宇,材料不完整，请补充佐证后重新提交
202500724,其他实践活动,全国大学生汽车科技夏令营,技能资格培训·中级,,,2026-03-21,,1.0,通过,陈晓宇,材料齐全，同意认定
202500725,前沿学术报告,信息科学论坛,第1-5期·无人驾驶环境感知技术进展,,,2026-08-18,,0.25,通过,陈晓宇,材料齐全，同意认定
202500725,年度创新创业项目,校级·一般成员,基于深度学习的交通标志识别系统,,一般成员,2025-08-08,2028-06-30,1.0,待审核,,
202500725,科技创新竞赛,挑战杯全国大学生课外学术科技作品竞赛,,国家级·二等奖,负责人,2026-07-22,,4.0,通过,陈晓宇,材料齐全，同意认定
202500725,创业实践,二手车检测陪购服务工作室,入驻孵化器·负责人,,负责人,2026-01-25,,4.0,公示中,陈晓宇,符合认定条件，通过
202500725,学术论文,汽车主动悬架半主动控制策略仿真,核心期刊·第二作者,,第二作者,2026-05-18,,2.0,驳回,陈晓宇,认定依据不足，请补充说明材料
202500725,申请专利,一种新能源汽车充电枪锁止机构,外观设计专利·其他发明人,,其他发明人,2026-04-08,,1.0,驳回,陈晓宇,时间信息有误，请核对后重新提交
202500725,其他实践活动,全国大学生汽车科技夏令营,技能资格培训·初级,,,2026-06-08,,0.5,通过,陈晓宇,符合认定条件，通过
202500726,前沿学术报告,信息科学论坛,第6期以后·动力电池热管理关键技术,,,2026-06-12,,0.25,待审核,,
202500726,年度创新创业项目,校级·负责人,新能源汽车电池热管理优化研究,,负责人,2025-05-16,2028-06-30,2.0,通过,陈晓宇,佐证材料完整，予以通过
202500726,科技创新竞赛,全国大学生数学建模竞赛,,国家级·二等奖,第二完成人,2026-04-08,,2.8,通过,陈晓宇,佐证材料完整，予以通过
202500726,创业实践,智能驾培服务平台,注册成立公司·团队成员,,团队成员,2026-03-27,,2.0,驳回,陈晓宇,时间信息有误，请核对后重新提交
202500726,学术论文,混合动力汽车能量管理策略仿真,国际/国内会议·第二作者,,第二作者,2026-03-24,,2.0,驳回,陈晓宇,认定依据不足，请补充说明材料
202500726,申请专利,一种车载智能空气净化装置,发明专利·其他发明人,,其他发明人,2026-01-03,,3.0,驳回,陈晓宇,时间信息有误，请核对后重新提交
202500726,其他实践活动,德国亚琛工业大学线上交流项目,技能资格培训·高级,,,2026-02-15,,1.5,驳回,陈晓宇,材料不完整，请补充佐证后重新提交
202500727,前沿学术报告,名家学术讲座,单场·智能网联汽车技术前沿,,,2026-01-10,,0.5,通过,陈晓宇,材料齐全，同意认定
202500727,年度创新创业项目,校级·负责人,轮胎花纹与湿滑路面制动性能仿真,,负责人,2025-03-15,2028-06-30,2.0,待审核,,
202500727,科技创新竞赛,全国大学生机械创新设计大赛,,国家级·一等奖,第一完成人,2026-07-15,,6.0,驳回,陈晓宇,盖章缺失，请重新上传完整材料
202500727,创业实践,校园二手书流转平台,注册成立公司·法人代表,,法人代表,2026-03-08,,6.0,驳回,陈晓宇,时间信息有误，请核对后重新提交
202500727,学术论文,燃料电池汽车氢气循环系统特性分析,普通期刊·其他作者,,其他作者,2026-04-10,,0.5,待审核,,
202500727,申请专利,一种车载智能空气净化装置,实用新型专利·其他发明人,,其他发明人,2026-03-22,,1.5,待审核,,
202500727,其他实践活动,暑期高校科学营活动,学科冬夏令营·国家级,,,2026-03-01,,2.0,待审核,,
202500728,前沿学术报告,汽车百家讲坛,第6-10期·汽车空气动力学优化设计,,,2026-02-26,,0.25,通过,陈晓宇,材料齐全，同意认定
202500728,年度创新创业项目,省级·负责人,新能源汽车电池热管理优化研究,,负责人,2025-02-03,2028-06-30,4.0,驳回,陈晓宇,盖章缺失，请重新上传完整材料
202500728,科技创新竞赛,全国大学生数学建模竞赛,,省级·一等奖,第二完成人,2026-01-25,,2.1,待审核,,
202500728,创业实践,校内共享打印服务站,注册成立公司·法人代表,,法人代表,2026-01-10,,6.0,驳回,陈晓宇,盖章缺失，请重新上传完整材料
202500728,学术论文,汽车主动悬架半主动控制策略仿真,SCI/EI 收录·其他作者,,其他作者,2026-04-18,,2.0,通过,陈晓宇,符合认定条件，通过
202500728,申请专利,一种新能源汽车充电枪锁止机构,实用新型专利·第一发明人,,第一发明人,2026-02-08,,3.0,通过,陈晓宇,佐证材料完整，予以通过
202500728,其他实践活动,智能驾驶技术专题培训,学术交流访问·境内交流,,,2026-04-16,,1.0,通过,陈晓宇,符合认定条件，通过
202500729,前沿学术报告,名家学术讲座,单场·无人驾驶环境感知技术进展,,,2026-01-11,,0.5,通过,陈晓宇,佐证材料完整，予以通过
202500729,年度创新创业项目,校级·核心成员,新能源汽车电池热管理优化研究,,核心成员,2025-03-04,2028-06-30,1.5,待审核,,
202500729,科技创新竞赛,挑战杯全国大学生课外学术科技作品竞赛,,省级·二等奖,第一完成人,2026-07-02,,2.0,通过,陈晓宇,材料齐全，同意认定
202500729,创业实践,智能驾培服务平台,注册成立公司·合伙人,,合伙人,2026-07-12,,4.0,通过,陈晓宇,材料齐全，同意认定
202500729,学术论文,基于多目标优化的车身结构轻量化设计,国际/国内会议·其他作者,,其他作者,2026-02-19,,1.0,待审核,,
202500729,申请专利,一种车载智能空气净化装置,发明专利·其他发明人,,其他发明人,2026-01-01,,3.0,通过,陈晓宇,材料齐全，同意认定
202500729,其他实践活动,智能驾驶技术专题培训,技能资格培训·中级,,,2026-03-17,,1.0,通过,陈晓宇,佐证材料完整，予以通过
202500730,前沿学术报告,汽车百家讲坛,第11期以后·汽车芯片与域控制器架构,,,2026-06-08,,0.25,待审核,,
202500730,年度创新创业项目,省级·一般成员,氢燃料电池汽车散热性能仿真分析,,一般成员,2025-09-14,2028-06-30,1.5,待审核,,
202500730,科技创新竞赛,中国大学生方程式汽车大赛,,国家级·三等奖,第一完成人,2026-04-17,,2.0,驳回,陈晓宇,认定依据不足，请补充说明材料
202500730,创业实践,新能源汽车科普工作室,创业训练计划·负责人,,负责人,2026-02-04,,3.0,通过,陈晓宇,材料齐全，同意认定
202500730,学术论文,燃料电池汽车氢气循环系统特性分析,国际/国内会议·其他作者,,其他作者,2026-05-23,,1.0,通过,陈晓宇,佐证材料完整，予以通过
202500730,申请专利,一种新能源汽车充电枪锁止机构,发明专利·第一发明人,,第一发明人,2026-02-15,,6.0,公示中,陈晓宇,材料齐全，同意认定
202500730,其他实践活动,汽车造型设计工作坊,学科冬夏令营·省级,,,2026-06-08,,1.0,通过,陈晓宇,材料齐全，同意认定
202500731,前沿学术报告,汽车百家讲坛,第1-5期·智能网联汽车技术前沿,,,2026-06-06,,0.25,通过,陈晓宇,佐证材料完整，予以通过
202500731,年度创新创业项目,省级·核心成员,车载OBD数据采集与驾驶行为分析,,核心成员,2025-02-17,2028-06-30,3.0,驳回,陈晓宇,材料不完整，请补充佐证后重新提交
202500731,科技创新竞赛,中国大学生方程式汽车大赛,,国家级·一等奖,核心成员,2026-03-14,,3.6,驳回,陈晓宇,认定依据不足，请补充说明材料
202500731,创业实践,大学生汽车文创工作室,入驻孵化器·负责人,,负责人,2026-08-02,,4.0,通过,陈晓宇,材料齐全，同意认定
202500731,学术论文,电动汽车无线充电耦合机构优化设计,SCI/EI 收录·第一作者,,第一作者,2026-08-05,,6.0,通过,陈晓宇,符合认定条件，通过
202500731,申请专利,一种可调节角度的车载平板支架,实用新型专利·其他发明人,,其他发明人,2026-02-25,,1.5,待审核,,
202500731,其他实践活动,全国大学生汽车科技夏令营,学术交流访问·境内交流,,,2026-07-25,,1.0,通过,陈晓宇,符合认定条件，通过
202500732,前沿学术报告,汽车百家讲坛,第6-10期·智能网联汽车技术前沿,,,2026-04-08,,0.25,待审核,,
202500732,年度创新创业项目,省级·一般成员,车载OBD数据采集与驾驶行为分析,,一般成员,2025-02-14,2028-06-30,1.5,驳回,陈晓宇,材料不完整，请补充佐证后重新提交
202500732,科技创新竞赛,全国大学生数学建模竞赛,,国家级·一等奖,核心成员,2026-02-21,,3.6,通过,陈晓宇,符合认定条件，通过
202500732,创业实践,校园二手书流转平台,创业训练计划·团队成员,,团队成员,2026-05-19,,1.5,驳回,陈晓宇,认定依据不足，请补充说明材料
202500732,学术论文,基于YOLO的车距保持辅助算法研究,核心期刊·其他作者,,其他作者,2026-08-22,,1.0,驳回,陈晓宇,认定依据不足，请补充说明材料
202500732,申请专利,一种新能源汽车充电枪锁止机构,实用新型专利·第一发明人,,第一发明人,2026-05-25,,3.0,通过,陈晓宇,佐证材料完整，予以通过
202500732,其他实践活动,汽车造型设计工作坊,学术交流访问·境内交流,,,2026-02-04,,1.0,通过,陈晓宇,符合认定条件，通过
202500733,前沿学术报告,名家学术讲座,单场·汽车空气动力学优化设计,,,2026-06-09,,0.5,驳回,陈晓宇,盖章缺失，请重新上传完整材料
202500733,年度创新创业项目,校级·负责人,新能源汽车电池热管理优化研究,,负责人,2025-09-27,2028-06-30,2.0,驳回,陈晓宇,材料不完整，请补充佐证后重新提交
202500733,科技创新竞赛,中国国际大学生创新大赛,,国家级·三等奖,核心成员,2026-07-21,,1.2,驳回,陈晓宇,认定依据不足，请补充说明材料
202500733,创业实践,二手车检测陪购服务工作室,入驻孵化器·负责人,,负责人,2026-04-05,,4.0,通过,陈晓宇,佐证材料完整，予以通过
202500733,学术论文,低温环境下锂电池充放电特性研究,国际/国内会议·第一作者,,第一作者,2026-07-02,,3.0,通过,陈晓宇,佐证材料完整，予以通过
202500733,申请专利,一种多功能汽车后备箱收纳架,实用新型专利·其他发明人,,其他发明人,2026-01-07,,1.5,驳回,陈晓宇,时间信息有误，请核对后重新提交
202500733,其他实践活动,德国亚琛工业大学线上交流项目,技能资格培训·中级,,,2026-02-12,,1.0,驳回,陈晓宇,认定依据不足，请补充说明材料
202500734,前沿学术报告,汽车百家讲坛,第1-5期·智能制造与数字化工厂实践,,,2026-03-23,,0.25,通过,陈晓宇,佐证材料完整，予以通过
202500734,年度创新创业项目,校级·负责人,二手车价格预测模型构建,,负责人,2025-02-10,2028-06-30,2.0,驳回,陈晓宇,时间信息有误，请核对后重新提交
202500734,科技创新竞赛,挑战杯全国大学生课外学术科技作品竞赛,,省级·一等奖,负责人,2026-03-13,,3.0,驳回,陈晓宇,盖章缺失，请重新上传完整材料
202500734,创业实践,智能驾培服务平台,入驻孵化器·团队成员,,团队成员,2026-08-11,,2.0,通过,陈晓宇,材料齐全，同意认定
202500734,学术论文,混合动力汽车能量管理策略仿真,核心期刊·其他作者,,其他作者,2026-07-21,,1.0,通过,陈晓宇,佐证材料完整，予以通过
202500734,申请专利,一种车载智能空气净化装置,发明专利·第一发明人,,第一发明人,2026-07-16,,6.0,通过,陈晓宇,符合认定条件，通过
202500734,其他实践活动,全国大学生汽车科技夏令营,学术交流访问·出境交流,,,2026-04-26,,2.0,通过,陈晓宇,佐证材料完整，予以通过
202500735,前沿学术报告,汽车百家讲坛,第6-10期·汽车芯片与域控制器架构,,,2026-01-03,,0.25,驳回,陈晓宇,材料不完整，请补充佐证后重新提交
202500735,年度创新创业项目,校级·一般成员,校园共享电动车调度优化研究,,一般成员,2025-04-09,2028-06-30,1.0,待审核,,
202500735,科技创新竞赛,中国国际大学生创新大赛,,国家级·二等奖,负责人,2026-05-26,,4.0,通过,陈晓宇,材料齐全，同意认定
202500735,创业实践,二手车检测陪购服务工作室,注册成立公司·法人代表,,法人代表,2026-01-26,,6.0,待审核,,
202500735,学术论文,基于YOLO的车距保持辅助算法研究,普通期刊·其他作者,,其他作者,2026-01-19,,0.5,待审核,,
202500735,申请专利,一种基于视觉的后视镜盲区监测装置,实用新型专利·第一发明人,,第一发明人,2026-05-04,,3.0,通过,陈晓宇,佐证材料完整，予以通过
202500735,其他实践活动,汽车造型设计工作坊,学科冬夏令营·国家级,,,2026-01-14,,2.0,驳回,陈晓宇,盖章缺失，请重新上传完整材料
202500736,前沿学术报告,汽车百家讲坛,第1-5期·汽车轻量化设计与新材料应用,,,2026-01-14,,0.25,驳回,陈晓宇,时间信息有误，请核对后重新提交
202500736,年度创新创业项目,校级·核心成员,新能源汽车电池热管理优化研究,,核心成员,2025-12-25,2028-06-30,1.5,通过,陈晓宇,材料齐全，同意认定
202500736,科技创新竞赛,校智能车校内选拔赛,,校级·三等奖,第一完成人,2026-07-19,,0.5,通过,陈晓宇,佐证材料完整，予以通过
202500736,创业实践,大学生汽车文创工作室,创业训练计划·负责人,,负责人,2026-08-05,,3.0,通过,陈晓宇,佐证材料完整，予以通过
202500736,学术论文,基于YOLO的车距保持辅助算法研究,国际/国内会议·第一作者,,第一作者,2026-02-17,,3.0,通过,陈晓宇,符合认定条件，通过
202500736,申请专利,一种新能源汽车充电枪锁止机构,实用新型专利·其他发明人,,其他发明人,2026-05-16,,1.5,通过,陈晓宇,材料齐全，同意认定
202500736,其他实践活动,德国亚琛工业大学线上交流项目,学术交流访问·出境交流,,,2026-03-17,,2.0,公示中,陈晓宇,符合认定条件，通过
202500737,前沿学术报告,汽车百家讲坛,第6-10期·动力电池热管理关键技术,,,2026-02-06,,0.25,驳回,吴敏,材料不完整，请补充佐证后重新提交
202500737,年度创新创业项目,省级·一般成员,智能导览机器人设计与实现,,一般成员,2025-03-15,2028-06-30,1.5,待审核,,
202500737,科技创新竞赛,挑战杯全国大学生课外学术科技作品竞赛,,省级·三等奖,第一完成人,2026-03-08,,1.0,驳回,吴敏,盖章缺失，请重新上传完整材料
202500737,创业实践,校内共享打印服务站,注册成立公司·团队成员,,团队成员,2026-05-27,,2.0,通过,吴敏,符合认定条件，通过
202500737,学术论文,汽车主动悬架半主动控制策略仿真,国际/国内会议·其他作者,,其他作者,2026-06-01,,1.0,通过,吴敏,佐证材料完整，予以通过
202500737,申请专利,一种车载智能空气净化装置,实用新型专利·第一发明人,,第一发明人,2026-08-15,,3.0,驳回,吴敏,时间信息有误，请核对后重新提交
202500737,其他实践活动,暑期高校科学营活动,学科冬夏令营·国家级,,,2026-04-08,,2.0,通过,吴敏,佐证材料完整，予以通过
202500738,前沿学术报告,信息科学论坛,第1-5期·汽车空气动力学优化设计,,,2026-03-10,,0.25,驳回,吴敏,时间信息有误，请核对后重新提交
202500738,年度创新创业项目,省级·负责人,智能导览机器人设计与实现,,负责人,2025-04-17,2028-06-30,4.0,通过,吴敏,佐证材料完整，予以通过
202500738,科技创新竞赛,山东省大学生机电产品创新设计竞赛,,省级·一等奖,第二完成人,2026-08-14,,2.1,通过,吴敏,材料齐全，同意认定
202500738,创业实践,二手车检测陪购服务工作室,注册成立公司·法人代表,,法人代表,2026-06-22,,6.0,待审核,,
202500738,学术论文,燃料电池汽车氢气循环系统特性分析,普通期刊·第二作者,,第二作者,2026-02-27,,1.0,待审核,,
202500738,申请专利,一种基于视觉的后视镜盲区监测装置,发明专利·第一发明人,,第一发明人,2026-03-28,,6.0,通过,吴敏,材料齐全，同意认定
202500738,其他实践活动,全国大学生汽车科技夏令营,技能资格培训·高级,,,2026-08-18,,1.5,通过,吴敏,材料齐全，同意认定
202500739,前沿学术报告,名家学术讲座,单场·无人驾驶环境感知技术进展,,,2026-02-15,,0.5,通过,吴敏,材料齐全，同意认定
202500739,年度创新创业项目,校级·核心成员,智能导览机器人设计与实现,,核心成员,2025-09-18,2028-06-30,1.5,通过,吴敏,材料齐全，同意认定
202500739,科技创新竞赛,校智能车校内选拔赛,,校级·三等奖,第一完成人,2026-04-24,,0.5,通过,吴敏,材料齐全，同意认定
202500739,创业实践,校园二手书流转平台,入驻孵化器·团队成员,,团队成员,2026-04-28,,2.0,待院长审批,吴敏,初审通过，转院长审批
202500739,学术论文,电动汽车无线充电耦合机构优化设计,普通期刊·第一作者,,第一作者,2026-04-21,,2.0,通过,吴敏,符合认定条件，通过
202500739,申请专利,一种多功能汽车后备箱收纳架,发明专利·第一发明人,,第一发明人,2026-01-07,,6.0,通过,吴敏,材料齐全，同意认定
202500739,其他实践活动,智能驾驶技术专题培训,学科冬夏令营·国家级,,,2026-04-05,,2.0,通过,吴敏,材料齐全，同意认定
202500740,前沿学术报告,汽车百家讲坛,第1-5期·无人驾驶环境感知技术进展,,,2026-02-25,,0.25,待审核,,
202500740,年度创新创业项目,院级·负责人,太阳能小车能量管理策略研究,,负责人,2025-07-15,2028-06-30,1.0,通过,吴敏,佐证材料完整，予以通过
202500740,科技创新竞赛,全国大学生机械创新设计大赛,,国家级·二等奖,第三完成人,2026-07-20,,2.0,通过,吴敏,佐证材料完整，予以通过
202500740,创业实践,智能驾培服务平台,创业训练计划·负责人,,负责人,2026-04-17,,3.0,驳回,吴敏,盖章缺失，请重新上传完整材料
202500740,学术论文,燃料电池汽车氢气循环系统特性分析,普通期刊·其他作者,,其他作者,2026-02-19,,0.5,通过,吴敏,佐证材料完整，予以通过
202500740,申请专利,一种基于视觉的后视镜盲区监测装置,实用新型专利·其他发明人,,其他发明人,2026-07-21,,1.5,通过,吴敏,符合认定条件，通过
202500740,其他实践活动,汽车造型设计工作坊,技能资格培训·中级,,,2026-03-14,,1.0,通过,吴敏,材料齐全，同意认定
202500741,前沿学术报告,名家学术讲座,单场·动力电池热管理关键技术,,,2026-08-22,,0.5,驳回,吴敏,盖章缺失，请重新上传完整材料
202500741,年度创新创业项目,省级·核心成员,智能导览机器人设计与实现,,核心成员,2025-11-05,2028-06-30,3.0,待审核,,
202500741,科技创新竞赛,中国国际大学生创新大赛,,国家级·二等奖,第三完成人,2026-02-24,,2.0,通过,吴敏,材料齐全，同意认定
202500741,创业实践,新能源汽车科普工作室,入驻孵化器·团队成员,,团队成员,2026-07-06,,2.0,驳回,吴敏,认定依据不足，请补充说明材料
202500741,学术论文,汽车主动悬架半主动控制策略仿真,核心期刊·第二作者,,第二作者,2026-03-19,,2.0,驳回,吴敏,盖章缺失，请重新上传完整材料
202500741,申请专利,一种车载智能空气净化装置,实用新型专利·第一发明人,,第一发明人,2026-02-06,,3.0,通过,吴敏,佐证材料完整，予以通过
202500741,其他实践活动,德国亚琛工业大学线上交流项目,技能资格培训·高级,,,2026-03-15,,1.5,通过,吴敏,材料齐全，同意认定
202500742,前沿学术报告,汽车百家讲坛,第6-10期·动力电池热管理关键技术,,,2026-08-25,,0.25,待审核,,
202500742,年度创新创业项目,校级·负责人,基于深度学习的交通标志识别系统,,负责人,2025-06-17,2028-06-30,2.0,通过,吴敏,材料齐全，同意认定
202500742,科技创新竞赛,中国国际大学生创新大赛,,国家级·一等奖,负责人,2026-01-07,,6.0,驳回,吴敏,盖章缺失，请重新上传完整材料
202500742,创业实践,新能源汽车科普工作室,注册成立公司·合伙人,,合伙人,2026-05-27,,4.0,驳回,吴敏,材料不完整，请补充佐证后重新提交
202500742,学术论文,汽车主动悬架半主动控制策略仿真,核心期刊·第二作者,,第二作者,2026-08-20,,2.0,驳回,吴敏,认定依据不足，请补充说明材料
202500742,申请专利,一种基于视觉的后视镜盲区监测装置,外观设计专利·第一发明人,,第一发明人,2026-01-03,,2.0,通过,吴敏,材料齐全，同意认定
202500742,其他实践活动,汽车造型设计工作坊,学科冬夏令营·国家级,,,2026-02-22,,2.0,通过,吴敏,符合认定条件，通过
202500743,前沿学术报告,汽车百家讲坛,第1-5期·动力电池热管理关键技术,,,2026-08-17,,0.25,通过,吴敏,佐证材料完整，予以通过
202500743,年度创新创业项目,省级·核心成员,汽车内饰件轻量化设计,,核心成员,2025-07-07,2028-06-30,3.0,通过,吴敏,符合认定条件，通过
202500743,科技创新竞赛,挑战杯全国大学生课外学术科技作品竞赛,,国家级·二等奖,第三完成人,2026-01-05,,2.0,驳回,吴敏,盖章缺失，请重新上传完整材料
202500743,创业实践,校内共享打印服务站,入驻孵化器·团队成员,,团队成员,2026-06-05,,2.0,待审核,,
202500743,学术论文,基于多目标优化的车身结构轻量化设计,国际/国内会议·第一作者,,第一作者,2026-07-13,,3.0,通过,吴敏,佐证材料完整，予以通过
202500743,申请专利,一种基于视觉的后视镜盲区监测装置,实用新型专利·第一发明人,,第一发明人,2026-03-02,,3.0,通过,吴敏,材料齐全，同意认定
202500743,其他实践活动,汽车造型设计工作坊,学术交流访问·出境交流,,,2026-08-17,,2.0,驳回,吴敏,盖章缺失，请重新上传完整材料
202500744,前沿学术报告,汽车百家讲坛,第6-10期·氢能及燃料电池汽车产业展望,,,2026-05-22,,0.25,待审核,,
202500744,年度创新创业项目,省级·负责人,智能导览机器人设计与实现,,负责人,2025-07-19,2028-06-30,4.0,通过,吴敏,符合认定条件，通过
202500744,科技创新竞赛,中国大学生方程式汽车大赛,,国家级·二等奖,核心成员,2026-05-08,,2.4,通过,吴敏,材料齐全，同意认定
202500744,创业实践,校园二手书流转平台,入驻孵化器·团队成员,,团队成员,2026-08-13,,2.0,通过,吴敏,佐证材料完整，予以通过
202500744,学术论文,燃料电池汽车氢气循环系统特性分析,普通期刊·其他作者,,其他作者,2026-07-22,,0.5,待审核,,
202500744,申请专利,一种基于视觉的后视镜盲区监测装置,外观设计专利·其他发明人,,其他发明人,2026-05-06,,1.0,待院长审批,吴敏,初审通过，转院长审批
202500744,其他实践活动,智能驾驶技术专题培训,学术交流访问·出境交流,,,2026-08-21,,2.0,通过,吴敏,佐证材料完整，予以通过
202500745,前沿学术报告,汽车百家讲坛,第1-5期·无人驾驶环境感知技术进展,,,2026-05-24,,0.25,驳回,吴敏,时间信息有误，请核对后重新提交
202500745,年度创新创业项目,院级·一般成员,新能源汽车电池热管理优化研究,,一般成员,2025-04-09,2028-06-30,0.5,通过,吴敏,材料齐全，同意认定
202500745,科技创新竞赛,全国大学生数学建模竞赛,,国家级·三等奖,第一完成人,2026-05-16,,2.0,通过,吴敏,符合认定条件，通过
202500745,创业实践,二手车检测陪购服务工作室,创业训练计划·负责人,,负责人,2026-02-13,,3.0,通过,吴敏,材料齐全，同意认定
202500745,学术论文,低温环境下锂电池充放电特性研究,普通期刊·第一作者,,第一作者,2026-01-21,,2.0,通过,吴敏,符合认定条件，通过
202500745,申请专利,一种基于视觉的后视镜盲区监测装置,实用新型专利·其他发明人,,其他发明人,2026-02-12,,1.5,驳回,吴敏,材料不完整，请补充佐证后重新提交
202500745,其他实践活动,智能驾驶技术专题培训,学科冬夏令营·省级,,,2026-08-07,,1.0,通过,吴敏,符合认定条件，通过
202500746,前沿学术报告,汽车百家讲坛,第1-5期·智能网联汽车技术前沿,,,2026-07-22,,0.25,通过,吴敏,符合认定条件，通过
202500746,年度创新创业项目,省级·一般成员,二手车价格预测模型构建,,一般成员,2025-08-16,2028-06-30,1.5,驳回,吴敏,认定依据不足，请补充说明材料
202500746,科技创新竞赛,校智能车校内选拔赛,,校级·二等奖,第一完成人,2026-05-28,,0.5,通过,吴敏,佐证材料完整，予以通过
202500746,创业实践,智能驾培服务平台,入驻孵化器·团队成员,,团队成员,2026-02-24,,2.0,待院长审批,吴敏,初审通过，转院长审批
202500746,学术论文,基于YOLO的车距保持辅助算法研究,国际/国内会议·第二作者,,第二作者,2026-03-05,,2.0,通过,吴敏,符合认定条件，通过
202500746,申请专利,一种基于视觉的后视镜盲区监测装置,实用新型专利·其他发明人,,其他发明人,2026-06-02,,1.5,驳回,吴敏,认定依据不足，请补充说明材料
202500746,其他实践活动,全国大学生汽车科技夏令营,学术交流访问·境内交流,,,2026-03-01,,1.0,驳回,吴敏,材料不完整，请补充佐证后重新提交
202500747,前沿学术报告,汽车百家讲坛,第6-10期·动力电池热管理关键技术,,,2026-06-16,,0.25,通过,吴敏,符合认定条件，通过
202500747,年度创新创业项目,省级·一般成员,智能导览机器人设计与实现,,一般成员,2025-04-21,2028-06-30,1.5,通过,吴敏,材料齐全，同意认定
202500747,科技创新竞赛,中国大学生方程式汽车大赛,,国家级·一等奖,第一完成人,2026-02-21,,6.0,待审核,,
202500747,创业实践,校内共享打印服务站,注册成立公司·法人代表,,法人代表,2026-04-19,,6.0,驳回,吴敏,材料不完整，请补充佐证后重新提交
202500747,学术论文,低温环境下锂电池充放电特性研究,国际/国内会议·其他作者,,其他作者,2026-08-02,,1.0,待审核,,
202500747,申请专利,一种电动汽车电池包液冷结构,发明专利·第一发明人,,第一发明人,2026-08-02,,6.0,驳回,吴敏,时间信息有误，请核对后重新提交
202500747,其他实践活动,暑期高校科学营活动,学术交流访问·境内交流,,,2026-03-11,,1.0,驳回,吴敏,认定依据不足，请补充说明材料
202500748,前沿学术报告,汽车百家讲坛,第1-5期·车载总线与嵌入式系统开发,,,2026-07-19,,0.25,公示中,吴敏,材料齐全，同意认定
202500748,年度创新创业项目,省级·一般成员,太阳能小车能量管理策略研究,,一般成员,2025-10-21,2028-06-30,1.5,通过,吴敏,符合认定条件，通过
202500748,科技创新竞赛,全国大学生数学建模竞赛,,国家级·二等奖,核心成员,2026-03-28,,2.4,驳回,吴敏,材料不完整，请补充佐证后重新提交
202500748,创业实践,校园二手书流转平台,入驻孵化器·团队成员,,团队成员,2026-08-21,,2.0,驳回,吴敏,盖章缺失，请重新上传完整材料
202500748,学术论文,燃料电池汽车氢气循环系统特性分析,核心期刊·其他作者,,其他作者,2026-02-19,,1.0,通过,吴敏,材料齐全，同意认定
202500748,申请专利,一种基于视觉的后视镜盲区监测装置,实用新型专利·第一发明人,,第一发明人,2026-01-05,,3.0,通过,吴敏,材料齐全，同意认定
202500748,其他实践活动,智能驾驶技术专题培训,学术交流访问·出境交流,,,2026-02-13,,2.0,驳回,吴敏,时间信息有误，请核对后重新提交
202500749,前沿学术报告,名家学术讲座,单场·汽车轻量化设计与新材料应用,,,2026-05-26,,0.5,通过,吴敏,佐证材料完整，予以通过
202500749,年度创新创业项目,省级·核心成员,校园共享电动车调度优化研究,,核心成员,2025-05-21,2028-06-30,3.0,通过,吴敏,材料齐全，同意认定
202500749,科技创新竞赛,中国大学生方程式汽车大赛,,国家级·一等奖,核心成员,2026-01-07,,3.6,驳回,吴敏,材料不完整，请补充佐证后重新提交
202500749,创业实践,二手车检测陪购服务工作室,注册成立公司·法人代表,,法人代表,2026-03-28,,6.0,通过,吴敏,佐证材料完整，予以通过
202500749,学术论文,基于多目标优化的车身结构轻量化设计,国际/国内会议·其他作者,,其他作者,2026-04-01,,1.0,通过,吴敏,符合认定条件，通过
202500749,申请专利,一种新能源汽车充电枪锁止机构,发明专利·第一发明人,,第一发明人,2026-07-17,,6.0,通过,吴敏,符合认定条件，通过
202500749,其他实践活动,全国大学生汽车科技夏令营,学科冬夏令营·国家级,,,2026-07-03,,2.0,驳回,吴敏,盖章缺失，请重新上传完整材料
202500750,前沿学术报告,名家学术讲座,单场·动力电池热管理关键技术,,,2026-02-27,,0.5,驳回,吴敏,材料不完整，请补充佐证后重新提交
202500750,年度创新创业项目,省级·负责人,氢燃料电池汽车散热性能仿真分析,,负责人,2025-06-14,2028-06-30,4.0,驳回,吴敏,盖章缺失，请重新上传完整材料
202500750,科技创新竞赛,全国大学生智能汽车竞赛,,国家级·三等奖,第一完成人,2026-02-04,,2.0,通过,吴敏,材料齐全，同意认定
202500750,创业实践,新能源汽车科普工作室,注册成立公司·法人代表,,法人代表,2026-08-23,,6.0,通过,吴敏,材料齐全，同意认定
202500750,学术论文,低温环境下锂电池充放电特性研究,普通期刊·其他作者,,其他作者,2026-06-06,,0.5,通过,吴敏,材料齐全，同意认定
202500750,申请专利,一种电动汽车电池包液冷结构,发明专利·第一发明人,,第一发明人,2026-05-11,,6.0,驳回,吴敏,时间信息有误，请核对后重新提交
202500750,其他实践活动,汽车造型设计工作坊,学术交流访问·境内交流,,,2026-01-20,,1.0,待审核,,
202500751,前沿学术报告,汽车百家讲坛,第11期以后·智能网联汽车技术前沿,,,2026-01-16,,0.25,通过,吴敏,符合认定条件，通过
202500751,年度创新创业项目,省级·一般成员,新能源汽车电池热管理优化研究,,一般成员,2025-03-02,2028-06-30,1.5,驳回,吴敏,认定依据不足，请补充说明材料
202500751,科技创新竞赛,中国大学生方程式汽车大赛,,国家级·一等奖,负责人,2026-08-17,,6.0,驳回,吴敏,材料不完整，请补充佐证后重新提交
202500751,创业实践,校内共享打印服务站,注册成立公司·法人代表,,法人代表,2026-07-04,,6.0,通过,吴敏,佐证材料完整，予以通过
202500751,学术论文,基于多目标优化的车身结构轻量化设计,核心期刊·第二作者,,第二作者,2026-06-10,,2.0,通过,吴敏,材料齐全，同意认定
202500751,申请专利,一种电动汽车电池包液冷结构,实用新型专利·其他发明人,,其他发明人,2026-01-03,,1.5,待院长审批,吴敏,初审通过，转院长审批
202500751,其他实践活动,全国大学生汽车科技夏令营,技能资格培训·高级,,,2026-02-12,,1.5,待审核,,
202500752,前沿学术报告,信息科学论坛,第1-5期·智能网联汽车技术前沿,,,2026-07-13,,0.25,通过,吴敏,材料齐全，同意认定
202500752,年度创新创业项目,校级·一般成员,基于STM32的智能循迹小车,,一般成员,2025-03-14,2028-06-30,1.0,通过,吴敏,材料齐全，同意认定
202500752,科技创新竞赛,全国大学生机械创新设计大赛,,省级·一等奖,负责人,2026-07-18,,3.0,驳回,吴敏,材料不完整，请补充佐证后重新提交
202500752,创业实践,校园二手书流转平台,入驻孵化器·团队成员,,团队成员,2026-03-25,,2.0,通过,吴敏,佐证材料完整，予以通过
202500752,学术论文,基于深度学习的路面裂缝检测方法研究,普通期刊·其他作者,,其他作者,2026-01-07,,0.5,通过,吴敏,符合认定条件，通过
202500752,申请专利,一种新能源汽车充电枪锁止机构,实用新型专利·其他发明人,,其他发明人,2026-04-23,,1.5,驳回,吴敏,材料不完整，请补充佐证后重新提交
202500752,其他实践活动,汽车工程学院企业行,技能资格培训·初级,,,2026-08-28,,0.5,驳回,吴敏,盖章缺失，请重新上传完整材料
202500753,前沿学术报告,名家学术讲座,单场·智能制造与数字化工厂实践,,,2026-01-08,,0.5,通过,吴敏,材料齐全，同意认定
202500753,年度创新创业项目,校级·一般成员,轮胎花纹与湿滑路面制动性能仿真,,一般成员,2025-07-02,2028-06-30,1.0,通过,吴敏,符合认定条件，通过
202500753,科技创新竞赛,全国大学生数学建模竞赛,,国家级·三等奖,第三完成人,2026-08-12,,1.0,通过,吴敏,材料齐全，同意认定
202500753,创业实践,新能源汽车科普工作室,创业训练计划·负责人,,负责人,2026-04-09,,3.0,驳回,吴敏,材料不完整，请补充佐证后重新提交
202500753,学术论文,混合动力汽车能量管理策略仿真,核心期刊·第二作者,,第二作者,2026-07-06,,2.0,通过,吴敏,材料齐全，同意认定
202500753,申请专利,一种车载智能空气净化装置,实用新型专利·其他发明人,,其他发明人,2026-04-05,,1.5,待审核,,
202500753,其他实践活动,汽车工程学院企业行,技能资格培训·高级,,,2026-03-04,,1.5,通过,吴敏,佐证材料完整，予以通过
202500754,前沿学术报告,名家学术讲座,单场·氢能及燃料电池汽车产业展望,,,2026-07-16,,0.5,待审核,,
202500754,年度创新创业项目,省级·负责人,基于STM32的智能循迹小车,,负责人,2025-02-15,2028-06-30,4.0,驳回,吴敏,材料不完整，请补充佐证后重新提交
202500754,科技创新竞赛,全国大学生数学建模竞赛,,省级·一等奖,第三完成人,2026-06-19,,1.5,通过,吴敏,佐证材料完整，予以通过
202500754,创业实践,大学生汽车文创工作室,注册成立公司·法人代表,,法人代表,2026-04-21,,6.0,通过,吴敏,符合认定条件，通过
202500754,学术论文,基于YOLO的车距保持辅助算法研究,普通期刊·其他作者,,其他作者,2026-01-22,,0.5,驳回,吴敏,材料不完整，请补充佐证后重新提交
202500754,申请专利,一种电动汽车电池包液冷结构,发明专利·第一发明人,,第一发明人,2026-05-07,,6.0,待院长审批,吴敏,初审通过，转院长审批
202500754,其他实践活动,德国亚琛工业大学线上交流项目,学术交流访问·出境交流,,,2026-08-05,,2.0,通过,吴敏,材料齐全，同意认定
202500755,前沿学术报告,名家学术讲座,单场·智能网联汽车技术前沿,,,2026-01-05,,0.5,驳回,吴敏,材料不完整，请补充佐证后重新提交
202500755,年度创新创业项目,院级·负责人,二手车价格预测模型构建,,负责人,2025-02-25,2028-06-30,1.0,待审核,,
202500755,科技创新竞赛,中国国际大学生创新大赛,,省级·三等奖,第三完成人,2026-04-08,,0.5,通过,吴敏,材料齐全，同意认定
202500755,创业实践,校内共享打印服务站,注册成立公司·合伙人,,合伙人,2026-01-23,,4.0,驳回,吴敏,认定依据不足，请补充说明材料
202500755,学术论文,基于多目标优化的车身结构轻量化设计,国际/国内会议·第二作者,,第二作者,2026-04-13,,2.0,驳回,吴敏,时间信息有误，请核对后重新提交
202500755,申请专利,一种新能源汽车充电枪锁止机构,外观设计专利·其他发明人,,其他发明人,2026-04-23,,1.0,通过,吴敏,材料齐全，同意认定
202500755,其他实践活动,全国大学生汽车科技夏令营,学术交流访问·境内交流,,,2026-05-18,,1.0,通过,吴敏,符合认定条件，通过
202500756,前沿学术报告,名家学术讲座,单场·汽车芯片与域控制器架构,,,2026-01-28,,0.5,待审核,,
202500756,年度创新创业项目,校级·一般成员,基于深度学习的交通标志识别系统,,一般成员,2025-10-28,2028-06-30,1.0,待审核,,
202500756,科技创新竞赛,全国大学生智能汽车竞赛,,国家级·一等奖,第三完成人,2026-02-05,,3.0,驳回,吴敏,盖章缺失，请重新上传完整材料
202500756,创业实践,二手车检测陪购服务工作室,入驻孵化器·负责人,,负责人,2026-02-28,,4.0,驳回,吴敏,认定依据不足，请补充说明材料
202500756,学术论文,基于深度学习的路面裂缝检测方法研究,核心期刊·其他作者,,其他作者,2026-03-13,,1.0,通过,吴敏,材料齐全，同意认定
202500756,申请专利,一种可调节角度的车载平板支架,实用新型专利·第一发明人,,第一发明人,2026-07-08,,3.0,通过,吴敏,材料齐全，同意认定
202500756,其他实践活动,汽车造型设计工作坊,学术交流访问·出境交流,,,2026-04-03,,2.0,驳回,吴敏,盖章缺失，请重新上传完整材料
202500757,前沿学术报告,名家学术讲座,单场·氢能及燃料电池汽车产业展望,,,2026-02-15,,0.5,通过,吴敏,材料齐全，同意认定
202500757,年度创新创业项目,院级·负责人,太阳能小车能量管理策略研究,,负责人,2025-12-17,2028-06-30,1.0,通过,吴敏,材料齐全，同意认定
202500757,科技创新竞赛,全国大学生数学建模竞赛,,省级·三等奖,第一完成人,2026-07-25,,1.0,通过,吴敏,佐证材料完整，予以通过
202500757,创业实践,新能源汽车科普工作室,入驻孵化器·团队成员,,团队成员,2026-05-14,,2.0,通过,吴敏,符合认定条件，通过
202500757,学术论文,基于深度学习的路面裂缝检测方法研究,国际/国内会议·其他作者,,其他作者,2026-07-25,,1.0,待审核,,
202500757,申请专利,一种车载智能空气净化装置,实用新型专利·其他发明人,,其他发明人,2026-07-24,,1.5,通过,吴敏,佐证材料完整，予以通过
202500757,其他实践活动,智能驾驶技术专题培训,技能资格培训·中级,,,2026-03-20,,1.0,通过,吴敏,材料齐全，同意认定
202500758,前沿学术报告,汽车百家讲坛,第11期以后·智能制造与数字化工厂实践,,,2026-04-02,,0.25,通过,吴敏,材料齐全，同意认定
202500758,年度创新创业项目,省级·核心成员,基于深度学习的交通标志识别系统,,核心成员,2025-11-25,2028-06-30,3.0,通过,吴敏,材料齐全，同意认定
202500758,科技创新竞赛,校智能车校内选拔赛,,校级·一等奖,核心成员,2026-08-11,,0.6,待审核,,
202500758,创业实践,新能源汽车科普工作室,创业训练计划·负责人,,负责人,2026-07-03,,3.0,通过,吴敏,符合认定条件，通过
202500758,学术论文,汽车主动悬架半主动控制策略仿真,普通期刊·第二作者,,第二作者,2026-04-04,,1.0,驳回,吴敏,时间信息有误，请核对后重新提交
202500758,申请专利,一种新能源汽车充电枪锁止机构,实用新型专利·第一发明人,,第一发明人,2026-03-09,,3.0,驳回,吴敏,时间信息有误，请核对后重新提交
202500758,其他实践活动,暑期高校科学营活动,学术交流访问·出境交流,,,2026-05-22,,2.0,通过,吴敏,符合认定条件，通过
202500759,前沿学术报告,名家学术讲座,单场·氢能及燃料电池汽车产业展望,,,2026-05-05,,0.5,通过,吴敏,材料齐全，同意认定
202500759,年度创新创业项目,校级·负责人,车载OBD数据采集与驾驶行为分析,,负责人,2025-02-05,2028-06-30,2.0,通过,吴敏,佐证材料完整，予以通过
202500759,科技创新竞赛,全国大学生数学建模竞赛,,省级·三等奖,第一完成人,2026-05-07,,1.0,驳回,吴敏,时间信息有误，请核对后重新提交
202500759,创业实践,校内共享打印服务站,创业训练计划·团队成员,,团队成员,2026-08-20,,1.5,驳回,吴敏,材料不完整，请补充佐证后重新提交
202500759,学术论文,基于YOLO的车距保持辅助算法研究,核心期刊·第二作者,,第二作者,2026-02-22,,2.0,待审核,,
202500759,申请专利,一种可调节角度的车载平板支架,外观设计专利·第一发明人,,第一发明人,2026-03-09,,2.0,待院长审批,吴敏,初审通过，转院长审批
202500759,其他实践活动,暑期高校科学营活动,技能资格培训·中级,,,2026-07-25,,1.0,通过,吴敏,材料齐全，同意认定
202500760,前沿学术报告,汽车百家讲坛,第6-10期·氢能及燃料电池汽车产业展望,,,2026-07-01,,0.25,通过,吴敏,佐证材料完整，予以通过
202500760,年度创新创业项目,院级·负责人,二手车价格预测模型构建,,负责人,2025-12-23,2028-06-30,1.0,驳回,吴敏,盖章缺失，请重新上传完整材料
202500760,科技创新竞赛,全国大学生机械创新设计大赛,,国家级·一等奖,负责人,2026-07-02,,6.0,驳回,吴敏,盖章缺失，请重新上传完整材料
202500760,创业实践,校园二手书流转平台,注册成立公司·法人代表,,法人代表,2026-04-27,,6.0,驳回,吴敏,材料不完整，请补充佐证后重新提交
202500760,学术论文,基于多目标优化的车身结构轻量化设计,普通期刊·第一作者,,第一作者,2026-05-17,,2.0,通过,吴敏,符合认定条件，通过
202500760,申请专利,一种可调节角度的车载平板支架,发明专利·其他发明人,,其他发明人,2026-08-13,,3.0,待审核,,
202500760,其他实践活动,全国大学生汽车科技夏令营,学科冬夏令营·国家级,,,2026-02-12,,2.0,通过,吴敏,材料齐全，同意认定
202500761,前沿学术报告,汽车百家讲坛,第11期以后·汽车空气动力学优化设计,,,2026-02-14,,0.25,驳回,吴敏,认定依据不足，请补充说明材料
202500761,年度创新创业项目,院级·一般成员,太阳能小车能量管理策略研究,,一般成员,2025-12-16,2028-06-30,0.5,驳回,吴敏,材料不完整，请补充佐证后重新提交
202500761,科技创新竞赛,中国大学生方程式汽车大赛,,国家级·一等奖,核心成员,2026-07-13,,3.6,通过,吴敏,材料齐全，同意认定
202500761,创业实践,智能驾培服务平台,入驻孵化器·负责人,,负责人,2026-01-07,,4.0,待院长审批,吴敏,初审通过，转院长审批
202500761,学术论文,低温环境下锂电池充放电特性研究,核心期刊·其他作者,,其他作者,2026-07-09,,1.0,驳回,吴敏,时间信息有误，请核对后重新提交
202500761,申请专利,一种车载智能空气净化装置,实用新型专利·第一发明人,,第一发明人,2026-06-16,,3.0,通过,吴敏,符合认定条件，通过
202500761,其他实践活动,德国亚琛工业大学线上交流项目,技能资格培训·高级,,,2026-05-28,,1.5,待审核,,
202500762,前沿学术报告,名家学术讲座,单场·无人驾驶环境感知技术进展,,,2026-01-13,,0.5,公示中,吴敏,佐证材料完整，予以通过
202500762,年度创新创业项目,院级·一般成员,基于STM32的智能循迹小车,,一般成员,2025-01-09,2028-06-30,0.5,驳回,吴敏,盖章缺失，请重新上传完整材料
202500762,科技创新竞赛,全国大学生智能汽车竞赛,,国家级·二等奖,第二完成人,2026-07-07,,2.8,待审核,,
202500762,创业实践,智能驾培服务平台,注册成立公司·合伙人,,合伙人,2026-08-08,,4.0,驳回,吴敏,时间信息有误，请核对后重新提交
202500762,学术论文,低温环境下锂电池充放电特性研究,国际/国内会议·第一作者,,第一作者,2026-03-19,,3.0,通过,吴敏,佐证材料完整，予以通过
202500762,申请专利,一种车载智能空气净化装置,实用新型专利·其他发明人,,其他发明人,2026-01-04,,1.5,驳回,吴敏,材料不完整，请补充佐证后重新提交
202500762,其他实践活动,汽车造型设计工作坊,学科冬夏令营·省级,,,2026-07-02,,1.0,通过,吴敏,材料齐全，同意认定
202500763,前沿学术报告,汽车百家讲坛,第1-5期·新能源汽车动力总成发展趋势,,,2026-02-01,,0.25,通过,吴敏,材料齐全，同意认定
202500763,年度创新创业项目,省级·核心成员,车载OBD数据采集与驾驶行为分析,,核心成员,2025-04-18,2028-06-30,3.0,通过,吴敏,佐证材料完整，予以通过
202500763,科技创新竞赛,山东省大学生机电产品创新设计竞赛,,省级·二等奖,第一完成人,2026-08-08,,2.0,通过,吴敏,材料齐全，同意认定
202500763,创业实践,二手车检测陪购服务工作室,创业训练计划·负责人,,负责人,2026-02-24,,3.0,驳回,吴敏,时间信息有误，请核对后重新提交
202500763,学术论文,燃料电池汽车氢气循环系统特性分析,SCI/EI 收录·第一作者,,第一作者,2026-03-25,,6.0,驳回,吴敏,时间信息有误，请核对后重新提交
202500763,申请专利,一种车载智能空气净化装置,实用新型专利·第一发明人,,第一发明人,2026-02-09,,3.0,通过,吴敏,符合认定条件，通过
202500763,其他实践活动,德国亚琛工业大学线上交流项目,技能资格培训·初级,,,2026-07-15,,0.5,通过,吴敏,符合认定条件，通过
202500764,前沿学术报告,汽车百家讲坛,第1-5期·无人驾驶环境感知技术进展,,,2026-07-28,,0.25,通过,吴敏,佐证材料完整，予以通过
202500764,年度创新创业项目,校级·负责人,新能源汽车电池热管理优化研究,,负责人,2025-06-04,2028-06-30,2.0,驳回,吴敏,盖章缺失，请重新上传完整材料
202500764,科技创新竞赛,山东省大学生机电产品创新设计竞赛,,省级·三等奖,第二完成人,2026-07-02,,0.7,通过,吴敏,符合认定条件，通过
202500764,创业实践,二手车检测陪购服务工作室,注册成立公司·团队成员,,团队成员,2026-06-18,,2.0,通过,吴敏,符合认定条件，通过
202500764,学术论文,电动汽车无线充电耦合机构优化设计,普通期刊·第一作者,,第一作者,2026-02-08,,2.0,待审核,,
202500764,申请专利,一种基于视觉的后视镜盲区监测装置,实用新型专利·其他发明人,,其他发明人,2026-05-15,,1.5,驳回,吴敏,材料不完整，请补充佐证后重新提交
202500764,其他实践活动,暑期高校科学营活动,技能资格培训·中级,,,2026-07-25,,1.0,通过,吴敏,佐证材料完整，予以通过
202500765,前沿学术报告,汽车百家讲坛,第11期以后·无人驾驶环境感知技术进展,,,2026-07-04,,0.25,通过,吴敏,佐证材料完整，予以通过
202500765,年度创新创业项目,省级·负责人,轮胎花纹与湿滑路面制动性能仿真,,负责人,2025-03-14,2028-06-30,4.0,通过,吴敏,材料齐全，同意认定
202500765,科技创新竞赛,中国大学生方程式汽车大赛,,国家级·三等奖,第一完成人,2026-04-24,,2.0,通过,吴敏,材料齐全，同意认定
202500765,创业实践,智能驾培服务平台,注册成立公司·法人代表,,法人代表,2026-05-22,,6.0,公示中,吴敏,佐证材料完整，予以通过
202500765,学术论文,混合动力汽车能量管理策略仿真,国际/国内会议·第一作者,,第一作者,2026-06-26,,3.0,待审核,,
202500765,申请专利,一种电动汽车电池包液冷结构,实用新型专利·第一发明人,,第一发明人,2026-08-03,,3.0,待院长审批,吴敏,初审通过，转院长审批
202500765,其他实践活动,暑期高校科学营活动,技能资格培训·中级,,,2026-04-24,,1.0,通过,吴敏,材料齐全，同意认定
202500766,前沿学术报告,汽车百家讲坛,第6-10期·无人驾驶环境感知技术进展,,,2026-05-13,,0.25,驳回,吴敏,盖章缺失，请重新上传完整材料
202500766,年度创新创业项目,院级·负责人,汽车内饰件轻量化设计,,负责人,2025-06-10,2028-06-30,1.0,通过,吴敏,材料齐全，同意认定
202500766,科技创新竞赛,中国大学生方程式汽车大赛,,国家级·二等奖,负责人,2026-04-16,,4.0,驳回,吴敏,时间信息有误，请核对后重新提交
202500766,创业实践,校内共享打印服务站,注册成立公司·团队成员,,团队成员,2026-07-27,,2.0,驳回,吴敏,材料不完整，请补充佐证后重新提交
202500766,学术论文,基于YOLO的车距保持辅助算法研究,国际/国内会议·其他作者,,其他作者,2026-04-12,,1.0,驳回,吴敏,材料不完整，请补充佐证后重新提交
202500766,申请专利,一种多功能汽车后备箱收纳架,实用新型专利·其他发明人,,其他发明人,2026-07-17,,1.5,通过,吴敏,佐证材料完整，予以通过
202500766,其他实践活动,汽车工程学院企业行,学术交流访问·境内交流,,,2026-04-06,,1.0,驳回,吴敏,盖章缺失，请重新上传完整材料
202500767,前沿学术报告,名家学术讲座,单场·车载总线与嵌入式系统开发,,,2026-08-14,,0.5,驳回,吴敏,时间信息有误，请核对后重新提交
202500767,年度创新创业项目,省级·负责人,校园共享电动车调度优化研究,,负责人,2025-09-11,2028-06-30,4.0,通过,吴敏,材料齐全，同意认定
202500767,科技创新竞赛,校智能车校内选拔赛,,校级·三等奖,第三完成人,2026-01-22,,0.25,公示中,吴敏,佐证材料完整，予以通过
202500767,创业实践,校内共享打印服务站,创业训练计划·团队成员,,团队成员,2026-05-06,,1.5,待审核,,
202500767,学术论文,低温环境下锂电池充放电特性研究,普通期刊·第一作者,,第一作者,2026-05-16,,2.0,待审核,,
202500767,申请专利,一种车载智能空气净化装置,实用新型专利·第一发明人,,第一发明人,2026-06-11,,3.0,通过,吴敏,佐证材料完整，予以通过
202500767,其他实践活动,全国大学生汽车科技夏令营,学科冬夏令营·省级,,,2026-03-13,,1.0,通过,吴敏,符合认定条件，通过
202500768,前沿学术报告,信息科学论坛,第1-5期·智能网联汽车技术前沿,,,2026-08-05,,0.25,驳回,吴敏,材料不完整，请补充佐证后重新提交
202500768,年度创新创业项目,省级·一般成员,二手车价格预测模型构建,,一般成员,2025-05-26,2028-06-30,1.5,公示中,吴敏,佐证材料完整，予以通过
202500768,科技创新竞赛,挑战杯全国大学生课外学术科技作品竞赛,,国家级·一等奖,核心成员,2026-07-02,,3.6,待院长审批,吴敏,初审通过，转院长审批
202500768,创业实践,校内共享打印服务站,创业训练计划·团队成员,,团队成员,2026-08-01,,1.5,待审核,,
202500768,学术论文,基于深度学习的路面裂缝检测方法研究,国际/国内会议·第二作者,,第二作者,2026-02-03,,2.0,通过,吴敏,材料齐全，同意认定
202500768,申请专利,一种可调节角度的车载平板支架,实用新型专利·第一发明人,,第一发明人,2026-04-20,,3.0,驳回,吴敏,时间信息有误，请核对后重新提交
202500768,其他实践活动,暑期高校科学营活动,学术交流访问·境内交流,,,2026-06-17,,1.0,通过,吴敏,佐证材料完整，予以通过
202500769,前沿学术报告,汽车百家讲坛,第6-10期·氢能及燃料电池汽车产业展望,,,2026-01-14,,0.25,待审核,,
202500769,年度创新创业项目,校级·负责人,基于机器视觉的行人过街检测系统,,负责人,2025-11-07,2028-06-30,2.0,通过,吴敏,符合认定条件，通过
202500769,科技创新竞赛,山东省大学生机电产品创新设计竞赛,,省级·二等奖,负责人,2026-08-21,,2.0,待审核,,
202500769,创业实践,大学生汽车文创工作室,入驻孵化器·负责人,,负责人,2026-04-28,,4.0,通过,吴敏,材料齐全，同意认定
202500769,学术论文,低温环境下锂电池充放电特性研究,核心期刊·第一作者,,第一作者,2026-06-25,,4.0,待院长审批,吴敏,初审通过，转院长审批
202500769,申请专利,一种车载智能空气净化装置,实用新型专利·第一发明人,,第一发明人,2026-02-24,,3.0,待审核,,
202500769,其他实践活动,德国亚琛工业大学线上交流项目,学术交流访问·境内交流,,,2026-07-05,,1.0,通过,吴敏,符合认定条件，通过
202500770,前沿学术报告,汽车百家讲坛,第11期以后·动力电池热管理关键技术,,,2026-02-28,,0.25,通过,吴敏,符合认定条件，通过
202500770,年度创新创业项目,省级·核心成员,二手车价格预测模型构建,,核心成员,2025-10-24,2028-06-30,3.0,通过,吴敏,符合认定条件，通过
202500770,科技创新竞赛,挑战杯全国大学生课外学术科技作品竞赛,,省级·一等奖,第三完成人,2026-03-21,,1.5,通过,吴敏,符合认定条件，通过
202500770,创业实践,新能源汽车科普工作室,注册成立公司·法人代表,,法人代表,2026-08-14,,6.0,待审核,,
202500770,学术论文,低温环境下锂电池充放电特性研究,普通期刊·第二作者,,第二作者,2026-08-17,,1.0,驳回,吴敏,盖章缺失，请重新上传完整材料
202500770,申请专利,一种车载智能空气净化装置,实用新型专利·第一发明人,,第一发明人,2026-02-03,,3.0,驳回,吴敏,认定依据不足，请补充说明材料
202500770,其他实践活动,汽车造型设计工作坊,学术交流访问·出境交流,,,2026-07-22,,2.0,驳回,吴敏,材料不完整，请补充佐证后重新提交
202500771,前沿学术报告,汽车百家讲坛,第11期以后·氢能及燃料电池汽车产业展望,,,2026-01-16,,0.25,驳回,吴敏,材料不完整，请补充佐证后重新提交
202500771,年度创新创业项目,校级·一般成员,二手车价格预测模型构建,,一般成员,2025-09-07,2028-06-30,1.0,通过,吴敏,材料齐全，同意认定
202500771,科技创新竞赛,全国大学生机械创新设计大赛,,省级·三等奖,负责人,2026-01-02,,1.0,待审核,,
202500771,创业实践,大学生汽车文创工作室,创业训练计划·负责人,,负责人,2026-02-19,,3.0,通过,吴敏,佐证材料完整，予以通过
202500771,学术论文,基于YOLO的车距保持辅助算法研究,普通期刊·第一作者,,第一作者,2026-05-15,,2.0,待审核,,
202500771,申请专利,一种电动汽车电池包液冷结构,发明专利·第一发明人,,第一发明人,2026-03-17,,6.0,驳回,吴敏,时间信息有误，请核对后重新提交
202500771,其他实践活动,暑期高校科学营活动,学术交流访问·出境交流,,,2026-07-23,,2.0,通过,吴敏,材料齐全，同意认定
202500772,前沿学术报告,名家学术讲座,单场·新能源汽车动力总成发展趋势,,,2026-07-06,,0.5,驳回,吴敏,盖章缺失，请重新上传完整材料
202500772,年度创新创业项目,校级·一般成员,基于深度学习的交通标志识别系统,,一般成员,2025-10-17,2028-06-30,1.0,通过,吴敏,符合认定条件，通过
202500772,科技创新竞赛,全国大学生节能减排社会实践与科技竞赛,,省级·一等奖,核心成员,2026-07-23,,1.8,通过,吴敏,材料齐全，同意认定
202500772,创业实践,大学生汽车文创工作室,入驻孵化器·负责人,,负责人,2026-07-16,,4.0,通过,吴敏,材料齐全，同意认定
202500772,学术论文,电动汽车无线充电耦合机构优化设计,国际/国内会议·第一作者,,第一作者,2026-08-21,,3.0,待审核,,
202500772,申请专利,一种车载智能空气净化装置,发明专利·其他发明人,,其他发明人,2026-04-08,,3.0,驳回,吴敏,材料不完整，请补充佐证后重新提交
202500772,其他实践活动,德国亚琛工业大学线上交流项目,学科冬夏令营·省级,,,2026-03-25,,1.0,通过,吴敏,材料齐全，同意认定
202500773,前沿学术报告,信息科学论坛,第1-5期·新能源汽车动力总成发展趋势,,,2026-08-10,,0.25,通过,吴敏,材料齐全，同意认定
202500773,年度创新创业项目,国家级·核心成员,校园共享电动车调度优化研究,,核心成员,2025-07-06,2028-06-30,4.0,通过,吴敏,佐证材料完整，予以通过
202500773,科技创新竞赛,中国国际大学生创新大赛,,国家级·二等奖,负责人,2026-02-28,,4.0,通过,吴敏,符合认定条件，通过
202500773,创业实践,新能源汽车科普工作室,创业训练计划·团队成员,,团队成员,2026-06-11,,1.5,通过,吴敏,符合认定条件，通过
202500773,学术论文,混合动力汽车能量管理策略仿真,国际/国内会议·其他作者,,其他作者,2026-08-13,,1.0,待院长审批,吴敏,初审通过，转院长审批
202500773,申请专利,一种电动汽车电池包液冷结构,实用新型专利·其他发明人,,其他发明人,2026-06-15,,1.5,驳回,吴敏,认定依据不足，请补充说明材料
202500773,其他实践活动,暑期高校科学营活动,学术交流访问·境内交流,,,2026-08-25,,1.0,通过,吴敏,符合认定条件，通过
202500774,前沿学术报告,汽车百家讲坛,第1-5期·汽车芯片与域控制器架构,,,2026-05-19,,0.25,待审核,,
202500774,年度创新创业项目,校级·一般成员,基于STM32的智能循迹小车,,一般成员,2025-04-15,2028-06-30,1.0,通过,吴敏,符合认定条件，通过
202500774,科技创新竞赛,全国大学生智能汽车竞赛,,省级·一等奖,负责人,2026-08-20,,3.0,待审核,,
202500774,创业实践,新能源汽车科普工作室,入驻孵化器·负责人,,负责人,2026-05-06,,4.0,通过,吴敏,符合认定条件，通过
202500774,学术论文,低温环境下锂电池充放电特性研究,普通期刊·第一作者,,第一作者,2026-02-23,,2.0,通过,吴敏,符合认定条件，通过
202500774,申请专利,一种多功能汽车后备箱收纳架,实用新型专利·第一发明人,,第一发明人,2026-01-15,,3.0,驳回,吴敏,材料不完整，请补充佐证后重新提交
202500774,其他实践活动,暑期高校科学营活动,技能资格培训·初级,,,2026-08-11,,0.5,通过,吴敏,符合认定条件，通过
202500775,前沿学术报告,汽车百家讲坛,第11期以后·智能网联汽车技术前沿,,,2026-04-09,,0.25,通过,吴敏,佐证材料完整，予以通过
202500775,年度创新创业项目,校级·核心成员,太阳能小车能量管理策略研究,,核心成员,2025-06-21,2028-06-30,1.5,待审核,,
202500775,科技创新竞赛,中国国际大学生创新大赛,,国家级·三等奖,核心成员,2026-02-02,,1.2,通过,吴敏,材料齐全，同意认定
202500775,创业实践,校园二手书流转平台,注册成立公司·法人代表,,法人代表,2026-02-06,,6.0,驳回,吴敏,认定依据不足，请补充说明材料
202500775,学术论文,燃料电池汽车氢气循环系统特性分析,普通期刊·其他作者,,其他作者,2026-04-11,,0.5,待审核,,
202500775,申请专利,一种新能源汽车充电枪锁止机构,实用新型专利·第一发明人,,第一发明人,2026-06-11,,3.0,待审核,,
202500775,其他实践活动,汽车工程学院企业行,学科冬夏令营·校级,,,2026-08-10,,0.5,通过,吴敏,符合认定条件，通过
202500776,前沿学术报告,名家学术讲座,单场·氢能及燃料电池汽车产业展望,,,2026-02-05,,0.5,通过,吴敏,材料齐全，同意认定
202500776,年度创新创业项目,校级·核心成员,基于深度学习的交通标志识别系统,,核心成员,2025-11-16,2028-06-30,1.5,驳回,吴敏,认定依据不足，请补充说明材料
202500776,科技创新竞赛,中国大学生方程式汽车大赛,,国家级·二等奖,第二完成人,2026-06-17,,2.8,待审核,,
202500776,创业实践,二手车检测陪购服务工作室,注册成立公司·合伙人,,合伙人,2026-08-10,,4.0,待院长审批,吴敏,初审通过，转院长审批
202500776,学术论文,基于多目标优化的车身结构轻量化设计,普通期刊·第二作者,,第二作者,2026-01-24,,1.0,驳回,吴敏,时间信息有误，请核对后重新提交
202500776,申请专利,一种可调节角度的车载平板支架,外观设计专利·其他发明人,,其他发明人,2026-02-02,,1.0,驳回,吴敏,盖章缺失，请重新上传完整材料
202500776,其他实践活动,汽车工程学院企业行,学术交流访问·出境交流,,,2026-01-05,,2.0,通过,吴敏,材料齐全，同意认定
202500777,前沿学术报告,名家学术讲座,单场·无人驾驶环境感知技术进展,,,2026-03-23,,0.5,通过,吴敏,符合认定条件，通过
202500777,年度创新创业项目,院级·负责人,新能源汽车电池热管理优化研究,,负责人,2025-07-16,2028-06-30,1.0,通过,吴敏,材料齐全，同意认定
202500777,科技创新竞赛,山东省大学生机电产品创新设计竞赛,,省级·二等奖,第三完成人,2026-05-04,,1.0,通过,吴敏,符合认定条件，通过
202500777,创业实践,智能驾培服务平台,入驻孵化器·团队成员,,团队成员,2026-01-01,,2.0,通过,吴敏,符合认定条件，通过
202500777,学术论文,混合动力汽车能量管理策略仿真,普通期刊·第一作者,,第一作者,2026-08-11,,2.0,通过,吴敏,符合认定条件，通过
202500777,申请专利,一种电动汽车电池包液冷结构,外观设计专利·第一发明人,,第一发明人,2026-04-22,,2.0,待院长审批,吴敏,初审通过，转院长审批
202500777,其他实践活动,暑期高校科学营活动,技能资格培训·高级,,,2026-05-05,,1.5,驳回,吴敏,盖章缺失，请重新上传完整材料
202500778,前沿学术报告,信息科学论坛,第1-5期·无人驾驶环境感知技术进展,,,2026-06-16,,0.25,待审核,,
202500778,年度创新创业项目,国家级·负责人,新能源汽车电池热管理优化研究,,负责人,2025-01-21,2028-06-30,6.0,通过,吴敏,佐证材料完整，予以通过
202500778,科技创新竞赛,全国大学生数学建模竞赛,,国家级·一等奖,负责人,2026-02-23,,6.0,待审核,,
202500778,创业实践,大学生汽车文创工作室,入驻孵化器·负责人,,负责人,2026-07-21,,4.0,待审核,,
202500778,学术论文,燃料电池汽车氢气循环系统特性分析,SCI/EI 收录·第一作者,,第一作者,2026-06-14,,6.0,待审核,,
202500778,申请专利,一种多功能汽车后备箱收纳架,外观设计专利·其他发明人,,其他发明人,2026-07-04,,1.0,通过,吴敏,材料齐全，同意认定
202500778,其他实践活动,汽车工程学院企业行,学术交流访问·境内交流,,,2026-01-11,,1.0,待审核,,
202500779,前沿学术报告,名家学术讲座,单场·动力电池热管理关键技术,,,2026-01-20,,0.5,通过,吴敏,符合认定条件，通过
202500779,年度创新创业项目,省级·负责人,新能源汽车电池热管理优化研究,,负责人,2025-04-25,2028-06-30,4.0,通过,吴敏,符合认定条件，通过
202500779,科技创新竞赛,全国大学生数学建模竞赛,,国家级·一等奖,第一完成人,2026-04-08,,6.0,驳回,吴敏,材料不完整，请补充佐证后重新提交
202500779,创业实践,二手车检测陪购服务工作室,创业训练计划·团队成员,,团队成员,2026-06-20,,1.5,通过,吴敏,材料齐全，同意认定
202500779,学术论文,混合动力汽车能量管理策略仿真,国际/国内会议·其他作者,,其他作者,2026-03-10,,1.0,驳回,吴敏,材料不完整，请补充佐证后重新提交
202500779,申请专利,一种新能源汽车充电枪锁止机构,发明专利·其他发明人,,其他发明人,2026-05-18,,3.0,驳回,吴敏,认定依据不足，请补充说明材料
202500779,其他实践活动,德国亚琛工业大学线上交流项目,学术交流访问·出境交流,,,2026-03-21,,2.0,通过,吴敏,符合认定条件，通过
202500780,前沿学术报告,汽车百家讲坛,第6-10期·汽车空气动力学优化设计,,,2026-05-24,,0.25,通过,吴敏,符合认定条件，通过
202500780,年度创新创业项目,省级·一般成员,智能导览机器人设计与实现,,一般成员,2025-07-17,2028-06-30,1.5,待审核,,
202500780,科技创新竞赛,山东省大学生机电产品创新设计竞赛,,省级·一等奖,第一完成人,2026-03-11,,3.0,待审核,,
202500780,创业实践,校内共享打印服务站,创业训练计划·团队成员,,团队成员,2026-04-28,,1.5,待院长审批,吴敏,初审通过，转院长审批
202500780,学术论文,基于YOLO的车距保持辅助算法研究,核心期刊·第一作者,,第一作者,2026-07-26,,4.0,驳回,吴敏,盖章缺失，请重新上传完整材料
202500780,申请专利,一种多功能汽车后备箱收纳架,发明专利·第一发明人,,第一发明人,2026-02-27,,6.0,驳回,吴敏,材料不完整，请补充佐证后重新提交
202500780,其他实践活动,汽车工程学院企业行,技能资格培训·高级,,,2026-04-14,,1.5,待审核,,
202500781,前沿学术报告,汽车百家讲坛,第11期以后·智能网联汽车技术前沿,,,2026-01-25,,0.25,通过,吴敏,佐证材料完整，予以通过
202500781,年度创新创业项目,校级·核心成员,基于深度学习的交通标志识别系统,,核心成员,2025-03-11,2028-06-30,1.5,驳回,吴敏,时间信息有误，请核对后重新提交
202500781,科技创新竞赛,挑战杯全国大学生课外学术科技作品竞赛,,省级·一等奖,第二完成人,2026-03-14,,2.1,通过,吴敏,材料齐全，同意认定
202500781,创业实践,校园二手书流转平台,创业训练计划·团队成员,,团队成员,2026-02-28,,1.5,驳回,吴敏,材料不完整，请补充佐证后重新提交
202500781,学术论文,基于深度学习的路面裂缝检测方法研究,核心期刊·第一作者,,第一作者,2026-05-16,,4.0,通过,吴敏,材料齐全，同意认定
202500781,申请专利,一种新能源汽车充电枪锁止机构,发明专利·其他发明人,,其他发明人,2026-06-17,,3.0,通过,吴敏,佐证材料完整，予以通过
202500781,其他实践活动,汽车造型设计工作坊,学术交流访问·境内交流,,,2026-05-20,,1.0,待审核,,
202500782,前沿学术报告,汽车百家讲坛,第11期以后·智能网联汽车技术前沿,,,2026-06-19,,0.25,驳回,吴敏,材料不完整，请补充佐证后重新提交
202500782,年度创新创业项目,校级·一般成员,基于深度学习的交通标志识别系统,,一般成员,2025-05-01,2028-06-30,1.0,通过,吴敏,佐证材料完整，予以通过
202500782,科技创新竞赛,挑战杯全国大学生课外学术科技作品竞赛,,省级·二等奖,核心成员,2026-01-21,,1.2,通过,吴敏,佐证材料完整，予以通过
202500782,创业实践,校园二手书流转平台,入驻孵化器·负责人,,负责人,2026-02-22,,4.0,待审核,,
202500782,学术论文,电动汽车无线充电耦合机构优化设计,国际/国内会议·第一作者,,第一作者,2026-06-10,,3.0,通过,吴敏,材料齐全，同意认定
202500782,申请专利,一种电动汽车电池包液冷结构,实用新型专利·第一发明人,,第一发明人,2026-01-25,,3.0,通过,吴敏,材料齐全，同意认定
202500782,其他实践活动,全国大学生汽车科技夏令营,学术交流访问·出境交流,,,2026-06-13,,2.0,通过,吴敏,材料齐全，同意认定
202500783,前沿学术报告,汽车百家讲坛,第1-5期·智能网联汽车技术前沿,,,2026-08-01,,0.25,通过,吴敏,材料齐全，同意认定
202500783,年度创新创业项目,省级·负责人,氢燃料电池汽车散热性能仿真分析,,负责人,2025-01-28,2028-06-30,4.0,驳回,吴敏,时间信息有误，请核对后重新提交
202500783,科技创新竞赛,全国大学生智能汽车竞赛,,国家级·三等奖,核心成员,2026-02-14,,1.2,驳回,吴敏,材料不完整，请补充佐证后重新提交
202500783,创业实践,智能驾培服务平台,注册成立公司·法人代表,,法人代表,2026-03-08,,6.0,通过,吴敏,符合认定条件，通过
202500783,学术论文,低温环境下锂电池充放电特性研究,普通期刊·第一作者,,第一作者,2026-07-10,,2.0,通过,吴敏,材料齐全，同意认定
202500783,申请专利,一种多功能汽车后备箱收纳架,实用新型专利·其他发明人,,其他发明人,2026-01-15,,1.5,驳回,吴敏,认定依据不足，请补充说明材料
202500783,其他实践活动,暑期高校科学营活动,技能资格培训·高级,,,2026-06-19,,1.5,驳回,吴敏,盖章缺失，请重新上传完整材料
202500784,前沿学术报告,汽车百家讲坛,第1-5期·新能源汽车动力总成发展趋势,,,2026-04-09,,0.25,通过,吴敏,材料齐全，同意认定
202500784,年度创新创业项目,校级·核心成员,轮胎花纹与湿滑路面制动性能仿真,,核心成员,2025-05-17,2028-06-30,1.5,驳回,吴敏,材料不完整，请补充佐证后重新提交
202500784,科技创新竞赛,全国大学生智能汽车竞赛,,省级·三等奖,第三完成人,2026-05-22,,0.5,待院长审批,吴敏,初审通过，转院长审批
202500784,创业实践,大学生汽车文创工作室,注册成立公司·合伙人,,合伙人,2026-01-13,,4.0,驳回,吴敏,材料不完整，请补充佐证后重新提交
202500784,学术论文,混合动力汽车能量管理策略仿真,普通期刊·第二作者,,第二作者,2026-08-19,,1.0,驳回,吴敏,认定依据不足，请补充说明材料
202500784,申请专利,一种多功能汽车后备箱收纳架,发明专利·其他发明人,,其他发明人,2026-02-16,,3.0,通过,吴敏,符合认定条件，通过
202500784,其他实践活动,德国亚琛工业大学线上交流项目,学术交流访问·出境交流,,,2026-07-22,,2.0,驳回,吴敏,盖章缺失，请重新上传完整材料
202500785,前沿学术报告,名家学术讲座,单场·智能网联汽车技术前沿,,,2026-08-26,,0.5,驳回,吴敏,盖章缺失，请重新上传完整材料
202500785,年度创新创业项目,院级·核心成员,基于STM32的智能循迹小车,,核心成员,2025-07-15,2028-06-30,0.5,通过,吴敏,材料齐全，同意认定
202500785,科技创新竞赛,全国大学生机械创新设计大赛,,国家级·二等奖,负责人,2026-06-25,,4.0,待审核,,
202500785,创业实践,校内共享打印服务站,入驻孵化器·团队成员,,团队成员,2026-04-13,,2.0,驳回,吴敏,盖章缺失，请重新上传完整材料
202500785,学术论文,电动汽车无线充电耦合机构优化设计,国际/国内会议·其他作者,,其他作者,2026-02-03,,1.0,通过,吴敏,符合认定条件，通过
202500785,申请专利,一种车载智能空气净化装置,发明专利·第一发明人,,第一发明人,2026-06-09,,6.0,待审核,,
202500785,其他实践活动,德国亚琛工业大学线上交流项目,学科冬夏令营·国家级,,,2026-04-19,,2.0,通过,吴敏,佐证材料完整，予以通过
202500786,前沿学术报告,汽车百家讲坛,第11期以后·氢能及燃料电池汽车产业展望,,,2026-07-10,,0.25,驳回,吴敏,盖章缺失，请重新上传完整材料
202500786,年度创新创业项目,国家级·核心成员,太阳能小车能量管理策略研究,,核心成员,2025-11-27,2028-06-30,4.0,通过,吴敏,符合认定条件，通过
202500786,科技创新竞赛,全国大学生节能减排社会实践与科技竞赛,,国家级·二等奖,核心成员,2026-02-25,,2.4,待审核,,
202500786,创业实践,新能源汽车科普工作室,创业训练计划·团队成员,,团队成员,2026-08-08,,1.5,通过,吴敏,符合认定条件，通过
202500786,学术论文,基于深度学习的路面裂缝检测方法研究,普通期刊·第二作者,,第二作者,2026-04-02,,1.0,通过,吴敏,符合认定条件，通过
202500786,申请专利,一种基于视觉的后视镜盲区监测装置,发明专利·其他发明人,,其他发明人,2026-08-17,,3.0,待审核,,
202500786,其他实践活动,德国亚琛工业大学线上交流项目,技能资格培训·高级,,,2026-08-04,,1.5,通过,吴敏,材料齐全，同意认定
202500787,前沿学术报告,名家学术讲座,单场·动力电池热管理关键技术,,,2026-04-12,,0.5,公示中,吴敏,符合认定条件，通过
202500787,年度创新创业项目,校级·一般成员,汽车内饰件轻量化设计,,一般成员,2025-10-14,2028-06-30,1.0,通过,吴敏,材料齐全，同意认定
202500787,科技创新竞赛,中国国际大学生创新大赛,,省级·一等奖,第三完成人,2026-05-07,,1.5,驳回,吴敏,材料不完整，请补充佐证后重新提交
202500787,创业实践,智能驾培服务平台,入驻孵化器·负责人,,负责人,2026-08-16,,4.0,驳回,吴敏,认定依据不足，请补充说明材料
202500787,学术论文,基于深度学习的路面裂缝检测方法研究,核心期刊·第一作者,,第一作者,2026-02-01,,4.0,通过,吴敏,符合认定条件，通过
202500787,申请专利,一种电动汽车电池包液冷结构,发明专利·其他发明人,,其他发明人,2026-06-19,,3.0,驳回,吴敏,认定依据不足，请补充说明材料
202500787,其他实践活动,汽车工程学院企业行,技能资格培训·中级,,,2026-06-28,,1.0,通过,吴敏,符合认定条件，通过
202500788,前沿学术报告,汽车百家讲坛,第11期以后·汽车空气动力学优化设计,,,2026-05-16,,0.25,驳回,吴敏,盖章缺失，请重新上传完整材料
202500788,年度创新创业项目,省级·一般成员,汽车内饰件轻量化设计,,一般成员,2025-02-02,2028-06-30,1.5,驳回,吴敏,材料不完整，请补充佐证后重新提交
202500788,科技创新竞赛,中国大学生方程式汽车大赛,,国家级·一等奖,核心成员,2026-04-05,,3.6,待审核,,
202500788,创业实践,新能源汽车科普工作室,创业训练计划·团队成员,,团队成员,2026-02-15,,1.5,驳回,吴敏,时间信息有误，请核对后重新提交
202500788,学术论文,混合动力汽车能量管理策略仿真,核心期刊·其他作者,,其他作者,2026-02-25,,1.0,通过,吴敏,材料齐全，同意认定
202500788,申请专利,一种车载智能空气净化装置,实用新型专利·第一发明人,,第一发明人,2026-01-26,,3.0,待审核,,
202500788,其他实践活动,暑期高校科学营活动,学科冬夏令营·校级,,,2026-04-27,,0.5,驳回,吴敏,时间信息有误，请核对后重新提交
202500789,前沿学术报告,名家学术讲座,单场·动力电池热管理关键技术,,,2026-08-06,,0.5,通过,吴敏,符合认定条件，通过
202500789,年度创新创业项目,校级·一般成员,校园共享电动车调度优化研究,,一般成员,2025-06-13,2028-06-30,1.0,通过,吴敏,材料齐全，同意认定
202500789,科技创新竞赛,全国大学生智能汽车竞赛,,国家级·三等奖,第一完成人,2026-05-18,,2.0,通过,吴敏,符合认定条件，通过
202500789,创业实践,二手车检测陪购服务工作室,入驻孵化器·团队成员,,团队成员,2026-03-10,,2.0,通过,吴敏,材料齐全，同意认定
202500789,学术论文,汽车主动悬架半主动控制策略仿真,核心期刊·其他作者,,其他作者,2026-03-15,,1.0,通过,吴敏,佐证材料完整，予以通过
202500789,申请专利,一种基于视觉的后视镜盲区监测装置,实用新型专利·其他发明人,,其他发明人,2026-08-02,,1.5,驳回,吴敏,盖章缺失，请重新上传完整材料
202500789,其他实践活动,汽车工程学院企业行,学科冬夏令营·校级,,,2026-02-20,,0.5,驳回,吴敏,材料不完整，请补充佐证后重新提交
202500790,前沿学术报告,信息科学论坛,第1-5期·无人驾驶环境感知技术进展,,,2026-07-09,,0.25,通过,吴敏,符合认定条件，通过
202500790,年度创新创业项目,校级·核心成员,轮胎花纹与湿滑路面制动性能仿真,,核心成员,2025-06-15,2028-06-30,1.5,驳回,吴敏,认定依据不足，请补充说明材料
202500790,科技创新竞赛,山东省大学生机电产品创新设计竞赛,,省级·三等奖,第三完成人,2026-04-07,,0.5,驳回,吴敏,时间信息有误，请核对后重新提交
202500790,创业实践,二手车检测陪购服务工作室,入驻孵化器·负责人,,负责人,2026-05-06,,4.0,通过,吴敏,符合认定条件，通过
202500790,学术论文,汽车主动悬架半主动控制策略仿真,国际/国内会议·其他作者,,其他作者,2026-06-17,,1.0,通过,吴敏,材料齐全，同意认定
202500790,申请专利,一种新能源汽车充电枪锁止机构,发明专利·其他发明人,,其他发明人,2026-02-14,,3.0,驳回,吴敏,认定依据不足，请补充说明材料
202500790,其他实践活动,汽车造型设计工作坊,学术交流访问·出境交流,,,2026-04-03,,2.0,通过,吴敏,符合认定条件，通过
202500791,前沿学术报告,汽车百家讲坛,第6-10期·新能源汽车动力总成发展趋势,,,2026-03-08,,0.25,通过,吴敏,材料齐全，同意认定
202500791,年度创新创业项目,校级·负责人,新能源汽车电池热管理优化研究,,负责人,2025-06-06,2028-06-30,2.0,驳回,吴敏,盖章缺失，请重新上传完整材料
202500791,科技创新竞赛,全国大学生节能减排社会实践与科技竞赛,,国家级·二等奖,第三完成人,2026-07-23,,2.0,通过,吴敏,符合认定条件，通过
202500791,创业实践,二手车检测陪购服务工作室,入驻孵化器·负责人,,负责人,2026-04-28,,4.0,通过,吴敏,佐证材料完整，予以通过
202500791,学术论文,汽车主动悬架半主动控制策略仿真,SCI/EI 收录·第二作者,,第二作者,2026-05-19,,4.0,通过,吴敏,材料齐全，同意认定
202500791,申请专利,一种电动汽车电池包液冷结构,实用新型专利·第一发明人,,第一发明人,2026-06-17,,3.0,驳回,吴敏,盖章缺失，请重新上传完整材料
202500791,其他实践活动,汽车造型设计工作坊,学科冬夏令营·校级,,,2026-07-15,,0.5,通过,吴敏,材料齐全，同意认定
202500792,前沿学术报告,汽车百家讲坛,第6-10期·动力电池热管理关键技术,,,2026-03-26,,0.25,驳回,吴敏,时间信息有误，请核对后重新提交
202500792,年度创新创业项目,院级·核心成员,汽车内饰件轻量化设计,,核心成员,2025-10-15,2028-06-30,0.5,待审核,,
202500792,科技创新竞赛,校智能车校内选拔赛,,校级·二等奖,第三完成人,2026-06-03,,0.25,公示中,吴敏,材料齐全，同意认定
202500792,创业实践,校园二手书流转平台,创业训练计划·负责人,,负责人,2026-04-13,,3.0,通过,吴敏,符合认定条件，通过
202500792,学术论文,基于多目标优化的车身结构轻量化设计,核心期刊·其他作者,,其他作者,2026-06-25,,1.0,通过,吴敏,材料齐全，同意认定
202500792,申请专利,一种电动汽车电池包液冷结构,实用新型专利·其他发明人,,其他发明人,2026-03-19,,1.5,通过,吴敏,符合认定条件，通过
202500792,其他实践活动,全国大学生汽车科技夏令营,学术交流访问·出境交流,,,2026-01-15,,2.0,待审核,,
202500793,前沿学术报告,汽车百家讲坛,第6-10期·汽车轻量化设计与新材料应用,,,2026-03-01,,0.25,待审核,,
202500793,年度创新创业项目,国家级·一般成员,基于机器视觉的行人过街检测系统,,一般成员,2025-12-07,2028-06-30,2.0,驳回,吴敏,认定依据不足，请补充说明材料
202500793,科技创新竞赛,挑战杯全国大学生课外学术科技作品竞赛,,国家级·三等奖,负责人,2026-01-12,,2.0,通过,吴敏,材料齐全，同意认定
202500793,创业实践,校园二手书流转平台,注册成立公司·合伙人,,合伙人,2026-03-25,,4.0,待审核,,
202500793,学术论文,电动汽车无线充电耦合机构优化设计,国际/国内会议·第一作者,,第一作者,2026-06-18,,3.0,待审核,,
202500793,申请专利,一种可调节角度的车载平板支架,实用新型专利·第一发明人,,第一发明人,2026-05-08,,3.0,通过,吴敏,材料齐全，同意认定
202500793,其他实践活动,汽车工程学院企业行,技能资格培训·初级,,,2026-01-19,,0.5,通过,吴敏,符合认定条件，通过
202500794,前沿学术报告,信息科学论坛,第6期以后·新能源汽车动力总成发展趋势,,,2026-04-21,,0.25,通过,吴敏,佐证材料完整，予以通过
202500794,年度创新创业项目,校级·一般成员,车载OBD数据采集与驾驶行为分析,,一般成员,2025-08-24,2028-06-30,1.0,通过,吴敏,符合认定条件，通过
202500794,科技创新竞赛,山东省大学生机电产品创新设计竞赛,,校级·三等奖,负责人,2026-01-26,,0.5,驳回,吴敏,盖章缺失，请重新上传完整材料
202500794,创业实践,二手车检测陪购服务工作室,创业训练计划·负责人,,负责人,2026-03-13,,3.0,通过,吴敏,材料齐全，同意认定
202500794,学术论文,燃料电池汽车氢气循环系统特性分析,国际/国内会议·第一作者,,第一作者,2026-06-23,,3.0,通过,吴敏,材料齐全，同意认定
202500794,申请专利,一种车载智能空气净化装置,实用新型专利·其他发明人,,其他发明人,2026-08-03,,1.5,待审核,,
202500794,其他实践活动,汽车造型设计工作坊,技能资格培训·初级,,,2026-03-16,,0.5,通过,吴敏,材料齐全，同意认定
202500795,前沿学术报告,名家学术讲座,单场·汽车空气动力学优化设计,,,2026-02-25,,0.5,驳回,吴敏,材料不完整，请补充佐证后重新提交
202500795,年度创新创业项目,省级·负责人,基于机器视觉的行人过街检测系统,,负责人,2025-08-27,2028-06-30,4.0,通过,吴敏,佐证材料完整，予以通过
202500795,科技创新竞赛,全国大学生节能减排社会实践与科技竞赛,,国家级·二等奖,第三完成人,2026-04-15,,2.0,通过,吴敏,符合认定条件，通过
202500795,创业实践,新能源汽车科普工作室,创业训练计划·团队成员,,团队成员,2026-04-11,,1.5,待院长审批,吴敏,初审通过，转院长审批
202500795,学术论文,燃料电池汽车氢气循环系统特性分析,国际/国内会议·第一作者,,第一作者,2026-04-19,,3.0,待审核,,
202500795,申请专利,一种车载智能空气净化装置,实用新型专利·其他发明人,,其他发明人,2026-08-10,,1.5,通过,吴敏,佐证材料完整，予以通过
202500795,其他实践活动,汽车造型设计工作坊,技能资格培训·高级,,,2026-06-05,,1.5,驳回,吴敏,盖章缺失，请重新上传完整材料
202500796,前沿学术报告,信息科学论坛,第1-5期·汽车轻量化设计与新材料应用,,,2026-06-04,,0.25,待审核,,
202500796,年度创新创业项目,校级·负责人,智能导览机器人设计与实现,,负责人,2025-03-06,2028-06-30,2.0,通过,吴敏,材料齐全，同意认定
202500796,科技创新竞赛,中国国际大学生创新大赛,,国家级·三等奖,第一完成人,2026-03-21,,2.0,通过,吴敏,佐证材料完整，予以通过
202500796,创业实践,大学生汽车文创工作室,注册成立公司·合伙人,,合伙人,2026-05-18,,4.0,通过,吴敏,佐证材料完整，予以通过
202500796,学术论文,基于多目标优化的车身结构轻量化设计,普通期刊·第二作者,,第二作者,2026-07-27,,1.0,驳回,吴敏,材料不完整，请补充佐证后重新提交
202500796,申请专利,一种基于视觉的后视镜盲区监测装置,发明专利·其他发明人,,其他发明人,2026-04-03,,3.0,通过,吴敏,佐证材料完整，予以通过
202500796,其他实践活动,德国亚琛工业大学线上交流项目,技能资格培训·中级,,,2026-04-24,,1.0,驳回,吴敏,时间信息有误，请核对后重新提交
202500797,前沿学术报告,信息科学论坛,第1-5期·氢能及燃料电池汽车产业展望,,,2026-03-20,,0.25,通过,吴敏,佐证材料完整，予以通过
202500797,年度创新创业项目,省级·一般成员,新能源汽车电池热管理优化研究,,一般成员,2025-06-28,2028-06-30,1.5,驳回,吴敏,材料不完整，请补充佐证后重新提交
202500797,科技创新竞赛,中国国际大学生创新大赛,,国家级·三等奖,第二完成人,2026-05-22,,1.4,通过,吴敏,佐证材料完整，予以通过
202500797,创业实践,校园二手书流转平台,创业训练计划·负责人,,负责人,2026-06-01,,3.0,通过,吴敏,佐证材料完整，予以通过
202500797,学术论文,基于深度学习的路面裂缝检测方法研究,国际/国内会议·其他作者,,其他作者,2026-05-01,,1.0,通过,吴敏,符合认定条件，通过
202500797,申请专利,一种多功能汽车后备箱收纳架,发明专利·第一发明人,,第一发明人,2026-08-25,,6.0,通过,吴敏,材料齐全，同意认定
202500797,其他实践活动,智能驾驶技术专题培训,学科冬夏令营·国家级,,,2026-01-23,,2.0,待审核,,
202500798,前沿学术报告,汽车百家讲坛,第11期以后·氢能及燃料电池汽车产业展望,,,2026-02-14,,0.25,待审核,,
202500798,年度创新创业项目,国家级·一般成员,氢燃料电池汽车散热性能仿真分析,,一般成员,2025-04-05,2028-06-30,2.0,驳回,吴敏,盖章缺失，请重新上传完整材料
202500798,科技创新竞赛,中国国际大学生创新大赛,,省级·一等奖,负责人,2026-04-14,,3.0,通过,吴敏,符合认定条件，通过
202500798,创业实践,校园二手书流转平台,注册成立公司·法人代表,,法人代表,2026-04-10,,6.0,待审核,,
202500798,学术论文,燃料电池汽车氢气循环系统特性分析,普通期刊·第二作者,,第二作者,2026-01-21,,1.0,通过,吴敏,符合认定条件，通过
202500798,申请专利,一种电动汽车电池包液冷结构,外观设计专利·第一发明人,,第一发明人,2026-08-01,,2.0,待审核,,
202500798,其他实践活动,汽车造型设计工作坊,技能资格培训·高级,,,2026-02-16,,1.5,驳回,吴敏,盖章缺失，请重新上传完整材料
202500799,前沿学术报告,名家学术讲座,单场·汽车芯片与域控制器架构,,,2026-04-27,,0.5,驳回,吴敏,时间信息有误，请核对后重新提交
202500799,年度创新创业项目,校级·负责人,智能导览机器人设计与实现,,负责人,2025-02-18,2028-06-30,2.0,驳回,吴敏,时间信息有误，请核对后重新提交
202500799,科技创新竞赛,全国大学生智能汽车竞赛,,国家级·一等奖,第一完成人,2026-08-03,,6.0,通过,吴敏,材料齐全，同意认定
202500799,创业实践,智能驾培服务平台,创业训练计划·团队成员,,团队成员,2026-04-02,,1.5,公示中,吴敏,材料齐全，同意认定
202500799,学术论文,燃料电池汽车氢气循环系统特性分析,国际/国内会议·其他作者,,其他作者,2026-03-17,,1.0,通过,吴敏,佐证材料完整，予以通过
202500799,申请专利,一种基于视觉的后视镜盲区监测装置,发明专利·其他发明人,,其他发明人,2026-08-21,,3.0,通过,吴敏,佐证材料完整，予以通过
202500799,其他实践活动,汽车工程学院企业行,学科冬夏令营·省级,,,2026-07-28,,1.0,驳回,吴敏,盖章缺失，请重新上传完整材料
202500800,前沿学术报告,名家学术讲座,单场·新能源汽车动力总成发展趋势,,,2026-03-01,,0.5,通过,吴敏,佐证材料完整，予以通过
202500800,年度创新创业项目,国家级·负责人,智能导览机器人设计与实现,,负责人,2025-06-07,2028-06-30,6.0,通过,吴敏,符合认定条件，通过
202500800,科技创新竞赛,挑战杯全国大学生课外学术科技作品竞赛,,国家级·二等奖,负责人,2026-05-11,,4.0,通过,吴敏,符合认定条件，通过
202500800,创业实践,校园二手书流转平台,创业训练计划·团队成员,,团队成员,2026-01-06,,1.5,驳回,吴敏,材料不完整，请补充佐证后重新提交
202500800,学术论文,基于YOLO的车距保持辅助算法研究,核心期刊·第二作者,,第二作者,2026-02-14,,2.0,驳回,吴敏,盖章缺失，请重新上传完整材料
202500800,申请专利,一种多功能汽车后备箱收纳架,发明专利·第一发明人,,第一发明人,2026-08-13,,6.0,通过,吴敏,材料齐全，同意认定
202500800,其他实践活动,汽车工程学院企业行,学科冬夏令营·校级,,,2026-08-04,,0.5,通过,吴敏,材料齐全，同意认定
202500801,前沿学术报告,汽车百家讲坛,第1-5期·智能制造与数字化工厂实践,,,2026-03-05,,0.25,通过,吴敏,材料齐全，同意认定
202500801,年度创新创业项目,省级·负责人,校园共享电动车调度优化研究,,负责人,2025-02-25,2028-06-30,4.0,通过,吴敏,符合认定条件，通过
202500801,科技创新竞赛,挑战杯全国大学生课外学术科技作品竞赛,,省级·三等奖,第二完成人,2026-03-28,,0.7,通过,吴敏,佐证材料完整，予以通过
202500801,创业实践,二手车检测陪购服务工作室,注册成立公司·合伙人,,合伙人,2026-02-06,,4.0,待审核,,
202500801,学术论文,基于多目标优化的车身结构轻量化设计,普通期刊·第一作者,,第一作者,2026-01-16,,2.0,通过,吴敏,材料齐全，同意认定
202500801,申请专利,一种新能源汽车充电枪锁止机构,实用新型专利·其他发明人,,其他发明人,2026-08-11,,1.5,通过,吴敏,材料齐全，同意认定
202500801,其他实践活动,智能驾驶技术专题培训,学术交流访问·出境交流,,,2026-06-16,,2.0,通过,吴敏,材料齐全，同意认定
202500802,前沿学术报告,汽车百家讲坛,第11期以后·汽车芯片与域控制器架构,,,2026-02-17,,0.25,通过,吴敏,材料齐全，同意认定
202500802,年度创新创业项目,省级·负责人,基于机器视觉的行人过街检测系统,,负责人,2025-04-09,2028-06-30,4.0,通过,吴敏,佐证材料完整，予以通过
202500802,科技创新竞赛,山东省大学生机电产品创新设计竞赛,,省级·一等奖,负责人,2026-01-08,,3.0,待院长审批,吴敏,初审通过，转院长审批
202500802,创业实践,大学生汽车文创工作室,创业训练计划·负责人,,负责人,2026-06-28,,3.0,公示中,吴敏,佐证材料完整，予以通过
202500802,学术论文,混合动力汽车能量管理策略仿真,国际/国内会议·第一作者,,第一作者,2026-05-20,,3.0,公示中,吴敏,材料齐全，同意认定
202500802,申请专利,一种基于视觉的后视镜盲区监测装置,发明专利·第一发明人,,第一发明人,2026-08-15,,6.0,通过,吴敏,符合认定条件，通过
202500802,其他实践活动,智能驾驶技术专题培训,技能资格培训·中级,,,2026-05-20,,1.0,通过,吴敏,材料齐全，同意认定
202500803,前沿学术报告,名家学术讲座,单场·智能网联汽车技术前沿,,,2026-01-07,,0.5,驳回,吴敏,认定依据不足，请补充说明材料
202500803,年度创新创业项目,校级·负责人,智能导览机器人设计与实现,,负责人,2025-02-28,2028-06-30,2.0,通过,吴敏,符合认定条件，通过
202500803,科技创新竞赛,全国大学生数学建模竞赛,,国家级·三等奖,第一完成人,2026-02-07,,2.0,通过,吴敏,材料齐全，同意认定
202500803,创业实践,智能驾培服务平台,入驻孵化器·团队成员,,团队成员,2026-01-24,,2.0,驳回,吴敏,认定依据不足，请补充说明材料
202500803,学术论文,基于深度学习的路面裂缝检测方法研究,普通期刊·其他作者,,其他作者,2026-05-17,,0.5,待审核,,
202500803,申请专利,一种车载智能空气净化装置,实用新型专利·第一发明人,,第一发明人,2026-03-23,,3.0,通过,吴敏,符合认定条件，通过
202500803,其他实践活动,暑期高校科学营活动,技能资格培训·中级,,,2026-02-23,,1.0,通过,吴敏,符合认定条件，通过
202500804,前沿学术报告,名家学术讲座,单场·智能网联汽车技术前沿,,,2026-05-07,,0.5,待审核,,
202500804,年度创新创业项目,省级·负责人,基于机器视觉的行人过街检测系统,,负责人,2025-10-27,2028-06-30,4.0,待审核,,
202500804,科技创新竞赛,全国大学生机械创新设计大赛,,国家级·二等奖,第三完成人,2026-01-24,,2.0,驳回,吴敏,认定依据不足，请补充说明材料
202500804,创业实践,新能源汽车科普工作室,入驻孵化器·团队成员,,团队成员,2026-06-15,,2.0,通过,吴敏,符合认定条件，通过
202500804,学术论文,混合动力汽车能量管理策略仿真,国际/国内会议·其他作者,,其他作者,2026-03-07,,1.0,驳回,吴敏,材料不完整，请补充佐证后重新提交
202500804,申请专利,一种多功能汽车后备箱收纳架,发明专利·其他发明人,,其他发明人,2026-07-10,,3.0,待院长审批,吴敏,初审通过，转院长审批
202500804,其他实践活动,暑期高校科学营活动,学术交流访问·境内交流,,,2026-07-03,,1.0,通过,吴敏,符合认定条件，通过
202500805,前沿学术报告,汽车百家讲坛,第1-5期·动力电池热管理关键技术,,,2026-01-09,,0.25,通过,杨光辉,佐证材料完整，予以通过
202500805,年度创新创业项目,校级·核心成员,轮胎花纹与湿滑路面制动性能仿真,,核心成员,2025-03-18,2028-06-30,1.5,通过,杨光辉,材料齐全，同意认定
202500805,科技创新竞赛,全国大学生智能汽车竞赛,,省级·一等奖,第一完成人,2026-06-25,,3.0,通过,杨光辉,符合认定条件，通过
202500805,创业实践,校内共享打印服务站,注册成立公司·团队成员,,团队成员,2026-01-11,,2.0,通过,杨光辉,符合认定条件，通过
202500805,学术论文,基于多目标优化的车身结构轻量化设计,SCI/EI 收录·第二作者,,第二作者,2026-05-19,,4.0,通过,杨光辉,符合认定条件，通过
202500805,申请专利,一种车载智能空气净化装置,实用新型专利·其他发明人,,其他发明人,2026-08-03,,1.5,通过,杨光辉,符合认定条件，通过
202500805,其他实践活动,全国大学生汽车科技夏令营,学科冬夏令营·校级,,,2026-03-04,,0.5,驳回,杨光辉,盖章缺失，请重新上传完整材料
202500806,前沿学术报告,信息科学论坛,第1-5期·智能制造与数字化工厂实践,,,2026-01-21,,0.25,待审核,,
202500806,年度创新创业项目,校级·一般成员,基于STM32的智能循迹小车,,一般成员,2025-07-01,2028-06-30,1.0,通过,杨光辉,符合认定条件，通过
202500806,科技创新竞赛,全国大学生智能汽车竞赛,,国家级·三等奖,第三完成人,2026-07-13,,1.0,通过,杨光辉,材料齐全，同意认定
202500806,创业实践,校内共享打印服务站,入驻孵化器·团队成员,,团队成员,2026-02-17,,2.0,待审核,,
202500806,学术论文,基于YOLO的车距保持辅助算法研究,普通期刊·第一作者,,第一作者,2026-03-21,,2.0,通过,杨光辉,符合认定条件，通过
202500806,申请专利,一种电动汽车电池包液冷结构,实用新型专利·第一发明人,,第一发明人,2026-01-24,,3.0,通过,杨光辉,符合认定条件，通过
202500806,其他实践活动,汽车造型设计工作坊,学术交流访问·出境交流,,,2026-06-02,,2.0,通过,杨光辉,符合认定条件，通过
202500807,前沿学术报告,汽车百家讲坛,第6-10期·无人驾驶环境感知技术进展,,,2026-07-09,,0.25,通过,杨光辉,符合认定条件，通过
202500807,年度创新创业项目,校级·负责人,汽车内饰件轻量化设计,,负责人,2025-03-03,2028-06-30,2.0,待审核,,
202500807,科技创新竞赛,山东省大学生机电产品创新设计竞赛,,省级·二等奖,第三完成人,2026-01-12,,1.0,待审核,,
202500807,创业实践,校内共享打印服务站,创业训练计划·团队成员,,团队成员,2026-08-13,,1.5,待审核,,
202500807,学术论文,燃料电池汽车氢气循环系统特性分析,普通期刊·其他作者,,其他作者,2026-03-11,,0.5,驳回,杨光辉,盖章缺失，请重新上传完整材料
202500807,申请专利,一种可调节角度的车载平板支架,实用新型专利·第一发明人,,第一发明人,2026-04-25,,3.0,通过,杨光辉,符合认定条件，通过
202500807,其他实践活动,汽车造型设计工作坊,学术交流访问·出境交流,,,2026-06-07,,2.0,驳回,杨光辉,材料不完整，请补充佐证后重新提交
202500808,前沿学术报告,信息科学论坛,第1-5期·氢能及燃料电池汽车产业展望,,,2026-02-25,,0.25,通过,杨光辉,符合认定条件，通过
202500808,年度创新创业项目,校级·核心成员,新能源汽车电池热管理优化研究,,核心成员,2025-01-16,2028-06-30,1.5,通过,杨光辉,佐证材料完整，予以通过
202500808,科技创新竞赛,全国大学生智能汽车竞赛,,国家级·三等奖,第二完成人,2026-02-11,,1.4,公示中,杨光辉,材料齐全，同意认定
202500808,创业实践,新能源汽车科普工作室,创业训练计划·团队成员,,团队成员,2026-05-10,,1.5,驳回,杨光辉,盖章缺失，请重新上传完整材料
202500808,学术论文,基于深度学习的路面裂缝检测方法研究,普通期刊·其他作者,,其他作者,2026-05-01,,0.5,驳回,杨光辉,时间信息有误，请核对后重新提交
202500808,申请专利,一种电动汽车电池包液冷结构,发明专利·其他发明人,,其他发明人,2026-02-23,,3.0,通过,杨光辉,佐证材料完整，予以通过
202500808,其他实践活动,德国亚琛工业大学线上交流项目,学科冬夏令营·省级,,,2026-03-19,,1.0,待审核,,
202500809,前沿学术报告,信息科学论坛,第1-5期·汽车空气动力学优化设计,,,2026-05-17,,0.25,通过,杨光辉,符合认定条件，通过
202500809,年度创新创业项目,省级·核心成员,车载OBD数据采集与驾驶行为分析,,核心成员,2025-05-06,2028-06-30,3.0,通过,杨光辉,符合认定条件，通过
202500809,科技创新竞赛,山东省大学生机电产品创新设计竞赛,,省级·一等奖,第一完成人,2026-01-04,,3.0,待审核,,
202500809,创业实践,智能驾培服务平台,入驻孵化器·团队成员,,团队成员,2026-02-18,,2.0,待审核,,
202500809,学术论文,燃料电池汽车氢气循环系统特性分析,普通期刊·第一作者,,第一作者,2026-07-05,,2.0,通过,杨光辉,符合认定条件，通过
202500809,申请专利,一种基于视觉的后视镜盲区监测装置,实用新型专利·其他发明人,,其他发明人,2026-02-26,,1.5,驳回,杨光辉,认定依据不足，请补充说明材料
202500809,其他实践活动,德国亚琛工业大学线上交流项目,技能资格培训·高级,,,2026-07-08,,1.5,通过,杨光辉,佐证材料完整，予以通过
202500810,前沿学术报告,名家学术讲座,单场·无人驾驶环境感知技术进展,,,2026-02-08,,0.5,通过,杨光辉,材料齐全，同意认定
202500810,年度创新创业项目,校级·核心成员,二手车价格预测模型构建,,核心成员,2025-12-14,2028-06-30,1.5,通过,杨光辉,符合认定条件，通过
202500810,科技创新竞赛,全国大学生智能汽车竞赛,,省级·二等奖,第一完成人,2026-01-17,,2.0,驳回,杨光辉,盖章缺失，请重新上传完整材料
202500810,创业实践,二手车检测陪购服务工作室,创业训练计划·负责人,,负责人,2026-08-17,,3.0,通过,杨光辉,佐证材料完整，予以通过
202500810,学术论文,基于多目标优化的车身结构轻量化设计,SCI/EI 收录·其他作者,,其他作者,2026-05-20,,2.0,待审核,,
202500810,申请专利,一种车载智能空气净化装置,实用新型专利·第一发明人,,第一发明人,2026-02-07,,3.0,待审核,,
202500810,其他实践活动,德国亚琛工业大学线上交流项目,技能资格培训·中级,,,2026-02-02,,1.0,驳回,杨光辉,时间信息有误，请核对后重新提交
202500811,前沿学术报告,名家学术讲座,单场·无人驾驶环境感知技术进展,,,2026-01-13,,0.5,通过,杨光辉,符合认定条件，通过
202500811,年度创新创业项目,省级·一般成员,车载OBD数据采集与驾驶行为分析,,一般成员,2025-06-08,2028-06-30,1.5,驳回,杨光辉,认定依据不足，请补充说明材料
202500811,科技创新竞赛,全国大学生机械创新设计大赛,,国家级·二等奖,第二完成人,2026-01-22,,2.8,驳回,杨光辉,认定依据不足，请补充说明材料
202500811,创业实践,大学生汽车文创工作室,注册成立公司·团队成员,,团队成员,2026-02-13,,2.0,待审核,,
202500811,学术论文,电动汽车无线充电耦合机构优化设计,核心期刊·其他作者,,其他作者,2026-04-18,,1.0,驳回,杨光辉,材料不完整，请补充佐证后重新提交
202500811,申请专利,一种车载智能空气净化装置,实用新型专利·第一发明人,,第一发明人,2026-08-13,,3.0,待审核,,
202500811,其他实践活动,智能驾驶技术专题培训,学科冬夏令营·国家级,,,2026-02-11,,2.0,待审核,,
202500812,前沿学术报告,汽车百家讲坛,第11期以后·汽车空气动力学优化设计,,,2026-05-21,,0.25,驳回,杨光辉,材料不完整，请补充佐证后重新提交
202500812,年度创新创业项目,院级·一般成员,基于STM32的智能循迹小车,,一般成员,2025-08-17,2028-06-30,0.5,公示中,杨光辉,佐证材料完整，予以通过
202500812,科技创新竞赛,全国大学生机械创新设计大赛,,省级·三等奖,第一完成人,2026-06-27,,1.0,待审核,,
202500812,创业实践,新能源汽车科普工作室,创业训练计划·负责人,,负责人,2026-08-08,,3.0,待审核,,
202500812,学术论文,基于深度学习的路面裂缝检测方法研究,国际/国内会议·其他作者,,其他作者,2026-02-14,,1.0,待审核,,
202500812,申请专利,一种电动汽车电池包液冷结构,实用新型专利·第一发明人,,第一发明人,2026-07-28,,3.0,公示中,杨光辉,佐证材料完整，予以通过
202500812,其他实践活动,智能驾驶技术专题培训,学术交流访问·境内交流,,,2026-03-13,,1.0,待审核,,
202500813,前沿学术报告,汽车百家讲坛,第1-5期·汽车轻量化设计与新材料应用,,,2026-07-14,,0.25,通过,杨光辉,材料齐全，同意认定
202500813,年度创新创业项目,院级·负责人,车载OBD数据采集与驾驶行为分析,,负责人,2025-12-20,2028-06-30,1.0,通过,杨光辉,材料齐全，同意认定
202500813,科技创新竞赛,山东省大学生机电产品创新设计竞赛,,省级·三等奖,第一完成人,2026-03-06,,1.0,驳回,杨光辉,材料不完整，请补充佐证后重新提交
202500813,创业实践,二手车检测陪购服务工作室,入驻孵化器·团队成员,,团队成员,2026-05-20,,2.0,通过,杨光辉,材料齐全，同意认定
202500813,学术论文,混合动力汽车能量管理策略仿真,核心期刊·第一作者,,第一作者,2026-04-25,,4.0,驳回,杨光辉,认定依据不足，请补充说明材料
202500813,申请专利,一种电动汽车电池包液冷结构,发明专利·其他发明人,,其他发明人,2026-01-26,,3.0,驳回,杨光辉,时间信息有误，请核对后重新提交
202500813,其他实践活动,汽车造型设计工作坊,学科冬夏令营·校级,,,2026-03-22,,0.5,通过,杨光辉,材料齐全，同意认定
202500814,前沿学术报告,汽车百家讲坛,第11期以后·智能网联汽车技术前沿,,,2026-04-22,,0.25,通过,杨光辉,符合认定条件，通过
202500814,年度创新创业项目,校级·一般成员,智能导览机器人设计与实现,,一般成员,2025-03-24,2028-06-30,1.0,驳回,杨光辉,时间信息有误，请核对后重新提交
202500814,科技创新竞赛,校智能车校内选拔赛,,校级·三等奖,核心成员,2026-04-09,,0.3,驳回,杨光辉,材料不完整，请补充佐证后重新提交
202500814,创业实践,大学生汽车文创工作室,创业训练计划·负责人,,负责人,2026-07-27,,3.0,通过,杨光辉,符合认定条件，通过
202500814,学术论文,汽车主动悬架半主动控制策略仿真,国际/国内会议·其他作者,,其他作者,2026-02-16,,1.0,驳回,杨光辉,认定依据不足，请补充说明材料
202500814,申请专利,一种可调节角度的车载平板支架,外观设计专利·其他发明人,,其他发明人,2026-01-05,,1.0,通过,杨光辉,佐证材料完整，予以通过
202500814,其他实践活动,汽车工程学院企业行,学科冬夏令营·校级,,,2026-03-04,,0.5,待审核,,
202500815,前沿学术报告,汽车百家讲坛,第11期以后·车载总线与嵌入式系统开发,,,2026-03-28,,0.25,通过,杨光辉,材料齐全，同意认定
202500815,年度创新创业项目,省级·负责人,基于深度学习的交通标志识别系统,,负责人,2025-10-18,2028-06-30,4.0,通过,杨光辉,材料齐全，同意认定
202500815,科技创新竞赛,全国大学生节能减排社会实践与科技竞赛,,国家级·二等奖,第二完成人,2026-08-10,,2.8,通过,杨光辉,佐证材料完整，予以通过
202500815,创业实践,智能驾培服务平台,注册成立公司·团队成员,,团队成员,2026-07-04,,2.0,通过,杨光辉,佐证材料完整，予以通过
202500815,学术论文,基于多目标优化的车身结构轻量化设计,普通期刊·第二作者,,第二作者,2026-06-20,,1.0,驳回,杨光辉,认定依据不足，请补充说明材料
202500815,申请专利,一种可调节角度的车载平板支架,实用新型专利·第一发明人,,第一发明人,2026-03-26,,3.0,通过,杨光辉,符合认定条件，通过
202500815,其他实践活动,全国大学生汽车科技夏令营,学术交流访问·出境交流,,,2026-05-23,,2.0,通过,杨光辉,材料齐全，同意认定
202500816,前沿学术报告,名家学术讲座,单场·汽车空气动力学优化设计,,,2026-03-22,,0.5,通过,杨光辉,佐证材料完整，予以通过
202500816,年度创新创业项目,国家级·一般成员,新能源汽车电池热管理优化研究,,一般成员,2025-08-21,2028-06-30,2.0,驳回,杨光辉,认定依据不足，请补充说明材料
202500816,科技创新竞赛,全国大学生机械创新设计大赛,,省级·二等奖,第三完成人,2026-05-10,,1.0,驳回,杨光辉,盖章缺失，请重新上传完整材料
202500816,创业实践,二手车检测陪购服务工作室,创业训练计划·团队成员,,团队成员,2026-05-05,,1.5,通过,杨光辉,材料齐全，同意认定
202500816,学术论文,汽车主动悬架半主动控制策略仿真,普通期刊·第一作者,,第一作者,2026-04-24,,2.0,驳回,杨光辉,时间信息有误，请核对后重新提交
202500816,申请专利,一种车载智能空气净化装置,实用新型专利·其他发明人,,其他发明人,2026-03-22,,1.5,通过,杨光辉,符合认定条件，通过
202500816,其他实践活动,全国大学生汽车科技夏令营,技能资格培训·高级,,,2026-08-10,,1.5,驳回,杨光辉,材料不完整，请补充佐证后重新提交
202500817,前沿学术报告,信息科学论坛,第6期以后·汽车芯片与域控制器架构,,,2026-03-06,,0.25,驳回,杨光辉,认定依据不足，请补充说明材料
202500817,年度创新创业项目,校级·核心成员,智能导览机器人设计与实现,,核心成员,2025-08-19,2028-06-30,1.5,驳回,杨光辉,认定依据不足，请补充说明材料
202500817,科技创新竞赛,中国大学生方程式汽车大赛,,国家级·三等奖,第二完成人,2026-04-09,,1.4,待审核,,
202500817,创业实践,校园二手书流转平台,注册成立公司·法人代表,,法人代表,2026-07-01,,6.0,驳回,杨光辉,盖章缺失，请重新上传完整材料
202500817,学术论文,电动汽车无线充电耦合机构优化设计,国际/国内会议·其他作者,,其他作者,2026-07-02,,1.0,待院长审批,杨光辉,初审通过，转院长审批
202500817,申请专利,一种电动汽车电池包液冷结构,外观设计专利·第一发明人,,第一发明人,2026-06-07,,2.0,通过,杨光辉,符合认定条件，通过
202500817,其他实践活动,德国亚琛工业大学线上交流项目,学科冬夏令营·省级,,,2026-01-28,,1.0,驳回,杨光辉,盖章缺失，请重新上传完整材料
202500818,前沿学术报告,汽车百家讲坛,第11期以后·车载总线与嵌入式系统开发,,,2026-04-24,,0.25,通过,杨光辉,佐证材料完整，予以通过
202500818,年度创新创业项目,校级·负责人,基于深度学习的交通标志识别系统,,负责人,2025-11-21,2028-06-30,2.0,驳回,杨光辉,时间信息有误，请核对后重新提交
202500818,科技创新竞赛,中国大学生方程式汽车大赛,,国家级·二等奖,第一完成人,2026-03-28,,4.0,通过,杨光辉,材料齐全，同意认定
202500818,创业实践,智能驾培服务平台,入驻孵化器·团队成员,,团队成员,2026-01-28,,2.0,通过,杨光辉,符合认定条件，通过
202500818,学术论文,电动汽车无线充电耦合机构优化设计,国际/国内会议·第二作者,,第二作者,2026-01-13,,2.0,驳回,杨光辉,材料不完整，请补充佐证后重新提交
202500818,申请专利,一种可调节角度的车载平板支架,实用新型专利·其他发明人,,其他发明人,2026-02-11,,1.5,驳回,杨光辉,盖章缺失，请重新上传完整材料
202500818,其他实践活动,德国亚琛工业大学线上交流项目,学科冬夏令营·国家级,,,2026-06-17,,2.0,通过,杨光辉,材料齐全，同意认定
202500819,前沿学术报告,名家学术讲座,单场·氢能及燃料电池汽车产业展望,,,2026-08-03,,0.5,通过,杨光辉,佐证材料完整，予以通过
202500819,年度创新创业项目,国家级·一般成员,基于深度学习的交通标志识别系统,,一般成员,2025-11-21,2028-06-30,2.0,通过,杨光辉,佐证材料完整，予以通过
202500819,科技创新竞赛,中国大学生方程式汽车大赛,,国家级·一等奖,负责人,2026-03-15,,6.0,待院长审批,杨光辉,初审通过，转院长审批
202500819,创业实践,智能驾培服务平台,创业训练计划·团队成员,,团队成员,2026-05-11,,1.5,驳回,杨光辉,材料不完整，请补充佐证后重新提交
202500819,学术论文,基于深度学习的路面裂缝检测方法研究,国际/国内会议·第二作者,,第二作者,2026-02-25,,2.0,驳回,杨光辉,认定依据不足，请补充说明材料
202500819,申请专利,一种基于视觉的后视镜盲区监测装置,外观设计专利·其他发明人,,其他发明人,2026-07-19,,1.0,通过,杨光辉,符合认定条件，通过
202500819,其他实践活动,德国亚琛工业大学线上交流项目,学科冬夏令营·校级,,,2026-04-07,,0.5,待审核,,
202500820,前沿学术报告,汽车百家讲坛,第6-10期·氢能及燃料电池汽车产业展望,,,2026-01-17,,0.25,驳回,杨光辉,材料不完整，请补充佐证后重新提交
202500820,年度创新创业项目,省级·负责人,基于STM32的智能循迹小车,,负责人,2025-11-28,2028-06-30,4.0,待审核,,
202500820,科技创新竞赛,全国大学生数学建模竞赛,,省级·二等奖,第一完成人,2026-06-28,,2.0,通过,杨光辉,佐证材料完整，予以通过
202500820,创业实践,新能源汽车科普工作室,入驻孵化器·团队成员,,团队成员,2026-04-17,,2.0,通过,杨光辉,符合认定条件，通过
202500820,学术论文,低温环境下锂电池充放电特性研究,普通期刊·第一作者,,第一作者,2026-04-11,,2.0,待审核,,
202500820,申请专利,一种可调节角度的车载平板支架,发明专利·其他发明人,,其他发明人,2026-01-14,,3.0,通过,杨光辉,佐证材料完整，予以通过
202500820,其他实践活动,汽车工程学院企业行,技能资格培训·高级,,,2026-04-21,,1.5,通过,杨光辉,符合认定条件，通过
202500821,前沿学术报告,汽车百家讲坛,第6-10期·新能源汽车动力总成发展趋势,,,2026-03-26,,0.25,通过,杨光辉,佐证材料完整，予以通过
202500821,年度创新创业项目,校级·负责人,二手车价格预测模型构建,,负责人,2025-08-27,2028-06-30,2.0,驳回,杨光辉,材料不完整，请补充佐证后重新提交
202500821,科技创新竞赛,校智能车校内选拔赛,,校级·一等奖,负责人,2026-07-18,,1.0,通过,杨光辉,材料齐全，同意认定
202500821,创业实践,校内共享打印服务站,注册成立公司·团队成员,,团队成员,2026-02-13,,2.0,驳回,杨光辉,认定依据不足，请补充说明材料
202500821,学术论文,低温环境下锂电池充放电特性研究,SCI/EI 收录·其他作者,,其他作者,2026-02-28,,2.0,待院长审批,杨光辉,初审通过，转院长审批
202500821,申请专利,一种新能源汽车充电枪锁止机构,外观设计专利·其他发明人,,其他发明人,2026-01-03,,1.0,通过,杨光辉,佐证材料完整，予以通过
202500821,其他实践活动,汽车造型设计工作坊,学科冬夏令营·省级,,,2026-08-20,,1.0,待审核,,
202500822,前沿学术报告,汽车百家讲坛,第11期以后·智能网联汽车技术前沿,,,2026-01-24,,0.25,待审核,,
202500822,年度创新创业项目,院级·负责人,智能导览机器人设计与实现,,负责人,2025-11-08,2028-06-30,1.0,通过,杨光辉,符合认定条件，通过
202500822,科技创新竞赛,山东省大学生机电产品创新设计竞赛,,省级·三等奖,核心成员,2026-06-09,,0.6,待审核,,
202500822,创业实践,大学生汽车文创工作室,入驻孵化器·负责人,,负责人,2026-07-05,,4.0,驳回,杨光辉,时间信息有误，请核对后重新提交
202500822,学术论文,混合动力汽车能量管理策略仿真,SCI/EI 收录·其他作者,,其他作者,2026-04-08,,2.0,待审核,,
202500822,申请专利,一种基于视觉的后视镜盲区监测装置,实用新型专利·其他发明人,,其他发明人,2026-02-11,,1.5,通过,杨光辉,材料齐全，同意认定
202500822,其他实践活动,汽车工程学院企业行,技能资格培训·高级,,,2026-01-28,,1.5,通过,杨光辉,符合认定条件，通过
202500823,前沿学术报告,汽车百家讲坛,第11期以后·智能网联汽车技术前沿,,,2026-04-23,,0.25,驳回,杨光辉,盖章缺失，请重新上传完整材料
202500823,年度创新创业项目,院级·一般成员,校园共享电动车调度优化研究,,一般成员,2025-07-15,2028-06-30,0.5,驳回,杨光辉,时间信息有误，请核对后重新提交
202500823,科技创新竞赛,全国大学生节能减排社会实践与科技竞赛,,国家级·二等奖,第一完成人,2026-03-23,,4.0,通过,杨光辉,佐证材料完整，予以通过
202500823,创业实践,校内共享打印服务站,入驻孵化器·团队成员,,团队成员,2026-02-28,,2.0,驳回,杨光辉,时间信息有误，请核对后重新提交
202500823,学术论文,汽车主动悬架半主动控制策略仿真,国际/国内会议·第一作者,,第一作者,2026-02-26,,3.0,通过,杨光辉,佐证材料完整，予以通过
202500823,申请专利,一种新能源汽车充电枪锁止机构,外观设计专利·第一发明人,,第一发明人,2026-06-16,,2.0,通过,杨光辉,符合认定条件，通过
202500823,其他实践活动,全国大学生汽车科技夏令营,学术交流访问·境内交流,,,2026-04-05,,1.0,驳回,杨光辉,时间信息有误，请核对后重新提交
202500824,前沿学术报告,汽车百家讲坛,第6-10期·动力电池热管理关键技术,,,2026-01-17,,0.25,通过,杨光辉,材料齐全，同意认定
202500824,年度创新创业项目,院级·一般成员,基于机器视觉的行人过街检测系统,,一般成员,2025-11-12,2028-06-30,0.5,通过,杨光辉,符合认定条件，通过
202500824,科技创新竞赛,全国大学生数学建模竞赛,,省级·二等奖,第二完成人,2026-02-01,,1.4,驳回,杨光辉,时间信息有误，请核对后重新提交
202500824,创业实践,大学生汽车文创工作室,创业训练计划·负责人,,负责人,2026-05-16,,3.0,通过,杨光辉,佐证材料完整，予以通过
202500824,学术论文,汽车主动悬架半主动控制策略仿真,核心期刊·第二作者,,第二作者,2026-01-20,,2.0,待审核,,
202500824,申请专利,一种电动汽车电池包液冷结构,发明专利·其他发明人,,其他发明人,2026-01-23,,3.0,待审核,,
202500824,其他实践活动,全国大学生汽车科技夏令营,学科冬夏令营·国家级,,,2026-02-25,,2.0,待审核,,
202500825,前沿学术报告,名家学术讲座,单场·动力电池热管理关键技术,,,2026-06-23,,0.5,通过,杨光辉,符合认定条件，通过
202500825,年度创新创业项目,省级·核心成员,新能源汽车电池热管理优化研究,,核心成员,2025-01-10,2028-06-30,3.0,待审核,,
202500825,科技创新竞赛,中国国际大学生创新大赛,,国家级·三等奖,第三完成人,2026-07-26,,1.0,通过,杨光辉,符合认定条件，通过
202500825,创业实践,智能驾培服务平台,创业训练计划·团队成员,,团队成员,2026-02-17,,1.5,驳回,杨光辉,材料不完整，请补充佐证后重新提交
202500825,学术论文,基于深度学习的路面裂缝检测方法研究,国际/国内会议·其他作者,,其他作者,2026-01-06,,1.0,待审核,,
202500825,申请专利,一种电动汽车电池包液冷结构,实用新型专利·第一发明人,,第一发明人,2026-07-08,,3.0,待审核,,
202500825,其他实践活动,暑期高校科学营活动,技能资格培训·中级,,,2026-08-24,,1.0,通过,杨光辉,材料齐全，同意认定
202500826,前沿学术报告,名家学术讲座,单场·汽车轻量化设计与新材料应用,,,2026-02-27,,0.5,通过,杨光辉,佐证材料完整，予以通过
202500826,年度创新创业项目,校级·核心成员,太阳能小车能量管理策略研究,,核心成员,2025-11-14,2028-06-30,1.5,驳回,杨光辉,盖章缺失，请重新上传完整材料
202500826,科技创新竞赛,全国大学生机械创新设计大赛,,省级·三等奖,第二完成人,2026-04-11,,0.7,驳回,杨光辉,时间信息有误，请核对后重新提交
202500826,创业实践,大学生汽车文创工作室,入驻孵化器·负责人,,负责人,2026-06-10,,4.0,通过,杨光辉,材料齐全，同意认定
202500826,学术论文,汽车主动悬架半主动控制策略仿真,国际/国内会议·其他作者,,其他作者,2026-02-05,,1.0,驳回,杨光辉,认定依据不足，请补充说明材料
202500826,申请专利,一种多功能汽车后备箱收纳架,实用新型专利·第一发明人,,第一发明人,2026-07-09,,3.0,公示中,杨光辉,佐证材料完整，予以通过
202500826,其他实践活动,智能驾驶技术专题培训,技能资格培训·高级,,,2026-07-22,,1.5,通过,杨光辉,符合认定条件，通过
202500827,前沿学术报告,汽车百家讲坛,第1-5期·氢能及燃料电池汽车产业展望,,,2026-07-16,,0.25,通过,杨光辉,符合认定条件，通过
202500827,年度创新创业项目,国家级·负责人,基于深度学习的交通标志识别系统,,负责人,2025-05-03,2028-06-30,6.0,通过,杨光辉,符合认定条件，通过
202500827,科技创新竞赛,全国大学生机械创新设计大赛,,国家级·一等奖,负责人,2026-01-05,,6.0,通过,杨光辉,材料齐全，同意认定
202500827,创业实践,大学生汽车文创工作室,创业训练计划·团队成员,,团队成员,2026-03-28,,1.5,通过,杨光辉,材料齐全，同意认定
202500827,学术论文,燃料电池汽车氢气循环系统特性分析,核心期刊·其他作者,,其他作者,2026-05-09,,1.0,通过,杨光辉,材料齐全，同意认定
202500827,申请专利,一种电动汽车电池包液冷结构,实用新型专利·其他发明人,,其他发明人,2026-07-24,,1.5,驳回,杨光辉,时间信息有误，请核对后重新提交
202500827,其他实践活动,全国大学生汽车科技夏令营,技能资格培训·高级,,,2026-08-17,,1.5,通过,杨光辉,符合认定条件，通过
202500828,前沿学术报告,汽车百家讲坛,第6-10期·智能网联汽车技术前沿,,,2026-05-20,,0.25,通过,杨光辉,符合认定条件，通过
202500828,年度创新创业项目,省级·负责人,太阳能小车能量管理策略研究,,负责人,2025-01-01,2028-06-30,4.0,通过,杨光辉,符合认定条件，通过
202500828,科技创新竞赛,全国大学生智能汽车竞赛,,国家级·三等奖,第一完成人,2026-08-13,,2.0,通过,杨光辉,材料齐全，同意认定
202500828,创业实践,智能驾培服务平台,注册成立公司·团队成员,,团队成员,2026-08-10,,2.0,通过,杨光辉,材料齐全，同意认定
202500828,学术论文,混合动力汽车能量管理策略仿真,国际/国内会议·第二作者,,第二作者,2026-04-21,,2.0,待审核,,
202500828,申请专利,一种多功能汽车后备箱收纳架,外观设计专利·其他发明人,,其他发明人,2026-03-23,,1.0,通过,杨光辉,佐证材料完整，予以通过
202500828,其他实践活动,汽车造型设计工作坊,学科冬夏令营·省级,,,2026-05-27,,1.0,通过,杨光辉,佐证材料完整，予以通过
202500829,前沿学术报告,汽车百家讲坛,第11期以后·汽车空气动力学优化设计,,,2026-08-12,,0.25,驳回,杨光辉,材料不完整，请补充佐证后重新提交
202500829,年度创新创业项目,院级·核心成员,车载OBD数据采集与驾驶行为分析,,核心成员,2025-12-20,2028-06-30,0.5,待审核,,
202500829,科技创新竞赛,全国大学生节能减排社会实践与科技竞赛,,省级·二等奖,负责人,2026-06-08,,2.0,通过,杨光辉,材料齐全，同意认定
202500829,创业实践,新能源汽车科普工作室,注册成立公司·团队成员,,团队成员,2026-03-21,,2.0,驳回,杨光辉,认定依据不足，请补充说明材料
202500829,学术论文,基于YOLO的车距保持辅助算法研究,普通期刊·第一作者,,第一作者,2026-08-02,,2.0,待审核,,
202500829,申请专利,一种车载智能空气净化装置,实用新型专利·第一发明人,,第一发明人,2026-02-25,,3.0,通过,杨光辉,符合认定条件，通过
202500829,其他实践活动,汽车工程学院企业行,技能资格培训·中级,,,2026-03-08,,1.0,通过,杨光辉,佐证材料完整，予以通过
202500830,前沿学术报告,名家学术讲座,单场·汽车轻量化设计与新材料应用,,,2026-08-26,,0.5,待审核,,
202500830,年度创新创业项目,院级·负责人,车载OBD数据采集与驾驶行为分析,,负责人,2025-04-01,2028-06-30,1.0,待审核,,
202500830,科技创新竞赛,校智能车校内选拔赛,,校级·二等奖,核心成员,2026-07-07,,0.3,驳回,杨光辉,盖章缺失，请重新上传完整材料
202500830,创业实践,智能驾培服务平台,入驻孵化器·团队成员,,团队成员,2026-03-01,,2.0,通过,杨光辉,材料齐全，同意认定
202500830,学术论文,电动汽车无线充电耦合机构优化设计,核心期刊·第二作者,,第二作者,2026-05-10,,2.0,公示中,杨光辉,符合认定条件，通过
202500830,申请专利,一种可调节角度的车载平板支架,实用新型专利·其他发明人,,其他发明人,2026-03-17,,1.5,待审核,,
202500830,其他实践活动,汽车工程学院企业行,学术交流访问·出境交流,,,2026-02-18,,2.0,驳回,杨光辉,材料不完整，请补充佐证后重新提交
202500831,前沿学术报告,汽车百家讲坛,第11期以后·汽车空气动力学优化设计,,,2026-08-19,,0.25,通过,杨光辉,佐证材料完整，予以通过
202500831,年度创新创业项目,校级·负责人,基于机器视觉的行人过街检测系统,,负责人,2025-11-28,2028-06-30,2.0,待审核,,
202500831,科技创新竞赛,全国大学生机械创新设计大赛,,省级·一等奖,核心成员,2026-01-06,,1.8,通过,杨光辉,佐证材料完整，予以通过
202500831,创业实践,智能驾培服务平台,注册成立公司·法人代表,,法人代表,2026-08-24,,6.0,通过,杨光辉,材料齐全，同意认定
202500831,学术论文,混合动力汽车能量管理策略仿真,SCI/EI 收录·其他作者,,其他作者,2026-04-21,,2.0,待审核,,
202500831,申请专利,一种车载智能空气净化装置,实用新型专利·其他发明人,,其他发明人,2026-07-01,,1.5,通过,杨光辉,符合认定条件，通过
202500831,其他实践活动,全国大学生汽车科技夏令营,学术交流访问·出境交流,,,2026-05-19,,2.0,通过,杨光辉,佐证材料完整，予以通过
202500832,前沿学术报告,名家学术讲座,单场·智能制造与数字化工厂实践,,,2026-08-11,,0.5,驳回,杨光辉,时间信息有误，请核对后重新提交
202500832,年度创新创业项目,省级·负责人,智能导览机器人设计与实现,,负责人,2025-02-02,2028-06-30,4.0,待审核,,
202500832,科技创新竞赛,全国大学生智能汽车竞赛,,国家级·一等奖,第三完成人,2026-08-06,,3.0,待院长审批,杨光辉,初审通过，转院长审批
202500832,创业实践,新能源汽车科普工作室,注册成立公司·团队成员,,团队成员,2026-07-02,,2.0,待审核,,
202500832,学术论文,低温环境下锂电池充放电特性研究,SCI/EI 收录·第一作者,,第一作者,2026-05-06,,6.0,通过,杨光辉,佐证材料完整，予以通过
202500832,申请专利,一种新能源汽车充电枪锁止机构,发明专利·其他发明人,,其他发明人,2026-08-16,,3.0,通过,杨光辉,材料齐全，同意认定
202500832,其他实践活动,汽车造型设计工作坊,学科冬夏令营·国家级,,,2026-08-14,,2.0,通过,杨光辉,材料齐全，同意认定
202500833,前沿学术报告,汽车百家讲坛,第1-5期·无人驾驶环境感知技术进展,,,2026-03-14,,0.25,驳回,杨光辉,盖章缺失，请重新上传完整材料
202500833,年度创新创业项目,院级·一般成员,车载OBD数据采集与驾驶行为分析,,一般成员,2025-03-02,2028-06-30,0.5,通过,杨光辉,符合认定条件，通过
202500833,科技创新竞赛,全国大学生机械创新设计大赛,,省级·三等奖,第二完成人,2026-03-13,,0.7,通过,杨光辉,符合认定条件，通过
202500833,创业实践,二手车检测陪购服务工作室,注册成立公司·法人代表,,法人代表,2026-07-13,,6.0,通过,杨光辉,材料齐全，同意认定
202500833,学术论文,低温环境下锂电池充放电特性研究,普通期刊·第二作者,,第二作者,2026-05-02,,1.0,驳回,杨光辉,材料不完整，请补充佐证后重新提交
202500833,申请专利,一种电动汽车电池包液冷结构,实用新型专利·第一发明人,,第一发明人,2026-04-28,,3.0,通过,杨光辉,材料齐全，同意认定
202500833,其他实践活动,全国大学生汽车科技夏令营,技能资格培训·高级,,,2026-07-14,,1.5,驳回,杨光辉,时间信息有误，请核对后重新提交
202500834,前沿学术报告,汽车百家讲坛,第6-10期·车载总线与嵌入式系统开发,,,2026-03-09,,0.25,通过,杨光辉,佐证材料完整，予以通过
202500834,年度创新创业项目,院级·核心成员,基于STM32的智能循迹小车,,核心成员,2025-12-03,2028-06-30,0.5,通过,杨光辉,佐证材料完整，予以通过
202500834,科技创新竞赛,全国大学生智能汽车竞赛,,国家级·三等奖,负责人,2026-01-02,,2.0,通过,杨光辉,材料齐全，同意认定
202500834,创业实践,智能驾培服务平台,注册成立公司·团队成员,,团队成员,2026-04-03,,2.0,通过,杨光辉,符合认定条件，通过
202500834,学术论文,汽车主动悬架半主动控制策略仿真,核心期刊·第一作者,,第一作者,2026-02-13,,4.0,待院长审批,杨光辉,初审通过，转院长审批
202500834,申请专利,一种基于视觉的后视镜盲区监测装置,实用新型专利·其他发明人,,其他发明人,2026-03-12,,1.5,通过,杨光辉,符合认定条件，通过
202500834,其他实践活动,汽车造型设计工作坊,学科冬夏令营·省级,,,2026-07-22,,1.0,驳回,杨光辉,认定依据不足，请补充说明材料
202500835,前沿学术报告,汽车百家讲坛,第11期以后·新能源汽车动力总成发展趋势,,,2026-01-09,,0.25,通过,杨光辉,符合认定条件，通过
202500835,年度创新创业项目,校级·核心成员,汽车内饰件轻量化设计,,核心成员,2025-01-10,2028-06-30,1.5,驳回,杨光辉,盖章缺失，请重新上传完整材料
202500835,科技创新竞赛,全国大学生节能减排社会实践与科技竞赛,,省级·一等奖,负责人,2026-07-22,,3.0,通过,杨光辉,佐证材料完整，予以通过
202500835,创业实践,校内共享打印服务站,入驻孵化器·负责人,,负责人,2026-06-24,,4.0,通过,杨光辉,材料齐全，同意认定
202500835,学术论文,基于深度学习的路面裂缝检测方法研究,核心期刊·第二作者,,第二作者,2026-06-12,,2.0,通过,杨光辉,佐证材料完整，予以通过
202500835,申请专利,一种基于视觉的后视镜盲区监测装置,发明专利·其他发明人,,其他发明人,2026-07-28,,3.0,通过,杨光辉,材料齐全，同意认定
202500835,其他实践活动,汽车工程学院企业行,学术交流访问·境内交流,,,2026-01-09,,1.0,待审核,,
202500836,前沿学术报告,信息科学论坛,第1-5期·动力电池热管理关键技术,,,2026-02-18,,0.25,通过,杨光辉,佐证材料完整，予以通过
202500836,年度创新创业项目,校级·核心成员,太阳能小车能量管理策略研究,,核心成员,2025-08-18,2028-06-30,1.5,通过,杨光辉,佐证材料完整，予以通过
202500836,科技创新竞赛,全国大学生智能汽车竞赛,,省级·二等奖,第三完成人,2026-08-21,,1.0,待审核,,
202500836,创业实践,大学生汽车文创工作室,注册成立公司·法人代表,,法人代表,2026-08-16,,6.0,通过,杨光辉,佐证材料完整，予以通过
202500836,学术论文,燃料电池汽车氢气循环系统特性分析,国际/国内会议·第二作者,,第二作者,2026-08-10,,2.0,通过,杨光辉,佐证材料完整，予以通过
202500836,申请专利,一种电动汽车电池包液冷结构,外观设计专利·其他发明人,,其他发明人,2026-08-16,,1.0,驳回,杨光辉,认定依据不足，请补充说明材料
202500836,其他实践活动,汽车工程学院企业行,技能资格培训·初级,,,2026-08-12,,0.5,待审核,,
202500837,前沿学术报告,汽车百家讲坛,第1-5期·汽车轻量化设计与新材料应用,,,2026-02-21,,0.25,待审核,,
202500837,年度创新创业项目,省级·负责人,基于STM32的智能循迹小车,,负责人,2025-09-02,2028-06-30,4.0,待审核,,
202500837,科技创新竞赛,挑战杯全国大学生课外学术科技作品竞赛,,省级·一等奖,第二完成人,2026-03-08,,2.1,待审核,,
202500837,创业实践,校园二手书流转平台,入驻孵化器·团队成员,,团队成员,2026-01-04,,2.0,待审核,,
202500837,学术论文,基于多目标优化的车身结构轻量化设计,国际/国内会议·第二作者,,第二作者,2026-03-26,,2.0,通过,杨光辉,符合认定条件，通过
202500837,申请专利,一种基于视觉的后视镜盲区监测装置,发明专利·其他发明人,,其他发明人,2026-06-08,,3.0,待审核,,
202500837,其他实践活动,德国亚琛工业大学线上交流项目,学科冬夏令营·国家级,,,2026-03-11,,2.0,待审核,,
202500838,前沿学术报告,名家学术讲座,单场·无人驾驶环境感知技术进展,,,2026-06-03,,0.5,通过,杨光辉,佐证材料完整，予以通过
202500838,年度创新创业项目,国家级·一般成员,太阳能小车能量管理策略研究,,一般成员,2025-02-26,2028-06-30,2.0,通过,杨光辉,符合认定条件，通过
202500838,科技创新竞赛,中国大学生方程式汽车大赛,,国家级·一等奖,第二完成人,2026-08-07,,4.2,待审核,,
202500838,创业实践,大学生汽车文创工作室,创业训练计划·负责人,,负责人,2026-04-28,,3.0,待审核,,
202500838,学术论文,电动汽车无线充电耦合机构优化设计,普通期刊·第一作者,,第一作者,2026-08-03,,2.0,通过,杨光辉,材料齐全，同意认定
202500838,申请专利,一种新能源汽车充电枪锁止机构,实用新型专利·其他发明人,,其他发明人,2026-08-04,,1.5,通过,杨光辉,佐证材料完整，予以通过
202500838,其他实践活动,德国亚琛工业大学线上交流项目,学科冬夏令营·校级,,,2026-08-27,,0.5,通过,杨光辉,材料齐全，同意认定
202500839,前沿学术报告,名家学术讲座,单场·氢能及燃料电池汽车产业展望,,,2026-06-28,,0.5,待审核,,
202500839,年度创新创业项目,校级·一般成员,汽车内饰件轻量化设计,,一般成员,2025-05-11,2028-06-30,1.0,通过,杨光辉,符合认定条件，通过
202500839,科技创新竞赛,全国大学生智能汽车竞赛,,国家级·三等奖,第二完成人,2026-04-04,,1.4,待审核,,
202500839,创业实践,新能源汽车科普工作室,注册成立公司·团队成员,,团队成员,2026-08-14,,2.0,待审核,,
202500839,学术论文,低温环境下锂电池充放电特性研究,普通期刊·第二作者,,第二作者,2026-02-22,,1.0,通过,杨光辉,佐证材料完整，予以通过
202500839,申请专利,一种基于视觉的后视镜盲区监测装置,实用新型专利·第一发明人,,第一发明人,2026-02-01,,3.0,驳回,杨光辉,时间信息有误，请核对后重新提交
202500839,其他实践活动,智能驾驶技术专题培训,学科冬夏令营·校级,,,2026-01-09,,0.5,驳回,杨光辉,盖章缺失，请重新上传完整材料
202500840,前沿学术报告,信息科学论坛,第6期以后·智能制造与数字化工厂实践,,,2026-02-01,,0.25,通过,杨光辉,符合认定条件，通过
202500840,年度创新创业项目,校级·负责人,新能源汽车电池热管理优化研究,,负责人,2025-01-09,2028-06-30,2.0,通过,杨光辉,材料齐全，同意认定
202500840,科技创新竞赛,中国大学生方程式汽车大赛,,国家级·二等奖,负责人,2026-01-14,,4.0,通过,杨光辉,符合认定条件，通过
202500840,创业实践,校内共享打印服务站,创业训练计划·团队成员,,团队成员,2026-02-22,,1.5,通过,杨光辉,符合认定条件，通过
202500840,学术论文,汽车主动悬架半主动控制策略仿真,核心期刊·第一作者,,第一作者,2026-04-22,,4.0,待审核,,
202500840,申请专利,一种可调节角度的车载平板支架,外观设计专利·其他发明人,,其他发明人,2026-07-16,,1.0,待审核,,
202500840,其他实践活动,汽车工程学院企业行,技能资格培训·初级,,,2026-05-10,,0.5,通过,杨光辉,佐证材料完整，予以通过
202500841,前沿学术报告,名家学术讲座,单场·汽车轻量化设计与新材料应用,,,2026-05-27,,0.5,驳回,杨光辉,认定依据不足，请补充说明材料
202500841,年度创新创业项目,校级·一般成员,智能导览机器人设计与实现,,一般成员,2025-07-02,2028-06-30,1.0,驳回,杨光辉,时间信息有误，请核对后重新提交
202500841,科技创新竞赛,全国大学生机械创新设计大赛,,省级·三等奖,核心成员,2026-07-27,,0.6,通过,杨光辉,符合认定条件，通过
202500841,创业实践,校内共享打印服务站,入驻孵化器·负责人,,负责人,2026-01-19,,4.0,待审核,,
202500841,学术论文,基于深度学习的路面裂缝检测方法研究,普通期刊·第二作者,,第二作者,2026-04-13,,1.0,待审核,,
202500841,申请专利,一种车载智能空气净化装置,实用新型专利·其他发明人,,其他发明人,2026-04-21,,1.5,待审核,,
202500841,其他实践活动,汽车造型设计工作坊,学术交流访问·境内交流,,,2026-08-09,,1.0,待审核,,
202500842,前沿学术报告,名家学术讲座,单场·汽车轻量化设计与新材料应用,,,2026-01-23,,0.5,待审核,,
202500842,年度创新创业项目,校级·一般成员,基于深度学习的交通标志识别系统,,一般成员,2025-03-21,2028-06-30,1.0,通过,杨光辉,佐证材料完整，予以通过
202500842,科技创新竞赛,挑战杯全国大学生课外学术科技作品竞赛,,国家级·一等奖,第二完成人,2026-03-11,,4.2,通过,杨光辉,材料齐全，同意认定
202500842,创业实践,校园二手书流转平台,入驻孵化器·负责人,,负责人,2026-02-11,,4.0,通过,杨光辉,材料齐全，同意认定
202500842,学术论文,基于YOLO的车距保持辅助算法研究,核心期刊·第二作者,,第二作者,2026-02-06,,2.0,公示中,杨光辉,佐证材料完整，予以通过
202500842,申请专利,一种多功能汽车后备箱收纳架,实用新型专利·其他发明人,,其他发明人,2026-05-12,,1.5,待审核,,
202500842,其他实践活动,智能驾驶技术专题培训,学术交流访问·境内交流,,,2026-02-05,,1.0,驳回,杨光辉,材料不完整，请补充佐证后重新提交
202500843,前沿学术报告,信息科学论坛,第6期以后·新能源汽车动力总成发展趋势,,,2026-07-25,,0.25,通过,杨光辉,材料齐全，同意认定
202500843,年度创新创业项目,校级·负责人,太阳能小车能量管理策略研究,,负责人,2025-01-09,2028-06-30,2.0,待审核,,
202500843,科技创新竞赛,全国大学生节能减排社会实践与科技竞赛,,省级·一等奖,第一完成人,2026-01-13,,3.0,驳回,杨光辉,材料不完整，请补充佐证后重新提交
202500843,创业实践,校园二手书流转平台,创业训练计划·负责人,,负责人,2026-05-20,,3.0,通过,杨光辉,符合认定条件，通过
202500843,学术论文,汽车主动悬架半主动控制策略仿真,普通期刊·第二作者,,第二作者,2026-03-14,,1.0,驳回,杨光辉,材料不完整，请补充佐证后重新提交
202500843,申请专利,一种新能源汽车充电枪锁止机构,发明专利·第一发明人,,第一发明人,2026-07-27,,6.0,驳回,杨光辉,盖章缺失，请重新上传完整材料
202500843,其他实践活动,暑期高校科学营活动,学科冬夏令营·国家级,,,2026-05-26,,2.0,通过,杨光辉,符合认定条件，通过
202500844,前沿学术报告,汽车百家讲坛,第11期以后·汽车轻量化设计与新材料应用,,,2026-02-23,,0.25,驳回,杨光辉,认定依据不足，请补充说明材料
202500844,年度创新创业项目,省级·核心成员,新能源汽车电池热管理优化研究,,核心成员,2025-03-24,2028-06-30,3.0,通过,杨光辉,材料齐全，同意认定
202500844,科技创新竞赛,全国大学生智能汽车竞赛,,省级·二等奖,核心成员,2026-01-10,,1.2,通过,杨光辉,符合认定条件，通过
202500844,创业实践,大学生汽车文创工作室,注册成立公司·团队成员,,团队成员,2026-01-17,,2.0,驳回,杨光辉,盖章缺失，请重新上传完整材料
202500844,学术论文,基于多目标优化的车身结构轻量化设计,普通期刊·其他作者,,其他作者,2026-08-26,,0.5,驳回,杨光辉,认定依据不足，请补充说明材料
202500844,申请专利,一种基于视觉的后视镜盲区监测装置,实用新型专利·其他发明人,,其他发明人,2026-07-10,,1.5,通过,杨光辉,佐证材料完整，予以通过
202500844,其他实践活动,智能驾驶技术专题培训,学科冬夏令营·省级,,,2026-01-03,,1.0,通过,杨光辉,材料齐全，同意认定
202500845,前沿学术报告,汽车百家讲坛,第11期以后·汽车芯片与域控制器架构,,,2026-08-26,,0.25,驳回,杨光辉,时间信息有误，请核对后重新提交
202500845,年度创新创业项目,校级·核心成员,基于深度学习的交通标志识别系统,,核心成员,2025-09-08,2028-06-30,1.5,驳回,杨光辉,时间信息有误，请核对后重新提交
202500845,科技创新竞赛,校智能车校内选拔赛,,校级·三等奖,第二完成人,2026-06-07,,0.35,待审核,,
202500845,创业实践,校内共享打印服务站,创业训练计划·团队成员,,团队成员,2026-06-15,,1.5,通过,杨光辉,符合认定条件，通过
202500845,学术论文,燃料电池汽车氢气循环系统特性分析,核心期刊·第一作者,,第一作者,2026-07-03,,4.0,驳回,杨光辉,材料不完整，请补充佐证后重新提交
202500845,申请专利,一种可调节角度的车载平板支架,发明专利·其他发明人,,其他发明人,2026-06-17,,3.0,通过,杨光辉,佐证材料完整，予以通过
202500845,其他实践活动,汽车工程学院企业行,学科冬夏令营·校级,,,2026-04-23,,0.5,驳回,杨光辉,认定依据不足，请补充说明材料
202500846,前沿学术报告,汽车百家讲坛,第6-10期·动力电池热管理关键技术,,,2026-03-20,,0.25,通过,杨光辉,材料齐全，同意认定
202500846,年度创新创业项目,省级·一般成员,太阳能小车能量管理策略研究,,一般成员,2025-02-23,2028-06-30,1.5,通过,杨光辉,佐证材料完整，予以通过
202500846,科技创新竞赛,校智能车校内选拔赛,,校级·二等奖,第二完成人,2026-03-10,,0.35,驳回,杨光辉,认定依据不足，请补充说明材料
202500846,创业实践,新能源汽车科普工作室,创业训练计划·团队成员,,团队成员,2026-06-22,,1.5,待审核,,
202500846,学术论文,低温环境下锂电池充放电特性研究,核心期刊·第一作者,,第一作者,2026-04-01,,4.0,通过,杨光辉,符合认定条件，通过
202500846,申请专利,一种多功能汽车后备箱收纳架,实用新型专利·其他发明人,,其他发明人,2026-08-17,,1.5,待审核,,
202500846,其他实践活动,智能驾驶技术专题培训,技能资格培训·初级,,,2026-03-25,,0.5,待审核,,
202500847,前沿学术报告,汽车百家讲坛,第6-10期·车载总线与嵌入式系统开发,,,2026-01-03,,0.25,驳回,杨光辉,材料不完整，请补充佐证后重新提交
202500847,年度创新创业项目,院级·一般成员,氢燃料电池汽车散热性能仿真分析,,一般成员,2025-10-05,2028-06-30,0.5,待审核,,
202500847,科技创新竞赛,全国大学生智能汽车竞赛,,国家级·二等奖,负责人,2026-08-16,,4.0,待审核,,
202500847,创业实践,二手车检测陪购服务工作室,入驻孵化器·团队成员,,团队成员,2026-03-17,,2.0,通过,杨光辉,材料齐全，同意认定
202500847,学术论文,汽车主动悬架半主动控制策略仿真,国际/国内会议·其他作者,,其他作者,2026-06-11,,1.0,通过,杨光辉,材料齐全，同意认定
202500847,申请专利,一种车载智能空气净化装置,实用新型专利·第一发明人,,第一发明人,2026-04-27,,3.0,驳回,杨光辉,材料不完整，请补充佐证后重新提交
202500847,其他实践活动,汽车造型设计工作坊,学科冬夏令营·校级,,,2026-01-04,,0.5,驳回,杨光辉,时间信息有误，请核对后重新提交
202500848,前沿学术报告,汽车百家讲坛,第6-10期·动力电池热管理关键技术,,,2026-05-11,,0.25,驳回,杨光辉,材料不完整，请补充佐证后重新提交
202500848,年度创新创业项目,校级·负责人,车载OBD数据采集与驾驶行为分析,,负责人,2025-03-22,2028-06-30,2.0,通过,杨光辉,符合认定条件，通过
202500848,科技创新竞赛,全国大学生智能汽车竞赛,,国家级·一等奖,负责人,2026-02-10,,6.0,驳回,杨光辉,认定依据不足，请补充说明材料
202500848,创业实践,大学生汽车文创工作室,注册成立公司·合伙人,,合伙人,2026-07-27,,4.0,通过,杨光辉,符合认定条件，通过
202500848,学术论文,电动汽车无线充电耦合机构优化设计,国际/国内会议·其他作者,,其他作者,2026-06-14,,1.0,通过,杨光辉,材料齐全，同意认定
202500848,申请专利,一种多功能汽车后备箱收纳架,实用新型专利·其他发明人,,其他发明人,2026-05-21,,1.5,驳回,杨光辉,时间信息有误，请核对后重新提交
202500848,其他实践活动,德国亚琛工业大学线上交流项目,学术交流访问·境内交流,,,2026-03-08,,1.0,待审核,,
202500849,前沿学术报告,名家学术讲座,单场·车载总线与嵌入式系统开发,,,2026-06-06,,0.5,驳回,杨光辉,材料不完整，请补充佐证后重新提交
202500849,年度创新创业项目,院级·核心成员,基于机器视觉的行人过街检测系统,,核心成员,2025-08-19,2028-06-30,0.5,驳回,杨光辉,盖章缺失，请重新上传完整材料
202500849,科技创新竞赛,全国大学生机械创新设计大赛,,国家级·二等奖,核心成员,2026-05-19,,2.4,通过,杨光辉,符合认定条件，通过
202500849,创业实践,新能源汽车科普工作室,注册成立公司·法人代表,,法人代表,2026-02-12,,6.0,通过,杨光辉,符合认定条件，通过
202500849,学术论文,电动汽车无线充电耦合机构优化设计,普通期刊·其他作者,,其他作者,2026-06-03,,0.5,通过,杨光辉,符合认定条件，通过
202500849,申请专利,一种电动汽车电池包液冷结构,实用新型专利·第一发明人,,第一发明人,2026-05-27,,3.0,待审核,,
202500849,其他实践活动,德国亚琛工业大学线上交流项目,学术交流访问·境内交流,,,2026-06-18,,1.0,通过,杨光辉,材料齐全，同意认定
202500850,前沿学术报告,名家学术讲座,单场·汽车轻量化设计与新材料应用,,,2026-05-13,,0.5,通过,杨光辉,佐证材料完整，予以通过
202500850,年度创新创业项目,院级·一般成员,二手车价格预测模型构建,,一般成员,2025-05-06,2028-06-30,0.5,驳回,杨光辉,时间信息有误，请核对后重新提交
202500850,科技创新竞赛,全国大学生智能汽车竞赛,,国家级·一等奖,第一完成人,2026-05-25,,6.0,驳回,杨光辉,认定依据不足，请补充说明材料
202500850,创业实践,校园二手书流转平台,入驻孵化器·负责人,,负责人,2026-07-10,,4.0,通过,杨光辉,佐证材料完整，予以通过
202500850,学术论文,基于YOLO的车距保持辅助算法研究,核心期刊·其他作者,,其他作者,2026-05-04,,1.0,待院长审批,杨光辉,初审通过，转院长审批
202500850,申请专利,一种电动汽车电池包液冷结构,实用新型专利·第一发明人,,第一发明人,2026-05-02,,3.0,通过,杨光辉,符合认定条件，通过
202500850,其他实践活动,智能驾驶技术专题培训,学术交流访问·出境交流,,,2026-04-24,,2.0,通过,杨光辉,符合认定条件，通过
202500851,前沿学术报告,名家学术讲座,单场·汽车芯片与域控制器架构,,,2026-02-02,,0.5,驳回,杨光辉,盖章缺失，请重新上传完整材料
202500851,年度创新创业项目,院级·负责人,基于STM32的智能循迹小车,,负责人,2025-11-14,2028-06-30,1.0,通过,杨光辉,符合认定条件，通过
202500851,科技创新竞赛,中国国际大学生创新大赛,,国家级·一等奖,第三完成人,2026-02-07,,3.0,通过,杨光辉,符合认定条件，通过
202500851,创业实践,校内共享打印服务站,注册成立公司·法人代表,,法人代表,2026-06-16,,6.0,待院长审批,杨光辉,初审通过，转院长审批
202500851,学术论文,电动汽车无线充电耦合机构优化设计,国际/国内会议·第二作者,,第二作者,2026-01-02,,2.0,通过,杨光辉,符合认定条件，通过
202500851,申请专利,一种可调节角度的车载平板支架,外观设计专利·第一发明人,,第一发明人,2026-02-09,,2.0,公示中,杨光辉,材料齐全，同意认定
202500851,其他实践活动,全国大学生汽车科技夏令营,技能资格培训·初级,,,2026-05-11,,0.5,驳回,杨光辉,认定依据不足，请补充说明材料
202500852,前沿学术报告,名家学术讲座,单场·新能源汽车动力总成发展趋势,,,2026-03-11,,0.5,通过,杨光辉,佐证材料完整，予以通过
202500852,年度创新创业项目,校级·负责人,基于深度学习的交通标志识别系统,,负责人,2025-08-04,2028-06-30,2.0,通过,杨光辉,符合认定条件，通过
202500852,科技创新竞赛,挑战杯全国大学生课外学术科技作品竞赛,,国家级·一等奖,第三完成人,2026-01-21,,3.0,通过,杨光辉,材料齐全，同意认定
202500852,创业实践,大学生汽车文创工作室,创业训练计划·负责人,,负责人,2026-03-11,,3.0,通过,杨光辉,佐证材料完整，予以通过
202500852,学术论文,燃料电池汽车氢气循环系统特性分析,普通期刊·第二作者,,第二作者,2026-07-11,,1.0,通过,杨光辉,佐证材料完整，予以通过
202500852,申请专利,一种车载智能空气净化装置,发明专利·其他发明人,,其他发明人,2026-05-12,,3.0,驳回,杨光辉,材料不完整，请补充佐证后重新提交
202500852,其他实践活动,智能驾驶技术专题培训,学术交流访问·出境交流,,,2026-05-20,,2.0,通过,杨光辉,符合认定条件，通过
202500853,前沿学术报告,汽车百家讲坛,第6-10期·智能网联汽车技术前沿,,,2026-01-03,,0.25,驳回,杨光辉,认定依据不足，请补充说明材料
202500853,年度创新创业项目,校级·一般成员,车载OBD数据采集与驾驶行为分析,,一般成员,2025-10-23,2028-06-30,1.0,通过,杨光辉,符合认定条件，通过
202500853,科技创新竞赛,中国国际大学生创新大赛,,国家级·二等奖,第二完成人,2026-07-10,,2.8,通过,杨光辉,符合认定条件，通过
202500853,创业实践,智能驾培服务平台,入驻孵化器·负责人,,负责人,2026-05-19,,4.0,通过,杨光辉,材料齐全，同意认定
202500853,学术论文,基于深度学习的路面裂缝检测方法研究,核心期刊·其他作者,,其他作者,2026-05-07,,1.0,通过,杨光辉,佐证材料完整，予以通过
202500853,申请专利,一种基于视觉的后视镜盲区监测装置,实用新型专利·其他发明人,,其他发明人,2026-05-16,,1.5,驳回,杨光辉,材料不完整，请补充佐证后重新提交
202500853,其他实践活动,德国亚琛工业大学线上交流项目,学科冬夏令营·国家级,,,2026-07-03,,2.0,通过,杨光辉,佐证材料完整，予以通过
202500854,前沿学术报告,汽车百家讲坛,第11期以后·汽车轻量化设计与新材料应用,,,2026-01-20,,0.25,通过,杨光辉,符合认定条件，通过
202500854,年度创新创业项目,院级·核心成员,基于深度学习的交通标志识别系统,,核心成员,2025-08-15,2028-06-30,0.5,通过,杨光辉,佐证材料完整，予以通过
202500854,科技创新竞赛,全国大学生数学建模竞赛,,国家级·一等奖,核心成员,2026-08-14,,3.6,通过,杨光辉,符合认定条件，通过
202500854,创业实践,智能驾培服务平台,创业训练计划·团队成员,,团队成员,2026-08-14,,1.5,驳回,杨光辉,盖章缺失，请重新上传完整材料
202500854,学术论文,混合动力汽车能量管理策略仿真,普通期刊·其他作者,,其他作者,2026-01-09,,0.5,通过,杨光辉,符合认定条件，通过
202500854,申请专利,一种可调节角度的车载平板支架,实用新型专利·第一发明人,,第一发明人,2026-07-19,,3.0,通过,杨光辉,佐证材料完整，予以通过
202500854,其他实践活动,全国大学生汽车科技夏令营,学科冬夏令营·校级,,,2026-07-16,,0.5,驳回,杨光辉,时间信息有误，请核对后重新提交
202500855,前沿学术报告,汽车百家讲坛,第1-5期·车载总线与嵌入式系统开发,,,2026-03-08,,0.25,通过,杨光辉,符合认定条件，通过
202500855,年度创新创业项目,国家级·核心成员,车载OBD数据采集与驾驶行为分析,,核心成员,2025-10-08,2028-06-30,4.0,待审核,,
202500855,科技创新竞赛,中国大学生方程式汽车大赛,,国家级·二等奖,负责人,2026-01-15,,4.0,待审核,,
202500855,创业实践,新能源汽车科普工作室,注册成立公司·合伙人,,合伙人,2026-03-02,,4.0,驳回,杨光辉,材料不完整，请补充佐证后重新提交
202500855,学术论文,混合动力汽车能量管理策略仿真,SCI/EI 收录·第二作者,,第二作者,2026-04-02,,4.0,驳回,杨光辉,材料不完整，请补充佐证后重新提交
202500855,申请专利,一种多功能汽车后备箱收纳架,实用新型专利·其他发明人,,其他发明人,2026-08-19,,1.5,通过,杨光辉,佐证材料完整，予以通过
202500855,其他实践活动,德国亚琛工业大学线上交流项目,技能资格培训·初级,,,2026-04-08,,0.5,驳回,杨光辉,认定依据不足，请补充说明材料
202500856,前沿学术报告,名家学术讲座,单场·无人驾驶环境感知技术进展,,,2026-04-22,,0.5,通过,杨光辉,佐证材料完整，予以通过
202500856,年度创新创业项目,院级·一般成员,二手车价格预测模型构建,,一般成员,2025-11-12,2028-06-30,0.5,驳回,杨光辉,认定依据不足，请补充说明材料
202500856,科技创新竞赛,全国大学生数学建模竞赛,,国家级·三等奖,第一完成人,2026-07-22,,2.0,待审核,,
202500856,创业实践,校内共享打印服务站,入驻孵化器·团队成员,,团队成员,2026-04-19,,2.0,待审核,,
202500856,学术论文,电动汽车无线充电耦合机构优化设计,普通期刊·第一作者,,第一作者,2026-07-22,,2.0,通过,杨光辉,材料齐全，同意认定
202500856,申请专利,一种基于视觉的后视镜盲区监测装置,外观设计专利·第一发明人,,第一发明人,2026-06-22,,2.0,待院长审批,杨光辉,初审通过，转院长审批
202500856,其他实践活动,智能驾驶技术专题培训,学科冬夏令营·国家级,,,2026-07-21,,2.0,待审核,,
202500857,前沿学术报告,汽车百家讲坛,第11期以后·汽车轻量化设计与新材料应用,,,2026-03-09,,0.25,驳回,杨光辉,材料不完整，请补充佐证后重新提交
202500857,年度创新创业项目,国家级·负责人,车载OBD数据采集与驾驶行为分析,,负责人,2025-08-28,2028-06-30,6.0,通过,杨光辉,材料齐全，同意认定
202500857,科技创新竞赛,校智能车校内选拔赛,,校级·一等奖,负责人,2026-04-25,,1.0,通过,杨光辉,符合认定条件，通过
202500857,创业实践,智能驾培服务平台,注册成立公司·团队成员,,团队成员,2026-07-06,,2.0,驳回,杨光辉,时间信息有误，请核对后重新提交
202500857,学术论文,电动汽车无线充电耦合机构优化设计,普通期刊·第二作者,,第二作者,2026-01-27,,1.0,通过,杨光辉,符合认定条件，通过
202500857,申请专利,一种新能源汽车充电枪锁止机构,实用新型专利·第一发明人,,第一发明人,2026-07-05,,3.0,通过,杨光辉,符合认定条件，通过
202500857,其他实践活动,全国大学生汽车科技夏令营,技能资格培训·高级,,,2026-06-24,,1.5,通过,杨光辉,符合认定条件，通过
202500858,前沿学术报告,汽车百家讲坛,第6-10期·汽车轻量化设计与新材料应用,,,2026-07-06,,0.25,驳回,杨光辉,认定依据不足，请补充说明材料
202500858,年度创新创业项目,院级·一般成员,智能导览机器人设计与实现,,一般成员,2025-12-16,2028-06-30,0.5,通过,杨光辉,符合认定条件，通过
202500858,科技创新竞赛,全国大学生机械创新设计大赛,,国家级·三等奖,第二完成人,2026-04-16,,1.4,通过,杨光辉,佐证材料完整，予以通过
202500858,创业实践,校内共享打印服务站,注册成立公司·法人代表,,法人代表,2026-05-05,,6.0,驳回,杨光辉,认定依据不足，请补充说明材料
202500858,学术论文,混合动力汽车能量管理策略仿真,核心期刊·其他作者,,其他作者,2026-03-22,,1.0,驳回,杨光辉,时间信息有误，请核对后重新提交
202500858,申请专利,一种基于视觉的后视镜盲区监测装置,发明专利·第一发明人,,第一发明人,2026-01-27,,6.0,通过,杨光辉,符合认定条件，通过
202500858,其他实践活动,汽车工程学院企业行,学术交流访问·出境交流,,,2026-01-01,,2.0,待审核,,
202500859,前沿学术报告,汽车百家讲坛,第1-5期·汽车空气动力学优化设计,,,2026-06-20,,0.25,通过,杨光辉,佐证材料完整，予以通过
202500859,年度创新创业项目,省级·一般成员,轮胎花纹与湿滑路面制动性能仿真,,一般成员,2025-01-27,2028-06-30,1.5,通过,杨光辉,材料齐全，同意认定
202500859,科技创新竞赛,全国大学生智能汽车竞赛,,省级·三等奖,负责人,2026-05-28,,1.0,通过,杨光辉,符合认定条件，通过
202500859,创业实践,智能驾培服务平台,入驻孵化器·负责人,,负责人,2026-07-03,,4.0,待审核,,
202500859,学术论文,电动汽车无线充电耦合机构优化设计,普通期刊·第二作者,,第二作者,2026-03-07,,1.0,驳回,杨光辉,盖章缺失，请重新上传完整材料
202500859,申请专利,一种新能源汽车充电枪锁止机构,实用新型专利·第一发明人,,第一发明人,2026-06-05,,3.0,待审核,,
202500859,其他实践活动,全国大学生汽车科技夏令营,技能资格培训·高级,,,2026-07-18,,1.5,通过,杨光辉,符合认定条件，通过
202500860,前沿学术报告,名家学术讲座,单场·动力电池热管理关键技术,,,2026-07-17,,0.5,通过,杨光辉,材料齐全，同意认定
202500860,年度创新创业项目,省级·一般成员,基于STM32的智能循迹小车,,一般成员,2025-11-12,2028-06-30,1.5,通过,杨光辉,佐证材料完整，予以通过
202500860,科技创新竞赛,全国大学生节能减排社会实践与科技竞赛,,国家级·一等奖,第三完成人,2026-01-04,,3.0,待审核,,
202500860,创业实践,智能驾培服务平台,入驻孵化器·负责人,,负责人,2026-08-19,,4.0,待院长审批,杨光辉,初审通过，转院长审批
202500860,学术论文,基于多目标优化的车身结构轻量化设计,核心期刊·其他作者,,其他作者,2026-08-16,,1.0,通过,杨光辉,材料齐全，同意认定
202500860,申请专利,一种基于视觉的后视镜盲区监测装置,实用新型专利·其他发明人,,其他发明人,2026-04-24,,1.5,通过,杨光辉,佐证材料完整，予以通过
202500860,其他实践活动,汽车造型设计工作坊,学科冬夏令营·省级,,,2026-06-12,,1.0,驳回,杨光辉,认定依据不足，请补充说明材料
202500861,前沿学术报告,汽车百家讲坛,第11期以后·汽车芯片与域控制器架构,,,2026-02-07,,0.25,驳回,杨光辉,认定依据不足，请补充说明材料
202500861,年度创新创业项目,校级·一般成员,轮胎花纹与湿滑路面制动性能仿真,,一般成员,2025-10-13,2028-06-30,1.0,通过,杨光辉,符合认定条件，通过
202500861,科技创新竞赛,校智能车校内选拔赛,,校级·一等奖,负责人,2026-07-25,,1.0,驳回,杨光辉,盖章缺失，请重新上传完整材料
202500861,创业实践,二手车检测陪购服务工作室,入驻孵化器·负责人,,负责人,2026-02-04,,4.0,驳回,杨光辉,认定依据不足，请补充说明材料
202500861,学术论文,低温环境下锂电池充放电特性研究,核心期刊·第二作者,,第二作者,2026-07-06,,2.0,驳回,杨光辉,材料不完整，请补充佐证后重新提交
202500861,申请专利,一种多功能汽车后备箱收纳架,外观设计专利·第一发明人,,第一发明人,2026-01-06,,2.0,待院长审批,杨光辉,初审通过，转院长审批
202500861,其他实践活动,智能驾驶技术专题培训,技能资格培训·初级,,,2026-03-22,,0.5,通过,杨光辉,佐证材料完整，予以通过
202500862,前沿学术报告,汽车百家讲坛,第11期以后·汽车芯片与域控制器架构,,,2026-06-25,,0.25,通过,杨光辉,材料齐全，同意认定
202500862,年度创新创业项目,校级·负责人,智能导览机器人设计与实现,,负责人,2025-02-27,2028-06-30,2.0,通过,杨光辉,材料齐全，同意认定
202500862,科技创新竞赛,山东省大学生机电产品创新设计竞赛,,省级·一等奖,第三完成人,2026-04-03,,1.5,通过,杨光辉,佐证材料完整，予以通过
202500862,创业实践,智能驾培服务平台,注册成立公司·法人代表,,法人代表,2026-05-10,,6.0,通过,杨光辉,符合认定条件，通过
202500862,学术论文,燃料电池汽车氢气循环系统特性分析,普通期刊·其他作者,,其他作者,2026-01-08,,0.5,通过,杨光辉,材料齐全，同意认定
202500862,申请专利,一种多功能汽车后备箱收纳架,实用新型专利·其他发明人,,其他发明人,2026-08-22,,1.5,通过,杨光辉,材料齐全，同意认定
202500862,其他实践活动,智能驾驶技术专题培训,技能资格培训·高级,,,2026-01-06,,1.5,通过,杨光辉,符合认定条件，通过
202500863,前沿学术报告,汽车百家讲坛,第6-10期·汽车芯片与域控制器架构,,,2026-07-08,,0.25,驳回,杨光辉,时间信息有误，请核对后重新提交
202500863,年度创新创业项目,省级·核心成员,二手车价格预测模型构建,,核心成员,2025-09-20,2028-06-30,3.0,通过,杨光辉,符合认定条件，通过
202500863,科技创新竞赛,全国大学生智能汽车竞赛,,国家级·二等奖,第二完成人,2026-02-25,,2.8,通过,杨光辉,材料齐全，同意认定
202500863,创业实践,大学生汽车文创工作室,创业训练计划·负责人,,负责人,2026-06-24,,3.0,驳回,杨光辉,认定依据不足，请补充说明材料
202500863,学术论文,基于YOLO的车距保持辅助算法研究,国际/国内会议·第二作者,,第二作者,2026-04-09,,2.0,通过,杨光辉,材料齐全，同意认定
202500863,申请专利,一种电动汽车电池包液冷结构,外观设计专利·其他发明人,,其他发明人,2026-02-26,,1.0,通过,杨光辉,佐证材料完整，予以通过
202500863,其他实践活动,暑期高校科学营活动,技能资格培训·高级,,,2026-02-07,,1.5,待审核,,
202500864,前沿学术报告,信息科学论坛,第1-5期·汽车空气动力学优化设计,,,2026-05-20,,0.25,通过,杨光辉,材料齐全，同意认定
202500864,年度创新创业项目,校级·核心成员,基于STM32的智能循迹小车,,核心成员,2025-04-19,2028-06-30,1.5,驳回,杨光辉,盖章缺失，请重新上传完整材料
202500864,科技创新竞赛,校智能车校内选拔赛,,校级·一等奖,核心成员,2026-02-11,,0.6,通过,杨光辉,材料齐全，同意认定
202500864,创业实践,二手车检测陪购服务工作室,入驻孵化器·团队成员,,团队成员,2026-03-21,,2.0,通过,杨光辉,符合认定条件，通过
202500864,学术论文,基于YOLO的车距保持辅助算法研究,普通期刊·第二作者,,第二作者,2026-02-13,,1.0,通过,杨光辉,符合认定条件，通过
202500864,申请专利,一种多功能汽车后备箱收纳架,实用新型专利·其他发明人,,其他发明人,2026-07-13,,1.5,通过,杨光辉,佐证材料完整，予以通过
202500864,其他实践活动,德国亚琛工业大学线上交流项目,学科冬夏令营·省级,,,2026-04-08,,1.0,驳回,杨光辉,认定依据不足，请补充说明材料
202500865,前沿学术报告,汽车百家讲坛,第11期以后·车载总线与嵌入式系统开发,,,2026-06-19,,0.25,通过,杨光辉,佐证材料完整，予以通过
202500865,年度创新创业项目,校级·一般成员,基于机器视觉的行人过街检测系统,,一般成员,2025-02-05,2028-06-30,1.0,公示中,杨光辉,材料齐全，同意认定
202500865,科技创新竞赛,全国大学生智能汽车竞赛,,国家级·三等奖,负责人,2026-04-05,,2.0,待审核,,
202500865,创业实践,校内共享打印服务站,入驻孵化器·负责人,,负责人,2026-04-05,,4.0,通过,杨光辉,材料齐全，同意认定
202500865,学术论文,混合动力汽车能量管理策略仿真,国际/国内会议·其他作者,,其他作者,2026-05-17,,1.0,驳回,杨光辉,认定依据不足，请补充说明材料
202500865,申请专利,一种多功能汽车后备箱收纳架,实用新型专利·其他发明人,,其他发明人,2026-03-16,,1.5,待审核,,
202500865,其他实践活动,智能驾驶技术专题培训,学科冬夏令营·校级,,,2026-08-21,,0.5,通过,杨光辉,佐证材料完整，予以通过
202500866,前沿学术报告,汽车百家讲坛,第6-10期·氢能及燃料电池汽车产业展望,,,2026-06-10,,0.25,通过,杨光辉,材料齐全，同意认定
202500866,年度创新创业项目,院级·核心成员,氢燃料电池汽车散热性能仿真分析,,核心成员,2025-08-12,2028-06-30,0.5,驳回,杨光辉,认定依据不足，请补充说明材料
202500866,科技创新竞赛,挑战杯全国大学生课外学术科技作品竞赛,,国家级·二等奖,核心成员,2026-08-18,,2.4,通过,杨光辉,材料齐全，同意认定
202500866,创业实践,校园二手书流转平台,入驻孵化器·团队成员,,团队成员,2026-03-13,,2.0,通过,杨光辉,佐证材料完整，予以通过
202500866,学术论文,电动汽车无线充电耦合机构优化设计,普通期刊·其他作者,,其他作者,2026-01-26,,0.5,通过,杨光辉,符合认定条件，通过
202500866,申请专利,一种可调节角度的车载平板支架,实用新型专利·第一发明人,,第一发明人,2026-07-24,,3.0,公示中,杨光辉,符合认定条件，通过
202500866,其他实践活动,汽车工程学院企业行,学术交流访问·出境交流,,,2026-03-21,,2.0,通过,杨光辉,佐证材料完整，予以通过
202500867,前沿学术报告,汽车百家讲坛,第11期以后·新能源汽车动力总成发展趋势,,,2026-05-04,,0.25,驳回,杨光辉,时间信息有误，请核对后重新提交
202500867,年度创新创业项目,院级·一般成员,校园共享电动车调度优化研究,,一般成员,2025-05-09,2028-06-30,0.5,通过,杨光辉,材料齐全，同意认定
202500867,科技创新竞赛,山东省大学生机电产品创新设计竞赛,,校级·一等奖,核心成员,2026-02-03,,0.6,通过,杨光辉,佐证材料完整，予以通过
202500867,创业实践,智能驾培服务平台,创业训练计划·负责人,,负责人,2026-02-14,,3.0,通过,杨光辉,材料齐全，同意认定
202500867,学术论文,基于YOLO的车距保持辅助算法研究,普通期刊·第二作者,,第二作者,2026-07-08,,1.0,通过,杨光辉,材料齐全，同意认定
202500867,申请专利,一种基于视觉的后视镜盲区监测装置,实用新型专利·其他发明人,,其他发明人,2026-02-01,,1.5,驳回,杨光辉,材料不完整，请补充佐证后重新提交
202500867,其他实践活动,暑期高校科学营活动,学术交流访问·境内交流,,,2026-02-10,,1.0,驳回,杨光辉,认定依据不足，请补充说明材料
202500868,前沿学术报告,汽车百家讲坛,第11期以后·智能制造与数字化工厂实践,,,2026-04-20,,0.25,驳回,杨光辉,时间信息有误，请核对后重新提交
202500868,年度创新创业项目,省级·一般成员,新能源汽车电池热管理优化研究,,一般成员,2025-09-25,2028-06-30,1.5,通过,杨光辉,材料齐全，同意认定
202500868,科技创新竞赛,全国大学生机械创新设计大赛,,国家级·二等奖,负责人,2026-02-27,,4.0,通过,杨光辉,材料齐全，同意认定
202500868,创业实践,智能驾培服务平台,注册成立公司·团队成员,,团队成员,2026-07-20,,2.0,通过,杨光辉,佐证材料完整，予以通过
202500868,学术论文,电动汽车无线充电耦合机构优化设计,国际/国内会议·第二作者,,第二作者,2026-08-26,,2.0,通过,杨光辉,材料齐全，同意认定
202500868,申请专利,一种可调节角度的车载平板支架,外观设计专利·其他发明人,,其他发明人,2026-03-12,,1.0,通过,杨光辉,符合认定条件，通过
202500868,其他实践活动,暑期高校科学营活动,技能资格培训·中级,,,2026-07-06,,1.0,驳回,杨光辉,认定依据不足，请补充说明材料
202500869,前沿学术报告,汽车百家讲坛,第11期以后·新能源汽车动力总成发展趋势,,,2026-05-26,,0.25,驳回,杨光辉,材料不完整，请补充佐证后重新提交
202500869,年度创新创业项目,院级·核心成员,汽车内饰件轻量化设计,,核心成员,2025-07-12,2028-06-30,0.5,驳回,杨光辉,时间信息有误，请核对后重新提交
202500869,科技创新竞赛,中国大学生方程式汽车大赛,,国家级·一等奖,核心成员,2026-08-07,,3.6,待审核,,
202500869,创业实践,智能驾培服务平台,入驻孵化器·负责人,,负责人,2026-03-01,,4.0,驳回,杨光辉,材料不完整，请补充佐证后重新提交
202500869,学术论文,基于多目标优化的车身结构轻量化设计,国际/国内会议·其他作者,,其他作者,2026-02-03,,1.0,通过,杨光辉,符合认定条件，通过
202500869,申请专利,一种多功能汽车后备箱收纳架,发明专利·第一发明人,,第一发明人,2026-05-06,,6.0,驳回,杨光辉,时间信息有误，请核对后重新提交
202500869,其他实践活动,全国大学生汽车科技夏令营,技能资格培训·中级,,,2026-01-08,,1.0,通过,杨光辉,佐证材料完整，予以通过
202500870,前沿学术报告,汽车百家讲坛,第11期以后·动力电池热管理关键技术,,,2026-06-10,,0.25,通过,杨光辉,佐证材料完整，予以通过
202500870,年度创新创业项目,省级·负责人,基于深度学习的交通标志识别系统,,负责人,2025-02-26,2028-06-30,4.0,通过,杨光辉,佐证材料完整，予以通过
202500870,科技创新竞赛,校智能车校内选拔赛,,校级·一等奖,第一完成人,2026-01-05,,1.0,待审核,,
202500870,创业实践,二手车检测陪购服务工作室,入驻孵化器·团队成员,,团队成员,2026-02-23,,2.0,通过,杨光辉,佐证材料完整，予以通过
202500870,学术论文,基于多目标优化的车身结构轻量化设计,普通期刊·第二作者,,第二作者,2026-03-06,,1.0,通过,杨光辉,佐证材料完整，予以通过
202500870,申请专利,一种多功能汽车后备箱收纳架,实用新型专利·其他发明人,,其他发明人,2026-05-21,,1.5,通过,杨光辉,符合认定条件，通过
202500870,其他实践活动,汽车工程学院企业行,学术交流访问·出境交流,,,2026-06-17,,2.0,通过,杨光辉,佐证材料完整，予以通过
202500871,前沿学术报告,名家学术讲座,单场·智能制造与数字化工厂实践,,,2026-07-02,,0.5,通过,蒋明辉,符合认定条件，通过
202500871,年度创新创业项目,省级·一般成员,智能导览机器人设计与实现,,一般成员,2025-07-14,2028-06-30,1.5,待审核,,
202500871,科技创新竞赛,全国大学生智能汽车竞赛,,省级·二等奖,第一完成人,2026-05-11,,2.0,通过,蒋明辉,佐证材料完整，予以通过
202500871,创业实践,二手车检测陪购服务工作室,入驻孵化器·负责人,,负责人,2026-03-18,,4.0,通过,蒋明辉,材料齐全，同意认定
202500871,学术论文,基于YOLO的车距保持辅助算法研究,普通期刊·第二作者,,第二作者,2026-08-07,,1.0,公示中,蒋明辉,佐证材料完整，予以通过
202500871,申请专利,一种基于视觉的后视镜盲区监测装置,实用新型专利·第一发明人,,第一发明人,2026-02-02,,3.0,驳回,蒋明辉,认定依据不足，请补充说明材料
202500871,其他实践活动,汽车造型设计工作坊,技能资格培训·初级,,,2026-05-19,,0.5,待审核,,
202500872,前沿学术报告,汽车百家讲坛,第1-5期·汽车芯片与域控制器架构,,,2026-06-24,,0.25,通过,蒋明辉,材料齐全，同意认定
202500872,年度创新创业项目,省级·核心成员,轮胎花纹与湿滑路面制动性能仿真,,核心成员,2025-12-11,2028-06-30,3.0,驳回,蒋明辉,材料不完整，请补充佐证后重新提交
202500872,科技创新竞赛,中国大学生方程式汽车大赛,,国家级·一等奖,核心成员,2026-01-20,,3.6,驳回,蒋明辉,材料不完整，请补充佐证后重新提交
202500872,创业实践,新能源汽车科普工作室,入驻孵化器·团队成员,,团队成员,2026-02-17,,2.0,通过,蒋明辉,佐证材料完整，予以通过
202500872,学术论文,燃料电池汽车氢气循环系统特性分析,SCI/EI 收录·第一作者,,第一作者,2026-08-28,,6.0,待审核,,
202500872,申请专利,一种车载智能空气净化装置,实用新型专利·其他发明人,,其他发明人,2026-03-02,,1.5,驳回,蒋明辉,材料不完整，请补充佐证后重新提交
202500872,其他实践活动,暑期高校科学营活动,学科冬夏令营·国家级,,,2026-01-13,,2.0,通过,蒋明辉,符合认定条件，通过
202500873,前沿学术报告,汽车百家讲坛,第1-5期·无人驾驶环境感知技术进展,,,2026-06-15,,0.25,通过,蒋明辉,符合认定条件，通过
202500873,年度创新创业项目,省级·负责人,基于深度学习的交通标志识别系统,,负责人,2025-05-10,2028-06-30,4.0,通过,蒋明辉,材料齐全，同意认定
202500873,科技创新竞赛,校智能车校内选拔赛,,校级·三等奖,核心成员,2026-02-03,,0.3,待院长审批,蒋明辉,初审通过，转院长审批
202500873,创业实践,校内共享打印服务站,注册成立公司·法人代表,,法人代表,2026-05-28,,6.0,通过,蒋明辉,符合认定条件，通过
202500873,学术论文,电动汽车无线充电耦合机构优化设计,核心期刊·其他作者,,其他作者,2026-08-10,,1.0,公示中,蒋明辉,材料齐全，同意认定
202500873,申请专利,一种电动汽车电池包液冷结构,实用新型专利·其他发明人,,其他发明人,2026-02-18,,1.5,通过,蒋明辉,材料齐全，同意认定
202500873,其他实践活动,暑期高校科学营活动,学科冬夏令营·省级,,,2026-08-18,,1.0,待审核,,
202500874,前沿学术报告,名家学术讲座,单场·汽车轻量化设计与新材料应用,,,2026-04-24,,0.5,驳回,蒋明辉,材料不完整，请补充佐证后重新提交
202500874,年度创新创业项目,省级·一般成员,车载OBD数据采集与驾驶行为分析,,一般成员,2025-03-07,2028-06-30,1.5,驳回,蒋明辉,材料不完整，请补充佐证后重新提交
202500874,科技创新竞赛,中国大学生方程式汽车大赛,,国家级·三等奖,第二完成人,2026-07-22,,1.4,通过,蒋明辉,佐证材料完整，予以通过
202500874,创业实践,校内共享打印服务站,入驻孵化器·团队成员,,团队成员,2026-03-13,,2.0,驳回,蒋明辉,时间信息有误，请核对后重新提交
202500874,学术论文,基于深度学习的路面裂缝检测方法研究,核心期刊·其他作者,,其他作者,2026-07-25,,1.0,驳回,蒋明辉,认定依据不足，请补充说明材料
202500874,申请专利,一种电动汽车电池包液冷结构,外观设计专利·其他发明人,,其他发明人,2026-01-15,,1.0,待审核,,
202500874,其他实践活动,汽车工程学院企业行,学科冬夏令营·校级,,,2026-08-26,,0.5,通过,蒋明辉,符合认定条件，通过
202500875,前沿学术报告,汽车百家讲坛,第1-5期·车载总线与嵌入式系统开发,,,2026-06-14,,0.25,待审核,,
202500875,年度创新创业项目,院级·一般成员,基于STM32的智能循迹小车,,一般成员,2025-08-01,2028-06-30,0.5,通过,蒋明辉,材料齐全，同意认定
202500875,科技创新竞赛,全国大学生节能减排社会实践与科技竞赛,,国家级·一等奖,第三完成人,2026-04-03,,3.0,待审核,,
202500875,创业实践,校内共享打印服务站,入驻孵化器·负责人,,负责人,2026-08-06,,4.0,通过,蒋明辉,佐证材料完整，予以通过
202500875,学术论文,低温环境下锂电池充放电特性研究,SCI/EI 收录·其他作者,,其他作者,2026-07-24,,2.0,驳回,蒋明辉,时间信息有误，请核对后重新提交
202500875,申请专利,一种可调节角度的车载平板支架,发明专利·其他发明人,,其他发明人,2026-01-28,,3.0,通过,蒋明辉,符合认定条件，通过
202500875,其他实践活动,暑期高校科学营活动,学术交流访问·境内交流,,,2026-03-28,,1.0,通过,蒋明辉,材料齐全，同意认定
202500876,前沿学术报告,汽车百家讲坛,第6-10期·新能源汽车动力总成发展趋势,,,2026-08-16,,0.25,通过,蒋明辉,符合认定条件，通过
202500876,年度创新创业项目,校级·负责人,氢燃料电池汽车散热性能仿真分析,,负责人,2025-08-04,2028-06-30,2.0,待审核,,
202500876,科技创新竞赛,全国大学生机械创新设计大赛,,国家级·一等奖,负责人,2026-03-24,,6.0,通过,蒋明辉,符合认定条件，通过
202500876,创业实践,校园二手书流转平台,入驻孵化器·负责人,,负责人,2026-04-22,,4.0,驳回,蒋明辉,材料不完整，请补充佐证后重新提交
202500876,学术论文,汽车主动悬架半主动控制策略仿真,国际/国内会议·第二作者,,第二作者,2026-04-13,,2.0,通过,蒋明辉,符合认定条件，通过
202500876,申请专利,一种新能源汽车充电枪锁止机构,实用新型专利·第一发明人,,第一发明人,2026-01-23,,3.0,通过,蒋明辉,符合认定条件，通过
202500876,其他实践活动,汽车工程学院企业行,学术交流访问·境内交流,,,2026-03-05,,1.0,通过,蒋明辉,佐证材料完整，予以通过
202500877,前沿学术报告,汽车百家讲坛,第1-5期·智能制造与数字化工厂实践,,,2026-04-15,,0.25,驳回,蒋明辉,时间信息有误，请核对后重新提交
202500877,年度创新创业项目,院级·核心成员,二手车价格预测模型构建,,核心成员,2025-02-07,2028-06-30,0.5,通过,蒋明辉,材料齐全，同意认定
202500877,科技创新竞赛,全国大学生机械创新设计大赛,,国家级·三等奖,核心成员,2026-06-05,,1.2,通过,蒋明辉,材料齐全，同意认定
202500877,创业实践,二手车检测陪购服务工作室,创业训练计划·负责人,,负责人,2026-06-05,,3.0,通过,蒋明辉,佐证材料完整，予以通过
202500877,学术论文,汽车主动悬架半主动控制策略仿真,国际/国内会议·第一作者,,第一作者,2026-01-27,,3.0,驳回,蒋明辉,盖章缺失，请重新上传完整材料
202500877,申请专利,一种基于视觉的后视镜盲区监测装置,外观设计专利·第一发明人,,第一发明人,2026-05-13,,2.0,通过,蒋明辉,符合认定条件，通过
202500877,其他实践活动,暑期高校科学营活动,学术交流访问·境内交流,,,2026-04-17,,1.0,通过,蒋明辉,材料齐全，同意认定
202500878,前沿学术报告,名家学术讲座,单场·无人驾驶环境感知技术进展,,,2026-05-14,,0.5,驳回,蒋明辉,时间信息有误，请核对后重新提交
202500878,年度创新创业项目,校级·一般成员,氢燃料电池汽车散热性能仿真分析,,一般成员,2025-09-15,2028-06-30,1.0,驳回,蒋明辉,认定依据不足，请补充说明材料
202500878,科技创新竞赛,全国大学生节能减排社会实践与科技竞赛,,国家级·一等奖,第二完成人,2026-05-23,,4.2,待审核,,
202500878,创业实践,校内共享打印服务站,创业训练计划·团队成员,,团队成员,2026-07-06,,1.5,驳回,蒋明辉,认定依据不足，请补充说明材料
202500878,学术论文,混合动力汽车能量管理策略仿真,普通期刊·第一作者,,第一作者,2026-07-26,,2.0,待院长审批,蒋明辉,初审通过，转院长审批
202500878,申请专利,一种新能源汽车充电枪锁止机构,实用新型专利·其他发明人,,其他发明人,2026-05-24,,1.5,驳回,蒋明辉,时间信息有误，请核对后重新提交
202500878,其他实践活动,德国亚琛工业大学线上交流项目,学科冬夏令营·省级,,,2026-05-19,,1.0,通过,蒋明辉,符合认定条件，通过
202500879,前沿学术报告,汽车百家讲坛,第6-10期·汽车轻量化设计与新材料应用,,,2026-01-16,,0.25,通过,蒋明辉,符合认定条件，通过
202500879,年度创新创业项目,校级·一般成员,氢燃料电池汽车散热性能仿真分析,,一般成员,2025-07-19,2028-06-30,1.0,通过,蒋明辉,佐证材料完整，予以通过
202500879,科技创新竞赛,校智能车校内选拔赛,,校级·三等奖,核心成员,2026-01-16,,0.3,通过,蒋明辉,符合认定条件，通过
202500879,创业实践,校园二手书流转平台,创业训练计划·团队成员,,团队成员,2026-08-17,,1.5,通过,蒋明辉,材料齐全，同意认定
202500879,学术论文,汽车主动悬架半主动控制策略仿真,国际/国内会议·其他作者,,其他作者,2026-07-25,,1.0,驳回,蒋明辉,材料不完整，请补充佐证后重新提交
202500879,申请专利,一种新能源汽车充电枪锁止机构,实用新型专利·其他发明人,,其他发明人,2026-04-12,,1.5,待审核,,
202500879,其他实践活动,全国大学生汽车科技夏令营,技能资格培训·初级,,,2026-06-18,,0.5,公示中,蒋明辉,材料齐全，同意认定
202500880,前沿学术报告,名家学术讲座,单场·无人驾驶环境感知技术进展,,,2026-08-08,,0.5,通过,蒋明辉,佐证材料完整，予以通过
202500880,年度创新创业项目,院级·一般成员,车载OBD数据采集与驾驶行为分析,,一般成员,2025-10-14,2028-06-30,0.5,公示中,蒋明辉,材料齐全，同意认定
202500880,科技创新竞赛,全国大学生数学建模竞赛,,国家级·二等奖,第二完成人,2026-04-22,,2.8,通过,蒋明辉,符合认定条件，通过
202500880,创业实践,二手车检测陪购服务工作室,注册成立公司·合伙人,,合伙人,2026-02-06,,4.0,驳回,蒋明辉,盖章缺失，请重新上传完整材料
202500880,学术论文,基于YOLO的车距保持辅助算法研究,国际/国内会议·第二作者,,第二作者,2026-05-04,,2.0,驳回,蒋明辉,材料不完整，请补充佐证后重新提交
202500880,申请专利,一种电动汽车电池包液冷结构,发明专利·其他发明人,,其他发明人,2026-02-01,,3.0,通过,蒋明辉,佐证材料完整，予以通过
202500880,其他实践活动,汽车造型设计工作坊,学科冬夏令营·省级,,,2026-03-15,,1.0,通过,蒋明辉,材料齐全，同意认定
202500881,前沿学术报告,名家学术讲座,单场·汽车轻量化设计与新材料应用,,,2026-08-14,,0.5,待审核,,
202500881,年度创新创业项目,校级·负责人,氢燃料电池汽车散热性能仿真分析,,负责人,2025-05-12,2028-06-30,2.0,待审核,,
202500881,科技创新竞赛,校智能车校内选拔赛,,校级·一等奖,负责人,2026-01-24,,1.0,驳回,蒋明辉,材料不完整，请补充佐证后重新提交
202500881,创业实践,校内共享打印服务站,入驻孵化器·团队成员,,团队成员,2026-08-25,,2.0,通过,蒋明辉,佐证材料完整，予以通过
202500881,学术论文,低温环境下锂电池充放电特性研究,国际/国内会议·第二作者,,第二作者,2026-02-23,,2.0,通过,蒋明辉,材料齐全，同意认定
202500881,申请专利,一种基于视觉的后视镜盲区监测装置,实用新型专利·第一发明人,,第一发明人,2026-02-17,,3.0,驳回,蒋明辉,材料不完整，请补充佐证后重新提交
202500881,其他实践活动,暑期高校科学营活动,学术交流访问·境内交流,,,2026-08-17,,1.0,通过,蒋明辉,佐证材料完整，予以通过
202500882,前沿学术报告,汽车百家讲坛,第1-5期·智能制造与数字化工厂实践,,,2026-07-11,,0.25,通过,蒋明辉,材料齐全，同意认定
202500882,年度创新创业项目,校级·一般成员,车载OBD数据采集与驾驶行为分析,,一般成员,2025-03-25,2028-06-30,1.0,通过,蒋明辉,佐证材料完整，予以通过
202500882,科技创新竞赛,中国大学生方程式汽车大赛,,国家级·三等奖,第三完成人,2026-06-21,,1.0,驳回,蒋明辉,认定依据不足，请补充说明材料
202500882,创业实践,新能源汽车科普工作室,入驻孵化器·团队成员,,团队成员,2026-07-11,,2.0,驳回,蒋明辉,盖章缺失，请重新上传完整材料
202500882,学术论文,燃料电池汽车氢气循环系统特性分析,国际/国内会议·其他作者,,其他作者,2026-01-23,,1.0,通过,蒋明辉,符合认定条件，通过
202500882,申请专利,一种多功能汽车后备箱收纳架,实用新型专利·第一发明人,,第一发明人,2026-08-28,,3.0,驳回,蒋明辉,认定依据不足，请补充说明材料
202500882,其他实践活动,德国亚琛工业大学线上交流项目,技能资格培训·中级,,,2026-01-20,,1.0,通过,蒋明辉,佐证材料完整，予以通过
202500883,前沿学术报告,名家学术讲座,单场·无人驾驶环境感知技术进展,,,2026-06-06,,0.5,待审核,,
202500883,年度创新创业项目,院级·一般成员,基于STM32的智能循迹小车,,一般成员,2025-06-15,2028-06-30,0.5,驳回,蒋明辉,材料不完整，请补充佐证后重新提交
202500883,科技创新竞赛,挑战杯全国大学生课外学术科技作品竞赛,,省级·二等奖,第三完成人,2026-08-03,,1.0,通过,蒋明辉,佐证材料完整，予以通过
202500883,创业实践,校园二手书流转平台,创业训练计划·负责人,,负责人,2026-08-27,,3.0,通过,蒋明辉,材料齐全，同意认定
202500883,学术论文,汽车主动悬架半主动控制策略仿真,普通期刊·第一作者,,第一作者,2026-05-15,,2.0,通过,蒋明辉,符合认定条件，通过
202500883,申请专利,一种可调节角度的车载平板支架,实用新型专利·其他发明人,,其他发明人,2026-05-05,,1.5,驳回,蒋明辉,时间信息有误，请核对后重新提交
202500883,其他实践活动,汽车造型设计工作坊,技能资格培训·中级,,,2026-04-15,,1.0,通过,蒋明辉,符合认定条件，通过
202500884,前沿学术报告,汽车百家讲坛,第11期以后·智能网联汽车技术前沿,,,2026-04-22,,0.25,通过,蒋明辉,材料齐全，同意认定
202500884,年度创新创业项目,省级·负责人,基于机器视觉的行人过街检测系统,,负责人,2025-11-23,2028-06-30,4.0,驳回,蒋明辉,材料不完整，请补充佐证后重新提交
202500884,科技创新竞赛,挑战杯全国大学生课外学术科技作品竞赛,,省级·三等奖,第一完成人,2026-06-10,,1.0,待审核,,
202500884,创业实践,校内共享打印服务站,注册成立公司·团队成员,,团队成员,2026-08-19,,2.0,驳回,蒋明辉,盖章缺失，请重新上传完整材料
202500884,学术论文,基于多目标优化的车身结构轻量化设计,核心期刊·其他作者,,其他作者,2026-01-21,,1.0,通过,蒋明辉,符合认定条件，通过
202500884,申请专利,一种新能源汽车充电枪锁止机构,实用新型专利·其他发明人,,其他发明人,2026-04-07,,1.5,通过,蒋明辉,佐证材料完整，予以通过
202500884,其他实践活动,暑期高校科学营活动,技能资格培训·中级,,,2026-04-13,,1.0,通过,蒋明辉,材料齐全，同意认定
202500885,前沿学术报告,名家学术讲座,单场·无人驾驶环境感知技术进展,,,2026-08-13,,0.5,通过,蒋明辉,佐证材料完整，予以通过
202500885,年度创新创业项目,国家级·负责人,新能源汽车电池热管理优化研究,,负责人,2025-12-05,2028-06-30,6.0,通过,蒋明辉,材料齐全，同意认定
202500885,科技创新竞赛,中国国际大学生创新大赛,,省级·一等奖,负责人,2026-07-13,,3.0,待审核,,
202500885,创业实践,大学生汽车文创工作室,创业训练计划·负责人,,负责人,2026-06-02,,3.0,驳回,蒋明辉,时间信息有误，请核对后重新提交
202500885,学术论文,基于YOLO的车距保持辅助算法研究,国际/国内会议·第二作者,,第二作者,2026-08-19,,2.0,驳回,蒋明辉,认定依据不足，请补充说明材料
202500885,申请专利,一种可调节角度的车载平板支架,实用新型专利·第一发明人,,第一发明人,2026-06-06,,3.0,待审核,,
202500885,其他实践活动,智能驾驶技术专题培训,学术交流访问·出境交流,,,2026-01-10,,2.0,驳回,蒋明辉,时间信息有误，请核对后重新提交
202500886,前沿学术报告,汽车百家讲坛,第1-5期·汽车轻量化设计与新材料应用,,,2026-04-27,,0.25,待审核,,
202500886,年度创新创业项目,校级·负责人,基于深度学习的交通标志识别系统,,负责人,2025-11-14,2028-06-30,2.0,驳回,蒋明辉,认定依据不足，请补充说明材料
202500886,科技创新竞赛,中国国际大学生创新大赛,,省级·二等奖,负责人,2026-02-19,,2.0,驳回,蒋明辉,材料不完整，请补充佐证后重新提交
202500886,创业实践,二手车检测陪购服务工作室,创业训练计划·负责人,,负责人,2026-02-04,,3.0,驳回,蒋明辉,认定依据不足，请补充说明材料
202500886,学术论文,低温环境下锂电池充放电特性研究,国际/国内会议·第一作者,,第一作者,2026-04-23,,3.0,待审核,,
202500886,申请专利,一种电动汽车电池包液冷结构,外观设计专利·其他发明人,,其他发明人,2026-07-09,,1.0,驳回,蒋明辉,盖章缺失，请重新上传完整材料
202500886,其他实践活动,暑期高校科学营活动,技能资格培训·高级,,,2026-05-06,,1.5,通过,蒋明辉,符合认定条件，通过
202500887,前沿学术报告,名家学术讲座,单场·车载总线与嵌入式系统开发,,,2026-06-17,,0.5,通过,蒋明辉,材料齐全，同意认定
202500887,年度创新创业项目,校级·负责人,新能源汽车电池热管理优化研究,,负责人,2025-02-12,2028-06-30,2.0,待审核,,
202500887,科技创新竞赛,校智能车校内选拔赛,,校级·三等奖,第二完成人,2026-02-04,,0.35,待审核,,
202500887,创业实践,校园二手书流转平台,入驻孵化器·团队成员,,团队成员,2026-08-03,,2.0,通过,蒋明辉,符合认定条件，通过
202500887,学术论文,混合动力汽车能量管理策略仿真,普通期刊·其他作者,,其他作者,2026-06-14,,0.5,待审核,,
202500887,申请专利,一种可调节角度的车载平板支架,外观设计专利·第一发明人,,第一发明人,2026-05-18,,2.0,通过,蒋明辉,符合认定条件，通过
202500887,其他实践活动,汽车工程学院企业行,技能资格培训·中级,,,2026-01-04,,1.0,驳回,蒋明辉,认定依据不足，请补充说明材料
202500888,前沿学术报告,汽车百家讲坛,第1-5期·智能制造与数字化工厂实践,,,2026-07-19,,0.25,待审核,,
202500888,年度创新创业项目,省级·负责人,轮胎花纹与湿滑路面制动性能仿真,,负责人,2025-08-02,2028-06-30,4.0,通过,蒋明辉,符合认定条件，通过
202500888,科技创新竞赛,中国国际大学生创新大赛,,省级·二等奖,负责人,2026-05-08,,2.0,通过,蒋明辉,符合认定条件，通过
202500888,创业实践,大学生汽车文创工作室,入驻孵化器·负责人,,负责人,2026-02-23,,4.0,待审核,,
202500888,学术论文,电动汽车无线充电耦合机构优化设计,国际/国内会议·第二作者,,第二作者,2026-03-24,,2.0,驳回,蒋明辉,材料不完整，请补充佐证后重新提交
202500888,申请专利,一种新能源汽车充电枪锁止机构,发明专利·其他发明人,,其他发明人,2026-04-17,,3.0,通过,蒋明辉,材料齐全，同意认定
202500888,其他实践活动,汽车工程学院企业行,学科冬夏令营·省级,,,2026-01-24,,1.0,通过,蒋明辉,符合认定条件，通过
202500889,前沿学术报告,汽车百家讲坛,第11期以后·汽车芯片与域控制器架构,,,2026-08-09,,0.25,通过,蒋明辉,材料齐全，同意认定
202500889,年度创新创业项目,省级·负责人,基于机器视觉的行人过街检测系统,,负责人,2025-06-12,2028-06-30,4.0,待审核,,
202500889,科技创新竞赛,全国大学生节能减排社会实践与科技竞赛,,省级·三等奖,负责人,2026-05-18,,1.0,通过,蒋明辉,材料齐全，同意认定
202500889,创业实践,二手车检测陪购服务工作室,注册成立公司·团队成员,,团队成员,2026-02-09,,2.0,驳回,蒋明辉,认定依据不足，请补充说明材料
202500889,学术论文,汽车主动悬架半主动控制策略仿真,普通期刊·第二作者,,第二作者,2026-02-27,,1.0,驳回,蒋明辉,时间信息有误，请核对后重新提交
202500889,申请专利,一种车载智能空气净化装置,实用新型专利·其他发明人,,其他发明人,2026-08-07,,1.5,待审核,,
202500889,其他实践活动,全国大学生汽车科技夏令营,学术交流访问·出境交流,,,2026-03-10,,2.0,通过,蒋明辉,材料齐全，同意认定
202500890,前沿学术报告,名家学术讲座,单场·动力电池热管理关键技术,,,2026-02-01,,0.5,通过,蒋明辉,材料齐全，同意认定
202500890,年度创新创业项目,校级·一般成员,轮胎花纹与湿滑路面制动性能仿真,,一般成员,2025-09-02,2028-06-30,1.0,通过,蒋明辉,符合认定条件，通过
202500890,科技创新竞赛,全国大学生数学建模竞赛,,省级·一等奖,核心成员,2026-04-13,,1.8,通过,蒋明辉,佐证材料完整，予以通过
202500890,创业实践,校内共享打印服务站,入驻孵化器·团队成员,,团队成员,2026-08-15,,2.0,通过,蒋明辉,佐证材料完整，予以通过
202500890,学术论文,基于多目标优化的车身结构轻量化设计,国际/国内会议·第二作者,,第二作者,2026-04-22,,2.0,待审核,,
202500890,申请专利,一种新能源汽车充电枪锁止机构,实用新型专利·第一发明人,,第一发明人,2026-02-11,,3.0,驳回,蒋明辉,时间信息有误，请核对后重新提交
202500890,其他实践活动,全国大学生汽车科技夏令营,学科冬夏令营·国家级,,,2026-05-20,,2.0,通过,蒋明辉,材料齐全，同意认定
202500891,前沿学术报告,名家学术讲座,单场·动力电池热管理关键技术,,,2026-01-15,,0.5,待审核,,
202500891,年度创新创业项目,校级·负责人,轮胎花纹与湿滑路面制动性能仿真,,负责人,2025-11-21,2028-06-30,2.0,通过,蒋明辉,材料齐全，同意认定
202500891,科技创新竞赛,全国大学生节能减排社会实践与科技竞赛,,省级·三等奖,第三完成人,2026-07-18,,0.5,通过,蒋明辉,佐证材料完整，予以通过
202500891,创业实践,大学生汽车文创工作室,注册成立公司·团队成员,,团队成员,2026-08-16,,2.0,通过,蒋明辉,符合认定条件，通过
202500891,学术论文,基于深度学习的路面裂缝检测方法研究,国际/国内会议·其他作者,,其他作者,2026-07-04,,1.0,通过,蒋明辉,材料齐全，同意认定
202500891,申请专利,一种多功能汽车后备箱收纳架,实用新型专利·其他发明人,,其他发明人,2026-03-17,,1.5,待审核,,
202500891,其他实践活动,全国大学生汽车科技夏令营,技能资格培训·高级,,,2026-01-28,,1.5,通过,蒋明辉,佐证材料完整，予以通过
202500892,前沿学术报告,名家学术讲座,单场·汽车芯片与域控制器架构,,,2026-05-07,,0.5,待审核,,
202500892,年度创新创业项目,省级·负责人,太阳能小车能量管理策略研究,,负责人,2025-12-11,2028-06-30,4.0,通过,蒋明辉,佐证材料完整，予以通过
202500892,科技创新竞赛,全国大学生机械创新设计大赛,,省级·二等奖,第三完成人,2026-03-08,,1.0,驳回,蒋明辉,盖章缺失，请重新上传完整材料
202500892,创业实践,大学生汽车文创工作室,入驻孵化器·负责人,,负责人,2026-05-02,,4.0,通过,蒋明辉,佐证材料完整，予以通过
202500892,学术论文,基于多目标优化的车身结构轻量化设计,普通期刊·第二作者,,第二作者,2026-07-27,,1.0,待审核,,
202500892,申请专利,一种可调节角度的车载平板支架,实用新型专利·第一发明人,,第一发明人,2026-04-19,,3.0,通过,蒋明辉,材料齐全，同意认定
202500892,其他实践活动,智能驾驶技术专题培训,学术交流访问·出境交流,,,2026-05-02,,2.0,通过,蒋明辉,佐证材料完整，予以通过
202500893,前沿学术报告,汽车百家讲坛,第11期以后·汽车轻量化设计与新材料应用,,,2026-03-09,,0.25,通过,蒋明辉,符合认定条件，通过
202500893,年度创新创业项目,国家级·核心成员,基于深度学习的交通标志识别系统,,核心成员,2025-09-09,2028-06-30,4.0,通过,蒋明辉,佐证材料完整，予以通过
202500893,科技创新竞赛,山东省大学生机电产品创新设计竞赛,,校级·一等奖,第一完成人,2026-03-24,,1.0,通过,蒋明辉,材料齐全，同意认定
202500893,创业实践,校园二手书流转平台,创业训练计划·负责人,,负责人,2026-08-20,,3.0,待审核,,
202500893,学术论文,基于YOLO的车距保持辅助算法研究,国际/国内会议·其他作者,,其他作者,2026-06-21,,1.0,通过,蒋明辉,材料齐全，同意认定
202500893,申请专利,一种车载智能空气净化装置,发明专利·第一发明人,,第一发明人,2026-02-11,,6.0,通过,蒋明辉,佐证材料完整，予以通过
202500893,其他实践活动,智能驾驶技术专题培训,学术交流访问·境内交流,,,2026-03-06,,1.0,待审核,,
202500894,前沿学术报告,汽车百家讲坛,第11期以后·智能制造与数字化工厂实践,,,2026-03-20,,0.25,通过,蒋明辉,佐证材料完整，予以通过
202500894,年度创新创业项目,省级·核心成员,智能导览机器人设计与实现,,核心成员,2025-08-24,2028-06-30,3.0,通过,蒋明辉,材料齐全，同意认定
202500894,科技创新竞赛,山东省大学生机电产品创新设计竞赛,,省级·三等奖,核心成员,2026-03-19,,0.6,通过,蒋明辉,佐证材料完整，予以通过
202500894,创业实践,二手车检测陪购服务工作室,创业训练计划·负责人,,负责人,2026-04-18,,3.0,待院长审批,蒋明辉,初审通过，转院长审批
202500894,学术论文,基于多目标优化的车身结构轻量化设计,普通期刊·第二作者,,第二作者,2026-06-13,,1.0,通过,蒋明辉,佐证材料完整，予以通过
202500894,申请专利,一种电动汽车电池包液冷结构,发明专利·第一发明人,,第一发明人,2026-02-20,,6.0,驳回,蒋明辉,材料不完整，请补充佐证后重新提交
202500894,其他实践活动,全国大学生汽车科技夏令营,学科冬夏令营·校级,,,2026-05-24,,0.5,通过,蒋明辉,佐证材料完整，予以通过
202500895,前沿学术报告,汽车百家讲坛,第6-10期·汽车芯片与域控制器架构,,,2026-06-16,,0.25,通过,蒋明辉,符合认定条件，通过
202500895,年度创新创业项目,校级·一般成员,基于机器视觉的行人过街检测系统,,一般成员,2025-04-09,2028-06-30,1.0,通过,蒋明辉,佐证材料完整，予以通过
202500895,科技创新竞赛,全国大学生数学建模竞赛,,国家级·三等奖,负责人,2026-06-25,,2.0,通过,蒋明辉,符合认定条件，通过
202500895,创业实践,新能源汽车科普工作室,创业训练计划·负责人,,负责人,2026-08-15,,3.0,通过,蒋明辉,材料齐全，同意认定
202500895,学术论文,混合动力汽车能量管理策略仿真,普通期刊·第二作者,,第二作者,2026-01-15,,1.0,通过,蒋明辉,符合认定条件，通过
202500895,申请专利,一种车载智能空气净化装置,外观设计专利·第一发明人,,第一发明人,2026-05-15,,2.0,通过,蒋明辉,材料齐全，同意认定
202500895,其他实践活动,汽车工程学院企业行,技能资格培训·初级,,,2026-05-01,,0.5,通过,蒋明辉,佐证材料完整，予以通过
202500896,前沿学术报告,名家学术讲座,单场·汽车轻量化设计与新材料应用,,,2026-01-08,,0.5,驳回,蒋明辉,盖章缺失，请重新上传完整材料
202500896,年度创新创业项目,省级·负责人,氢燃料电池汽车散热性能仿真分析,,负责人,2025-08-23,2028-06-30,4.0,通过,蒋明辉,材料齐全，同意认定
202500896,科技创新竞赛,全国大学生机械创新设计大赛,,省级·三等奖,第一完成人,2026-05-01,,1.0,待审核,,
202500896,创业实践,大学生汽车文创工作室,入驻孵化器·团队成员,,团队成员,2026-08-28,,2.0,驳回,蒋明辉,时间信息有误，请核对后重新提交
202500896,学术论文,基于YOLO的车距保持辅助算法研究,国际/国内会议·第一作者,,第一作者,2026-08-03,,3.0,驳回,蒋明辉,材料不完整，请补充佐证后重新提交
202500896,申请专利,一种车载智能空气净化装置,实用新型专利·第一发明人,,第一发明人,2026-06-05,,3.0,通过,蒋明辉,符合认定条件，通过
202500896,其他实践活动,汽车工程学院企业行,学术交流访问·境内交流,,,2026-06-03,,1.0,通过,蒋明辉,材料齐全，同意认定
202500897,前沿学术报告,汽车百家讲坛,第6-10期·动力电池热管理关键技术,,,2026-04-27,,0.25,通过,蒋明辉,符合认定条件，通过
202500897,年度创新创业项目,省级·负责人,二手车价格预测模型构建,,负责人,2025-10-27,2028-06-30,4.0,待审核,,
202500897,科技创新竞赛,全国大学生机械创新设计大赛,,省级·三等奖,负责人,2026-07-16,,1.0,通过,蒋明辉,符合认定条件，通过
202500897,创业实践,二手车检测陪购服务工作室,创业训练计划·负责人,,负责人,2026-05-03,,3.0,驳回,蒋明辉,材料不完整，请补充佐证后重新提交
202500897,学术论文,基于多目标优化的车身结构轻量化设计,国际/国内会议·第一作者,,第一作者,2026-06-01,,3.0,通过,蒋明辉,材料齐全，同意认定
202500897,申请专利,一种基于视觉的后视镜盲区监测装置,实用新型专利·第一发明人,,第一发明人,2026-01-18,,3.0,驳回,蒋明辉,认定依据不足，请补充说明材料
202500897,其他实践活动,德国亚琛工业大学线上交流项目,技能资格培训·初级,,,2026-03-13,,0.5,通过,蒋明辉,佐证材料完整，予以通过
202500898,前沿学术报告,汽车百家讲坛,第11期以后·氢能及燃料电池汽车产业展望,,,2026-07-15,,0.25,待审核,,
202500898,年度创新创业项目,国家级·一般成员,轮胎花纹与湿滑路面制动性能仿真,,一般成员,2025-05-12,2028-06-30,2.0,通过,蒋明辉,符合认定条件，通过
202500898,科技创新竞赛,全国大学生智能汽车竞赛,,国家级·一等奖,负责人,2026-07-11,,6.0,通过,蒋明辉,符合认定条件，通过
202500898,创业实践,校内共享打印服务站,创业训练计划·团队成员,,团队成员,2026-01-20,,1.5,驳回,蒋明辉,材料不完整，请补充佐证后重新提交
202500898,学术论文,基于多目标优化的车身结构轻量化设计,核心期刊·第二作者,,第二作者,2026-06-19,,2.0,公示中,蒋明辉,符合认定条件，通过
202500898,申请专利,一种电动汽车电池包液冷结构,实用新型专利·其他发明人,,其他发明人,2026-08-07,,1.5,通过,蒋明辉,佐证材料完整，予以通过
202500898,其他实践活动,智能驾驶技术专题培训,学术交流访问·境内交流,,,2026-01-20,,1.0,通过,蒋明辉,符合认定条件，通过
202500899,前沿学术报告,汽车百家讲坛,第1-5期·智能制造与数字化工厂实践,,,2026-04-15,,0.25,通过,蒋明辉,佐证材料完整，予以通过
202500899,年度创新创业项目,院级·负责人,基于机器视觉的行人过街检测系统,,负责人,2025-07-27,2028-06-30,1.0,通过,蒋明辉,符合认定条件，通过
202500899,科技创新竞赛,挑战杯全国大学生课外学术科技作品竞赛,,国家级·二等奖,第二完成人,2026-08-24,,2.8,通过,蒋明辉,材料齐全，同意认定
202500899,创业实践,新能源汽车科普工作室,入驻孵化器·负责人,,负责人,2026-07-05,,4.0,驳回,蒋明辉,盖章缺失，请重新上传完整材料
202500899,学术论文,燃料电池汽车氢气循环系统特性分析,普通期刊·其他作者,,其他作者,2026-03-06,,0.5,通过,蒋明辉,材料齐全，同意认定
202500899,申请专利,一种新能源汽车充电枪锁止机构,发明专利·第一发明人,,第一发明人,2026-08-05,,6.0,通过,蒋明辉,符合认定条件，通过
202500899,其他实践活动,汽车工程学院企业行,学术交流访问·出境交流,,,2026-05-17,,2.0,通过,蒋明辉,符合认定条件，通过
202500900,前沿学术报告,名家学术讲座,单场·汽车芯片与域控制器架构,,,2026-02-09,,0.5,待审核,,
202500900,年度创新创业项目,院级·一般成员,智能导览机器人设计与实现,,一般成员,2025-09-21,2028-06-30,0.5,待审核,,
202500900,科技创新竞赛,全国大学生机械创新设计大赛,,国家级·三等奖,第二完成人,2026-05-08,,1.4,通过,蒋明辉,材料齐全，同意认定
202500900,创业实践,二手车检测陪购服务工作室,创业训练计划·负责人,,负责人,2026-05-19,,3.0,通过,蒋明辉,佐证材料完整，予以通过
202500900,学术论文,燃料电池汽车氢气循环系统特性分析,国际/国内会议·其他作者,,其他作者,2026-08-26,,1.0,通过,蒋明辉,佐证材料完整，予以通过
202500900,申请专利,一种电动汽车电池包液冷结构,实用新型专利·第一发明人,,第一发明人,2026-02-18,,3.0,待审核,,
202500900,其他实践活动,汽车工程学院企业行,学术交流访问·出境交流,,,2026-03-21,,2.0,通过,蒋明辉,材料齐全，同意认定
202600901,前沿学术报告,名家学术讲座,单场·氢能及燃料电池汽车产业展望,,,2026-09-01,,0.5,通过,赵倩,材料齐全，同意认定
202600902,前沿学术报告,汽车百家讲坛,第11期以后·汽车轻量化设计与新材料应用,,,2026-09-03,,0.25,驳回,赵倩,时间信息有误，请核对后重新提交
202600903,前沿学术报告,名家学术讲座,单场·车载总线与嵌入式系统开发,,,2026-09-04,,0.5,驳回,赵倩,盖章缺失，请重新上传完整材料
202600904,前沿学术报告,名家学术讲座,单场·汽车芯片与域控制器架构,,,2026-09-02,,0.5,通过,赵倩,材料齐全，同意认定
202600905,前沿学术报告,汽车百家讲坛,第6-10期·智能制造与数字化工厂实践,,,2026-09-03,,0.25,通过,赵倩,材料齐全，同意认定
202600906,前沿学术报告,汽车百家讲坛,第6-10期·车载总线与嵌入式系统开发,,,2026-09-02,,0.25,通过,赵倩,材料齐全，同意认定
202600907,前沿学术报告,名家学术讲座,单场·汽车空气动力学优化设计,,,2026-09-02,,0.5,待审核,,
202600908,前沿学术报告,汽车百家讲坛,第1-5期·动力电池热管理关键技术,,,2026-09-03,,0.25,驳回,赵倩,盖章缺失，请重新上传完整材料
202600909,前沿学术报告,名家学术讲座,单场·智能网联汽车技术前沿,,,2026-09-01,,0.5,通过,赵倩,佐证材料完整，予以通过
202600910,前沿学术报告,汽车百家讲坛,第6-10期·新能源汽车动力总成发展趋势,,,2026-09-03,,0.25,待审核,,
202600911,前沿学术报告,名家学术讲座,单场·汽车轻量化设计与新材料应用,,,2026-09-04,,0.5,通过,赵倩,材料齐全，同意认定
202600912,前沿学术报告,名家学术讲座,单场·动力电池热管理关键技术,,,2026-09-01,,0.5,待审核,,
202600913,前沿学术报告,汽车百家讲坛,第1-5期·汽车轻量化设计与新材料应用,,,2026-09-04,,0.25,驳回,赵倩,材料不完整，请补充佐证后重新提交
202600914,前沿学术报告,名家学术讲座,单场·汽车芯片与域控制器架构,,,2026-09-04,,0.5,公示中,赵倩,佐证材料完整，予以通过
202600915,前沿学术报告,名家学术讲座,单场·动力电池热管理关键技术,,,2026-09-01,,0.5,通过,赵倩,符合认定条件，通过
202600916,前沿学术报告,名家学术讲座,单场·车载总线与嵌入式系统开发,,,2026-09-02,,0.5,驳回,赵倩,材料不完整，请补充佐证后重新提交
202600917,前沿学术报告,汽车百家讲坛,第11期以后·新能源汽车动力总成发展趋势,,,2026-09-01,,0.25,通过,赵倩,佐证材料完整，予以通过
202600918,前沿学术报告,汽车百家讲坛,第11期以后·无人驾驶环境感知技术进展,,,2026-09-01,,0.25,通过,赵倩,符合认定条件，通过
202600919,前沿学术报告,汽车百家讲坛,第1-5期·氢能及燃料电池汽车产业展望,,,2026-09-04,,0.25,通过,赵倩,佐证材料完整，予以通过
202600920,前沿学术报告,汽车百家讲坛,第1-5期·汽车轻量化设计与新材料应用,,,2026-09-03,,0.25,驳回,赵倩,盖章缺失，请重新上传完整材料
202600921,前沿学术报告,名家学术讲座,单场·智能制造与数字化工厂实践,,,2026-09-01,,0.5,驳回,赵倩,认定依据不足，请补充说明材料
202600922,前沿学术报告,汽车百家讲坛,第1-5期·汽车芯片与域控制器架构,,,2026-09-01,,0.25,待审核,,
202600923,前沿学术报告,汽车百家讲坛,第11期以后·车载总线与嵌入式系统开发,,,2026-09-02,,0.25,驳回,赵倩,时间信息有误，请核对后重新提交
202600924,前沿学术报告,汽车百家讲坛,第11期以后·动力电池热管理关键技术,,,2026-09-02,,0.25,驳回,赵倩,认定依据不足，请补充说明材料
202600925,前沿学术报告,汽车百家讲坛,第6-10期·汽车芯片与域控制器架构,,,2026-09-04,,0.25,驳回,赵倩,时间信息有误，请核对后重新提交
202600926,前沿学术报告,汽车百家讲坛,第1-5期·汽车空气动力学优化设计,,,2026-09-05,,0.25,驳回,赵倩,材料不完整，请补充佐证后重新提交
202600927,前沿学术报告,汽车百家讲坛,第6-10期·汽车轻量化设计与新材料应用,,,2026-09-04,,0.25,驳回,赵倩,盖章缺失，请重新上传完整材料
202600928,前沿学术报告,名家学术讲座,单场·动力电池热管理关键技术,,,2026-09-01,,0.5,驳回,赵倩,材料不完整，请补充佐证后重新提交
202600929,前沿学术报告,信息科学论坛,第1-5期·无人驾驶环境感知技术进展,,,2026-09-01,,0.25,通过,赵倩,佐证材料完整，予以通过
202600930,前沿学术报告,名家学术讲座,单场·动力电池热管理关键技术,,,2026-09-01,,0.5,通过,赵倩,符合认定条件，通过
202600931,前沿学术报告,名家学术讲座,单场·智能网联汽车技术前沿,,,2026-09-02,,0.5,驳回,赵倩,认定依据不足，请补充说明材料
202600932,前沿学术报告,汽车百家讲坛,第11期以后·新能源汽车动力总成发展趋势,,,2026-09-02,,0.25,待审核,,
202600933,前沿学术报告,汽车百家讲坛,第6-10期·新能源汽车动力总成发展趋势,,,2026-09-01,,0.25,驳回,赵倩,盖章缺失，请重新上传完整材料
202600934,前沿学术报告,名家学术讲座,单场·车载总线与嵌入式系统开发,,,2026-09-04,,0.5,驳回,赵倩,材料不完整，请补充佐证后重新提交
202600935,前沿学术报告,汽车百家讲坛,第11期以后·无人驾驶环境感知技术进展,,,2026-09-04,,0.25,驳回,赵倩,材料不完整，请补充佐证后重新提交
202600936,前沿学术报告,汽车百家讲坛,第6-10期·汽车轻量化设计与新材料应用,,,2026-09-02,,0.25,通过,赵倩,佐证材料完整，予以通过
202600937,前沿学术报告,汽车百家讲坛,第6-10期·汽车轻量化设计与新材料应用,,,2026-09-02,,0.25,驳回,赵倩,材料不完整，请补充佐证后重新提交
202600938,前沿学术报告,汽车百家讲坛,第11期以后·智能网联汽车技术前沿,,,2026-09-03,,0.25,驳回,赵倩,认定依据不足，请补充说明材料
202600939,前沿学术报告,名家学术讲座,单场·汽车空气动力学优化设计,,,2026-09-03,,0.5,待审核,,
202600940,前沿学术报告,名家学术讲座,单场·动力电池热管理关键技术,,,2026-09-04,,0.5,驳回,赵倩,盖章缺失，请重新上传完整材料
202600941,前沿学术报告,汽车百家讲坛,第6-10期·动力电池热管理关键技术,,,2026-09-01,,0.25,通过,赵倩,佐证材料完整，予以通过
202600942,前沿学术报告,名家学术讲座,单场·智能制造与数字化工厂实践,,,2026-09-02,,0.5,待审核,,
202600943,前沿学术报告,名家学术讲座,单场·汽车空气动力学优化设计,,,2026-09-05,,0.5,驳回,赵倩,材料不完整，请补充佐证后重新提交
202600944,前沿学术报告,汽车百家讲坛,第1-5期·氢能及燃料电池汽车产业展望,,,2026-09-04,,0.25,驳回,赵倩,盖章缺失，请重新上传完整材料
202600945,前沿学术报告,汽车百家讲坛,第1-5期·汽车轻量化设计与新材料应用,,,2026-09-02,,0.25,驳回,赵倩,认定依据不足，请补充说明材料
202600946,前沿学术报告,汽车百家讲坛,第6-10期·汽车轻量化设计与新材料应用,,,2026-09-04,,0.25,驳回,赵倩,盖章缺失，请重新上传完整材料
202600947,前沿学术报告,名家学术讲座,单场·汽车芯片与域控制器架构,,,2026-09-05,,0.5,通过,赵倩,符合认定条件，通过
202600948,前沿学术报告,汽车百家讲坛,第11期以后·新能源汽车动力总成发展趋势,,,2026-09-03,,0.25,驳回,赵倩,认定依据不足，请补充说明材料
202600949,前沿学术报告,汽车百家讲坛,第1-5期·氢能及燃料电池汽车产业展望,,,2026-09-05,,0.25,通过,赵倩,材料齐全，同意认定
202600950,前沿学术报告,汽车百家讲坛,第1-5期·氢能及燃料电池汽车产业展望,,,2026-09-02,,0.25,通过,赵倩,材料齐全，同意认定
202600951,前沿学术报告,汽车百家讲坛,第11期以后·智能制造与数字化工厂实践,,,2026-09-03,,0.25,驳回,赵倩,认定依据不足，请补充说明材料
202600952,前沿学术报告,信息科学论坛,第1-5期·智能制造与数字化工厂实践,,,2026-09-05,,0.25,驳回,赵倩,材料不完整，请补充佐证后重新提交
202600953,前沿学术报告,名家学术讲座,单场·车载总线与嵌入式系统开发,,,2026-09-04,,0.5,驳回,赵倩,盖章缺失，请重新上传完整材料
202600954,前沿学术报告,汽车百家讲坛,第1-5期·新能源汽车动力总成发展趋势,,,2026-09-04,,0.25,驳回,赵倩,盖章缺失，请重新上传完整材料
202600955,前沿学术报告,信息科学论坛,第6期以后·智能制造与数字化工厂实践,,,2026-09-05,,0.25,待审核,,
202600956,前沿学术报告,汽车百家讲坛,第11期以后·汽车空气动力学优化设计,,,2026-09-05,,0.25,待审核,,
202600957,前沿学术报告,汽车百家讲坛,第6-10期·智能网联汽车技术前沿,,,2026-09-03,,0.25,待审核,,
202600958,前沿学术报告,汽车百家讲坛,第6-10期·动力电池热管理关键技术,,,2026-09-04,,0.25,驳回,赵倩,认定依据不足，请补充说明材料
202600959,前沿学术报告,名家学术讲座,单场·汽车芯片与域控制器架构,,,2026-09-01,,0.5,驳回,赵倩,时间信息有误，请核对后重新提交
202600960,前沿学术报告,汽车百家讲坛,第11期以后·汽车轻量化设计与新材料应用,,,2026-09-05,,0.25,通过,赵倩,佐证材料完整，予以通过
202600961,前沿学术报告,名家学术讲座,单场·氢能及燃料电池汽车产业展望,,,2026-09-05,,0.5,待审核,,
202600962,前沿学术报告,汽车百家讲坛,第1-5期·新能源汽车动力总成发展趋势,,,2026-09-05,,0.25,待审核,,
202600963,前沿学术报告,名家学术讲座,单场·汽车轻量化设计与新材料应用,,,2026-09-01,,0.5,通过,赵倩,佐证材料完整，予以通过
202600964,前沿学术报告,汽车百家讲坛,第6-10期·汽车轻量化设计与新材料应用,,,2026-09-04,,0.25,驳回,赵倩,盖章缺失，请重新上传完整材料
202600965,前沿学术报告,汽车百家讲坛,第6-10期·汽车轻量化设计与新材料应用,,,2026-09-01,,0.25,通过,赵倩,符合认定条件，通过
202600966,前沿学术报告,汽车百家讲坛,第6-10期·动力电池热管理关键技术,,,2026-09-03,,0.25,通过,赵倩,佐证材料完整，予以通过
202600967,前沿学术报告,汽车百家讲坛,第1-5期·车载总线与嵌入式系统开发,,,2026-09-04,,0.25,驳回,赵倩,时间信息有误，请核对后重新提交
202600968,前沿学术报告,信息科学论坛,第6期以后·新能源汽车动力总成发展趋势,,,2026-09-01,,0.25,驳回,赵倩,认定依据不足，请补充说明材料
202600969,前沿学术报告,汽车百家讲坛,第6-10期·动力电池热管理关键技术,,,2026-09-03,,0.25,驳回,赵倩,认定依据不足，请补充说明材料
202600970,前沿学术报告,名家学术讲座,单场·动力电池热管理关键技术,,,2026-09-01,,0.5,通过,赵倩,符合认定条件，通过
202600971,前沿学术报告,汽车百家讲坛,第11期以后·车载总线与嵌入式系统开发,,,2026-09-02,,0.25,待审核,,
202600972,前沿学术报告,汽车百家讲坛,第1-5期·氢能及燃料电池汽车产业展望,,,2026-09-03,,0.25,驳回,赵倩,认定依据不足，请补充说明材料
202600973,前沿学术报告,汽车百家讲坛,第11期以后·智能网联汽车技术前沿,,,2026-09-02,,0.25,待审核,,
202600974,前沿学术报告,汽车百家讲坛,第6-10期·氢能及燃料电池汽车产业展望,,,2026-09-03,,0.25,待审核,,
202600975,前沿学术报告,汽车百家讲坛,第1-5期·汽车空气动力学优化设计,,,2026-09-02,,0.25,驳回,赵倩,材料不完整，请补充佐证后重新提交
202600976,前沿学术报告,信息科学论坛,第6期以后·智能制造与数字化工厂实践,,,2026-09-05,,0.25,驳回,赵倩,盖章缺失，请重新上传完整材料
202600977,前沿学术报告,信息科学论坛,第1-5期·汽车轻量化设计与新材料应用,,,2026-09-03,,0.25,待审核,,
202600978,前沿学术报告,名家学术讲座,单场·汽车空气动力学优化设计,,,2026-09-05,,0.5,驳回,赵倩,材料不完整，请补充佐证后重新提交
202600979,前沿学术报告,汽车百家讲坛,第6-10期·无人驾驶环境感知技术进展,,,2026-09-05,,0.25,驳回,赵倩,时间信息有误，请核对后重新提交
202600980,前沿学术报告,汽车百家讲坛,第11期以后·智能制造与数字化工厂实践,,,2026-09-01,,0.25,驳回,赵倩,材料不完整，请补充佐证后重新提交
202600981,前沿学术报告,汽车百家讲坛,第11期以后·新能源汽车动力总成发展趋势,,,2026-09-02,,0.25,通过,赵倩,佐证材料完整，予以通过
202600982,前沿学术报告,名家学术讲座,单场·汽车轻量化设计与新材料应用,,,2026-09-03,,0.5,待审核,,
202600983,前沿学术报告,信息科学论坛,第6期以后·氢能及燃料电池汽车产业展望,,,2026-09-05,,0.25,驳回,赵倩,盖章缺失，请重新上传完整材料
202600984,前沿学术报告,汽车百家讲坛,第1-5期·智能制造与数字化工厂实践,,,2026-09-04,,0.25,驳回,赵倩,时间信息有误，请核对后重新提交
202600985,前沿学术报告,名家学术讲座,单场·新能源汽车动力总成发展趋势,,,2026-09-02,,0.5,驳回,赵倩,认定依据不足，请补充说明材料
202600986,前沿学术报告,汽车百家讲坛,第1-5期·车载总线与嵌入式系统开发,,,2026-09-01,,0.25,通过,赵倩,材料齐全，同意认定
202600987,前沿学术报告,汽车百家讲坛,第11期以后·车载总线与嵌入式系统开发,,,2026-09-03,,0.25,驳回,赵倩,材料不完整，请补充佐证后重新提交
202600988,前沿学术报告,名家学术讲座,单场·氢能及燃料电池汽车产业展望,,,2026-09-04,,0.5,驳回,赵倩,盖章缺失，请重新上传完整材料
202600989,前沿学术报告,信息科学论坛,第6期以后·无人驾驶环境感知技术进展,,,2026-09-02,,0.25,通过,赵倩,符合认定条件，通过
202600990,前沿学术报告,汽车百家讲坛,第6-10期·新能源汽车动力总成发展趋势,,,2026-09-02,,0.25,驳回,赵倩,时间信息有误，请核对后重新提交
202600991,前沿学术报告,汽车百家讲坛,第6-10期·动力电池热管理关键技术,,,2026-09-03,,0.25,驳回,赵倩,材料不完整，请补充佐证后重新提交
202600992,前沿学术报告,汽车百家讲坛,第6-10期·氢能及燃料电池汽车产业展望,,,2026-09-01,,0.25,待审核,,
202600993,前沿学术报告,汽车百家讲坛,第1-5期·新能源汽车动力总成发展趋势,,,2026-09-05,,0.25,待审核,,
202600994,前沿学术报告,名家学术讲座,单场·智能网联汽车技术前沿,,,2026-09-03,,0.5,驳回,赵倩,认定依据不足，请补充说明材料
202600995,前沿学术报告,名家学术讲座,单场·车载总线与嵌入式系统开发,,,2026-09-03,,0.5,驳回,赵倩,材料不完整，请补充佐证后重新提交
202600996,前沿学术报告,名家学术讲座,单场·车载总线与嵌入式系统开发,,,2026-09-01,,0.5,通过,赵倩,佐证材料完整，予以通过
202600997,前沿学术报告,汽车百家讲坛,第6-10期·动力电池热管理关键技术,,,2026-09-03,,0.25,驳回,赵倩,认定依据不足，请补充说明材料
202600998,前沿学术报告,信息科学论坛,第6期以后·智能网联汽车技术前沿,,,2026-09-02,,0.25,驳回,赵倩,材料不完整，请补充佐证后重新提交
202600999,前沿学术报告,汽车百家讲坛,第6-10期·氢能及燃料电池汽车产业展望,,,2026-09-05,,0.25,通过,赵倩,材料齐全，同意认定
202601000,前沿学术报告,汽车百家讲坛,第11期以后·氢能及燃料电池汽车产业展望,,,2026-09-04,,0.25,通过,赵倩,符合认定条件，通过
202601001,前沿学术报告,汽车百家讲坛,第6-10期·车载总线与嵌入式系统开发,,,2026-09-04,,0.25,驳回,赵倩,时间信息有误，请核对后重新提交
202601002,前沿学术报告,汽车百家讲坛,第11期以后·智能网联汽车技术前沿,,,2026-09-05,,0.25,待审核,,
202601003,前沿学术报告,信息科学论坛,第6期以后·汽车芯片与域控制器架构,,,2026-09-01,,0.25,驳回,赵倩,认定依据不足，请补充说明材料
202601004,前沿学术报告,汽车百家讲坛,第11期以后·汽车芯片与域控制器架构,,,2026-09-02,,0.25,驳回,赵倩,认定依据不足，请补充说明材料
202601005,前沿学术报告,名家学术讲座,单场·新能源汽车动力总成发展趋势,,,2026-09-02,,0.5,通过,赵倩,材料齐全，同意认定
202601006,前沿学术报告,名家学术讲座,单场·氢能及燃料电池汽车产业展望,,,2026-09-04,,0.5,驳回,赵倩,认定依据不足，请补充说明材料
202601007,前沿学术报告,名家学术讲座,单场·新能源汽车动力总成发展趋势,,,2026-09-05,,0.5,待审核,,
202601008,前沿学术报告,汽车百家讲坛,第1-5期·车载总线与嵌入式系统开发,,,2026-09-02,,0.25,待审核,,
202601009,前沿学术报告,汽车百家讲坛,第11期以后·汽车芯片与域控制器架构,,,2026-09-05,,0.25,驳回,赵倩,材料不完整，请补充佐证后重新提交
202601010,前沿学术报告,信息科学论坛,第1-5期·汽车芯片与域控制器架构,,,2026-09-01,,0.25,待审核,,
202601011,前沿学术报告,信息科学论坛,第6期以后·新能源汽车动力总成发展趋势,,,2026-09-02,,0.25,驳回,赵倩,盖章缺失，请重新上传完整材料
202601012,前沿学术报告,汽车百家讲坛,第6-10期·动力电池热管理关键技术,,,2026-09-03,,0.25,驳回,赵倩,盖章缺失，请重新上传完整材料
202601013,前沿学术报告,信息科学论坛,第6期以后·汽车芯片与域控制器架构,,,2026-09-01,,0.25,驳回,赵倩,盖章缺失，请重新上传完整材料
202601014,前沿学术报告,信息科学论坛,第1-5期·智能制造与数字化工厂实践,,,2026-09-05,,0.25,驳回,赵倩,时间信息有误，请核对后重新提交
202601015,前沿学术报告,汽车百家讲坛,第6-10期·汽车轻量化设计与新材料应用,,,2026-09-01,,0.25,通过,赵倩,佐证材料完整，予以通过
202601016,前沿学术报告,汽车百家讲坛,第1-5期·汽车轻量化设计与新材料应用,,,2026-09-04,,0.25,驳回,赵倩,盖章缺失，请重新上传完整材料
202601017,前沿学术报告,信息科学论坛,第1-5期·车载总线与嵌入式系统开发,,,2026-09-05,,0.25,通过,赵倩,材料齐全，同意认定
202601018,前沿学术报告,名家学术讲座,单场·汽车轻量化设计与新材料应用,,,2026-09-02,,0.5,通过,赵倩,符合认定条件，通过
202601019,前沿学术报告,汽车百家讲坛,第6-10期·车载总线与嵌入式系统开发,,,2026-09-03,,0.25,通过,赵倩,符合认定条件，通过
202601020,前沿学术报告,信息科学论坛,第6期以后·智能网联汽车技术前沿,,,2026-09-01,,0.25,驳回,赵倩,材料不完整，请补充佐证后重新提交
202601021,前沿学术报告,名家学术讲座,单场·智能制造与数字化工厂实践,,,2026-09-02,,0.5,驳回,赵倩,材料不完整，请补充佐证后重新提交
202601022,前沿学术报告,汽车百家讲坛,第6-10期·智能网联汽车技术前沿,,,2026-09-03,,0.25,驳回,赵倩,材料不完整，请补充佐证后重新提交
202601023,前沿学术报告,名家学术讲座,单场·新能源汽车动力总成发展趋势,,,2026-09-03,,0.5,通过,赵倩,佐证材料完整，予以通过
202601024,前沿学术报告,名家学术讲座,单场·新能源汽车动力总成发展趋势,,,2026-09-05,,0.5,待审核,,
202601025,前沿学术报告,汽车百家讲坛,第11期以后·新能源汽车动力总成发展趋势,,,2026-09-02,,0.25,驳回,赵倩,盖章缺失，请重新上传完整材料
202601026,前沿学术报告,名家学术讲座,单场·汽车轻量化设计与新材料应用,,,2026-09-03,,0.5,驳回,赵倩,认定依据不足，请补充说明材料
202601027,前沿学术报告,汽车百家讲坛,第11期以后·车载总线与嵌入式系统开发,,,2026-09-05,,0.25,驳回,赵倩,材料不完整，请补充佐证后重新提交
202601028,前沿学术报告,汽车百家讲坛,第1-5期·车载总线与嵌入式系统开发,,,2026-09-03,,0.25,待审核,,
202601029,前沿学术报告,名家学术讲座,单场·汽车轻量化设计与新材料应用,,,2026-09-04,,0.5,驳回,赵倩,时间信息有误，请核对后重新提交
202601030,前沿学术报告,名家学术讲座,单场·智能网联汽车技术前沿,,,2026-09-01,,0.5,待审核,,
202601031,前沿学术报告,信息科学论坛,第6期以后·汽车轻量化设计与新材料应用,,,2026-09-03,,0.25,驳回,赵倩,盖章缺失，请重新上传完整材料
202601032,前沿学术报告,信息科学论坛,第6期以后·动力电池热管理关键技术,,,2026-09-01,,0.25,驳回,赵倩,认定依据不足，请补充说明材料
202601033,前沿学术报告,汽车百家讲坛,第11期以后·智能网联汽车技术前沿,,,2026-09-01,,0.25,待审核,,
202601034,前沿学术报告,汽车百家讲坛,第1-5期·车载总线与嵌入式系统开发,,,2026-09-05,,0.25,驳回,赵倩,盖章缺失，请重新上传完整材料
202601035,前沿学术报告,汽车百家讲坛,第1-5期·氢能及燃料电池汽车产业展望,,,2026-09-03,,0.25,驳回,赵倩,材料不完整，请补充佐证后重新提交
202601036,前沿学术报告,汽车百家讲坛,第11期以后·氢能及燃料电池汽车产业展望,,,2026-09-05,,0.25,通过,赵倩,材料齐全，同意认定
202601037,前沿学术报告,汽车百家讲坛,第1-5期·无人驾驶环境感知技术进展,,,2026-09-02,,0.25,驳回,郑立群,盖章缺失，请重新上传完整材料
202601038,前沿学术报告,汽车百家讲坛,第11期以后·汽车芯片与域控制器架构,,,2026-09-05,,0.25,驳回,郑立群,盖章缺失，请重新上传完整材料
202601039,前沿学术报告,汽车百家讲坛,第1-5期·智能网联汽车技术前沿,,,2026-09-01,,0.25,待审核,,
202601040,前沿学术报告,汽车百家讲坛,第11期以后·汽车芯片与域控制器架构,,,2026-09-01,,0.25,驳回,郑立群,材料不完整，请补充佐证后重新提交
202601041,前沿学术报告,汽车百家讲坛,第1-5期·汽车芯片与域控制器架构,,,2026-09-01,,0.25,驳回,郑立群,认定依据不足，请补充说明材料
202601042,前沿学术报告,汽车百家讲坛,第11期以后·新能源汽车动力总成发展趋势,,,2026-09-05,,0.25,驳回,郑立群,认定依据不足，请补充说明材料
202601043,前沿学术报告,名家学术讲座,单场·新能源汽车动力总成发展趋势,,,2026-09-05,,0.5,驳回,郑立群,认定依据不足，请补充说明材料
202601044,前沿学术报告,汽车百家讲坛,第11期以后·智能制造与数字化工厂实践,,,2026-09-05,,0.25,待审核,,
202601045,前沿学术报告,信息科学论坛,第1-5期·动力电池热管理关键技术,,,2026-09-05,,0.25,通过,郑立群,材料齐全，同意认定
202601046,前沿学术报告,信息科学论坛,第1-5期·汽车轻量化设计与新材料应用,,,2026-09-04,,0.25,驳回,郑立群,盖章缺失，请重新上传完整材料
202601047,前沿学术报告,汽车百家讲坛,第1-5期·动力电池热管理关键技术,,,2026-09-03,,0.25,驳回,郑立群,材料不完整，请补充佐证后重新提交
202601048,前沿学术报告,信息科学论坛,第6期以后·智能网联汽车技术前沿,,,2026-09-02,,0.25,驳回,郑立群,时间信息有误，请核对后重新提交
202601049,前沿学术报告,汽车百家讲坛,第11期以后·无人驾驶环境感知技术进展,,,2026-09-01,,0.25,待审核,,
202601050,前沿学术报告,信息科学论坛,第1-5期·动力电池热管理关键技术,,,2026-09-01,,0.25,待审核,,
202601051,前沿学术报告,汽车百家讲坛,第6-10期·动力电池热管理关键技术,,,2026-09-05,,0.25,驳回,郑立群,时间信息有误，请核对后重新提交
202601052,前沿学术报告,汽车百家讲坛,第1-5期·动力电池热管理关键技术,,,2026-09-02,,0.25,待审核,,
202601053,前沿学术报告,信息科学论坛,第6期以后·汽车空气动力学优化设计,,,2026-09-04,,0.25,通过,郑立群,佐证材料完整，予以通过
202601054,前沿学术报告,汽车百家讲坛,第1-5期·无人驾驶环境感知技术进展,,,2026-09-01,,0.25,驳回,郑立群,盖章缺失，请重新上传完整材料
202601055,前沿学术报告,名家学术讲座,单场·智能制造与数字化工厂实践,,,2026-09-03,,0.5,驳回,郑立群,认定依据不足，请补充说明材料
202601056,前沿学术报告,名家学术讲座,单场·新能源汽车动力总成发展趋势,,,2026-09-02,,0.5,驳回,郑立群,材料不完整，请补充佐证后重新提交
202601057,前沿学术报告,名家学术讲座,单场·智能网联汽车技术前沿,,,2026-09-04,,0.5,通过,郑立群,符合认定条件，通过
202601058,前沿学术报告,汽车百家讲坛,第1-5期·智能网联汽车技术前沿,,,2026-09-04,,0.25,驳回,郑立群,时间信息有误，请核对后重新提交
202601059,前沿学术报告,名家学术讲座,单场·无人驾驶环境感知技术进展,,,2026-09-04,,0.5,通过,郑立群,材料齐全，同意认定
202601060,前沿学术报告,汽车百家讲坛,第6-10期·智能网联汽车技术前沿,,,2026-09-04,,0.25,通过,郑立群,符合认定条件，通过
202601061,前沿学术报告,汽车百家讲坛,第6-10期·车载总线与嵌入式系统开发,,,2026-09-02,,0.25,待审核,,
202601062,前沿学术报告,汽车百家讲坛,第1-5期·新能源汽车动力总成发展趋势,,,2026-09-04,,0.25,驳回,郑立群,盖章缺失，请重新上传完整材料
202601063,前沿学术报告,信息科学论坛,第1-5期·智能网联汽车技术前沿,,,2026-09-04,,0.25,通过,郑立群,材料齐全，同意认定
202601064,前沿学术报告,名家学术讲座,单场·新能源汽车动力总成发展趋势,,,2026-09-03,,0.5,驳回,郑立群,认定依据不足，请补充说明材料
202601065,前沿学术报告,名家学术讲座,单场·氢能及燃料电池汽车产业展望,,,2026-09-04,,0.5,驳回,郑立群,盖章缺失，请重新上传完整材料
202601066,前沿学术报告,汽车百家讲坛,第6-10期·新能源汽车动力总成发展趋势,,,2026-09-02,,0.25,驳回,郑立群,时间信息有误，请核对后重新提交
202601067,前沿学术报告,汽车百家讲坛,第6-10期·无人驾驶环境感知技术进展,,,2026-09-05,,0.25,通过,郑立群,材料齐全，同意认定
202601068,前沿学术报告,汽车百家讲坛,第11期以后·汽车芯片与域控制器架构,,,2026-09-04,,0.25,驳回,郑立群,盖章缺失，请重新上传完整材料
202601069,前沿学术报告,汽车百家讲坛,第11期以后·新能源汽车动力总成发展趋势,,,2026-09-01,,0.25,通过,郑立群,佐证材料完整，予以通过
202601070,前沿学术报告,名家学术讲座,单场·氢能及燃料电池汽车产业展望,,,2026-09-01,,0.5,驳回,郑立群,时间信息有误，请核对后重新提交
202601071,前沿学术报告,汽车百家讲坛,第6-10期·汽车芯片与域控制器架构,,,2026-09-05,,0.25,待审核,,
202601072,前沿学术报告,信息科学论坛,第6期以后·汽车芯片与域控制器架构,,,2026-09-02,,0.25,通过,郑立群,材料齐全，同意认定
202601073,前沿学术报告,汽车百家讲坛,第11期以后·动力电池热管理关键技术,,,2026-09-01,,0.25,待审核,,
202601074,前沿学术报告,汽车百家讲坛,第11期以后·智能网联汽车技术前沿,,,2026-09-05,,0.25,驳回,郑立群,认定依据不足，请补充说明材料
202601075,前沿学术报告,名家学术讲座,单场·智能制造与数字化工厂实践,,,2026-09-05,,0.5,驳回,郑立群,材料不完整，请补充佐证后重新提交
202601076,前沿学术报告,汽车百家讲坛,第11期以后·动力电池热管理关键技术,,,2026-09-01,,0.25,待审核,,
202601077,前沿学术报告,信息科学论坛,第6期以后·汽车轻量化设计与新材料应用,,,2026-09-02,,0.25,通过,郑立群,佐证材料完整，予以通过
202601078,前沿学术报告,汽车百家讲坛,第1-5期·智能制造与数字化工厂实践,,,2026-09-01,,0.25,驳回,郑立群,时间信息有误，请核对后重新提交
202601079,前沿学术报告,名家学术讲座,单场·车载总线与嵌入式系统开发,,,2026-09-02,,0.5,驳回,郑立群,时间信息有误，请核对后重新提交
202601080,前沿学术报告,汽车百家讲坛,第11期以后·动力电池热管理关键技术,,,2026-09-03,,0.25,驳回,郑立群,时间信息有误，请核对后重新提交
202601081,前沿学术报告,汽车百家讲坛,第11期以后·新能源汽车动力总成发展趋势,,,2026-09-03,,0.25,驳回,郑立群,时间信息有误，请核对后重新提交
202601082,前沿学术报告,名家学术讲座,单场·动力电池热管理关键技术,,,2026-09-04,,0.5,驳回,郑立群,材料不完整，请补充佐证后重新提交
202601083,前沿学术报告,汽车百家讲坛,第11期以后·车载总线与嵌入式系统开发,,,2026-09-04,,0.25,待审核,,
202601084,前沿学术报告,信息科学论坛,第6期以后·汽车芯片与域控制器架构,,,2026-09-01,,0.25,待审核,,
202601085,前沿学术报告,信息科学论坛,第6期以后·智能制造与数字化工厂实践,,,2026-09-03,,0.25,驳回,郑立群,材料不完整，请补充佐证后重新提交
202601086,前沿学术报告,汽车百家讲坛,第6-10期·新能源汽车动力总成发展趋势,,,2026-09-02,,0.25,驳回,郑立群,材料不完整，请补充佐证后重新提交
202601087,前沿学术报告,汽车百家讲坛,第1-5期·智能网联汽车技术前沿,,,2026-09-02,,0.25,待审核,,
202601088,前沿学术报告,汽车百家讲坛,第6-10期·汽车空气动力学优化设计,,,2026-09-02,,0.25,通过,郑立群,材料齐全，同意认定
202601089,前沿学术报告,名家学术讲座,单场·车载总线与嵌入式系统开发,,,2026-09-05,,0.5,驳回,郑立群,时间信息有误，请核对后重新提交
202601090,前沿学术报告,汽车百家讲坛,第6-10期·氢能及燃料电池汽车产业展望,,,2026-09-03,,0.25,待审核,,
202601091,前沿学术报告,信息科学论坛,第6期以后·汽车芯片与域控制器架构,,,2026-09-01,,0.25,通过,郑立群,材料齐全，同意认定
202601092,前沿学术报告,信息科学论坛,第6期以后·氢能及燃料电池汽车产业展望,,,2026-09-03,,0.25,驳回,郑立群,盖章缺失，请重新上传完整材料
202601093,前沿学术报告,汽车百家讲坛,第6-10期·无人驾驶环境感知技术进展,,,2026-09-01,,0.25,待审核,,
202601094,前沿学术报告,名家学术讲座,单场·动力电池热管理关键技术,,,2026-09-04,,0.5,驳回,郑立群,盖章缺失，请重新上传完整材料
202601095,前沿学术报告,名家学术讲座,单场·智能网联汽车技术前沿,,,2026-09-01,,0.5,待审核,,
202601096,前沿学术报告,汽车百家讲坛,第6-10期·新能源汽车动力总成发展趋势,,,2026-09-04,,0.25,待审核,,
202601097,前沿学术报告,汽车百家讲坛,第11期以后·汽车空气动力学优化设计,,,2026-09-04,,0.25,驳回,郑立群,认定依据不足，请补充说明材料
202601098,前沿学术报告,名家学术讲座,单场·无人驾驶环境感知技术进展,,,2026-09-04,,0.5,通过,郑立群,佐证材料完整，予以通过
202601099,前沿学术报告,信息科学论坛,第1-5期·车载总线与嵌入式系统开发,,,2026-09-03,,0.25,待审核,,
202601100,前沿学术报告,名家学术讲座,单场·氢能及燃料电池汽车产业展望,,,2026-09-01,,0.5,通过,郑立群,材料齐全，同意认定
202601101,前沿学术报告,汽车百家讲坛,第1-5期·汽车轻量化设计与新材料应用,,,2026-09-05,,0.25,驳回,郑立群,盖章缺失，请重新上传完整材料
202601102,前沿学术报告,名家学术讲座,单场·无人驾驶环境感知技术进展,,,2026-09-05,,0.5,通过,郑立群,符合认定条件，通过
202601103,前沿学术报告,汽车百家讲坛,第11期以后·动力电池热管理关键技术,,,2026-09-03,,0.25,驳回,郑立群,时间信息有误，请核对后重新提交
202601104,前沿学术报告,信息科学论坛,第6期以后·氢能及燃料电池汽车产业展望,,,2026-09-03,,0.25,驳回,郑立群,时间信息有误，请核对后重新提交
202601105,前沿学术报告,名家学术讲座,单场·智能网联汽车技术前沿,,,2026-09-02,,0.5,通过,冯晓梅,材料齐全，同意认定
202601106,前沿学术报告,汽车百家讲坛,第11期以后·新能源汽车动力总成发展趋势,,,2026-09-04,,0.25,驳回,冯晓梅,认定依据不足，请补充说明材料
202601107,前沿学术报告,汽车百家讲坛,第11期以后·汽车空气动力学优化设计,,,2026-09-01,,0.25,驳回,冯晓梅,认定依据不足，请补充说明材料
202601108,前沿学术报告,信息科学论坛,第6期以后·智能网联汽车技术前沿,,,2026-09-01,,0.25,待审核,,
202601109,前沿学术报告,信息科学论坛,第1-5期·智能制造与数字化工厂实践,,,2026-09-02,,0.25,驳回,冯晓梅,材料不完整，请补充佐证后重新提交
202601110,前沿学术报告,汽车百家讲坛,第11期以后·智能网联汽车技术前沿,,,2026-09-02,,0.25,驳回,冯晓梅,时间信息有误，请核对后重新提交
202601111,前沿学术报告,名家学术讲座,单场·动力电池热管理关键技术,,,2026-09-01,,0.5,驳回,冯晓梅,时间信息有误，请核对后重新提交
202601112,前沿学术报告,汽车百家讲坛,第1-5期·动力电池热管理关键技术,,,2026-09-02,,0.25,驳回,冯晓梅,材料不完整，请补充佐证后重新提交
202601113,前沿学术报告,汽车百家讲坛,第6-10期·新能源汽车动力总成发展趋势,,,2026-09-05,,0.25,驳回,冯晓梅,时间信息有误，请核对后重新提交
202601114,前沿学术报告,名家学术讲座,单场·无人驾驶环境感知技术进展,,,2026-09-01,,0.5,驳回,冯晓梅,盖章缺失，请重新上传完整材料
202601115,前沿学术报告,名家学术讲座,单场·汽车芯片与域控制器架构,,,2026-09-03,,0.5,通过,冯晓梅,符合认定条件，通过
202601116,前沿学术报告,汽车百家讲坛,第11期以后·车载总线与嵌入式系统开发,,,2026-09-04,,0.25,驳回,冯晓梅,材料不完整，请补充佐证后重新提交
202601117,前沿学术报告,汽车百家讲坛,第6-10期·新能源汽车动力总成发展趋势,,,2026-09-02,,0.25,驳回,冯晓梅,材料不完整，请补充佐证后重新提交
202601118,前沿学术报告,汽车百家讲坛,第1-5期·汽车芯片与域控制器架构,,,2026-09-05,,0.25,驳回,冯晓梅,时间信息有误，请核对后重新提交
202601119,前沿学术报告,名家学术讲座,单场·新能源汽车动力总成发展趋势,,,2026-09-04,,0.5,通过,冯晓梅,符合认定条件，通过
202601120,前沿学术报告,汽车百家讲坛,第1-5期·车载总线与嵌入式系统开发,,,2026-09-05,,0.25,待审核,,
202601121,前沿学术报告,名家学术讲座,单场·汽车空气动力学优化设计,,,2026-09-04,,0.5,驳回,冯晓梅,盖章缺失，请重新上传完整材料
202601122,前沿学术报告,汽车百家讲坛,第11期以后·智能制造与数字化工厂实践,,,2026-09-04,,0.25,驳回,冯晓梅,时间信息有误，请核对后重新提交
202601123,前沿学术报告,信息科学论坛,第6期以后·无人驾驶环境感知技术进展,,,2026-09-03,,0.25,待审核,,
202601124,前沿学术报告,名家学术讲座,单场·无人驾驶环境感知技术进展,,,2026-09-05,,0.5,驳回,冯晓梅,认定依据不足，请补充说明材料
202601125,前沿学术报告,汽车百家讲坛,第1-5期·智能网联汽车技术前沿,,,2026-09-03,,0.25,驳回,冯晓梅,材料不完整，请补充佐证后重新提交
202601126,前沿学术报告,名家学术讲座,单场·智能制造与数字化工厂实践,,,2026-09-04,,0.5,待审核,,
202601127,前沿学术报告,汽车百家讲坛,第6-10期·智能网联汽车技术前沿,,,2026-09-02,,0.25,驳回,冯晓梅,材料不完整，请补充佐证后重新提交
202601128,前沿学术报告,信息科学论坛,第6期以后·智能制造与数字化工厂实践,,,2026-09-02,,0.25,待审核,,
202601129,前沿学术报告,名家学术讲座,单场·氢能及燃料电池汽车产业展望,,,2026-09-01,,0.5,通过,冯晓梅,符合认定条件，通过
202601130,前沿学术报告,汽车百家讲坛,第11期以后·汽车空气动力学优化设计,,,2026-09-03,,0.25,待审核,,
202601131,前沿学术报告,名家学术讲座,单场·车载总线与嵌入式系统开发,,,2026-09-02,,0.5,待审核,,
202601132,前沿学术报告,信息科学论坛,第6期以后·车载总线与嵌入式系统开发,,,2026-09-04,,0.25,通过,冯晓梅,佐证材料完整，予以通过
202601133,前沿学术报告,汽车百家讲坛,第6-10期·车载总线与嵌入式系统开发,,,2026-09-03,,0.25,待审核,,
202601134,前沿学术报告,名家学术讲座,单场·智能网联汽车技术前沿,,,2026-09-02,,0.5,驳回,冯晓梅,时间信息有误，请核对后重新提交
202601135,前沿学术报告,信息科学论坛,第6期以后·智能网联汽车技术前沿,,,2026-09-04,,0.25,待审核,,
202601136,前沿学术报告,信息科学论坛,第6期以后·车载总线与嵌入式系统开发,,,2026-09-03,,0.25,驳回,冯晓梅,盖章缺失，请重新上传完整材料
202601137,前沿学术报告,汽车百家讲坛,第6-10期·无人驾驶环境感知技术进展,,,2026-09-02,,0.25,驳回,冯晓梅,时间信息有误，请核对后重新提交
202601138,前沿学术报告,名家学术讲座,单场·汽车芯片与域控制器架构,,,2026-09-01,,0.5,驳回,冯晓梅,材料不完整，请补充佐证后重新提交
202601139,前沿学术报告,汽车百家讲坛,第11期以后·智能制造与数字化工厂实践,,,2026-09-05,,0.25,驳回,冯晓梅,盖章缺失，请重新上传完整材料
202601140,前沿学术报告,名家学术讲座,单场·智能制造与数字化工厂实践,,,2026-09-03,,0.5,通过,冯晓梅,符合认定条件，通过
202601141,前沿学术报告,名家学术讲座,单场·动力电池热管理关键技术,,,2026-09-02,,0.5,驳回,冯晓梅,盖章缺失，请重新上传完整材料
202601142,前沿学术报告,信息科学论坛,第1-5期·智能制造与数字化工厂实践,,,2026-09-01,,0.25,驳回,冯晓梅,材料不完整，请补充佐证后重新提交
202601143,前沿学术报告,汽车百家讲坛,第6-10期·智能制造与数字化工厂实践,,,2026-09-01,,0.25,驳回,冯晓梅,时间信息有误，请核对后重新提交
202601144,前沿学术报告,名家学术讲座,单场·新能源汽车动力总成发展趋势,,,2026-09-04,,0.5,驳回,冯晓梅,材料不完整，请补充佐证后重新提交
202601145,前沿学术报告,名家学术讲座,单场·智能网联汽车技术前沿,,,2026-09-03,,0.5,驳回,冯晓梅,认定依据不足，请补充说明材料
202601146,前沿学术报告,信息科学论坛,第6期以后·新能源汽车动力总成发展趋势,,,2026-09-01,,0.25,通过,冯晓梅,材料齐全，同意认定
202601147,前沿学术报告,汽车百家讲坛,第1-5期·汽车芯片与域控制器架构,,,2026-09-02,,0.25,驳回,冯晓梅,盖章缺失，请重新上传完整材料
202601148,前沿学术报告,名家学术讲座,单场·汽车轻量化设计与新材料应用,,,2026-09-04,,0.5,通过,冯晓梅,佐证材料完整，予以通过
202601149,前沿学术报告,名家学术讲座,单场·汽车芯片与域控制器架构,,,2026-09-03,,0.5,驳回,冯晓梅,材料不完整，请补充佐证后重新提交
202601150,前沿学术报告,名家学术讲座,单场·氢能及燃料电池汽车产业展望,,,2026-09-02,,0.5,驳回,冯晓梅,时间信息有误，请核对后重新提交
202601151,前沿学术报告,汽车百家讲坛,第6-10期·新能源汽车动力总成发展趋势,,,2026-09-03,,0.25,待审核,,
202601152,前沿学术报告,名家学术讲座,单场·车载总线与嵌入式系统开发,,,2026-09-05,,0.5,待审核,,
202601153,前沿学术报告,汽车百家讲坛,第1-5期·氢能及燃料电池汽车产业展望,,,2026-09-02,,0.25,驳回,冯晓梅,时间信息有误，请核对后重新提交
202601154,前沿学术报告,汽车百家讲坛,第6-10期·汽车芯片与域控制器架构,,,2026-09-03,,0.25,通过,冯晓梅,佐证材料完整，予以通过
202601155,前沿学术报告,名家学术讲座,单场·汽车芯片与域控制器架构,,,2026-09-03,,0.5,待审核,,
202601156,前沿学术报告,汽车百家讲坛,第11期以后·汽车空气动力学优化设计,,,2026-09-01,,0.25,通过,冯晓梅,佐证材料完整，予以通过
202601157,前沿学术报告,名家学术讲座,单场·汽车芯片与域控制器架构,,,2026-09-02,,0.5,驳回,冯晓梅,时间信息有误，请核对后重新提交
202601158,前沿学术报告,汽车百家讲坛,第11期以后·汽车芯片与域控制器架构,,,2026-09-05,,0.25,待审核,,
202601159,前沿学术报告,汽车百家讲坛,第6-10期·智能网联汽车技术前沿,,,2026-09-05,,0.25,驳回,冯晓梅,认定依据不足，请补充说明材料
202601160,前沿学术报告,信息科学论坛,第1-5期·动力电池热管理关键技术,,,2026-09-04,,0.25,驳回,冯晓梅,盖章缺失，请重新上传完整材料
202601161,前沿学术报告,信息科学论坛,第1-5期·汽车轻量化设计与新材料应用,,,2026-09-02,,0.25,驳回,冯晓梅,材料不完整，请补充佐证后重新提交
202601162,前沿学术报告,汽车百家讲坛,第6-10期·智能网联汽车技术前沿,,,2026-09-01,,0.25,通过,冯晓梅,材料齐全，同意认定
202601163,前沿学术报告,信息科学论坛,第6期以后·氢能及燃料电池汽车产业展望,,,2026-09-02,,0.25,驳回,冯晓梅,材料不完整，请补充佐证后重新提交
202601164,前沿学术报告,名家学术讲座,单场·氢能及燃料电池汽车产业展望,,,2026-09-05,,0.5,通过,冯晓梅,符合认定条件，通过
202601165,前沿学术报告,汽车百家讲坛,第6-10期·氢能及燃料电池汽车产业展望,,,2026-09-05,,0.25,待审核,,
202601166,前沿学术报告,汽车百家讲坛,第1-5期·无人驾驶环境感知技术进展,,,2026-09-05,,0.25,待审核,,
202601167,前沿学术报告,汽车百家讲坛,第6-10期·汽车空气动力学优化设计,,,2026-09-04,,0.25,驳回,冯晓梅,盖章缺失，请重新上传完整材料
202601168,前沿学术报告,汽车百家讲坛,第1-5期·车载总线与嵌入式系统开发,,,2026-09-04,,0.25,驳回,冯晓梅,材料不完整，请补充佐证后重新提交
202601169,前沿学术报告,汽车百家讲坛,第6-10期·智能制造与数字化工厂实践,,,2026-09-03,,0.25,驳回,冯晓梅,盖章缺失，请重新上传完整材料
202601170,前沿学术报告,名家学术讲座,单场·智能制造与数字化工厂实践,,,2026-09-02,,0.5,通过,冯晓梅,佐证材料完整，予以通过
202601171,前沿学术报告,名家学术讲座,单场·智能网联汽车技术前沿,,,2026-09-05,,0.5,驳回,沈国栋,时间信息有误，请核对后重新提交
202601172,前沿学术报告,汽车百家讲坛,第6-10期·汽车空气动力学优化设计,,,2026-09-04,,0.25,驳回,沈国栋,材料不完整，请补充佐证后重新提交
202601173,前沿学术报告,汽车百家讲坛,第11期以后·智能网联汽车技术前沿,,,2026-09-05,,0.25,驳回,沈国栋,盖章缺失，请重新上传完整材料
202601174,前沿学术报告,汽车百家讲坛,第1-5期·智能制造与数字化工厂实践,,,2026-09-01,,0.25,通过,沈国栋,材料齐全，同意认定
202601175,前沿学术报告,汽车百家讲坛,第11期以后·无人驾驶环境感知技术进展,,,2026-09-05,,0.25,驳回,沈国栋,认定依据不足，请补充说明材料
202601176,前沿学术报告,信息科学论坛,第6期以后·新能源汽车动力总成发展趋势,,,2026-09-03,,0.25,驳回,沈国栋,盖章缺失，请重新上传完整材料
202601177,前沿学术报告,汽车百家讲坛,第11期以后·汽车芯片与域控制器架构,,,2026-09-01,,0.25,驳回,沈国栋,认定依据不足，请补充说明材料
202601178,前沿学术报告,汽车百家讲坛,第6-10期·氢能及燃料电池汽车产业展望,,,2026-09-02,,0.25,待审核,,
202601179,前沿学术报告,汽车百家讲坛,第1-5期·汽车空气动力学优化设计,,,2026-09-02,,0.25,待审核,,
202601180,前沿学术报告,名家学术讲座,单场·智能网联汽车技术前沿,,,2026-09-05,,0.5,待审核,,
202601181,前沿学术报告,汽车百家讲坛,第6-10期·汽车轻量化设计与新材料应用,,,2026-09-05,,0.25,通过,沈国栋,佐证材料完整，予以通过
202601182,前沿学术报告,信息科学论坛,第1-5期·汽车轻量化设计与新材料应用,,,2026-09-02,,0.25,驳回,沈国栋,认定依据不足，请补充说明材料
202601183,前沿学术报告,汽车百家讲坛,第11期以后·智能网联汽车技术前沿,,,2026-09-05,,0.25,通过,沈国栋,材料齐全，同意认定
202601184,前沿学术报告,汽车百家讲坛,第1-5期·动力电池热管理关键技术,,,2026-09-02,,0.25,驳回,沈国栋,时间信息有误，请核对后重新提交
202601185,前沿学术报告,信息科学论坛,第1-5期·动力电池热管理关键技术,,,2026-09-05,,0.25,通过,沈国栋,佐证材料完整，予以通过
202601186,前沿学术报告,汽车百家讲坛,第11期以后·新能源汽车动力总成发展趋势,,,2026-09-01,,0.25,通过,沈国栋,材料齐全，同意认定
202601187,前沿学术报告,名家学术讲座,单场·智能网联汽车技术前沿,,,2026-09-03,,0.5,待审核,,
202601188,前沿学术报告,汽车百家讲坛,第6-10期·车载总线与嵌入式系统开发,,,2026-09-04,,0.25,驳回,沈国栋,时间信息有误，请核对后重新提交
202601189,前沿学术报告,名家学术讲座,单场·新能源汽车动力总成发展趋势,,,2026-09-05,,0.5,驳回,沈国栋,盖章缺失，请重新上传完整材料
202601190,前沿学术报告,汽车百家讲坛,第6-10期·汽车轻量化设计与新材料应用,,,2026-09-05,,0.25,驳回,沈国栋,认定依据不足，请补充说明材料
202601191,前沿学术报告,汽车百家讲坛,第1-5期·汽车轻量化设计与新材料应用,,,2026-09-05,,0.25,通过,沈国栋,材料齐全，同意认定
202601192,前沿学术报告,信息科学论坛,第6期以后·智能制造与数字化工厂实践,,,2026-09-01,,0.25,通过,沈国栋,材料齐全，同意认定
202601193,前沿学术报告,名家学术讲座,单场·智能制造与数字化工厂实践,,,2026-09-05,,0.5,驳回,沈国栋,时间信息有误，请核对后重新提交
202601194,前沿学术报告,信息科学论坛,第1-5期·动力电池热管理关键技术,,,2026-09-03,,0.25,待审核,,
202601195,前沿学术报告,名家学术讲座,单场·氢能及燃料电池汽车产业展望,,,2026-09-02,,0.5,驳回,沈国栋,材料不完整，请补充佐证后重新提交
202601196,前沿学术报告,汽车百家讲坛,第6-10期·无人驾驶环境感知技术进展,,,2026-09-01,,0.25,驳回,沈国栋,盖章缺失，请重新上传完整材料
202601197,前沿学术报告,名家学术讲座,单场·汽车空气动力学优化设计,,,2026-09-04,,0.5,待审核,,
202601198,前沿学术报告,汽车百家讲坛,第11期以后·智能网联汽车技术前沿,,,2026-09-04,,0.25,驳回,沈国栋,材料不完整，请补充佐证后重新提交
202601199,前沿学术报告,汽车百家讲坛,第1-5期·智能网联汽车技术前沿,,,2026-09-04,,0.25,待审核,,
202601200,前沿学术报告,信息科学论坛,第1-5期·动力电池热管理关键技术,,,2026-09-02,,0.25,通过,沈国栋,佐证材料完整，予以通过
