学号,团队名称,类型,主题,主办单位,开始日期,结束日期,状态,审核人,审核意见
202300001,赴东营企业走访实践团,自主实践团队,企业走访见习,汽车工程学院,2024-07-03,2024-07-24,通过,李文静,佐证材料完整，予以通过
202300001,赴烟台黄河流域实践团,校级重点团队,黄河流域生态考察,校团委,2025-07-09,2025-07-27,通过,李文静,佐证材料完整，予以通过
202300002,赴德州乡村振兴实践团,自主实践团队,乡村振兴调研,威海团市委,2024-07-07,2024-07-26,通过,李文静,佐证材料完整，予以通过
202300002,赴青岛红色基因实践团,校级重点团队,红色基因传承,汽车工程学院,2025-07-07,2025-07-23,通过,李文静,佐证材料完整，予以通过
202300003,赴烟台海洋生态实践团,院级重点团队,海洋生态保护宣传,威海团市委,2024-07-09,2024-07-18,通过,李文静,佐证材料完整，予以通过
202300003,赴泰安红色基地实践团,校级重点团队,红色基地研学,威海团市委,2025-07-05,2025-07-17,待审核,,
202300004,赴青岛汽车产业实践团,自主实践团队,汽车产业链调研,校团委,2024-07-02,2024-07-15,通过,李文静,符合认定条件，通过
202300004,赴枣庄红色基地实践团,院级重点团队,红色基地研学,汽车工程学院,2025-07-05,2025-07-24,通过,李文静,材料齐全，同意认定
202300005,赴青岛乡村振兴实践团,校级重点团队,乡村振兴调研,校团委,2024-07-07,2024-07-18,待审核,,
202300005,赴济宁海洋生态实践团,院级重点团队,海洋生态保护宣传,汽车工程学院,2025-07-02,2025-07-17,通过,李文静,符合认定条件，通过
202300006,赴枣庄社区志愿实践团,企业实习实践,社区志愿服务,校团委,2024-07-07,2024-07-27,待审核,,
202300006,赴济宁社区志愿实践团,企业实习实践,社区志愿服务,威海团市委,2025-07-03,2025-07-28,通过,李文静,佐证材料完整，予以通过
202300007,赴泰安企业走访实践团,返家乡实践,企业走访见习,威海团市委,2024-07-02,2024-07-22,通过,李文静,佐证材料完整，予以通过
202300007,赴东营黄河流域实践团,院级重点团队,黄河流域生态考察,威海团市委,2025-07-05,2025-07-19,通过,李文静,材料齐全，同意认定
202300008,赴日照关爱留守实践团,自主实践团队,关爱留守儿童,校团委,2024-07-01,2024-07-15,待审核,,
202300008,赴德州关爱留守实践团,自主实践团队,关爱留守儿童,威海团市委,2025-07-04,2025-07-23,通过,李文静,材料齐全，同意认定
202300009,赴青岛海洋生态实践团,院级重点团队,海洋生态保护宣传,汽车工程学院,2024-07-01,2024-07-20,通过,李文静,材料齐全，同意认定
202300009,赴青岛海洋生态实践团,企业实习实践,海洋生态保护宣传,汽车工程学院,2025-07-03,2025-07-21,通过,李文静,符合认定条件，通过
202300010,赴枣庄关爱留守实践团,企业实习实践,关爱留守儿童,威海团市委,2024-07-09,2024-07-17,通过,李文静,材料齐全，同意认定
202300010,赴聊城乡村振兴实践团,校级重点团队,乡村振兴调研,威海团市委,2025-07-04,2025-07-24,通过,李文静,符合认定条件，通过
202300011,赴淄博科技支农实践团,返家乡实践,科技支农帮扶,威海团市委,2024-07-08,2024-07-26,通过,李文静,材料齐全，同意认定
202300011,赴临沂黄河流域实践团,院级重点团队,黄河流域生态考察,校团委,2025-07-09,2025-07-17,通过,李文静,材料齐全，同意认定
202300012,赴日照乡村振兴实践团,校级重点团队,乡村振兴调研,威海团市委,2024-07-05,2024-07-28,公示中,李文静,材料齐全，同意认定
202300012,赴潍坊红色基地实践团,企业实习实践,红色基地研学,威海团市委,2025-07-08,2025-07-17,待审核,,
202300013,赴泰安社区志愿实践团,自主实践团队,社区志愿服务,校团委,2024-07-07,2024-07-27,通过,李文静,符合认定条件，通过
202300013,赴德州汽车产业实践团,校级重点团队,汽车产业链调研,威海团市委,2025-07-04,2025-07-17,通过,李文静,符合认定条件，通过
202300014,赴潍坊乡村振兴实践团,企业实习实践,乡村振兴调研,汽车工程学院,2024-07-04,2024-07-27,通过,李文静,符合认定条件，通过
202300014,赴临沂科技支农实践团,企业实习实践,科技支农帮扶,汽车工程学院,2025-07-02,2025-07-18,通过,李文静,佐证材料完整，予以通过
202300015,赴泰安科技支农实践团,自主实践团队,科技支农帮扶,威海团市委,2024-07-05,2024-07-17,通过,李文静,材料齐全，同意认定
202300015,赴威海黄河流域实践团,返家乡实践,黄河流域生态考察,校团委,2025-07-03,2025-07-22,通过,李文静,材料齐全，同意认定
202300016,赴泰安社区志愿实践团,返家乡实践,社区志愿服务,汽车工程学院,2024-07-02,2024-07-24,通过,李文静,符合认定条件，通过
202300016,赴泰安海洋生态实践团,院级重点团队,海洋生态保护宣传,校团委,2025-07-05,2025-07-24,待审核,,
202300017,赴威海黄河流域实践团,校级重点团队,黄河流域生态考察,校团委,2024-07-03,2024-07-24,通过,李文静,材料齐全，同意认定
202300017,赴临沂黄河流域实践团,自主实践团队,黄河流域生态考察,汽车工程学院,2025-07-06,2025-07-23,通过,李文静,佐证材料完整，予以通过
202300018,赴临沂红色基因实践团,院级重点团队,红色基因传承,威海团市委,2024-07-07,2024-07-26,通过,李文静,材料齐全，同意认定
202300018,赴日照海洋生态实践团,返家乡实践,海洋生态保护宣传,威海团市委,2025-07-06,2025-07-18,通过,李文静,佐证材料完整，予以通过
202300019,赴临沂乡村振兴实践团,自主实践团队,乡村振兴调研,威海团市委,2024-07-05,2024-07-24,通过,李文静,佐证材料完整，予以通过
202300019,赴枣庄乡村振兴实践团,自主实践团队,乡村振兴调研,校团委,2025-07-04,2025-07-27,通过,李文静,材料齐全，同意认定
202300020,赴淄博科技支农实践团,返家乡实践,科技支农帮扶,威海团市委,2024-07-10,2024-07-23,通过,李文静,佐证材料完整，予以通过
202300020,赴济宁黄河流域实践团,院级重点团队,黄河流域生态考察,汽车工程学院,2025-07-06,2025-07-22,通过,李文静,符合认定条件，通过
202300021,赴东营关爱留守实践团,企业实习实践,关爱留守儿童,威海团市委,2024-07-04,2024-07-17,待审核,,
202300021,赴日照红色基地实践团,校级重点团队,红色基地研学,校团委,2025-07-01,2025-07-16,通过,李文静,佐证材料完整，予以通过
202300022,赴东营红色基地实践团,企业实习实践,红色基地研学,汽车工程学院,2024-07-06,2024-07-27,待审核,,
202300022,赴潍坊红色基因实践团,企业实习实践,红色基因传承,汽车工程学院,2025-07-06,2025-07-27,通过,李文静,符合认定条件，通过
202300023,赴日照关爱留守实践团,企业实习实践,关爱留守儿童,威海团市委,2024-07-06,2024-07-25,通过,李文静,佐证材料完整，予以通过
202300023,赴济宁红色基地实践团,自主实践团队,红色基地研学,校团委,2025-07-03,2025-07-20,通过,李文静,佐证材料完整，予以通过
202300024,赴聊城乡村振兴实践团,返家乡实践,乡村振兴调研,威海团市委,2024-07-08,2024-07-15,通过,李文静,佐证材料完整，予以通过
202300024,赴济宁黄河流域实践团,返家乡实践,黄河流域生态考察,汽车工程学院,2025-07-09,2025-07-24,通过,李文静,佐证材料完整，予以通过
202300025,赴潍坊社区志愿实践团,自主实践团队,社区志愿服务,威海团市委,2024-07-10,2024-07-28,通过,李文静,佐证材料完整，予以通过
202300025,赴威海企业走访实践团,院级重点团队,企业走访见习,汽车工程学院,2025-07-09,2025-07-21,公示中,李文静,符合认定条件，通过
202300026,赴枣庄社区志愿实践团,自主实践团队,社区志愿服务,威海团市委,2024-07-03,2024-07-16,通过,李文静,佐证材料完整，予以通过
202300026,赴潍坊汽车产业实践团,自主实践团队,汽车产业链调研,威海团市委,2025-07-10,2025-07-23,通过,李文静,符合认定条件，通过
202300027,赴潍坊社区志愿实践团,自主实践团队,社区志愿服务,威海团市委,2024-07-01,2024-07-19,通过,李文静,材料齐全，同意认定
202300027,赴日照海洋生态实践团,自主实践团队,海洋生态保护宣传,校团委,2025-07-02,2025-07-23,通过,李文静,符合认定条件，通过
202300028,赴烟台科技支农实践团,自主实践团队,科技支农帮扶,威海团市委,2024-07-01,2024-07-20,通过,李文静,符合认定条件，通过
202300028,赴临沂企业走访实践团,返家乡实践,企业走访见习,汽车工程学院,2025-07-07,2025-07-23,通过,李文静,材料齐全，同意认定
202300029,赴东营黄河流域实践团,企业实习实践,黄河流域生态考察,校团委,2024-07-08,2024-07-23,通过,李文静,符合认定条件，通过
202300029,赴青岛海洋生态实践团,校级重点团队,海洋生态保护宣传,威海团市委,2025-07-02,2025-07-24,通过,李文静,符合认定条件，通过
202300030,赴东营社区志愿实践团,院级重点团队,社区志愿服务,校团委,2024-07-02,2024-07-25,通过,李文静,佐证材料完整，予以通过
202300030,赴枣庄汽车产业实践团,自主实践团队,汽车产业链调研,校团委,2025-07-04,2025-07-22,通过,李文静,佐证材料完整，予以通过
202300031,赴济南乡村振兴实践团,企业实习实践,乡村振兴调研,校团委,2024-07-07,2024-07-27,通过,李文静,佐证材料完整，予以通过
202300031,赴潍坊红色基地实践团,返家乡实践,红色基地研学,威海团市委,2025-07-02,2025-07-21,通过,李文静,符合认定条件，通过
202300032,赴威海社区志愿实践团,自主实践团队,社区志愿服务,威海团市委,2024-07-03,2024-07-17,通过,李文静,佐证材料完整，予以通过
202300032,赴聊城企业走访实践团,校级重点团队,企业走访见习,校团委,2025-07-02,2025-07-15,待审核,,
202300033,赴临沂社区志愿实践团,校级重点团队,社区志愿服务,校团委,2024-07-08,2024-07-17,公示中,李文静,佐证材料完整，予以通过
202300033,赴泰安科技支农实践团,返家乡实践,科技支农帮扶,威海团市委,2025-07-10,2025-07-27,通过,李文静,佐证材料完整，予以通过
202300034,赴东营红色基因实践团,返家乡实践,红色基因传承,汽车工程学院,2024-07-10,2024-07-16,通过,李文静,材料齐全，同意认定
202300034,赴东营企业走访实践团,自主实践团队,企业走访见习,汽车工程学院,2025-07-01,2025-07-16,待审核,,
202300035,赴临沂关爱留守实践团,院级重点团队,关爱留守儿童,威海团市委,2024-07-09,2024-07-26,通过,李文静,佐证材料完整，予以通过
202300035,赴烟台关爱留守实践团,返家乡实践,关爱留守儿童,校团委,2025-07-08,2025-07-17,公示中,李文静,佐证材料完整，予以通过
202300036,赴临沂社区志愿实践团,返家乡实践,社区志愿服务,汽车工程学院,2024-07-02,2024-07-22,通过,李文静,符合认定条件，通过
202300036,赴东营红色基地实践团,自主实践团队,红色基地研学,威海团市委,2025-07-01,2025-07-28,通过,李文静,材料齐全，同意认定
202300037,赴日照红色基因实践团,自主实践团队,红色基因传承,校团委,2024-07-04,2024-07-17,通过,李文静,符合认定条件，通过
202300037,赴枣庄企业走访实践团,返家乡实践,企业走访见习,威海团市委,2025-07-05,2025-07-27,通过,李文静,佐证材料完整，予以通过
202300038,赴青岛海洋生态实践团,自主实践团队,海洋生态保护宣传,校团委,2024-07-08,2024-07-15,通过,李文静,材料齐全，同意认定
202300038,赴青岛乡村振兴实践团,院级重点团队,乡村振兴调研,校团委,2025-07-01,2025-07-26,通过,李文静,材料齐全，同意认定
202300039,赴东营汽车产业实践团,企业实习实践,汽车产业链调研,汽车工程学院,2024-07-01,2024-07-24,通过,李文静,符合认定条件，通过
202300039,赴潍坊关爱留守实践团,返家乡实践,关爱留守儿童,汽车工程学院,2025-07-03,2025-07-26,通过,李文静,佐证材料完整，予以通过
202300040,赴烟台海洋生态实践团,自主实践团队,海洋生态保护宣传,校团委,2024-07-05,2024-07-15,通过,李文静,符合认定条件，通过
202300040,赴临沂科技支农实践团,返家乡实践,科技支农帮扶,威海团市委,2025-07-05,2025-07-26,通过,李文静,材料齐全，同意认定
202300041,赴青岛企业走访实践团,院级重点团队,企业走访见习,汽车工程学院,2024-07-09,2024-07-26,通过,李文静,符合认定条件，通过
202300041,赴泰安乡村振兴实践团,企业实习实践,乡村振兴调研,汽车工程学院,2025-07-03,2025-07-27,通过,李文静,材料齐全，同意认定
202300042,赴临沂关爱留守实践团,返家乡实践,关爱留守儿童,汽车工程学院,2024-07-10,2024-07-22,通过,李文静,材料齐全，同意认定
202300042,赴济南社区志愿实践团,校级重点团队,社区志愿服务,威海团市委,2025-07-06,2025-07-28,通过,李文静,符合认定条件，通过
202300043,赴德州黄河流域实践团,企业实习实践,黄河流域生态考察,校团委,2024-07-07,2024-07-21,通过,李文静,符合认定条件，通过
202300043,赴淄博海洋生态实践团,校级重点团队,海洋生态保护宣传,威海团市委,2025-07-01,2025-07-16,通过,李文静,材料齐全，同意认定
202300044,赴青岛科技支农实践团,企业实习实践,科技支农帮扶,校团委,2024-07-01,2024-07-18,通过,李文静,符合认定条件，通过
202300044,赴枣庄红色基地实践团,自主实践团队,红色基地研学,汽车工程学院,2025-07-10,2025-07-21,通过,李文静,佐证材料完整，予以通过
202300045,赴德州黄河流域实践团,自主实践团队,黄河流域生态考察,校团委,2024-07-07,2024-07-28,通过,李文静,材料齐全，同意认定
202300045,赴烟台海洋生态实践团,校级重点团队,海洋生态保护宣传,校团委,2025-07-06,2025-07-23,通过,李文静,材料齐全，同意认定
202300046,赴德州红色基地实践团,校级重点团队,红色基地研学,威海团市委,2024-07-06,2024-07-18,通过,李文静,佐证材料完整，予以通过
202300046,赴潍坊企业走访实践团,企业实习实践,企业走访见习,汽车工程学院,2025-07-08,2025-07-19,通过,李文静,材料齐全，同意认定
202300047,赴济宁科技支农实践团,校级重点团队,科技支农帮扶,威海团市委,2024-07-04,2024-07-15,通过,李文静,材料齐全，同意认定
202300047,赴济宁乡村振兴实践团,院级重点团队,乡村振兴调研,校团委,2025-07-07,2025-07-22,通过,李文静,佐证材料完整，予以通过
202300048,赴潍坊关爱留守实践团,返家乡实践,关爱留守儿童,汽车工程学院,2024-07-01,2024-07-19,通过,李文静,材料齐全，同意认定
202300048,赴聊城乡村振兴实践团,企业实习实践,乡村振兴调研,汽车工程学院,2025-07-05,2025-07-26,通过,李文静,符合认定条件，通过
202300049,赴威海企业走访实践团,企业实习实践,企业走访见习,汽车工程学院,2024-07-10,2024-07-15,通过,李文静,符合认定条件，通过
202300049,赴潍坊关爱留守实践团,企业实习实践,关爱留守儿童,汽车工程学院,2025-07-04,2025-07-20,通过,李文静,材料齐全，同意认定
202300050,赴济宁海洋生态实践团,企业实习实践,海洋生态保护宣传,威海团市委,2024-07-09,2024-07-23,通过,李文静,符合认定条件，通过
202300050,赴德州关爱留守实践团,校级重点团队,关爱留守儿童,校团委,2025-07-04,2025-07-21,通过,李文静,材料齐全，同意认定
202300051,赴东营红色基地实践团,院级重点团队,红色基地研学,校团委,2024-07-02,2024-07-23,通过,李文静,材料齐全，同意认定
202300051,赴威海科技支农实践团,企业实习实践,科技支农帮扶,威海团市委,2025-07-04,2025-07-15,通过,李文静,材料齐全，同意认定
202300052,赴烟台企业走访实践团,自主实践团队,企业走访见习,校团委,2024-07-03,2024-07-16,通过,李文静,符合认定条件，通过
202300052,赴聊城红色基地实践团,院级重点团队,红色基地研学,威海团市委,2025-07-03,2025-07-22,通过,李文静,符合认定条件，通过
202300053,赴淄博企业走访实践团,院级重点团队,企业走访见习,威海团市委,2024-07-05,2024-07-18,通过,李文静,符合认定条件，通过
202300053,赴东营黄河流域实践团,企业实习实践,黄河流域生态考察,威海团市委,2025-07-07,2025-07-25,通过,李文静,材料齐全，同意认定
202300054,赴威海红色基因实践团,校级重点团队,红色基因传承,汽车工程学院,2024-07-04,2024-07-26,通过,李文静,符合认定条件，通过
202300054,赴青岛红色基地实践团,企业实习实践,红色基地研学,威海团市委,2025-07-02,2025-07-24,待审核,,
202300055,赴日照红色基因实践团,返家乡实践,红色基因传承,校团委,2024-07-08,2024-07-26,待审核,,
202300055,赴聊城企业走访实践团,院级重点团队,企业走访见习,威海团市委,2025-07-01,2025-07-28,通过,李文静,佐证材料完整，予以通过
202300056,赴枣庄汽车产业实践团,院级重点团队,汽车产业链调研,汽车工程学院,2024-07-08,2024-07-20,待审核,,
202300056,赴济南关爱留守实践团,校级重点团队,关爱留守儿童,汽车工程学院,2025-07-05,2025-07-22,通过,李文静,佐证材料完整，予以通过
202300057,赴威海黄河流域实践团,自主实践团队,黄河流域生态考察,汽车工程学院,2024-07-10,2024-07-21,通过,李文静,材料齐全，同意认定
202300057,赴威海社区志愿实践团,企业实习实践,社区志愿服务,威海团市委,2025-07-02,2025-07-26,通过,李文静,佐证材料完整，予以通过
202300058,赴济南乡村振兴实践团,院级重点团队,乡村振兴调研,汽车工程学院,2024-07-01,2024-07-24,通过,李文静,符合认定条件，通过
202300058,赴威海社区志愿实践团,院级重点团队,社区志愿服务,威海团市委,2025-07-08,2025-07-26,通过,李文静,符合认定条件，通过
202300059,赴枣庄海洋生态实践团,自主实践团队,海洋生态保护宣传,威海团市委,2024-07-08,2024-07-18,通过,李文静,符合认定条件，通过
202300059,赴聊城海洋生态实践团,校级重点团队,海洋生态保护宣传,校团委,2025-07-03,2025-07-22,通过,李文静,材料齐全，同意认定
202300060,赴济南汽车产业实践团,校级重点团队,汽车产业链调研,汽车工程学院,2024-07-02,2024-07-17,通过,李文静,符合认定条件，通过
202300060,赴日照乡村振兴实践团,校级重点团队,乡村振兴调研,校团委,2025-07-04,2025-07-19,通过,李文静,符合认定条件，通过
202300061,赴威海企业走访实践团,校级重点团队,企业走访见习,汽车工程学院,2024-07-05,2024-07-23,通过,李文静,材料齐全，同意认定
202300061,赴济宁社区志愿实践团,企业实习实践,社区志愿服务,校团委,2025-07-05,2025-07-16,通过,李文静,佐证材料完整，予以通过
202300062,赴烟台汽车产业实践团,返家乡实践,汽车产业链调研,汽车工程学院,2024-07-02,2024-07-17,通过,李文静,佐证材料完整，予以通过
202300062,赴青岛海洋生态实践团,校级重点团队,海洋生态保护宣传,威海团市委,2025-07-01,2025-07-19,通过,李文静,佐证材料完整，予以通过
202300063,赴泰安汽车产业实践团,校级重点团队,汽车产业链调研,校团委,2024-07-05,2024-07-26,通过,李文静,符合认定条件，通过
202300063,赴临沂社区志愿实践团,校级重点团队,社区志愿服务,汽车工程学院,2025-07-09,2025-07-23,通过,李文静,材料齐全，同意认定
202300064,赴临沂海洋生态实践团,校级重点团队,海洋生态保护宣传,威海团市委,2024-07-02,2024-07-28,通过,李文静,佐证材料完整，予以通过
202300064,赴济宁关爱留守实践团,自主实践团队,关爱留守儿童,校团委,2025-07-01,2025-07-24,通过,李文静,材料齐全，同意认定
202300065,赴淄博黄河流域实践团,自主实践团队,黄河流域生态考察,威海团市委,2024-07-08,2024-07-20,通过,李文静,符合认定条件，通过
202300065,赴淄博红色基因实践团,企业实习实践,红色基因传承,校团委,2025-07-08,2025-07-22,通过,李文静,材料齐全，同意认定
202300066,赴泰安红色基地实践团,企业实习实践,红色基地研学,汽车工程学院,2024-07-09,2024-07-23,通过,李文静,符合认定条件，通过
202300066,赴淄博红色基地实践团,自主实践团队,红色基地研学,威海团市委,2025-07-03,2025-07-28,通过,李文静,符合认定条件，通过
202300067,赴泰安科技支农实践团,企业实习实践,科技支农帮扶,威海团市委,2024-07-09,2024-07-26,通过,李文静,材料齐全，同意认定
202300067,赴德州黄河流域实践团,院级重点团队,黄河流域生态考察,校团委,2025-07-02,2025-07-21,通过,李文静,符合认定条件，通过
202300068,赴济南社区志愿实践团,自主实践团队,社区志愿服务,校团委,2024-07-10,2024-07-21,通过,李文静,材料齐全，同意认定
202300068,赴烟台红色基地实践团,院级重点团队,红色基地研学,汽车工程学院,2025-07-01,2025-07-23,通过,李文静,材料齐全，同意认定
202300069,赴日照汽车产业实践团,企业实习实践,汽车产业链调研,汽车工程学院,2024-07-06,2024-07-18,待审核,,
202300069,赴威海乡村振兴实践团,返家乡实践,乡村振兴调研,汽车工程学院,2025-07-10,2025-07-15,待审核,,
202300070,赴德州科技支农实践团,院级重点团队,科技支农帮扶,威海团市委,2024-07-03,2024-07-18,通过,李文静,符合认定条件，通过
202300070,赴济南黄河流域实践团,院级重点团队,黄河流域生态考察,威海团市委,2025-07-03,2025-07-23,通过,李文静,符合认定条件，通过
202300071,赴济南科技支农实践团,返家乡实践,科技支农帮扶,威海团市委,2024-07-10,2024-07-19,通过,李文静,符合认定条件，通过
202300071,赴威海社区志愿实践团,院级重点团队,社区志愿服务,汽车工程学院,2025-07-08,2025-07-22,通过,李文静,符合认定条件，通过
202300072,赴济宁社区志愿实践团,院级重点团队,社区志愿服务,汽车工程学院,2024-07-07,2024-07-19,待审核,,
202300072,赴临沂黄河流域实践团,校级重点团队,黄河流域生态考察,校团委,2025-07-01,2025-07-28,通过,李文静,佐证材料完整，予以通过
202300073,赴临沂黄河流域实践团,自主实践团队,黄河流域生态考察,威海团市委,2024-07-08,2024-07-19,通过,李文静,佐证材料完整，予以通过
202300073,赴日照红色基地实践团,自主实践团队,红色基地研学,汽车工程学院,2025-07-04,2025-07-16,通过,李文静,佐证材料完整，予以通过
202300074,赴淄博科技支农实践团,校级重点团队,科技支农帮扶,校团委,2024-07-09,2024-07-19,通过,李文静,符合认定条件，通过
202300074,赴济南乡村振兴实践团,返家乡实践,乡村振兴调研,威海团市委,2025-07-04,2025-07-19,通过,李文静,符合认定条件，通过
202300075,赴潍坊社区志愿实践团,自主实践团队,社区志愿服务,威海团市委,2024-07-01,2024-07-24,通过,李文静,材料齐全，同意认定
202300075,赴聊城红色基地实践团,校级重点团队,红色基地研学,汽车工程学院,2025-07-09,2025-07-21,通过,李文静,材料齐全，同意认定
202300076,赴青岛社区志愿实践团,校级重点团队,社区志愿服务,校团委,2024-07-06,2024-07-24,待审核,,
202300076,赴青岛关爱留守实践团,自主实践团队,关爱留守儿童,威海团市委,2025-07-01,2025-07-26,待审核,,
202300077,赴济南红色基因实践团,企业实习实践,红色基因传承,威海团市委,2024-07-03,2024-07-28,通过,李文静,佐证材料完整，予以通过
202300077,赴聊城红色基地实践团,返家乡实践,红色基地研学,校团委,2025-07-05,2025-07-22,通过,李文静,佐证材料完整，予以通过
202300078,赴临沂乡村振兴实践团,自主实践团队,乡村振兴调研,校团委,2024-07-10,2024-07-25,公示中,李文静,材料齐全，同意认定
202300078,赴泰安关爱留守实践团,校级重点团队,关爱留守儿童,威海团市委,2025-07-09,2025-07-21,通过,李文静,佐证材料完整，予以通过
202300079,赴德州海洋生态实践团,企业实习实践,海洋生态保护宣传,校团委,2024-07-07,2024-07-28,通过,李文静,佐证材料完整，予以通过
202300079,赴临沂企业走访实践团,企业实习实践,企业走访见习,校团委,2025-07-03,2025-07-25,通过,李文静,佐证材料完整，予以通过
202300080,赴枣庄社区志愿实践团,校级重点团队,社区志愿服务,汽车工程学院,2024-07-09,2024-07-24,通过,李文静,符合认定条件，通过
202300080,赴临沂红色基地实践团,校级重点团队,红色基地研学,汽车工程学院,2025-07-10,2025-07-18,通过,李文静,佐证材料完整，予以通过
202300081,赴威海企业走访实践团,企业实习实践,企业走访见习,威海团市委,2024-07-07,2024-07-17,通过,李文静,符合认定条件，通过
202300081,赴威海社区志愿实践团,院级重点团队,社区志愿服务,汽车工程学院,2025-07-06,2025-07-22,公示中,李文静,符合认定条件，通过
202300082,赴临沂海洋生态实践团,校级重点团队,海洋生态保护宣传,汽车工程学院,2024-07-08,2024-07-18,通过,李文静,材料齐全，同意认定
202300082,赴济南红色基因实践团,校级重点团队,红色基因传承,汽车工程学院,2025-07-05,2025-07-21,待审核,,
202300083,赴日照海洋生态实践团,自主实践团队,海洋生态保护宣传,汽车工程学院,2024-07-07,2024-07-22,通过,李文静,佐证材料完整，予以通过
202300083,赴东营红色基因实践团,自主实践团队,红色基因传承,汽车工程学院,2025-07-08,2025-07-19,通过,李文静,符合认定条件，通过
202300084,赴日照海洋生态实践团,自主实践团队,海洋生态保护宣传,汽车工程学院,2024-07-09,2024-07-28,通过,李文静,材料齐全，同意认定
202300084,赴烟台海洋生态实践团,自主实践团队,海洋生态保护宣传,校团委,2025-07-09,2025-07-27,通过,李文静,符合认定条件，通过
202300085,赴东营企业走访实践团,自主实践团队,企业走访见习,汽车工程学院,2024-07-05,2024-07-20,待审核,,
202300085,赴德州汽车产业实践团,院级重点团队,汽车产业链调研,威海团市委,2025-07-02,2025-07-27,通过,李文静,材料齐全，同意认定
202300086,赴烟台红色基因实践团,企业实习实践,红色基因传承,校团委,2024-07-02,2024-07-18,公示中,李文静,材料齐全，同意认定
202300086,赴潍坊关爱留守实践团,自主实践团队,关爱留守儿童,威海团市委,2025-07-02,2025-07-16,通过,李文静,材料齐全，同意认定
202300087,赴泰安海洋生态实践团,企业实习实践,海洋生态保护宣传,校团委,2024-07-07,2024-07-24,通过,李文静,符合认定条件，通过
202300087,赴德州汽车产业实践团,自主实践团队,汽车产业链调研,威海团市委,2025-07-07,2025-07-16,通过,李文静,材料齐全，同意认定
202300088,赴德州海洋生态实践团,校级重点团队,海洋生态保护宣传,校团委,2024-07-06,2024-07-28,待审核,,
202300088,赴东营社区志愿实践团,院级重点团队,社区志愿服务,汽车工程学院,2025-07-06,2025-07-20,通过,李文静,佐证材料完整，予以通过
202300089,赴日照汽车产业实践团,返家乡实践,汽车产业链调研,威海团市委,2024-07-06,2024-07-15,通过,李文静,佐证材料完整，予以通过
202300089,赴德州乡村振兴实践团,院级重点团队,乡村振兴调研,汽车工程学院,2025-07-02,2025-07-15,通过,李文静,佐证材料完整，予以通过
202300090,赴枣庄红色基地实践团,院级重点团队,红色基地研学,威海团市委,2024-07-04,2024-07-22,通过,李文静,佐证材料完整，予以通过
202300090,赴烟台海洋生态实践团,自主实践团队,海洋生态保护宣传,校团委,2025-07-02,2025-07-15,通过,李文静,材料齐全，同意认定
202300091,赴临沂海洋生态实践团,校级重点团队,海洋生态保护宣传,校团委,2024-07-06,2024-07-19,通过,李文静,材料齐全，同意认定
202300091,赴德州企业走访实践团,校级重点团队,企业走访见习,威海团市委,2025-07-10,2025-07-21,公示中,李文静,符合认定条件，通过
202300092,赴潍坊科技支农实践团,自主实践团队,科技支农帮扶,威海团市委,2024-07-03,2024-07-19,通过,李文静,材料齐全，同意认定
202300092,赴威海红色基地实践团,院级重点团队,红色基地研学,校团委,2025-07-05,2025-07-18,通过,李文静,佐证材料完整，予以通过
202300093,赴东营社区志愿实践团,企业实习实践,社区志愿服务,汽车工程学院,2024-07-06,2024-07-18,待审核,,
202300093,赴临沂汽车产业实践团,校级重点团队,汽车产业链调研,威海团市委,2025-07-03,2025-07-25,通过,李文静,符合认定条件，通过
202300094,赴聊城黄河流域实践团,院级重点团队,黄河流域生态考察,校团委,2024-07-01,2024-07-28,通过,李文静,材料齐全，同意认定
202300094,赴日照海洋生态实践团,校级重点团队,海洋生态保护宣传,校团委,2025-07-10,2025-07-17,通过,李文静,材料齐全，同意认定
202300095,赴济南海洋生态实践团,校级重点团队,海洋生态保护宣传,校团委,2024-07-09,2024-07-20,通过,李文静,佐证材料完整，予以通过
202300095,赴淄博乡村振兴实践团,返家乡实践,乡村振兴调研,校团委,2025-07-04,2025-07-28,通过,李文静,符合认定条件，通过
202300096,赴烟台企业走访实践团,自主实践团队,企业走访见习,威海团市委,2024-07-08,2024-07-28,通过,李文静,佐证材料完整，予以通过
202300096,赴枣庄乡村振兴实践团,自主实践团队,乡村振兴调研,校团委,2025-07-05,2025-07-15,通过,李文静,材料齐全，同意认定
202300097,赴青岛企业走访实践团,院级重点团队,企业走访见习,汽车工程学院,2024-07-02,2024-07-22,通过,李文静,佐证材料完整，予以通过
202300097,赴烟台汽车产业实践团,返家乡实践,汽车产业链调研,校团委,2025-07-03,2025-07-27,通过,李文静,材料齐全，同意认定
202300098,赴烟台黄河流域实践团,自主实践团队,黄河流域生态考察,校团委,2024-07-08,2024-07-27,通过,李文静,佐证材料完整，予以通过
202300098,赴枣庄乡村振兴实践团,返家乡实践,乡村振兴调研,汽车工程学院,2025-07-01,2025-07-27,通过,李文静,材料齐全，同意认定
202300099,赴聊城乡村振兴实践团,自主实践团队,乡村振兴调研,汽车工程学院,2024-07-05,2024-07-20,通过,李文静,符合认定条件，通过
202300099,赴潍坊乡村振兴实践团,校级重点团队,乡村振兴调研,威海团市委,2025-07-07,2025-07-18,通过,李文静,材料齐全，同意认定
202300100,赴济宁黄河流域实践团,企业实习实践,黄河流域生态考察,威海团市委,2024-07-08,2024-07-21,待审核,,
202300100,赴济宁乡村振兴实践团,校级重点团队,乡村振兴调研,汽车工程学院,2025-07-07,2025-07-16,通过,李文静,佐证材料完整，予以通过
202300101,赴枣庄乡村振兴实践团,校级重点团队,乡村振兴调研,威海团市委,2024-07-10,2024-07-15,待审核,,
202300101,赴临沂社区志愿实践团,返家乡实践,社区志愿服务,校团委,2025-07-04,2025-07-15,通过,李文静,符合认定条件，通过
202300102,赴临沂红色基因实践团,自主实践团队,红色基因传承,威海团市委,2024-07-10,2024-07-27,通过,李文静,材料齐全，同意认定
202300102,赴德州红色基地实践团,院级重点团队,红色基地研学,威海团市委,2025-07-09,2025-07-19,通过,李文静,符合认定条件，通过
202300103,赴日照科技支农实践团,自主实践团队,科技支农帮扶,汽车工程学院,2024-07-10,2024-07-22,通过,李文静,材料齐全，同意认定
202300103,赴淄博乡村振兴实践团,企业实习实践,乡村振兴调研,汽车工程学院,2025-07-08,2025-07-18,通过,李文静,材料齐全，同意认定
202300104,赴潍坊企业走访实践团,企业实习实践,企业走访见习,校团委,2024-07-08,2024-07-27,通过,李文静,材料齐全，同意认定
202300104,赴潍坊关爱留守实践团,企业实习实践,关爱留守儿童,威海团市委,2025-07-09,2025-07-21,通过,李文静,佐证材料完整，予以通过
202300105,赴烟台黄河流域实践团,企业实习实践,黄河流域生态考察,威海团市委,2024-07-10,2024-07-25,通过,李文静,佐证材料完整，予以通过
202300105,赴威海红色基地实践团,自主实践团队,红色基地研学,校团委,2025-07-05,2025-07-19,待审核,,
202300106,赴聊城红色基地实践团,返家乡实践,红色基地研学,校团委,2024-07-03,2024-07-17,通过,李文静,佐证材料完整，予以通过
202300106,赴青岛乡村振兴实践团,院级重点团队,乡村振兴调研,校团委,2025-07-03,2025-07-20,通过,李文静,佐证材料完整，予以通过
202300107,赴泰安黄河流域实践团,院级重点团队,黄河流域生态考察,威海团市委,2024-07-10,2024-07-28,通过,李文静,材料齐全，同意认定
202300107,赴德州海洋生态实践团,返家乡实践,海洋生态保护宣传,校团委,2025-07-09,2025-07-26,通过,李文静,符合认定条件，通过
202300108,赴济南汽车产业实践团,自主实践团队,汽车产业链调研,汽车工程学院,2024-07-09,2024-07-27,通过,李文静,材料齐全，同意认定
202300108,赴淄博红色基地实践团,企业实习实践,红色基地研学,校团委,2025-07-02,2025-07-23,通过,李文静,佐证材料完整，予以通过
202300109,赴潍坊红色基地实践团,院级重点团队,红色基地研学,威海团市委,2024-07-06,2024-07-15,待审核,,
202300109,赴济南红色基因实践团,校级重点团队,红色基因传承,校团委,2025-07-10,2025-07-15,待审核,,
202300110,赴临沂黄河流域实践团,企业实习实践,黄河流域生态考察,校团委,2024-07-02,2024-07-15,通过,李文静,佐证材料完整，予以通过
202300110,赴济宁红色基地实践团,返家乡实践,红色基地研学,汽车工程学院,2025-07-10,2025-07-18,通过,李文静,材料齐全，同意认定
202300111,赴济宁红色基地实践团,校级重点团队,红色基地研学,威海团市委,2024-07-04,2024-07-22,通过,李文静,材料齐全，同意认定
202300111,赴淄博汽车产业实践团,校级重点团队,汽车产业链调研,汽车工程学院,2025-07-05,2025-07-15,通过,李文静,符合认定条件，通过
202300112,赴临沂汽车产业实践团,返家乡实践,汽车产业链调研,校团委,2024-07-07,2024-07-27,通过,李文静,佐证材料完整，予以通过
202300112,赴青岛关爱留守实践团,院级重点团队,关爱留守儿童,汽车工程学院,2025-07-03,2025-07-20,通过,李文静,符合认定条件，通过
202300113,赴淄博企业走访实践团,返家乡实践,企业走访见习,校团委,2024-07-09,2024-07-16,通过,李文静,材料齐全，同意认定
202300113,赴济南红色基因实践团,院级重点团队,红色基因传承,威海团市委,2025-07-09,2025-07-19,通过,李文静,符合认定条件，通过
202300114,赴枣庄乡村振兴实践团,校级重点团队,乡村振兴调研,汽车工程学院,2024-07-04,2024-07-21,通过,李文静,材料齐全，同意认定
202300114,赴烟台科技支农实践团,自主实践团队,科技支农帮扶,校团委,2025-07-06,2025-07-24,通过,李文静,材料齐全，同意认定
202300115,赴济南企业走访实践团,企业实习实践,企业走访见习,汽车工程学院,2024-07-04,2024-07-17,通过,李文静,符合认定条件，通过
202300115,赴日照海洋生态实践团,返家乡实践,海洋生态保护宣传,威海团市委,2025-07-03,2025-07-15,通过,李文静,佐证材料完整，予以通过
202300116,赴德州红色基地实践团,院级重点团队,红色基地研学,威海团市委,2024-07-06,2024-07-20,通过,李文静,符合认定条件，通过
202300116,赴日照海洋生态实践团,校级重点团队,海洋生态保护宣传,汽车工程学院,2025-07-03,2025-07-23,通过,李文静,符合认定条件，通过
202300117,赴枣庄关爱留守实践团,自主实践团队,关爱留守儿童,校团委,2024-07-05,2024-07-26,通过,李文静,材料齐全，同意认定
202300117,赴日照关爱留守实践团,校级重点团队,关爱留守儿童,汽车工程学院,2025-07-01,2025-07-19,待审核,,
202300118,赴青岛关爱留守实践团,自主实践团队,关爱留守儿童,威海团市委,2024-07-05,2024-07-18,通过,李文静,符合认定条件，通过
202300118,赴泰安关爱留守实践团,企业实习实践,关爱留守儿童,威海团市委,2025-07-10,2025-07-18,待审核,,
202300119,赴济南社区志愿实践团,企业实习实践,社区志愿服务,校团委,2024-07-06,2024-07-24,待审核,,
202300119,赴日照红色基因实践团,自主实践团队,红色基因传承,汽车工程学院,2025-07-02,2025-07-24,通过,李文静,佐证材料完整，予以通过
202300120,赴德州科技支农实践团,院级重点团队,科技支农帮扶,汽车工程学院,2024-07-10,2024-07-27,通过,李文静,材料齐全，同意认定
202300120,赴德州海洋生态实践团,校级重点团队,海洋生态保护宣传,汽车工程学院,2025-07-03,2025-07-23,公示中,李文静,材料齐全，同意认定
202300121,赴聊城红色基因实践团,企业实习实践,红色基因传承,威海团市委,2024-07-06,2024-07-18,待审核,,
202300121,赴东营黄河流域实践团,自主实践团队,黄河流域生态考察,汽车工程学院,2025-07-06,2025-07-25,通过,李文静,材料齐全，同意认定
202300122,赴威海汽车产业实践团,返家乡实践,汽车产业链调研,汽车工程学院,2024-07-08,2024-07-24,通过,李文静,佐证材料完整，予以通过
202300122,赴烟台汽车产业实践团,校级重点团队,汽车产业链调研,校团委,2025-07-06,2025-07-19,通过,李文静,符合认定条件，通过
202300123,赴烟台科技支农实践团,校级重点团队,科技支农帮扶,威海团市委,2024-07-06,2024-07-18,通过,李文静,材料齐全，同意认定
202300123,赴临沂黄河流域实践团,返家乡实践,黄河流域生态考察,校团委,2025-07-01,2025-07-19,通过,李文静,符合认定条件，通过
202300124,赴泰安科技支农实践团,院级重点团队,科技支农帮扶,汽车工程学院,2024-07-06,2024-07-15,通过,李文静,佐证材料完整，予以通过
202300124,赴潍坊红色基因实践团,自主实践团队,红色基因传承,汽车工程学院,2025-07-03,2025-07-15,通过,李文静,佐证材料完整，予以通过
202300125,赴青岛关爱留守实践团,院级重点团队,关爱留守儿童,校团委,2024-07-01,2024-07-15,通过,李文静,符合认定条件，通过
202300125,赴东营红色基因实践团,校级重点团队,红色基因传承,汽车工程学院,2025-07-02,2025-07-16,通过,李文静,佐证材料完整，予以通过
202300126,赴东营乡村振兴实践团,自主实践团队,乡村振兴调研,汽车工程学院,2024-07-05,2024-07-21,通过,李文静,材料齐全，同意认定
202300126,赴枣庄社区志愿实践团,校级重点团队,社区志愿服务,汽车工程学院,2025-07-03,2025-07-28,通过,李文静,符合认定条件，通过
202300127,赴烟台乡村振兴实践团,院级重点团队,乡村振兴调研,校团委,2024-07-08,2024-07-18,待审核,,
202300127,赴泰安红色基地实践团,校级重点团队,红色基地研学,威海团市委,2025-07-10,2025-07-15,通过,李文静,佐证材料完整，予以通过
202300128,赴日照汽车产业实践团,返家乡实践,汽车产业链调研,校团委,2024-07-10,2024-07-28,通过,李文静,材料齐全，同意认定
202300128,赴济宁科技支农实践团,自主实践团队,科技支农帮扶,校团委,2025-07-04,2025-07-16,待审核,,
202300129,赴日照社区志愿实践团,自主实践团队,社区志愿服务,校团委,2024-07-08,2024-07-25,通过,李文静,符合认定条件，通过
202300129,赴潍坊乡村振兴实践团,院级重点团队,乡村振兴调研,威海团市委,2025-07-03,2025-07-18,通过,李文静,佐证材料完整，予以通过
202300130,赴德州黄河流域实践团,校级重点团队,黄河流域生态考察,校团委,2024-07-07,2024-07-18,通过,李文静,佐证材料完整，予以通过
202300130,赴临沂红色基因实践团,院级重点团队,红色基因传承,威海团市委,2025-07-01,2025-07-28,通过,李文静,材料齐全，同意认定
202300131,赴泰安汽车产业实践团,企业实习实践,汽车产业链调研,校团委,2024-07-08,2024-07-21,通过,李文静,符合认定条件，通过
202300131,赴泰安关爱留守实践团,校级重点团队,关爱留守儿童,校团委,2025-07-08,2025-07-16,通过,李文静,符合认定条件，通过
202300132,赴泰安乡村振兴实践团,院级重点团队,乡村振兴调研,汽车工程学院,2024-07-01,2024-07-27,通过,李文静,符合认定条件，通过
202300132,赴淄博汽车产业实践团,自主实践团队,汽车产业链调研,汽车工程学院,2025-07-10,2025-07-18,通过,李文静,佐证材料完整，予以通过
202300133,赴临沂红色基因实践团,自主实践团队,红色基因传承,校团委,2024-07-01,2024-07-27,通过,李文静,材料齐全，同意认定
202300133,赴济宁科技支农实践团,自主实践团队,科技支农帮扶,威海团市委,2025-07-09,2025-07-16,待审核,,
202300134,赴日照红色基地实践团,自主实践团队,红色基地研学,汽车工程学院,2024-07-04,2024-07-20,待审核,,
202300134,赴东营黄河流域实践团,返家乡实践,黄河流域生态考察,校团委,2025-07-04,2025-07-26,通过,李文静,佐证材料完整，予以通过
202300135,赴德州社区志愿实践团,自主实践团队,社区志愿服务,威海团市委,2024-07-06,2024-07-18,通过,李文静,材料齐全，同意认定
202300135,赴泰安科技支农实践团,自主实践团队,科技支农帮扶,校团委,2025-07-03,2025-07-27,通过,李文静,佐证材料完整，予以通过
202300136,赴淄博黄河流域实践团,自主实践团队,黄河流域生态考察,汽车工程学院,2024-07-10,2024-07-27,公示中,李文静,符合认定条件，通过
202300136,赴聊城关爱留守实践团,自主实践团队,关爱留守儿童,威海团市委,2025-07-07,2025-07-19,通过,李文静,佐证材料完整，予以通过
202300137,赴济宁关爱留守实践团,自主实践团队,关爱留守儿童,校团委,2024-07-02,2024-07-27,通过,王海燕,佐证材料完整，予以通过
202300137,赴淄博黄河流域实践团,院级重点团队,黄河流域生态考察,威海团市委,2025-07-05,2025-07-15,待审核,,
202300138,赴济南科技支农实践团,返家乡实践,科技支农帮扶,威海团市委,2024-07-09,2024-07-28,通过,王海燕,符合认定条件，通过
202300138,赴德州汽车产业实践团,返家乡实践,汽车产业链调研,汽车工程学院,2025-07-01,2025-07-20,待审核,,
202300139,赴枣庄汽车产业实践团,企业实习实践,汽车产业链调研,校团委,2024-07-09,2024-07-26,通过,王海燕,材料齐全，同意认定
202300139,赴烟台汽车产业实践团,院级重点团队,汽车产业链调研,校团委,2025-07-01,2025-07-15,通过,王海燕,佐证材料完整，予以通过
202300140,赴青岛红色基因实践团,企业实习实践,红色基因传承,威海团市委,2024-07-07,2024-07-25,待审核,,
202300140,赴枣庄红色基地实践团,校级重点团队,红色基地研学,威海团市委,2025-07-04,2025-07-15,通过,王海燕,符合认定条件，通过
202300141,赴德州黄河流域实践团,院级重点团队,黄河流域生态考察,校团委,2024-07-01,2024-07-26,通过,王海燕,佐证材料完整，予以通过
202300141,赴济宁乡村振兴实践团,校级重点团队,乡村振兴调研,校团委,2025-07-10,2025-07-28,通过,王海燕,佐证材料完整，予以通过
202300142,赴临沂社区志愿实践团,返家乡实践,社区志愿服务,汽车工程学院,2024-07-07,2024-07-16,通过,王海燕,材料齐全，同意认定
202300142,赴潍坊黄河流域实践团,企业实习实践,黄河流域生态考察,汽车工程学院,2025-07-05,2025-07-22,通过,王海燕,材料齐全，同意认定
202300143,赴日照海洋生态实践团,自主实践团队,海洋生态保护宣传,威海团市委,2024-07-09,2024-07-19,通过,王海燕,符合认定条件，通过
202300143,赴德州社区志愿实践团,返家乡实践,社区志愿服务,威海团市委,2025-07-06,2025-07-28,通过,王海燕,符合认定条件，通过
202300144,赴聊城海洋生态实践团,自主实践团队,海洋生态保护宣传,汽车工程学院,2024-07-10,2024-07-24,通过,王海燕,符合认定条件，通过
202300144,赴威海汽车产业实践团,自主实践团队,汽车产业链调研,校团委,2025-07-02,2025-07-16,通过,王海燕,佐证材料完整，予以通过
202300145,赴威海社区志愿实践团,自主实践团队,社区志愿服务,威海团市委,2024-07-01,2024-07-24,通过,王海燕,符合认定条件，通过
202300145,赴威海关爱留守实践团,返家乡实践,关爱留守儿童,汽车工程学院,2025-07-01,2025-07-19,通过,王海燕,材料齐全，同意认定
202300146,赴临沂红色基因实践团,校级重点团队,红色基因传承,校团委,2024-07-05,2024-07-17,待审核,,
202300146,赴烟台社区志愿实践团,返家乡实践,社区志愿服务,威海团市委,2025-07-03,2025-07-15,待审核,,
202300147,赴淄博关爱留守实践团,校级重点团队,关爱留守儿童,校团委,2024-07-06,2024-07-22,通过,王海燕,材料齐全，同意认定
202300147,赴淄博黄河流域实践团,企业实习实践,黄河流域生态考察,威海团市委,2025-07-06,2025-07-19,通过,王海燕,符合认定条件，通过
202300148,赴泰安社区志愿实践团,企业实习实践,社区志愿服务,汽车工程学院,2024-07-01,2024-07-19,通过,王海燕,符合认定条件，通过
202300148,赴青岛红色基地实践团,院级重点团队,红色基地研学,校团委,2025-07-09,2025-07-24,通过,王海燕,佐证材料完整，予以通过
202300149,赴烟台关爱留守实践团,企业实习实践,关爱留守儿童,汽车工程学院,2024-07-01,2024-07-16,通过,王海燕,佐证材料完整，予以通过
202300149,赴淄博社区志愿实践团,返家乡实践,社区志愿服务,威海团市委,2025-07-01,2025-07-28,通过,王海燕,佐证材料完整，予以通过
202300150,赴淄博黄河流域实践团,企业实习实践,黄河流域生态考察,校团委,2024-07-05,2024-07-26,通过,王海燕,佐证材料完整，予以通过
202300150,赴临沂社区志愿实践团,校级重点团队,社区志愿服务,汽车工程学院,2025-07-10,2025-07-24,公示中,王海燕,材料齐全，同意认定
202300151,赴威海社区志愿实践团,自主实践团队,社区志愿服务,校团委,2024-07-03,2024-07-28,通过,王海燕,符合认定条件，通过
202300151,赴烟台乡村振兴实践团,自主实践团队,乡村振兴调研,威海团市委,2025-07-04,2025-07-24,通过,王海燕,佐证材料完整，予以通过
202300152,赴淄博黄河流域实践团,自主实践团队,黄河流域生态考察,威海团市委,2024-07-08,2024-07-26,通过,王海燕,材料齐全，同意认定
202300152,赴淄博科技支农实践团,返家乡实践,科技支农帮扶,威海团市委,2025-07-02,2025-07-25,通过,王海燕,佐证材料完整，予以通过
202300153,赴东营红色基因实践团,自主实践团队,红色基因传承,校团委,2024-07-07,2024-07-26,通过,王海燕,材料齐全，同意认定
202300153,赴济宁黄河流域实践团,院级重点团队,黄河流域生态考察,汽车工程学院,2025-07-05,2025-07-16,公示中,王海燕,材料齐全，同意认定
202300154,赴东营乡村振兴实践团,院级重点团队,乡村振兴调研,威海团市委,2024-07-09,2024-07-15,通过,王海燕,符合认定条件，通过
202300154,赴德州关爱留守实践团,自主实践团队,关爱留守儿童,威海团市委,2025-07-06,2025-07-17,通过,王海燕,材料齐全，同意认定
202300155,赴青岛黄河流域实践团,返家乡实践,黄河流域生态考察,汽车工程学院,2024-07-07,2024-07-15,通过,王海燕,佐证材料完整，予以通过
202300155,赴德州社区志愿实践团,返家乡实践,社区志愿服务,威海团市委,2025-07-06,2025-07-17,通过,王海燕,材料齐全，同意认定
202300156,赴东营汽车产业实践团,院级重点团队,汽车产业链调研,校团委,2024-07-01,2024-07-26,通过,王海燕,材料齐全，同意认定
202300156,赴威海社区志愿实践团,自主实践团队,社区志愿服务,校团委,2025-07-04,2025-07-26,通过,王海燕,佐证材料完整，予以通过
202300157,赴泰安企业走访实践团,院级重点团队,企业走访见习,威海团市委,2024-07-09,2024-07-26,待审核,,
202300157,赴潍坊黄河流域实践团,院级重点团队,黄河流域生态考察,威海团市委,2025-07-08,2025-07-27,通过,王海燕,符合认定条件，通过
202300158,赴潍坊社区志愿实践团,自主实践团队,社区志愿服务,威海团市委,2024-07-04,2024-07-21,通过,王海燕,材料齐全，同意认定
202300158,赴青岛乡村振兴实践团,自主实践团队,乡村振兴调研,校团委,2025-07-03,2025-07-26,通过,王海燕,符合认定条件，通过
202300159,赴日照红色基地实践团,返家乡实践,红色基地研学,校团委,2024-07-06,2024-07-25,待审核,,
202300159,赴聊城红色基因实践团,返家乡实践,红色基因传承,校团委,2025-07-07,2025-07-22,通过,王海燕,材料齐全，同意认定
202300160,赴枣庄乡村振兴实践团,企业实习实践,乡村振兴调研,威海团市委,2024-07-08,2024-07-27,通过,王海燕,材料齐全，同意认定
202300160,赴青岛企业走访实践团,校级重点团队,企业走访见习,威海团市委,2025-07-03,2025-07-27,通过,王海燕,符合认定条件，通过
202300161,赴枣庄红色基地实践团,校级重点团队,红色基地研学,威海团市委,2024-07-01,2024-07-21,通过,王海燕,符合认定条件，通过
202300161,赴泰安乡村振兴实践团,自主实践团队,乡村振兴调研,威海团市委,2025-07-10,2025-07-24,待审核,,
202300162,赴东营红色基因实践团,自主实践团队,红色基因传承,威海团市委,2024-07-02,2024-07-21,待审核,,
202300162,赴烟台海洋生态实践团,返家乡实践,海洋生态保护宣传,威海团市委,2025-07-07,2025-07-16,通过,王海燕,材料齐全，同意认定
202300163,赴青岛黄河流域实践团,企业实习实践,黄河流域生态考察,校团委,2024-07-02,2024-07-28,待审核,,
202300163,赴泰安汽车产业实践团,返家乡实践,汽车产业链调研,威海团市委,2025-07-08,2025-07-19,通过,王海燕,材料齐全，同意认定
202300164,赴济南黄河流域实践团,自主实践团队,黄河流域生态考察,威海团市委,2024-07-08,2024-07-25,通过,王海燕,佐证材料完整，予以通过
202300164,赴青岛红色基地实践团,企业实习实践,红色基地研学,威海团市委,2025-07-08,2025-07-26,通过,王海燕,符合认定条件，通过
202300165,赴泰安黄河流域实践团,企业实习实践,黄河流域生态考察,汽车工程学院,2024-07-05,2024-07-23,通过,王海燕,佐证材料完整，予以通过
202300165,赴日照企业走访实践团,企业实习实践,企业走访见习,校团委,2025-07-02,2025-07-22,通过,王海燕,符合认定条件，通过
202300166,赴泰安科技支农实践团,院级重点团队,科技支农帮扶,校团委,2024-07-03,2024-07-28,通过,王海燕,符合认定条件，通过
202300166,赴威海关爱留守实践团,企业实习实践,关爱留守儿童,汽车工程学院,2025-07-05,2025-07-26,通过,王海燕,佐证材料完整，予以通过
202300167,赴东营汽车产业实践团,校级重点团队,汽车产业链调研,威海团市委,2024-07-08,2024-07-23,通过,王海燕,材料齐全，同意认定
202300167,赴烟台乡村振兴实践团,返家乡实践,乡村振兴调研,威海团市委,2025-07-01,2025-07-21,通过,王海燕,材料齐全，同意认定
202300168,赴潍坊关爱留守实践团,自主实践团队,关爱留守儿童,校团委,2024-07-06,2024-07-27,通过,王海燕,材料齐全，同意认定
202300168,赴济南海洋生态实践团,院级重点团队,海洋生态保护宣传,校团委,2025-07-06,2025-07-26,通过,王海燕,佐证材料完整，予以通过
202300169,赴济宁海洋生态实践团,院级重点团队,海洋生态保护宣传,威海团市委,2024-07-10,2024-07-22,待审核,,
202300169,赴青岛红色基地实践团,自主实践团队,红色基地研学,威海团市委,2025-07-01,2025-07-17,通过,王海燕,材料齐全，同意认定
202300170,赴聊城红色基地实践团,校级重点团队,红色基地研学,威海团市委,2024-07-02,2024-07-20,通过,王海燕,佐证材料完整，予以通过
202300170,赴泰安关爱留守实践团,院级重点团队,关爱留守儿童,威海团市委,2025-07-06,2025-07-15,通过,王海燕,符合认定条件，通过
202300171,赴济南社区志愿实践团,企业实习实践,社区志愿服务,威海团市委,2024-07-07,2024-07-19,通过,王海燕,材料齐全，同意认定
202300171,赴东营乡村振兴实践团,自主实践团队,乡村振兴调研,威海团市委,2025-07-02,2025-07-17,通过,王海燕,符合认定条件，通过
202300172,赴枣庄黄河流域实践团,校级重点团队,黄河流域生态考察,校团委,2024-07-05,2024-07-16,通过,王海燕,佐证材料完整，予以通过
202300172,赴济宁乡村振兴实践团,返家乡实践,乡村振兴调研,校团委,2025-07-02,2025-07-23,通过,王海燕,符合认定条件，通过
202300173,赴泰安乡村振兴实践团,院级重点团队,乡村振兴调研,威海团市委,2024-07-05,2024-07-22,通过,王海燕,材料齐全，同意认定
202300173,赴济南红色基因实践团,企业实习实践,红色基因传承,威海团市委,2025-07-06,2025-07-23,通过,王海燕,材料齐全，同意认定
202300174,赴潍坊科技支农实践团,校级重点团队,科技支农帮扶,威海团市委,2024-07-01,2024-07-26,通过,王海燕,佐证材料完整，予以通过
202300174,赴淄博红色基因实践团,校级重点团队,红色基因传承,威海团市委,2025-07-08,2025-07-16,待审核,,
202300175,赴日照企业走访实践团,校级重点团队,企业走访见习,汽车工程学院,2024-07-09,2024-07-15,通过,王海燕,符合认定条件，通过
202300175,赴泰安社区志愿实践团,院级重点团队,社区志愿服务,汽车工程学院,2025-07-10,2025-07-28,通过,王海燕,佐证材料完整，予以通过
202300176,赴烟台关爱留守实践团,院级重点团队,关爱留守儿童,校团委,2024-07-08,2024-07-24,通过,王海燕,佐证材料完整，予以通过
202300176,赴济南海洋生态实践团,校级重点团队,海洋生态保护宣传,校团委,2025-07-08,2025-07-28,通过,王海燕,佐证材料完整，予以通过
202300177,赴潍坊海洋生态实践团,校级重点团队,海洋生态保护宣传,威海团市委,2024-07-01,2024-07-18,通过,王海燕,佐证材料完整，予以通过
202300177,赴青岛汽车产业实践团,校级重点团队,汽车产业链调研,校团委,2025-07-02,2025-07-23,通过,王海燕,符合认定条件，通过
202300178,赴日照红色基因实践团,返家乡实践,红色基因传承,威海团市委,2024-07-02,2024-07-16,通过,王海燕,符合认定条件，通过
202300178,赴德州科技支农实践团,校级重点团队,科技支农帮扶,威海团市委,2025-07-10,2025-07-26,通过,王海燕,材料齐全，同意认定
202300179,赴日照关爱留守实践团,企业实习实践,关爱留守儿童,威海团市委,2024-07-04,2024-07-28,通过,王海燕,佐证材料完整，予以通过
202300179,赴潍坊企业走访实践团,自主实践团队,企业走访见习,校团委,2025-07-04,2025-07-26,通过,王海燕,符合认定条件，通过
202300180,赴泰安红色基地实践团,校级重点团队,红色基地研学,校团委,2024-07-09,2024-07-18,通过,王海燕,佐证材料完整，予以通过
202300180,赴日照红色基因实践团,院级重点团队,红色基因传承,威海团市委,2025-07-06,2025-07-20,待审核,,
202300181,赴日照社区志愿实践团,院级重点团队,社区志愿服务,威海团市委,2024-07-08,2024-07-22,通过,王海燕,材料齐全，同意认定
202300181,赴济宁社区志愿实践团,院级重点团队,社区志愿服务,校团委,2025-07-02,2025-07-18,通过,王海燕,佐证材料完整，予以通过
202300182,赴临沂海洋生态实践团,自主实践团队,海洋生态保护宣传,威海团市委,2024-07-02,2024-07-18,通过,王海燕,材料齐全，同意认定
202300182,赴威海科技支农实践团,院级重点团队,科技支农帮扶,威海团市委,2025-07-09,2025-07-17,通过,王海燕,符合认定条件，通过
202300183,赴烟台关爱留守实践团,自主实践团队,关爱留守儿童,威海团市委,2024-07-09,2024-07-27,通过,王海燕,佐证材料完整，予以通过
202300183,赴淄博企业走访实践团,返家乡实践,企业走访见习,校团委,2025-07-02,2025-07-16,通过,王海燕,材料齐全，同意认定
202300184,赴济宁红色基因实践团,自主实践团队,红色基因传承,校团委,2024-07-07,2024-07-21,待审核,,
202300184,赴潍坊汽车产业实践团,自主实践团队,汽车产业链调研,威海团市委,2025-07-08,2025-07-18,通过,王海燕,佐证材料完整，予以通过
202300185,赴聊城乡村振兴实践团,院级重点团队,乡村振兴调研,汽车工程学院,2024-07-04,2024-07-22,通过,王海燕,符合认定条件，通过
202300185,赴威海企业走访实践团,校级重点团队,企业走访见习,汽车工程学院,2025-07-03,2025-07-19,通过,王海燕,佐证材料完整，予以通过
202300186,赴泰安海洋生态实践团,校级重点团队,海洋生态保护宣传,威海团市委,2024-07-08,2024-07-25,通过,王海燕,材料齐全，同意认定
202300186,赴青岛关爱留守实践团,自主实践团队,关爱留守儿童,校团委,2025-07-08,2025-07-25,通过,王海燕,材料齐全，同意认定
202300187,赴潍坊红色基因实践团,返家乡实践,红色基因传承,校团委,2024-07-10,2024-07-21,通过,王海燕,符合认定条件，通过
202300187,赴聊城关爱留守实践团,校级重点团队,关爱留守儿童,威海团市委,2025-07-04,2025-07-20,待审核,,
202300188,赴淄博黄河流域实践团,企业实习实践,黄河流域生态考察,校团委,2024-07-09,2024-07-19,通过,王海燕,材料齐全，同意认定
202300188,赴青岛社区志愿实践团,返家乡实践,社区志愿服务,校团委,2025-07-08,2025-07-28,通过,王海燕,材料齐全，同意认定
202300189,赴济南关爱留守实践团,企业实习实践,关爱留守儿童,威海团市委,2024-07-03,2024-07-19,通过,王海燕,佐证材料完整，予以通过
202300189,赴济宁黄河流域实践团,自主实践团队,黄河流域生态考察,汽车工程学院,2025-07-04,2025-07-23,通过,王海燕,符合认定条件，通过
202300190,赴德州企业走访实践团,企业实习实践,企业走访见习,校团委,2024-07-07,2024-07-17,通过,王海燕,佐证材料完整，予以通过
202300190,赴枣庄黄河流域实践团,校级重点团队,黄河流域生态考察,校团委,2025-07-09,2025-07-28,通过,王海燕,符合认定条件，通过
202300191,赴青岛汽车产业实践团,校级重点团队,汽车产业链调研,校团委,2024-07-07,2024-07-27,通过,王海燕,材料齐全，同意认定
202300191,赴枣庄科技支农实践团,院级重点团队,科技支农帮扶,威海团市委,2025-07-06,2025-07-15,通过,王海燕,符合认定条件，通过
202300192,赴济宁汽车产业实践团,院级重点团队,汽车产业链调研,威海团市委,2024-07-03,2024-07-27,通过,王海燕,佐证材料完整，予以通过
202300192,赴青岛黄河流域实践团,校级重点团队,黄河流域生态考察,校团委,2025-07-08,2025-07-21,通过,王海燕,佐证材料完整，予以通过
202300193,赴东营社区志愿实践团,自主实践团队,社区志愿服务,校团委,2024-07-01,2024-07-21,通过,王海燕,符合认定条件，通过
202300193,赴淄博乡村振兴实践团,校级重点团队,乡村振兴调研,汽车工程学院,2025-07-03,2025-07-17,通过,王海燕,符合认定条件，通过
202300194,赴淄博汽车产业实践团,校级重点团队,汽车产业链调研,威海团市委,2024-07-02,2024-07-16,通过,王海燕,材料齐全，同意认定
202300194,赴潍坊海洋生态实践团,校级重点团队,海洋生态保护宣传,汽车工程学院,2025-07-04,2025-07-22,通过,王海燕,佐证材料完整，予以通过
202300195,赴泰安黄河流域实践团,自主实践团队,黄河流域生态考察,校团委,2024-07-03,2024-07-28,通过,王海燕,佐证材料完整，予以通过
202300195,赴潍坊企业走访实践团,企业实习实践,企业走访见习,校团委,2025-07-02,2025-07-24,通过,王海燕,佐证材料完整，予以通过
202300196,赴济南关爱留守实践团,自主实践团队,关爱留守儿童,汽车工程学院,2024-07-07,2024-07-16,通过,王海燕,符合认定条件，通过
202300196,赴威海社区志愿实践团,返家乡实践,社区志愿服务,校团委,2025-07-08,2025-07-28,公示中,王海燕,佐证材料完整，予以通过
202300197,赴威海乡村振兴实践团,返家乡实践,乡村振兴调研,汽车工程学院,2024-07-05,2024-07-28,通过,王海燕,符合认定条件，通过
202300197,赴淄博海洋生态实践团,院级重点团队,海洋生态保护宣传,威海团市委,2025-07-06,2025-07-26,通过,王海燕,符合认定条件，通过
202300198,赴济宁红色基地实践团,返家乡实践,红色基地研学,威海团市委,2024-07-03,2024-07-23,通过,王海燕,佐证材料完整，予以通过
202300198,赴聊城科技支农实践团,院级重点团队,科技支农帮扶,汽车工程学院,2025-07-05,2025-07-24,通过,王海燕,佐证材料完整，予以通过
202300199,赴威海红色基地实践团,自主实践团队,红色基地研学,校团委,2024-07-05,2024-07-28,通过,王海燕,佐证材料完整，予以通过
202300199,赴临沂企业走访实践团,校级重点团队,企业走访见习,汽车工程学院,2025-07-04,2025-07-17,通过,王海燕,材料齐全，同意认定
202300200,赴济宁黄河流域实践团,校级重点团队,黄河流域生态考察,校团委,2024-07-05,2024-07-22,通过,王海燕,佐证材料完整，予以通过
202300200,赴济南关爱留守实践团,企业实习实践,关爱留守儿童,汽车工程学院,2025-07-03,2025-07-20,通过,王海燕,佐证材料完整，予以通过
202300201,赴威海红色基地实践团,校级重点团队,红色基地研学,校团委,2024-07-05,2024-07-20,通过,王海燕,佐证材料完整，予以通过
202300201,赴泰安黄河流域实践团,企业实习实践,黄河流域生态考察,威海团市委,2025-07-02,2025-07-16,通过,王海燕,材料齐全，同意认定
202300202,赴济宁关爱留守实践团,自主实践团队,关爱留守儿童,校团委,2024-07-07,2024-07-23,通过,王海燕,佐证材料完整，予以通过
202300202,赴淄博海洋生态实践团,返家乡实践,海洋生态保护宣传,威海团市委,2025-07-09,2025-07-28,通过,王海燕,材料齐全，同意认定
202300203,赴聊城科技支农实践团,院级重点团队,科技支农帮扶,威海团市委,2024-07-08,2024-07-26,通过,王海燕,符合认定条件，通过
202300203,赴东营红色基地实践团,返家乡实践,红色基地研学,汽车工程学院,2025-07-07,2025-07-25,通过,王海燕,符合认定条件，通过
202300204,赴临沂黄河流域实践团,企业实习实践,黄河流域生态考察,威海团市委,2024-07-01,2024-07-25,通过,王海燕,符合认定条件，通过
202300204,赴日照社区志愿实践团,院级重点团队,社区志愿服务,威海团市委,2025-07-09,2025-07-28,通过,王海燕,佐证材料完整，予以通过
202300205,赴东营海洋生态实践团,院级重点团队,海洋生态保护宣传,校团委,2024-07-08,2024-07-20,通过,刘志强,符合认定条件，通过
202300205,赴潍坊关爱留守实践团,校级重点团队,关爱留守儿童,汽车工程学院,2025-07-09,2025-07-23,通过,刘志强,佐证材料完整，予以通过
202300206,赴烟台科技支农实践团,校级重点团队,科技支农帮扶,校团委,2024-07-10,2024-07-28,通过,刘志强,符合认定条件，通过
202300206,赴枣庄乡村振兴实践团,返家乡实践,乡村振兴调研,校团委,2025-07-06,2025-07-25,通过,刘志强,佐证材料完整，予以通过
202300207,赴泰安海洋生态实践团,校级重点团队,海洋生态保护宣传,校团委,2024-07-06,2024-07-17,通过,刘志强,佐证材料完整，予以通过
202300207,赴潍坊海洋生态实践团,院级重点团队,海洋生态保护宣传,威海团市委,2025-07-03,2025-07-22,待审核,,
202300208,赴济南汽车产业实践团,院级重点团队,汽车产业链调研,校团委,2024-07-10,2024-07-21,通过,刘志强,佐证材料完整，予以通过
202300208,赴临沂黄河流域实践团,返家乡实践,黄河流域生态考察,汽车工程学院,2025-07-07,2025-07-18,公示中,刘志强,符合认定条件，通过
202300209,赴济宁红色基地实践团,企业实习实践,红色基地研学,汽车工程学院,2024-07-10,2024-07-15,通过,刘志强,符合认定条件，通过
202300209,赴泰安乡村振兴实践团,企业实习实践,乡村振兴调研,校团委,2025-07-02,2025-07-27,通过,刘志强,佐证材料完整，予以通过
202300210,赴威海汽车产业实践团,企业实习实践,汽车产业链调研,威海团市委,2024-07-07,2024-07-28,通过,刘志强,材料齐全，同意认定
202300210,赴潍坊关爱留守实践团,自主实践团队,关爱留守儿童,汽车工程学院,2025-07-07,2025-07-23,通过,刘志强,佐证材料完整，予以通过
202300211,赴烟台关爱留守实践团,校级重点团队,关爱留守儿童,校团委,2024-07-04,2024-07-26,通过,刘志强,佐证材料完整，予以通过
202300211,赴潍坊企业走访实践团,企业实习实践,企业走访见习,校团委,2025-07-06,2025-07-21,通过,刘志强,符合认定条件，通过
202300212,赴济南汽车产业实践团,自主实践团队,汽车产业链调研,校团委,2024-07-05,2024-07-26,通过,刘志强,佐证材料完整，予以通过
202300212,赴聊城海洋生态实践团,自主实践团队,海洋生态保护宣传,校团委,2025-07-04,2025-07-21,通过,刘志强,符合认定条件，通过
202300213,赴泰安乡村振兴实践团,自主实践团队,乡村振兴调研,汽车工程学院,2024-07-09,2024-07-17,通过,刘志强,材料齐全，同意认定
202300213,赴日照乡村振兴实践团,自主实践团队,乡村振兴调研,汽车工程学院,2025-07-03,2025-07-19,通过,刘志强,材料齐全，同意认定
202300214,赴聊城乡村振兴实践团,企业实习实践,乡村振兴调研,校团委,2024-07-04,2024-07-20,通过,刘志强,佐证材料完整，予以通过
202300214,赴济宁乡村振兴实践团,校级重点团队,乡村振兴调研,校团委,2025-07-01,2025-07-21,待审核,,
202300215,赴聊城社区志愿实践团,校级重点团队,社区志愿服务,汽车工程学院,2024-07-10,2024-07-15,通过,刘志强,材料齐全，同意认定
202300215,赴潍坊企业走访实践团,企业实习实践,企业走访见习,校团委,2025-07-04,2025-07-17,待审核,,
202300216,赴枣庄海洋生态实践团,企业实习实践,海洋生态保护宣传,校团委,2024-07-01,2024-07-20,待审核,,
202300216,赴潍坊黄河流域实践团,校级重点团队,黄河流域生态考察,汽车工程学院,2025-07-10,2025-07-23,通过,刘志强,符合认定条件，通过
202300217,赴烟台企业走访实践团,返家乡实践,企业走访见习,校团委,2024-07-09,2024-07-25,通过,刘志强,佐证材料完整，予以通过
202300217,赴济南红色基因实践团,返家乡实践,红色基因传承,汽车工程学院,2025-07-01,2025-07-18,通过,刘志强,材料齐全，同意认定
202300218,赴淄博红色基因实践团,校级重点团队,红色基因传承,校团委,2024-07-09,2024-07-22,公示中,刘志强,佐证材料完整，予以通过
202300218,赴济宁乡村振兴实践团,自主实践团队,乡村振兴调研,汽车工程学院,2025-07-05,2025-07-15,待审核,,
202300219,赴威海乡村振兴实践团,企业实习实践,乡村振兴调研,威海团市委,2024-07-02,2024-07-19,通过,刘志强,材料齐全，同意认定
202300219,赴威海乡村振兴实践团,院级重点团队,乡村振兴调研,汽车工程学院,2025-07-08,2025-07-23,通过,刘志强,佐证材料完整，予以通过
202300220,赴东营红色基因实践团,校级重点团队,红色基因传承,威海团市委,2024-07-10,2024-07-15,通过,刘志强,符合认定条件，通过
202300220,赴临沂黄河流域实践团,返家乡实践,黄河流域生态考察,威海团市委,2025-07-10,2025-07-24,通过,刘志强,符合认定条件，通过
202300221,赴济南红色基因实践团,校级重点团队,红色基因传承,威海团市委,2024-07-05,2024-07-20,通过,刘志强,符合认定条件，通过
202300221,赴东营红色基因实践团,院级重点团队,红色基因传承,汽车工程学院,2025-07-06,2025-07-15,通过,刘志强,符合认定条件，通过
202300222,赴泰安红色基地实践团,企业实习实践,红色基地研学,威海团市委,2024-07-09,2024-07-26,通过,刘志强,符合认定条件，通过
202300222,赴济宁汽车产业实践团,自主实践团队,汽车产业链调研,威海团市委,2025-07-07,2025-07-25,通过,刘志强,佐证材料完整，予以通过
202300223,赴枣庄社区志愿实践团,企业实习实践,社区志愿服务,校团委,2024-07-02,2024-07-17,通过,刘志强,符合认定条件，通过
202300223,赴临沂红色基因实践团,校级重点团队,红色基因传承,威海团市委,2025-07-04,2025-07-22,通过,刘志强,材料齐全，同意认定
202300224,赴潍坊关爱留守实践团,企业实习实践,关爱留守儿童,校团委,2024-07-10,2024-07-15,通过,刘志强,材料齐全，同意认定
202300224,赴烟台乡村振兴实践团,自主实践团队,乡村振兴调研,汽车工程学院,2025-07-05,2025-07-19,通过,刘志强,佐证材料完整，予以通过
202300225,赴枣庄企业走访实践团,返家乡实践,企业走访见习,威海团市委,2024-07-03,2024-07-19,通过,刘志强,材料齐全，同意认定
202300225,赴德州海洋生态实践团,企业实习实践,海洋生态保护宣传,威海团市委,2025-07-07,2025-07-22,通过,刘志强,材料齐全，同意认定
202300226,赴济南黄河流域实践团,院级重点团队,黄河流域生态考察,校团委,2024-07-04,2024-07-16,通过,刘志强,佐证材料完整，予以通过
202300226,赴枣庄海洋生态实践团,院级重点团队,海洋生态保护宣传,校团委,2025-07-02,2025-07-28,通过,刘志强,佐证材料完整，予以通过
202300227,赴青岛社区志愿实践团,校级重点团队,社区志愿服务,威海团市委,2024-07-04,2024-07-17,通过,刘志强,材料齐全，同意认定
202300227,赴济宁红色基地实践团,院级重点团队,红色基地研学,汽车工程学院,2025-07-06,2025-07-19,待审核,,
202300228,赴泰安海洋生态实践团,校级重点团队,海洋生态保护宣传,汽车工程学院,2024-07-02,2024-07-27,通过,刘志强,材料齐全，同意认定
202300228,赴淄博社区志愿实践团,企业实习实践,社区志愿服务,汽车工程学院,2025-07-10,2025-07-27,待审核,,
202300229,赴威海科技支农实践团,返家乡实践,科技支农帮扶,汽车工程学院,2024-07-07,2024-07-17,通过,刘志强,佐证材料完整，予以通过
202300229,赴临沂科技支农实践团,院级重点团队,科技支农帮扶,校团委,2025-07-09,2025-07-26,通过,刘志强,佐证材料完整，予以通过
202300230,赴潍坊乡村振兴实践团,校级重点团队,乡村振兴调研,威海团市委,2024-07-07,2024-07-16,待审核,,
202300230,赴烟台黄河流域实践团,院级重点团队,黄河流域生态考察,汽车工程学院,2025-07-03,2025-07-17,公示中,刘志强,佐证材料完整，予以通过
202300231,赴青岛汽车产业实践团,企业实习实践,汽车产业链调研,校团委,2024-07-08,2024-07-20,通过,刘志强,佐证材料完整，予以通过
202300231,赴烟台红色基因实践团,自主实践团队,红色基因传承,汽车工程学院,2025-07-09,2025-07-15,通过,刘志强,佐证材料完整，予以通过
202300232,赴淄博企业走访实践团,院级重点团队,企业走访见习,校团委,2024-07-07,2024-07-22,通过,刘志强,佐证材料完整，予以通过
202300232,赴德州海洋生态实践团,校级重点团队,海洋生态保护宣传,校团委,2025-07-02,2025-07-16,通过,刘志强,符合认定条件，通过
202300233,赴德州红色基地实践团,院级重点团队,红色基地研学,校团委,2024-07-07,2024-07-26,公示中,刘志强,材料齐全，同意认定
202300233,赴枣庄乡村振兴实践团,返家乡实践,乡村振兴调研,汽车工程学院,2025-07-03,2025-07-26,通过,刘志强,材料齐全，同意认定
202300234,赴泰安海洋生态实践团,自主实践团队,海洋生态保护宣传,校团委,2024-07-07,2024-07-28,待审核,,
202300234,赴淄博海洋生态实践团,院级重点团队,海洋生态保护宣传,威海团市委,2025-07-08,2025-07-25,通过,刘志强,符合认定条件，通过
202300235,赴潍坊企业走访实践团,企业实习实践,企业走访见习,汽车工程学院,2024-07-03,2024-07-23,通过,刘志强,材料齐全，同意认定
202300235,赴威海社区志愿实践团,校级重点团队,社区志愿服务,校团委,2025-07-04,2025-07-26,通过,刘志强,符合认定条件，通过
202300236,赴威海社区志愿实践团,院级重点团队,社区志愿服务,校团委,2024-07-09,2024-07-17,通过,刘志强,符合认定条件，通过
202300236,赴济南黄河流域实践团,校级重点团队,黄河流域生态考察,校团委,2025-07-07,2025-07-26,通过,刘志强,符合认定条件，通过
202300237,赴枣庄关爱留守实践团,自主实践团队,关爱留守儿童,校团委,2024-07-09,2024-07-24,通过,刘志强,材料齐全，同意认定
202300237,赴日照乡村振兴实践团,自主实践团队,乡村振兴调研,汽车工程学院,2025-07-03,2025-07-26,通过,刘志强,材料齐全，同意认定
202300238,赴济南黄河流域实践团,返家乡实践,黄河流域生态考察,威海团市委,2024-07-06,2024-07-16,通过,刘志强,符合认定条件，通过
202300238,赴东营科技支农实践团,企业实习实践,科技支农帮扶,校团委,2025-07-08,2025-07-20,通过,刘志强,材料齐全，同意认定
202300239,赴淄博关爱留守实践团,院级重点团队,关爱留守儿童,威海团市委,2024-07-07,2024-07-20,通过,刘志强,符合认定条件，通过
202300239,赴临沂乡村振兴实践团,自主实践团队,乡村振兴调研,威海团市委,2025-07-07,2025-07-26,待审核,,
202300240,赴临沂汽车产业实践团,返家乡实践,汽车产业链调研,威海团市委,2024-07-03,2024-07-18,通过,刘志强,符合认定条件，通过
202300240,赴德州汽车产业实践团,返家乡实践,汽车产业链调研,威海团市委,2025-07-10,2025-07-26,通过,刘志强,佐证材料完整，予以通过
202300241,赴德州红色基地实践团,企业实习实践,红色基地研学,威海团市委,2024-07-10,2024-07-16,通过,刘志强,符合认定条件，通过
202300241,赴济南关爱留守实践团,企业实习实践,关爱留守儿童,校团委,2025-07-03,2025-07-28,通过,刘志强,符合认定条件，通过
202300242,赴日照红色基地实践团,自主实践团队,红色基地研学,威海团市委,2024-07-07,2024-07-25,通过,刘志强,佐证材料完整，予以通过
202300242,赴聊城红色基地实践团,自主实践团队,红色基地研学,校团委,2025-07-07,2025-07-20,通过,刘志强,佐证材料完整，予以通过
202300243,赴威海科技支农实践团,企业实习实践,科技支农帮扶,汽车工程学院,2024-07-08,2024-07-27,通过,刘志强,佐证材料完整，予以通过
202300243,赴临沂关爱留守实践团,校级重点团队,关爱留守儿童,汽车工程学院,2025-07-07,2025-07-26,通过,刘志强,佐证材料完整，予以通过
202300244,赴东营科技支农实践团,企业实习实践,科技支农帮扶,汽车工程学院,2024-07-06,2024-07-25,通过,刘志强,符合认定条件，通过
202300244,赴日照乡村振兴实践团,校级重点团队,乡村振兴调研,校团委,2025-07-10,2025-07-16,待审核,,
202300245,赴东营科技支农实践团,自主实践团队,科技支农帮扶,校团委,2024-07-07,2024-07-24,通过,刘志强,材料齐全，同意认定
202300245,赴淄博黄河流域实践团,院级重点团队,黄河流域生态考察,汽车工程学院,2025-07-02,2025-07-22,待审核,,
202300246,赴泰安汽车产业实践团,院级重点团队,汽车产业链调研,威海团市委,2024-07-03,2024-07-26,通过,刘志强,符合认定条件，通过
202300246,赴聊城红色基地实践团,企业实习实践,红色基地研学,校团委,2025-07-06,2025-07-26,通过,刘志强,佐证材料完整，予以通过
202300247,赴临沂红色基因实践团,企业实习实践,红色基因传承,威海团市委,2024-07-08,2024-07-15,通过,刘志强,佐证材料完整，予以通过
202300247,赴威海黄河流域实践团,校级重点团队,黄河流域生态考察,威海团市委,2025-07-05,2025-07-15,通过,刘志强,佐证材料完整，予以通过
202300248,赴威海社区志愿实践团,返家乡实践,社区志愿服务,威海团市委,2024-07-06,2024-07-16,通过,刘志强,佐证材料完整，予以通过
202300248,赴临沂汽车产业实践团,院级重点团队,汽车产业链调研,校团委,2025-07-02,2025-07-23,通过,刘志强,佐证材料完整，予以通过
202300249,赴济南红色基因实践团,自主实践团队,红色基因传承,汽车工程学院,2024-07-06,2024-07-19,通过,刘志强,佐证材料完整，予以通过
202300249,赴济南海洋生态实践团,返家乡实践,海洋生态保护宣传,汽车工程学院,2025-07-06,2025-07-24,通过,刘志强,符合认定条件，通过
202300250,赴日照企业走访实践团,返家乡实践,企业走访见习,威海团市委,2024-07-10,2024-07-21,通过,刘志强,符合认定条件，通过
202300250,赴泰安企业走访实践团,校级重点团队,企业走访见习,威海团市委,2025-07-02,2025-07-18,通过,刘志强,符合认定条件，通过
202300251,赴德州关爱留守实践团,校级重点团队,关爱留守儿童,威海团市委,2024-07-06,2024-07-22,通过,刘志强,符合认定条件，通过
202300251,赴威海红色基地实践团,校级重点团队,红色基地研学,威海团市委,2025-07-08,2025-07-16,待审核,,
202300252,赴泰安乡村振兴实践团,院级重点团队,乡村振兴调研,威海团市委,2024-07-10,2024-07-19,通过,刘志强,佐证材料完整，予以通过
202300252,赴威海关爱留守实践团,企业实习实践,关爱留守儿童,威海团市委,2025-07-02,2025-07-28,通过,刘志强,符合认定条件，通过
202300253,赴潍坊海洋生态实践团,自主实践团队,海洋生态保护宣传,威海团市委,2024-07-07,2024-07-24,待审核,,
202300253,赴淄博红色基因实践团,院级重点团队,红色基因传承,威海团市委,2025-07-04,2025-07-24,公示中,刘志强,材料齐全，同意认定
202300254,赴潍坊红色基地实践团,院级重点团队,红色基地研学,校团委,2024-07-09,2024-07-18,通过,刘志强,符合认定条件，通过
202300254,赴潍坊黄河流域实践团,校级重点团队,黄河流域生态考察,汽车工程学院,2025-07-04,2025-07-15,通过,刘志强,佐证材料完整，予以通过
202300255,赴日照社区志愿实践团,返家乡实践,社区志愿服务,威海团市委,2024-07-07,2024-07-21,通过,刘志强,佐证材料完整，予以通过
202300255,赴聊城乡村振兴实践团,校级重点团队,乡村振兴调研,威海团市委,2025-07-02,2025-07-25,通过,刘志强,材料齐全，同意认定
202300256,赴聊城科技支农实践团,返家乡实践,科技支农帮扶,汽车工程学院,2024-07-08,2024-07-24,通过,刘志强,符合认定条件，通过
202300256,赴东营关爱留守实践团,返家乡实践,关爱留守儿童,校团委,2025-07-03,2025-07-25,通过,刘志强,佐证材料完整，予以通过
202300257,赴济宁红色基因实践团,自主实践团队,红色基因传承,汽车工程学院,2024-07-04,2024-07-16,通过,刘志强,佐证材料完整，予以通过
202300257,赴济南关爱留守实践团,校级重点团队,关爱留守儿童,威海团市委,2025-07-04,2025-07-20,待审核,,
202300258,赴潍坊科技支农实践团,校级重点团队,科技支农帮扶,校团委,2024-07-01,2024-07-19,待审核,,
202300258,赴烟台乡村振兴实践团,返家乡实践,乡村振兴调研,威海团市委,2025-07-05,2025-07-18,通过,刘志强,佐证材料完整，予以通过
202300259,赴青岛黄河流域实践团,院级重点团队,黄河流域生态考察,校团委,2024-07-01,2024-07-17,通过,刘志强,符合认定条件，通过
202300259,赴泰安海洋生态实践团,企业实习实践,海洋生态保护宣传,威海团市委,2025-07-09,2025-07-24,待审核,,
202300260,赴威海乡村振兴实践团,返家乡实践,乡村振兴调研,校团委,2024-07-04,2024-07-20,通过,刘志强,符合认定条件，通过
202300260,赴泰安乡村振兴实践团,院级重点团队,乡村振兴调研,威海团市委,2025-07-10,2025-07-20,待审核,,
202300261,赴枣庄红色基因实践团,自主实践团队,红色基因传承,汽车工程学院,2024-07-04,2024-07-23,通过,刘志强,佐证材料完整，予以通过
202300261,赴威海海洋生态实践团,返家乡实践,海洋生态保护宣传,威海团市委,2025-07-09,2025-07-22,通过,刘志强,材料齐全，同意认定
202300262,赴德州关爱留守实践团,返家乡实践,关爱留守儿童,汽车工程学院,2024-07-09,2024-07-15,通过,刘志强,佐证材料完整，予以通过
202300262,赴枣庄企业走访实践团,返家乡实践,企业走访见习,校团委,2025-07-09,2025-07-22,通过,刘志强,符合认定条件，通过
202300263,赴聊城企业走访实践团,院级重点团队,企业走访见习,校团委,2024-07-01,2024-07-28,通过,刘志强,佐证材料完整，予以通过
202300263,赴泰安企业走访实践团,自主实践团队,企业走访见习,威海团市委,2025-07-05,2025-07-28,通过,刘志强,佐证材料完整，予以通过
202300264,赴枣庄关爱留守实践团,校级重点团队,关爱留守儿童,威海团市委,2024-07-07,2024-07-18,通过,刘志强,佐证材料完整，予以通过
202300264,赴青岛红色基地实践团,企业实习实践,红色基地研学,威海团市委,2025-07-04,2025-07-27,通过,刘志强,佐证材料完整，予以通过
202300265,赴东营社区志愿实践团,校级重点团队,社区志愿服务,威海团市委,2024-07-03,2024-07-16,通过,刘志强,佐证材料完整，予以通过
202300265,赴济宁红色基因实践团,自主实践团队,红色基因传承,校团委,2025-07-04,2025-07-16,通过,刘志强,材料齐全，同意认定
202300266,赴德州海洋生态实践团,企业实习实践,海洋生态保护宣传,校团委,2024-07-01,2024-07-17,通过,刘志强,材料齐全，同意认定
202300266,赴德州黄河流域实践团,自主实践团队,黄河流域生态考察,汽车工程学院,2025-07-10,2025-07-16,通过,刘志强,符合认定条件，通过
202300267,赴泰安科技支农实践团,自主实践团队,科技支农帮扶,校团委,2024-07-10,2024-07-19,待审核,,
202300267,赴潍坊红色基地实践团,自主实践团队,红色基地研学,威海团市委,2025-07-03,2025-07-28,通过,刘志强,符合认定条件，通过
202300268,赴枣庄汽车产业实践团,企业实习实践,汽车产业链调研,威海团市委,2024-07-01,2024-07-21,通过,刘志强,符合认定条件，通过
202300268,赴东营汽车产业实践团,返家乡实践,汽车产业链调研,威海团市委,2025-07-09,2025-07-19,通过,刘志强,符合认定条件，通过
202300269,赴济宁关爱留守实践团,返家乡实践,关爱留守儿童,威海团市委,2024-07-06,2024-07-19,通过,刘志强,佐证材料完整，予以通过
202300269,赴青岛红色基地实践团,院级重点团队,红色基地研学,威海团市委,2025-07-03,2025-07-25,通过,刘志强,符合认定条件，通过
202300270,赴枣庄乡村振兴实践团,企业实习实践,乡村振兴调研,威海团市委,2024-07-08,2024-07-24,通过,刘志强,材料齐全，同意认定
202300270,赴枣庄黄河流域实践团,返家乡实践,黄河流域生态考察,校团委,2025-07-04,2025-07-23,通过,刘志强,符合认定条件，通过
202300271,赴聊城黄河流域实践团,院级重点团队,黄河流域生态考察,汽车工程学院,2024-07-04,2024-07-24,待审核,,
202300271,赴东营红色基因实践团,院级重点团队,红色基因传承,汽车工程学院,2025-07-09,2025-07-16,通过,赵鹏,材料齐全，同意认定
202300272,赴潍坊社区志愿实践团,企业实习实践,社区志愿服务,校团委,2024-07-10,2024-07-15,通过,赵鹏,材料齐全，同意认定
202300272,赴青岛企业走访实践团,校级重点团队,企业走访见习,校团委,2025-07-10,2025-07-27,通过,赵鹏,符合认定条件，通过
202300273,赴淄博科技支农实践团,返家乡实践,科技支农帮扶,校团委,2024-07-09,2024-07-26,待审核,,
202300273,赴德州社区志愿实践团,企业实习实践,社区志愿服务,威海团市委,2025-07-03,2025-07-24,通过,赵鹏,符合认定条件，通过
202300274,赴潍坊关爱留守实践团,院级重点团队,关爱留守儿童,汽车工程学院,2024-07-09,2024-07-17,通过,赵鹏,材料齐全，同意认定
202300274,赴济南科技支农实践团,企业实习实践,科技支农帮扶,校团委,2025-07-03,2025-07-21,通过,赵鹏,佐证材料完整，予以通过
202300275,赴枣庄乡村振兴实践团,校级重点团队,乡村振兴调研,威海团市委,2024-07-05,2024-07-18,通过,赵鹏,符合认定条件，通过
202300275,赴烟台企业走访实践团,院级重点团队,企业走访见习,威海团市委,2025-07-07,2025-07-22,通过,赵鹏,符合认定条件，通过
202300276,赴日照海洋生态实践团,校级重点团队,海洋生态保护宣传,校团委,2024-07-06,2024-07-24,待审核,,
202300276,赴临沂黄河流域实践团,企业实习实践,黄河流域生态考察,汽车工程学院,2025-07-04,2025-07-26,待审核,,
202300277,赴德州红色基地实践团,企业实习实践,红色基地研学,汽车工程学院,2024-07-05,2024-07-22,通过,赵鹏,佐证材料完整，予以通过
202300277,赴济南关爱留守实践团,院级重点团队,关爱留守儿童,汽车工程学院,2025-07-07,2025-07-24,通过,赵鹏,佐证材料完整，予以通过
202300278,赴临沂社区志愿实践团,院级重点团队,社区志愿服务,校团委,2024-07-08,2024-07-26,待审核,,
202300278,赴烟台红色基因实践团,院级重点团队,红色基因传承,汽车工程学院,2025-07-03,2025-07-25,通过,赵鹏,材料齐全，同意认定
202300279,赴日照海洋生态实践团,校级重点团队,海洋生态保护宣传,汽车工程学院,2024-07-04,2024-07-19,通过,赵鹏,佐证材料完整，予以通过
202300279,赴烟台海洋生态实践团,校级重点团队,海洋生态保护宣传,校团委,2025-07-03,2025-07-18,待审核,,
202300280,赴泰安乡村振兴实践团,返家乡实践,乡村振兴调研,威海团市委,2024-07-04,2024-07-27,通过,赵鹏,佐证材料完整，予以通过
202300280,赴德州社区志愿实践团,企业实习实践,社区志愿服务,校团委,2025-07-06,2025-07-19,公示中,赵鹏,佐证材料完整，予以通过
202300281,赴济南企业走访实践团,院级重点团队,企业走访见习,汽车工程学院,2024-07-05,2024-07-21,通过,赵鹏,佐证材料完整，予以通过
202300281,赴东营企业走访实践团,返家乡实践,企业走访见习,校团委,2025-07-10,2025-07-21,待审核,,
202300282,赴青岛红色基因实践团,院级重点团队,红色基因传承,威海团市委,2024-07-09,2024-07-22,通过,赵鹏,材料齐全，同意认定
202300282,赴青岛海洋生态实践团,自主实践团队,海洋生态保护宣传,汽车工程学院,2025-07-02,2025-07-27,通过,赵鹏,材料齐全，同意认定
202300283,赴德州乡村振兴实践团,自主实践团队,乡村振兴调研,校团委,2024-07-01,2024-07-23,通过,赵鹏,佐证材料完整，予以通过
202300283,赴东营海洋生态实践团,企业实习实践,海洋生态保护宣传,汽车工程学院,2025-07-07,2025-07-23,通过,赵鹏,材料齐全，同意认定
202300284,赴济南红色基因实践团,自主实践团队,红色基因传承,汽车工程学院,2024-07-05,2024-07-28,通过,赵鹏,符合认定条件，通过
202300284,赴青岛关爱留守实践团,返家乡实践,关爱留守儿童,校团委,2025-07-01,2025-07-17,通过,赵鹏,材料齐全，同意认定
202300285,赴淄博关爱留守实践团,返家乡实践,关爱留守儿童,校团委,2024-07-09,2024-07-23,通过,赵鹏,佐证材料完整，予以通过
202300285,赴潍坊黄河流域实践团,自主实践团队,黄河流域生态考察,威海团市委,2025-07-04,2025-07-19,通过,赵鹏,佐证材料完整，予以通过
202300286,赴泰安乡村振兴实践团,返家乡实践,乡村振兴调研,校团委,2024-07-01,2024-07-19,公示中,赵鹏,材料齐全，同意认定
202300286,赴威海企业走访实践团,自主实践团队,企业走访见习,校团委,2025-07-10,2025-07-15,通过,赵鹏,符合认定条件，通过
202300287,赴淄博红色基地实践团,自主实践团队,红色基地研学,校团委,2024-07-10,2024-07-27,通过,赵鹏,符合认定条件，通过
202300287,赴威海汽车产业实践团,自主实践团队,汽车产业链调研,汽车工程学院,2025-07-10,2025-07-16,通过,赵鹏,材料齐全，同意认定
202300288,赴青岛社区志愿实践团,院级重点团队,社区志愿服务,汽车工程学院,2024-07-09,2024-07-20,待审核,,
202300288,赴济宁乡村振兴实践团,校级重点团队,乡村振兴调研,校团委,2025-07-08,2025-07-17,通过,赵鹏,佐证材料完整，予以通过
202300289,赴威海社区志愿实践团,校级重点团队,社区志愿服务,威海团市委,2024-07-10,2024-07-27,通过,赵鹏,符合认定条件，通过
202300289,赴济南黄河流域实践团,院级重点团队,黄河流域生态考察,校团委,2025-07-07,2025-07-17,待审核,,
202300290,赴聊城汽车产业实践团,院级重点团队,汽车产业链调研,校团委,2024-07-07,2024-07-18,通过,赵鹏,符合认定条件，通过
202300290,赴烟台关爱留守实践团,校级重点团队,关爱留守儿童,威海团市委,2025-07-05,2025-07-20,通过,赵鹏,符合认定条件，通过
202300291,赴聊城海洋生态实践团,校级重点团队,海洋生态保护宣传,校团委,2024-07-03,2024-07-21,通过,赵鹏,材料齐全，同意认定
202300291,赴东营关爱留守实践团,校级重点团队,关爱留守儿童,威海团市委,2025-07-10,2025-07-17,通过,赵鹏,符合认定条件，通过
202300292,赴聊城红色基地实践团,企业实习实践,红色基地研学,威海团市委,2024-07-03,2024-07-28,通过,赵鹏,佐证材料完整，予以通过
202300292,赴青岛海洋生态实践团,校级重点团队,海洋生态保护宣传,威海团市委,2025-07-02,2025-07-18,通过,赵鹏,佐证材料完整，予以通过
202300293,赴青岛社区志愿实践团,自主实践团队,社区志愿服务,校团委,2024-07-09,2024-07-24,通过,赵鹏,佐证材料完整，予以通过
202300293,赴济南企业走访实践团,院级重点团队,企业走访见习,威海团市委,2025-07-04,2025-07-20,通过,赵鹏,符合认定条件，通过
202300294,赴东营黄河流域实践团,自主实践团队,黄河流域生态考察,汽车工程学院,2024-07-07,2024-07-17,通过,赵鹏,符合认定条件，通过
202300294,赴德州红色基地实践团,自主实践团队,红色基地研学,汽车工程学院,2025-07-08,2025-07-16,通过,赵鹏,材料齐全，同意认定
202300295,赴青岛汽车产业实践团,校级重点团队,汽车产业链调研,校团委,2024-07-05,2024-07-24,通过,赵鹏,佐证材料完整，予以通过
202300295,赴潍坊企业走访实践团,返家乡实践,企业走访见习,汽车工程学院,2025-07-03,2025-07-28,通过,赵鹏,佐证材料完整，予以通过
202300296,赴德州乡村振兴实践团,自主实践团队,乡村振兴调研,威海团市委,2024-07-09,2024-07-19,待审核,,
202300296,赴泰安关爱留守实践团,校级重点团队,关爱留守儿童,汽车工程学院,2025-07-07,2025-07-26,通过,赵鹏,符合认定条件，通过
202300297,赴烟台红色基地实践团,企业实习实践,红色基地研学,校团委,2024-07-04,2024-07-16,通过,赵鹏,符合认定条件，通过
202300297,赴泰安科技支农实践团,自主实践团队,科技支农帮扶,汽车工程学院,2025-07-02,2025-07-27,通过,赵鹏,材料齐全，同意认定
202300298,赴青岛关爱留守实践团,院级重点团队,关爱留守儿童,校团委,2024-07-02,2024-07-15,公示中,赵鹏,材料齐全，同意认定
202300298,赴潍坊社区志愿实践团,企业实习实践,社区志愿服务,汽车工程学院,2025-07-02,2025-07-21,通过,赵鹏,佐证材料完整，予以通过
202300299,赴烟台社区志愿实践团,企业实习实践,社区志愿服务,威海团市委,2024-07-09,2024-07-28,通过,赵鹏,材料齐全，同意认定
202300299,赴潍坊关爱留守实践团,企业实习实践,关爱留守儿童,威海团市委,2025-07-05,2025-07-23,待审核,,
202300300,赴聊城红色基因实践团,自主实践团队,红色基因传承,汽车工程学院,2024-07-10,2024-07-15,通过,赵鹏,符合认定条件，通过
202300300,赴枣庄海洋生态实践团,院级重点团队,海洋生态保护宣传,校团委,2025-07-06,2025-07-15,待审核,,
202400301,赴淄博红色基地实践团,返家乡实践,红色基地研学,校团委,2025-07-04,2025-07-15,通过,张伟,符合认定条件，通过
202400301,赴威海汽车产业实践团,院级重点团队,汽车产业链调研,校团委,2026-07-03,2026-07-20,待审核,,
202400302,赴临沂红色基因实践团,院级重点团队,红色基因传承,威海团市委,2025-07-02,2025-07-15,待审核,,
202400302,赴济宁社区志愿实践团,院级重点团队,社区志愿服务,汽车工程学院,2026-07-04,2026-07-17,通过,张伟,符合认定条件，通过
202400303,赴日照企业走访实践团,院级重点团队,企业走访见习,汽车工程学院,2025-07-08,2025-07-26,待审核,,
202400303,赴济南汽车产业实践团,企业实习实践,汽车产业链调研,威海团市委,2026-07-02,2026-07-16,通过,张伟,符合认定条件，通过
202400304,赴济南黄河流域实践团,企业实习实践,黄河流域生态考察,威海团市委,2025-07-07,2025-07-27,待审核,,
202400304,赴烟台黄河流域实践团,院级重点团队,黄河流域生态考察,威海团市委,2026-07-02,2026-07-15,通过,张伟,佐证材料完整，予以通过
202400305,赴济宁社区志愿实践团,自主实践团队,社区志愿服务,威海团市委,2025-07-03,2025-07-25,通过,张伟,佐证材料完整，予以通过
202400305,赴东营科技支农实践团,校级重点团队,科技支农帮扶,校团委,2026-07-02,2026-07-20,通过,张伟,佐证材料完整，予以通过
202400306,赴枣庄关爱留守实践团,自主实践团队,关爱留守儿童,汽车工程学院,2025-07-10,2025-07-17,驳回,张伟,认定依据不足，请补充说明材料
202400306,赴聊城关爱留守实践团,自主实践团队,关爱留守儿童,威海团市委,2026-07-06,2026-07-17,通过,张伟,材料齐全，同意认定
202400307,赴东营科技支农实践团,校级重点团队,科技支农帮扶,威海团市委,2025-07-06,2025-07-17,驳回,张伟,时间信息有误，请核对后重新提交
202400307,赴烟台关爱留守实践团,校级重点团队,关爱留守儿童,汽车工程学院,2026-07-09,2026-07-20,待审核,,
202400308,赴枣庄黄河流域实践团,院级重点团队,黄河流域生态考察,校团委,2025-07-06,2025-07-23,通过,张伟,材料齐全，同意认定
202400308,赴济南汽车产业实践团,返家乡实践,汽车产业链调研,威海团市委,2026-07-07,2026-07-15,通过,张伟,佐证材料完整，予以通过
202400309,赴威海红色基地实践团,院级重点团队,红色基地研学,威海团市委,2025-07-10,2025-07-27,通过,张伟,符合认定条件，通过
202400309,赴枣庄科技支农实践团,返家乡实践,科技支农帮扶,校团委,2026-07-05,2026-07-26,通过,张伟,材料齐全，同意认定
202400310,赴枣庄海洋生态实践团,返家乡实践,海洋生态保护宣传,校团委,2025-07-03,2025-07-18,通过,张伟,佐证材料完整，予以通过
202400310,赴青岛科技支农实践团,院级重点团队,科技支农帮扶,校团委,2026-07-08,2026-07-22,通过,张伟,符合认定条件，通过
202400311,赴日照企业走访实践团,院级重点团队,企业走访见习,汽车工程学院,2025-07-05,2025-07-15,通过,张伟,符合认定条件，通过
202400311,赴烟台黄河流域实践团,自主实践团队,黄河流域生态考察,校团委,2026-07-06,2026-07-25,驳回,张伟,盖章缺失，请重新上传完整材料
202400312,赴济宁关爱留守实践团,企业实习实践,关爱留守儿童,威海团市委,2025-07-09,2025-07-27,公示中,张伟,符合认定条件，通过
202400312,赴枣庄企业走访实践团,企业实习实践,企业走访见习,校团委,2026-07-01,2026-07-25,驳回,张伟,材料不完整，请补充佐证后重新提交
202400313,赴聊城企业走访实践团,院级重点团队,企业走访见习,威海团市委,2025-07-09,2025-07-18,通过,张伟,符合认定条件，通过
202400313,赴东营红色基地实践团,返家乡实践,红色基地研学,汽车工程学院,2026-07-04,2026-07-28,通过,张伟,符合认定条件，通过
202400314,赴烟台关爱留守实践团,企业实习实践,关爱留守儿童,汽车工程学院,2025-07-05,2025-07-26,待审核,,
202400314,赴泰安企业走访实践团,院级重点团队,企业走访见习,汽车工程学院,2026-07-08,2026-07-19,通过,张伟,符合认定条件，通过
202400315,赴青岛社区志愿实践团,自主实践团队,社区志愿服务,威海团市委,2025-07-02,2025-07-21,待审核,,
202400315,赴潍坊企业走访实践团,校级重点团队,企业走访见习,校团委,2026-07-01,2026-07-20,通过,张伟,佐证材料完整，予以通过
202400316,赴临沂企业走访实践团,企业实习实践,企业走访见习,校团委,2025-07-01,2025-07-23,公示中,张伟,符合认定条件，通过
202400316,赴济南汽车产业实践团,院级重点团队,汽车产业链调研,校团委,2026-07-03,2026-07-27,通过,张伟,佐证材料完整，予以通过
202400317,赴德州海洋生态实践团,企业实习实践,海洋生态保护宣传,校团委,2025-07-07,2025-07-20,待审核,,
202400317,赴泰安红色基地实践团,院级重点团队,红色基地研学,汽车工程学院,2026-07-02,2026-07-15,通过,张伟,符合认定条件，通过
202400318,赴东营黄河流域实践团,企业实习实践,黄河流域生态考察,校团委,2025-07-04,2025-07-25,通过,张伟,符合认定条件，通过
202400318,赴聊城关爱留守实践团,企业实习实践,关爱留守儿童,校团委,2026-07-08,2026-07-27,通过,张伟,佐证材料完整，予以通过
202400319,赴烟台海洋生态实践团,院级重点团队,海洋生态保护宣传,威海团市委,2025-07-06,2025-07-27,通过,张伟,材料齐全，同意认定
202400319,赴淄博红色基因实践团,院级重点团队,红色基因传承,威海团市委,2026-07-08,2026-07-20,通过,张伟,佐证材料完整，予以通过
202400320,赴烟台海洋生态实践团,企业实习实践,海洋生态保护宣传,校团委,2025-07-08,2025-07-16,待审核,,
202400320,赴枣庄汽车产业实践团,校级重点团队,汽车产业链调研,汽车工程学院,2026-07-07,2026-07-27,通过,张伟,佐证材料完整，予以通过
202400321,赴青岛科技支农实践团,校级重点团队,科技支农帮扶,校团委,2025-07-06,2025-07-18,通过,张伟,材料齐全，同意认定
202400321,赴潍坊乡村振兴实践团,企业实习实践,乡村振兴调研,校团委,2026-07-02,2026-07-28,通过,张伟,符合认定条件，通过
202400322,赴潍坊科技支农实践团,校级重点团队,科技支农帮扶,威海团市委,2025-07-01,2025-07-22,待审核,,
202400322,赴烟台海洋生态实践团,院级重点团队,海洋生态保护宣传,汽车工程学院,2026-07-05,2026-07-15,通过,张伟,材料齐全，同意认定
202400323,赴聊城汽车产业实践团,企业实习实践,汽车产业链调研,威海团市委,2025-07-08,2025-07-16,通过,张伟,符合认定条件，通过
202400323,赴聊城红色基因实践团,校级重点团队,红色基因传承,校团委,2026-07-06,2026-07-15,通过,张伟,符合认定条件，通过
202400324,赴临沂红色基地实践团,校级重点团队,红色基地研学,校团委,2025-07-05,2025-07-22,通过,张伟,符合认定条件，通过
202400324,赴枣庄企业走访实践团,自主实践团队,企业走访见习,校团委,2026-07-01,2026-07-24,待审核,,
202400325,赴威海红色基因实践团,校级重点团队,红色基因传承,校团委,2025-07-10,2025-07-18,通过,张伟,符合认定条件，通过
202400325,赴临沂科技支农实践团,企业实习实践,科技支农帮扶,校团委,2026-07-04,2026-07-17,通过,张伟,材料齐全，同意认定
202400326,赴淄博黄河流域实践团,返家乡实践,黄河流域生态考察,威海团市委,2025-07-02,2025-07-26,通过,张伟,佐证材料完整，予以通过
202400326,赴东营社区志愿实践团,院级重点团队,社区志愿服务,汽车工程学院,2026-07-03,2026-07-25,通过,张伟,符合认定条件，通过
202400327,赴东营海洋生态实践团,院级重点团队,海洋生态保护宣传,汽车工程学院,2025-07-08,2025-07-17,通过,张伟,佐证材料完整，予以通过
202400327,赴东营海洋生态实践团,返家乡实践,海洋生态保护宣传,威海团市委,2026-07-05,2026-07-19,通过,张伟,材料齐全，同意认定
202400328,赴枣庄企业走访实践团,院级重点团队,企业走访见习,威海团市委,2025-07-04,2025-07-21,通过,张伟,佐证材料完整，予以通过
202400328,赴威海黄河流域实践团,自主实践团队,黄河流域生态考察,校团委,2026-07-09,2026-07-27,待审核,,
202400329,赴济南黄河流域实践团,自主实践团队,黄河流域生态考察,校团委,2025-07-09,2025-07-25,通过,张伟,佐证材料完整，予以通过
202400329,赴威海黄河流域实践团,企业实习实践,黄河流域生态考察,威海团市委,2026-07-10,2026-07-22,待审核,,
202400330,赴淄博科技支农实践团,自主实践团队,科技支农帮扶,校团委,2025-07-03,2025-07-16,驳回,张伟,认定依据不足，请补充说明材料
202400330,赴潍坊社区志愿实践团,校级重点团队,社区志愿服务,威海团市委,2026-07-01,2026-07-26,待审核,,
202400331,赴日照社区志愿实践团,返家乡实践,社区志愿服务,威海团市委,2025-07-04,2025-07-17,通过,张伟,符合认定条件，通过
202400331,赴烟台乡村振兴实践团,校级重点团队,乡村振兴调研,汽车工程学院,2026-07-09,2026-07-22,通过,张伟,佐证材料完整，予以通过
202400332,赴聊城科技支农实践团,自主实践团队,科技支农帮扶,汽车工程学院,2025-07-10,2025-07-22,待审核,,
202400332,赴济南社区志愿实践团,自主实践团队,社区志愿服务,校团委,2026-07-03,2026-07-21,待审核,,
202400333,赴青岛企业走访实践团,自主实践团队,企业走访见习,威海团市委,2025-07-05,2025-07-22,通过,张伟,佐证材料完整，予以通过
202400333,赴青岛汽车产业实践团,企业实习实践,汽车产业链调研,汽车工程学院,2026-07-10,2026-07-18,待审核,,
202400334,赴泰安企业走访实践团,自主实践团队,企业走访见习,威海团市委,2025-07-06,2025-07-17,通过,张伟,材料齐全，同意认定
202400334,赴临沂红色基因实践团,院级重点团队,红色基因传承,校团委,2026-07-01,2026-07-22,待审核,,
202400335,赴德州黄河流域实践团,返家乡实践,黄河流域生态考察,汽车工程学院,2025-07-10,2025-07-19,通过,张伟,符合认定条件，通过
202400335,赴泰安黄河流域实践团,校级重点团队,黄河流域生态考察,威海团市委,2026-07-10,2026-07-15,通过,张伟,佐证材料完整，予以通过
202400336,赴淄博红色基地实践团,院级重点团队,红色基地研学,汽车工程学院,2025-07-10,2025-07-17,通过,张伟,材料齐全，同意认定
202400336,赴青岛社区志愿实践团,院级重点团队,社区志愿服务,汽车工程学院,2026-07-06,2026-07-15,通过,张伟,符合认定条件，通过
202400337,赴济南红色基因实践团,校级重点团队,红色基因传承,校团委,2025-07-01,2025-07-23,通过,张伟,佐证材料完整，予以通过
202400337,赴济南科技支农实践团,自主实践团队,科技支农帮扶,威海团市委,2026-07-06,2026-07-19,通过,张伟,材料齐全，同意认定
202400338,赴威海乡村振兴实践团,院级重点团队,乡村振兴调研,校团委,2025-07-10,2025-07-21,通过,张伟,材料齐全，同意认定
202400338,赴东营关爱留守实践团,院级重点团队,关爱留守儿童,汽车工程学院,2026-07-05,2026-07-22,驳回,张伟,盖章缺失，请重新上传完整材料
202400339,赴聊城红色基地实践团,院级重点团队,红色基地研学,校团委,2025-07-10,2025-07-25,通过,张伟,材料齐全，同意认定
202400339,赴聊城关爱留守实践团,校级重点团队,关爱留守儿童,校团委,2026-07-04,2026-07-27,通过,张伟,佐证材料完整，予以通过
202400340,赴聊城红色基地实践团,企业实习实践,红色基地研学,汽车工程学院,2025-07-06,2025-07-17,通过,张伟,材料齐全，同意认定
202400340,赴德州乡村振兴实践团,返家乡实践,乡村振兴调研,威海团市委,2026-07-10,2026-07-26,待审核,,
202400341,赴威海关爱留守实践团,校级重点团队,关爱留守儿童,汽车工程学院,2025-07-06,2025-07-21,待审核,,
202400341,赴烟台科技支农实践团,校级重点团队,科技支农帮扶,校团委,2026-07-04,2026-07-26,通过,张伟,材料齐全，同意认定
202400342,赴淄博社区志愿实践团,返家乡实践,社区志愿服务,威海团市委,2025-07-10,2025-07-22,待审核,,
202400342,赴聊城汽车产业实践团,返家乡实践,汽车产业链调研,汽车工程学院,2026-07-01,2026-07-26,通过,张伟,材料齐全，同意认定
202400343,赴济宁海洋生态实践团,自主实践团队,海洋生态保护宣传,威海团市委,2025-07-10,2025-07-24,通过,张伟,佐证材料完整，予以通过
202400343,赴德州乡村振兴实践团,自主实践团队,乡村振兴调研,威海团市委,2026-07-05,2026-07-25,通过,张伟,符合认定条件，通过
202400344,赴青岛红色基因实践团,返家乡实践,红色基因传承,汽车工程学院,2025-07-09,2025-07-18,待审核,,
202400344,赴烟台汽车产业实践团,企业实习实践,汽车产业链调研,威海团市委,2026-07-01,2026-07-16,通过,张伟,佐证材料完整，予以通过
202400345,赴临沂企业走访实践团,返家乡实践,企业走访见习,汽车工程学院,2025-07-01,2025-07-25,通过,张伟,材料齐全，同意认定
202400345,赴临沂关爱留守实践团,校级重点团队,关爱留守儿童,汽车工程学院,2026-07-03,2026-07-18,通过,张伟,符合认定条件，通过
202400346,赴东营关爱留守实践团,返家乡实践,关爱留守儿童,威海团市委,2025-07-01,2025-07-21,通过,张伟,符合认定条件，通过
202400346,赴烟台红色基地实践团,自主实践团队,红色基地研学,汽车工程学院,2026-07-10,2026-07-26,通过,张伟,材料齐全，同意认定
202400347,赴泰安企业走访实践团,院级重点团队,企业走访见习,校团委,2025-07-04,2025-07-24,通过,张伟,佐证材料完整，予以通过
202400347,赴德州社区志愿实践团,企业实习实践,社区志愿服务,威海团市委,2026-07-02,2026-07-21,通过,张伟,符合认定条件，通过
202400348,赴东营汽车产业实践团,院级重点团队,汽车产业链调研,威海团市委,2025-07-10,2025-07-18,通过,张伟,符合认定条件，通过
202400348,赴聊城社区志愿实践团,院级重点团队,社区志愿服务,校团委,2026-07-01,2026-07-20,通过,张伟,符合认定条件，通过
202400349,赴济南科技支农实践团,校级重点团队,科技支农帮扶,威海团市委,2025-07-05,2025-07-27,驳回,张伟,材料不完整，请补充佐证后重新提交
202400349,赴枣庄企业走访实践团,企业实习实践,企业走访见习,威海团市委,2026-07-09,2026-07-28,通过,张伟,材料齐全，同意认定
202400350,赴烟台黄河流域实践团,自主实践团队,黄河流域生态考察,威海团市委,2025-07-08,2025-07-21,通过,张伟,符合认定条件，通过
202400350,赴青岛汽车产业实践团,自主实践团队,汽车产业链调研,汽车工程学院,2026-07-09,2026-07-15,通过,张伟,佐证材料完整，予以通过
202400351,赴济宁红色基地实践团,返家乡实践,红色基地研学,威海团市委,2025-07-07,2025-07-16,待审核,,
202400351,赴日照汽车产业实践团,企业实习实践,汽车产业链调研,校团委,2026-07-08,2026-07-20,公示中,张伟,符合认定条件，通过
202400352,赴淄博海洋生态实践团,自主实践团队,海洋生态保护宣传,汽车工程学院,2025-07-10,2025-07-25,待审核,,
202400352,赴济宁黄河流域实践团,校级重点团队,黄河流域生态考察,威海团市委,2026-07-07,2026-07-21,通过,张伟,材料齐全，同意认定
202400353,赴济南红色基地实践团,校级重点团队,红色基地研学,威海团市委,2025-07-07,2025-07-20,通过,张伟,材料齐全，同意认定
202400353,赴淄博红色基地实践团,院级重点团队,红色基地研学,威海团市委,2026-07-09,2026-07-26,通过,张伟,符合认定条件，通过
202400354,赴青岛乡村振兴实践团,院级重点团队,乡村振兴调研,威海团市委,2025-07-08,2025-07-22,通过,张伟,符合认定条件，通过
202400354,赴淄博企业走访实践团,企业实习实践,企业走访见习,汽车工程学院,2026-07-07,2026-07-28,驳回,张伟,认定依据不足，请补充说明材料
202400355,赴日照关爱留守实践团,院级重点团队,关爱留守儿童,汽车工程学院,2025-07-09,2025-07-16,待审核,,
202400355,赴德州社区志愿实践团,企业实习实践,社区志愿服务,威海团市委,2026-07-07,2026-07-25,驳回,张伟,盖章缺失，请重新上传完整材料
202400356,赴枣庄海洋生态实践团,返家乡实践,海洋生态保护宣传,汽车工程学院,2025-07-05,2025-07-22,通过,张伟,材料齐全，同意认定
202400356,赴聊城红色基地实践团,院级重点团队,红色基地研学,汽车工程学院,2026-07-06,2026-07-28,待审核,,
202400357,赴日照企业走访实践团,自主实践团队,企业走访见习,威海团市委,2025-07-06,2025-07-28,驳回,张伟,时间信息有误，请核对后重新提交
202400357,赴德州企业走访实践团,校级重点团队,企业走访见习,汽车工程学院,2026-07-04,2026-07-21,通过,张伟,材料齐全，同意认定
202400358,赴淄博科技支农实践团,院级重点团队,科技支农帮扶,威海团市委,2025-07-06,2025-07-27,通过,张伟,佐证材料完整，予以通过
202400358,赴威海黄河流域实践团,返家乡实践,黄河流域生态考察,汽车工程学院,2026-07-05,2026-07-22,驳回,张伟,材料不完整，请补充佐证后重新提交
202400359,赴枣庄黄河流域实践团,自主实践团队,黄河流域生态考察,汽车工程学院,2025-07-06,2025-07-28,待审核,,
202400359,赴聊城乡村振兴实践团,返家乡实践,乡村振兴调研,汽车工程学院,2026-07-09,2026-07-24,通过,张伟,材料齐全，同意认定
202400360,赴临沂乡村振兴实践团,自主实践团队,乡村振兴调研,汽车工程学院,2025-07-07,2025-07-17,通过,张伟,材料齐全，同意认定
202400360,赴聊城汽车产业实践团,自主实践团队,汽车产业链调研,威海团市委,2026-07-08,2026-07-15,通过,张伟,符合认定条件，通过
202400361,赴泰安关爱留守实践团,自主实践团队,关爱留守儿童,校团委,2025-07-07,2025-07-20,通过,张伟,符合认定条件，通过
202400361,赴潍坊红色基地实践团,院级重点团队,红色基地研学,威海团市委,2026-07-04,2026-07-24,通过,张伟,符合认定条件，通过
202400362,赴济宁乡村振兴实践团,校级重点团队,乡村振兴调研,威海团市委,2025-07-07,2025-07-25,驳回,张伟,认定依据不足，请补充说明材料
202400362,赴东营红色基因实践团,院级重点团队,红色基因传承,威海团市委,2026-07-03,2026-07-26,驳回,张伟,认定依据不足，请补充说明材料
202400363,赴济南乡村振兴实践团,企业实习实践,乡村振兴调研,校团委,2025-07-04,2025-07-17,通过,张伟,佐证材料完整，予以通过
202400363,赴潍坊红色基地实践团,企业实习实践,红色基地研学,校团委,2026-07-04,2026-07-19,驳回,张伟,盖章缺失，请重新上传完整材料
202400364,赴青岛红色基地实践团,校级重点团队,红色基地研学,威海团市委,2025-07-10,2025-07-16,待审核,,
202400364,赴临沂科技支农实践团,返家乡实践,科技支农帮扶,校团委,2026-07-01,2026-07-26,通过,张伟,佐证材料完整，予以通过
202400365,赴威海黄河流域实践团,返家乡实践,黄河流域生态考察,校团委,2025-07-10,2025-07-21,通过,张伟,符合认定条件，通过
202400365,赴淄博汽车产业实践团,校级重点团队,汽车产业链调研,威海团市委,2026-07-03,2026-07-16,通过,张伟,佐证材料完整，予以通过
202400366,赴济宁红色基地实践团,校级重点团队,红色基地研学,威海团市委,2025-07-04,2025-07-28,通过,张伟,佐证材料完整，予以通过
202400366,赴潍坊企业走访实践团,自主实践团队,企业走访见习,校团委,2026-07-09,2026-07-23,驳回,张伟,时间信息有误，请核对后重新提交
202400367,赴德州红色基地实践团,企业实习实践,红色基地研学,汽车工程学院,2025-07-07,2025-07-26,待审核,,
202400367,赴德州红色基地实践团,自主实践团队,红色基地研学,校团委,2026-07-05,2026-07-19,驳回,张伟,认定依据不足，请补充说明材料
202400368,赴德州红色基地实践团,企业实习实践,红色基地研学,校团委,2025-07-05,2025-07-28,驳回,张伟,材料不完整，请补充佐证后重新提交
202400368,赴德州乡村振兴实践团,返家乡实践,乡村振兴调研,威海团市委,2026-07-03,2026-07-17,待审核,,
202400369,赴烟台红色基因实践团,院级重点团队,红色基因传承,汽车工程学院,2025-07-06,2025-07-25,通过,张伟,材料齐全，同意认定
202400369,赴青岛红色基因实践团,返家乡实践,红色基因传承,汽车工程学院,2026-07-03,2026-07-19,公示中,张伟,佐证材料完整，予以通过
202400370,赴泰安关爱留守实践团,校级重点团队,关爱留守儿童,校团委,2025-07-10,2025-07-26,待审核,,
202400370,赴泰安红色基因实践团,企业实习实践,红色基因传承,威海团市委,2026-07-10,2026-07-17,通过,张伟,材料齐全，同意认定
202400371,赴青岛海洋生态实践团,返家乡实践,海洋生态保护宣传,汽车工程学院,2025-07-09,2025-07-28,通过,张伟,材料齐全，同意认定
202400371,赴济南关爱留守实践团,院级重点团队,关爱留守儿童,汽车工程学院,2026-07-08,2026-07-20,待审核,,
202400372,赴枣庄科技支农实践团,返家乡实践,科技支农帮扶,威海团市委,2025-07-08,2025-07-20,通过,张伟,符合认定条件，通过
202400372,赴临沂汽车产业实践团,返家乡实践,汽车产业链调研,威海团市委,2026-07-06,2026-07-26,通过,张伟,材料齐全，同意认定
202400373,赴济宁社区志愿实践团,院级重点团队,社区志愿服务,汽车工程学院,2025-07-07,2025-07-20,待审核,,
202400373,赴枣庄黄河流域实践团,企业实习实践,黄河流域生态考察,威海团市委,2026-07-04,2026-07-27,通过,张伟,材料齐全，同意认定
202400374,赴青岛红色基地实践团,企业实习实践,红色基地研学,汽车工程学院,2025-07-08,2025-07-21,待审核,,
202400374,赴淄博红色基因实践团,企业实习实践,红色基因传承,校团委,2026-07-03,2026-07-23,通过,张伟,符合认定条件，通过
202400375,赴淄博科技支农实践团,校级重点团队,科技支农帮扶,校团委,2025-07-05,2025-07-18,待审核,,
202400375,赴济宁乡村振兴实践团,自主实践团队,乡村振兴调研,汽车工程学院,2026-07-04,2026-07-16,通过,张伟,符合认定条件，通过
202400376,赴聊城科技支农实践团,院级重点团队,科技支农帮扶,汽车工程学院,2025-07-07,2025-07-17,驳回,张伟,时间信息有误，请核对后重新提交
202400376,赴潍坊红色基地实践团,企业实习实践,红色基地研学,威海团市委,2026-07-05,2026-07-21,通过,张伟,符合认定条件，通过
202400377,赴威海关爱留守实践团,校级重点团队,关爱留守儿童,威海团市委,2025-07-01,2025-07-26,通过,张伟,符合认定条件，通过
202400377,赴淄博红色基地实践团,院级重点团队,红色基地研学,校团委,2026-07-01,2026-07-15,通过,张伟,材料齐全，同意认定
202400378,赴枣庄乡村振兴实践团,返家乡实践,乡村振兴调研,威海团市委,2025-07-06,2025-07-22,驳回,张伟,盖章缺失，请重新上传完整材料
202400378,赴日照海洋生态实践团,返家乡实践,海洋生态保护宣传,汽车工程学院,2026-07-01,2026-07-16,待审核,,
202400379,赴济宁企业走访实践团,返家乡实践,企业走访见习,威海团市委,2025-07-10,2025-07-28,通过,张伟,佐证材料完整，予以通过
202400379,赴日照企业走访实践团,院级重点团队,企业走访见习,校团委,2026-07-07,2026-07-22,通过,张伟,材料齐全，同意认定
202400380,赴泰安社区志愿实践团,院级重点团队,社区志愿服务,威海团市委,2025-07-02,2025-07-17,通过,张伟,佐证材料完整，予以通过
202400380,赴潍坊海洋生态实践团,企业实习实践,海洋生态保护宣传,校团委,2026-07-09,2026-07-26,通过,张伟,材料齐全，同意认定
202400381,赴德州科技支农实践团,院级重点团队,科技支农帮扶,汽车工程学院,2025-07-03,2025-07-22,通过,张伟,材料齐全，同意认定
202400381,赴青岛红色基因实践团,校级重点团队,红色基因传承,校团委,2026-07-07,2026-07-17,通过,张伟,符合认定条件，通过
202400382,赴威海科技支农实践团,校级重点团队,科技支农帮扶,威海团市委,2025-07-05,2025-07-27,通过,张伟,符合认定条件，通过
202400382,赴泰安科技支农实践团,企业实习实践,科技支农帮扶,威海团市委,2026-07-05,2026-07-18,通过,张伟,佐证材料完整，予以通过
202400383,赴日照黄河流域实践团,校级重点团队,黄河流域生态考察,威海团市委,2025-07-04,2025-07-28,通过,张伟,材料齐全，同意认定
202400383,赴东营社区志愿实践团,返家乡实践,社区志愿服务,汽车工程学院,2026-07-07,2026-07-27,通过,张伟,材料齐全，同意认定
202400384,赴日照企业走访实践团,返家乡实践,企业走访见习,威海团市委,2025-07-04,2025-07-24,通过,张伟,佐证材料完整，予以通过
202400384,赴临沂关爱留守实践团,自主实践团队,关爱留守儿童,校团委,2026-07-06,2026-07-15,通过,张伟,材料齐全，同意认定
202400385,赴聊城海洋生态实践团,校级重点团队,海洋生态保护宣传,校团委,2025-07-09,2025-07-28,通过,张伟,材料齐全，同意认定
202400385,赴威海乡村振兴实践团,院级重点团队,乡村振兴调研,校团委,2026-07-02,2026-07-24,通过,张伟,佐证材料完整，予以通过
202400386,赴威海汽车产业实践团,院级重点团队,汽车产业链调研,校团委,2025-07-06,2025-07-28,通过,张伟,符合认定条件，通过
202400386,赴聊城汽车产业实践团,返家乡实践,汽车产业链调研,威海团市委,2026-07-08,2026-07-19,通过,张伟,符合认定条件，通过
202400387,赴烟台汽车产业实践团,院级重点团队,汽车产业链调研,校团委,2025-07-06,2025-07-23,驳回,张伟,材料不完整，请补充佐证后重新提交
202400387,赴东营红色基因实践团,校级重点团队,红色基因传承,威海团市委,2026-07-08,2026-07-22,通过,张伟,佐证材料完整，予以通过
202400388,赴聊城红色基因实践团,自主实践团队,红色基因传承,汽车工程学院,2025-07-04,2025-07-28,通过,张伟,材料齐全，同意认定
202400388,赴临沂红色基因实践团,返家乡实践,红色基因传承,校团委,2026-07-02,2026-07-28,待审核,,
202400389,赴临沂科技支农实践团,自主实践团队,科技支农帮扶,校团委,2025-07-04,2025-07-25,待审核,,
202400389,赴泰安关爱留守实践团,自主实践团队,关爱留守儿童,校团委,2026-07-02,2026-07-28,待审核,,
202400390,赴潍坊黄河流域实践团,返家乡实践,黄河流域生态考察,汽车工程学院,2025-07-06,2025-07-21,通过,张伟,符合认定条件，通过
202400390,赴临沂海洋生态实践团,自主实践团队,海洋生态保护宣传,汽车工程学院,2026-07-07,2026-07-25,通过,张伟,材料齐全，同意认定
202400391,赴德州企业走访实践团,校级重点团队,企业走访见习,威海团市委,2025-07-03,2025-07-23,通过,张伟,佐证材料完整，予以通过
202400391,赴烟台红色基因实践团,企业实习实践,红色基因传承,校团委,2026-07-05,2026-07-25,通过,张伟,佐证材料完整，予以通过
202400392,赴聊城关爱留守实践团,企业实习实践,关爱留守儿童,汽车工程学院,2025-07-03,2025-07-15,通过,张伟,符合认定条件，通过
202400392,赴济宁黄河流域实践团,校级重点团队,黄河流域生态考察,威海团市委,2026-07-07,2026-07-20,待审核,,
202400393,赴济宁红色基地实践团,企业实习实践,红色基地研学,汽车工程学院,2025-07-09,2025-07-15,驳回,张伟,盖章缺失，请重新上传完整材料
202400393,赴淄博乡村振兴实践团,校级重点团队,乡村振兴调研,威海团市委,2026-07-08,2026-07-22,通过,张伟,材料齐全，同意认定
202400394,赴东营红色基地实践团,院级重点团队,红色基地研学,汽车工程学院,2025-07-09,2025-07-15,通过,张伟,材料齐全，同意认定
202400394,赴枣庄黄河流域实践团,企业实习实践,黄河流域生态考察,汽车工程学院,2026-07-09,2026-07-27,通过,张伟,符合认定条件，通过
202400395,赴临沂红色基地实践团,返家乡实践,红色基地研学,校团委,2025-07-05,2025-07-28,驳回,张伟,盖章缺失，请重新上传完整材料
202400395,赴烟台黄河流域实践团,返家乡实践,黄河流域生态考察,威海团市委,2026-07-01,2026-07-16,通过,张伟,材料齐全，同意认定
202400396,赴济宁红色基地实践团,企业实习实践,红色基地研学,汽车工程学院,2025-07-08,2025-07-22,通过,张伟,材料齐全，同意认定
202400396,赴烟台黄河流域实践团,企业实习实践,黄河流域生态考察,校团委,2026-07-06,2026-07-17,通过,张伟,材料齐全，同意认定
202400397,赴潍坊汽车产业实践团,院级重点团队,汽车产业链调研,威海团市委,2025-07-03,2025-07-24,通过,张伟,佐证材料完整，予以通过
202400397,赴潍坊企业走访实践团,返家乡实践,企业走访见习,威海团市委,2026-07-07,2026-07-26,通过,张伟,材料齐全，同意认定
202400398,赴德州黄河流域实践团,企业实习实践,黄河流域生态考察,威海团市委,2025-07-05,2025-07-26,通过,张伟,佐证材料完整，予以通过
202400398,赴济宁科技支农实践团,返家乡实践,科技支农帮扶,威海团市委,2026-07-03,2026-07-22,驳回,张伟,认定依据不足，请补充说明材料
202400399,赴济宁海洋生态实践团,校级重点团队,海洋生态保护宣传,校团委,2025-07-04,2025-07-27,通过,张伟,佐证材料完整，予以通过
202400399,赴济宁科技支农实践团,自主实践团队,科技支农帮扶,校团委,2026-07-05,2026-07-28,通过,张伟,符合认定条件，通过
202400400,赴威海红色基地实践团,返家乡实践,红色基地研学,汽车工程学院,2025-07-04,2025-07-18,待审核,,
202400400,赴东营科技支农实践团,企业实习实践,科技支农帮扶,汽车工程学院,2026-07-01,2026-07-27,通过,张伟,符合认定条件，通过
202400401,赴日照黄河流域实践团,自主实践团队,黄河流域生态考察,校团委,2025-07-03,2025-07-17,通过,张伟,佐证材料完整，予以通过
202400401,赴青岛汽车产业实践团,自主实践团队,汽车产业链调研,威海团市委,2026-07-10,2026-07-18,通过,张伟,符合认定条件，通过
202400402,赴日照社区志愿实践团,返家乡实践,社区志愿服务,汽车工程学院,2025-07-05,2025-07-22,通过,张伟,符合认定条件，通过
202400402,赴日照科技支农实践团,院级重点团队,科技支农帮扶,校团委,2026-07-06,2026-07-15,通过,张伟,佐证材料完整，予以通过
202400403,赴德州红色基地实践团,校级重点团队,红色基地研学,威海团市委,2025-07-08,2025-07-26,通过,张伟,符合认定条件，通过
202400403,赴日照乡村振兴实践团,返家乡实践,乡村振兴调研,威海团市委,2026-07-01,2026-07-21,待审核,,
202400404,赴烟台红色基地实践团,校级重点团队,红色基地研学,汽车工程学院,2025-07-10,2025-07-22,通过,张伟,符合认定条件，通过
202400404,赴聊城乡村振兴实践团,返家乡实践,乡村振兴调研,汽车工程学院,2026-07-05,2026-07-24,通过,张伟,材料齐全，同意认定
202400405,赴聊城乡村振兴实践团,自主实践团队,乡村振兴调研,威海团市委,2025-07-05,2025-07-19,待审核,,
202400405,赴日照汽车产业实践团,自主实践团队,汽车产业链调研,汽车工程学院,2026-07-09,2026-07-24,通过,张伟,材料齐全，同意认定
202400406,赴潍坊企业走访实践团,企业实习实践,企业走访见习,汽车工程学院,2025-07-02,2025-07-26,通过,张伟,符合认定条件，通过
202400406,赴临沂汽车产业实践团,自主实践团队,汽车产业链调研,威海团市委,2026-07-10,2026-07-21,通过,张伟,佐证材料完整，予以通过
202400407,赴淄博黄河流域实践团,院级重点团队,黄河流域生态考察,威海团市委,2025-07-09,2025-07-27,通过,张伟,佐证材料完整，予以通过
202400407,赴枣庄社区志愿实践团,企业实习实践,社区志愿服务,汽车工程学院,2026-07-06,2026-07-24,通过,张伟,符合认定条件，通过
202400408,赴潍坊红色基因实践团,企业实习实践,红色基因传承,校团委,2025-07-04,2025-07-28,通过,张伟,符合认定条件，通过
202400408,赴威海社区志愿实践团,校级重点团队,社区志愿服务,汽车工程学院,2026-07-06,2026-07-17,通过,张伟,材料齐全，同意认定
202400409,赴济宁黄河流域实践团,企业实习实践,黄河流域生态考察,校团委,2025-07-04,2025-07-25,通过,张伟,佐证材料完整，予以通过
202400409,赴聊城科技支农实践团,返家乡实践,科技支农帮扶,汽车工程学院,2026-07-10,2026-07-15,待审核,,
202400410,赴德州海洋生态实践团,返家乡实践,海洋生态保护宣传,校团委,2025-07-02,2025-07-15,待审核,,
202400410,赴东营红色基因实践团,校级重点团队,红色基因传承,汽车工程学院,2026-07-01,2026-07-23,通过,张伟,佐证材料完整，予以通过
202400411,赴德州关爱留守实践团,自主实践团队,关爱留守儿童,校团委,2025-07-04,2025-07-21,通过,张伟,材料齐全，同意认定
202400411,赴济南科技支农实践团,自主实践团队,科技支农帮扶,威海团市委,2026-07-07,2026-07-28,通过,张伟,材料齐全，同意认定
202400412,赴威海科技支农实践团,返家乡实践,科技支农帮扶,威海团市委,2025-07-08,2025-07-15,待审核,,
202400412,赴东营企业走访实践团,自主实践团队,企业走访见习,威海团市委,2026-07-06,2026-07-23,待审核,,
202400413,赴烟台海洋生态实践团,自主实践团队,海洋生态保护宣传,威海团市委,2025-07-02,2025-07-16,通过,张伟,材料齐全，同意认定
202400413,赴泰安乡村振兴实践团,校级重点团队,乡村振兴调研,威海团市委,2026-07-03,2026-07-23,待审核,,
202400414,赴临沂红色基因实践团,校级重点团队,红色基因传承,威海团市委,2025-07-01,2025-07-22,通过,张伟,符合认定条件，通过
202400414,赴聊城汽车产业实践团,校级重点团队,汽车产业链调研,威海团市委,2026-07-09,2026-07-25,通过,张伟,佐证材料完整，予以通过
202400415,赴潍坊海洋生态实践团,院级重点团队,海洋生态保护宣传,校团委,2025-07-01,2025-07-27,通过,张伟,材料齐全，同意认定
202400415,赴淄博红色基因实践团,自主实践团队,红色基因传承,威海团市委,2026-07-09,2026-07-23,通过,张伟,材料齐全，同意认定
202400416,赴德州乡村振兴实践团,院级重点团队,乡村振兴调研,汽车工程学院,2025-07-09,2025-07-16,通过,张伟,佐证材料完整，予以通过
202400416,赴济南黄河流域实践团,返家乡实践,黄河流域生态考察,威海团市委,2026-07-05,2026-07-21,通过,张伟,符合认定条件，通过
202400417,赴淄博乡村振兴实践团,返家乡实践,乡村振兴调研,汽车工程学院,2025-07-01,2025-07-26,通过,张伟,材料齐全，同意认定
202400417,赴枣庄红色基因实践团,企业实习实践,红色基因传承,校团委,2026-07-10,2026-07-21,通过,张伟,符合认定条件，通过
202400418,赴德州黄河流域实践团,企业实习实践,黄河流域生态考察,威海团市委,2025-07-07,2025-07-15,公示中,张伟,材料齐全，同意认定
202400418,赴济南汽车产业实践团,返家乡实践,汽车产业链调研,威海团市委,2026-07-07,2026-07-19,待审核,,
202400419,赴泰安海洋生态实践团,自主实践团队,海洋生态保护宣传,校团委,2025-07-01,2025-07-20,待审核,,
202400419,赴威海乡村振兴实践团,企业实习实践,乡村振兴调研,汽车工程学院,2026-07-09,2026-07-15,通过,张伟,佐证材料完整，予以通过
202400420,赴烟台海洋生态实践团,院级重点团队,海洋生态保护宣传,汽车工程学院,2025-07-03,2025-07-18,通过,张伟,材料齐全，同意认定
202400420,赴淄博黄河流域实践团,校级重点团队,黄河流域生态考察,汽车工程学院,2026-07-03,2026-07-28,通过,张伟,佐证材料完整，予以通过
202400421,赴烟台乡村振兴实践团,自主实践团队,乡村振兴调研,威海团市委,2025-07-03,2025-07-16,通过,张伟,佐证材料完整，予以通过
202400421,赴淄博汽车产业实践团,院级重点团队,汽车产业链调研,校团委,2026-07-03,2026-07-19,通过,张伟,材料齐全，同意认定
202400422,赴潍坊黄河流域实践团,返家乡实践,黄河流域生态考察,汽车工程学院,2025-07-10,2025-07-16,通过,张伟,符合认定条件，通过
202400422,赴泰安关爱留守实践团,自主实践团队,关爱留守儿童,校团委,2026-07-05,2026-07-26,待审核,,
202400423,赴东营黄河流域实践团,返家乡实践,黄河流域生态考察,威海团市委,2025-07-05,2025-07-18,通过,张伟,佐证材料完整，予以通过
202400423,赴烟台乡村振兴实践团,校级重点团队,乡村振兴调研,汽车工程学院,2026-07-07,2026-07-17,通过,张伟,材料齐全，同意认定
202400424,赴聊城关爱留守实践团,返家乡实践,关爱留守儿童,汽车工程学院,2025-07-09,2025-07-15,通过,张伟,符合认定条件，通过
202400424,赴潍坊乡村振兴实践团,校级重点团队,乡村振兴调研,校团委,2026-07-09,2026-07-21,待审核,,
202400425,赴潍坊海洋生态实践团,校级重点团队,海洋生态保护宣传,汽车工程学院,2025-07-04,2025-07-28,通过,张伟,佐证材料完整，予以通过
202400425,赴淄博科技支农实践团,院级重点团队,科技支农帮扶,威海团市委,2026-07-03,2026-07-17,通过,张伟,佐证材料完整，予以通过
202400426,赴潍坊科技支农实践团,自主实践团队,科技支农帮扶,汽车工程学院,2025-07-02,2025-07-24,通过,张伟,佐证材料完整，予以通过
202400426,赴威海红色基地实践团,校级重点团队,红色基地研学,汽车工程学院,2026-07-06,2026-07-19,待审核,,
202400427,赴德州红色基地实践团,校级重点团队,红色基地研学,汽车工程学院,2025-07-09,2025-07-22,通过,张伟,符合认定条件，通过
202400427,赴聊城红色基地实践团,自主实践团队,红色基地研学,威海团市委,2026-07-08,2026-07-18,待审核,,
202400428,赴德州黄河流域实践团,返家乡实践,黄河流域生态考察,汽车工程学院,2025-07-06,2025-07-19,通过,张伟,符合认定条件，通过
202400428,赴聊城汽车产业实践团,校级重点团队,汽车产业链调研,汽车工程学院,2026-07-03,2026-07-15,通过,张伟,符合认定条件，通过
202400429,赴枣庄社区志愿实践团,企业实习实践,社区志愿服务,校团委,2025-07-05,2025-07-15,公示中,张伟,符合认定条件，通过
202400429,赴淄博海洋生态实践团,企业实习实践,海洋生态保护宣传,汽车工程学院,2026-07-10,2026-07-26,通过,张伟,材料齐全，同意认定
202400430,赴临沂海洋生态实践团,校级重点团队,海洋生态保护宣传,威海团市委,2025-07-07,2025-07-24,通过,张伟,符合认定条件，通过
202400430,赴日照社区志愿实践团,校级重点团队,社区志愿服务,威海团市委,2026-07-08,2026-07-17,待审核,,
202400431,赴聊城科技支农实践团,自主实践团队,科技支农帮扶,汽车工程学院,2025-07-04,2025-07-18,待审核,,
202400431,赴威海海洋生态实践团,自主实践团队,海洋生态保护宣传,威海团市委,2026-07-07,2026-07-22,驳回,张伟,时间信息有误，请核对后重新提交
202400432,赴烟台黄河流域实践团,自主实践团队,黄河流域生态考察,校团委,2025-07-06,2025-07-20,通过,张伟,符合认定条件，通过
202400432,赴临沂企业走访实践团,院级重点团队,企业走访见习,汽车工程学院,2026-07-05,2026-07-20,通过,张伟,符合认定条件，通过
202400433,赴潍坊乡村振兴实践团,自主实践团队,乡村振兴调研,威海团市委,2025-07-04,2025-07-18,驳回,张伟,材料不完整，请补充佐证后重新提交
202400433,赴济南红色基地实践团,返家乡实践,红色基地研学,校团委,2026-07-05,2026-07-20,通过,张伟,材料齐全，同意认定
202400434,赴烟台乡村振兴实践团,返家乡实践,乡村振兴调研,校团委,2025-07-02,2025-07-25,驳回,张伟,认定依据不足，请补充说明材料
202400434,赴烟台汽车产业实践团,企业实习实践,汽车产业链调研,威海团市委,2026-07-03,2026-07-19,通过,张伟,材料齐全，同意认定
202400435,赴临沂企业走访实践团,自主实践团队,企业走访见习,汽车工程学院,2025-07-03,2025-07-28,通过,张伟,佐证材料完整，予以通过
202400435,赴济南社区志愿实践团,校级重点团队,社区志愿服务,汽车工程学院,2026-07-09,2026-07-22,通过,张伟,材料齐全，同意认定
202400436,赴枣庄社区志愿实践团,院级重点团队,社区志愿服务,汽车工程学院,2025-07-02,2025-07-26,待审核,,
202400436,赴枣庄企业走访实践团,自主实践团队,企业走访见习,校团委,2026-07-05,2026-07-23,驳回,张伟,时间信息有误，请核对后重新提交
202400437,赴烟台关爱留守实践团,企业实习实践,关爱留守儿童,汽车工程学院,2025-07-03,2025-07-20,通过,周建军,符合认定条件，通过
202400437,赴聊城关爱留守实践团,企业实习实践,关爱留守儿童,汽车工程学院,2026-07-10,2026-07-26,待审核,,
202400438,赴东营汽车产业实践团,校级重点团队,汽车产业链调研,校团委,2025-07-06,2025-07-20,通过,周建军,佐证材料完整，予以通过
202400438,赴威海红色基地实践团,企业实习实践,红色基地研学,校团委,2026-07-06,2026-07-23,待审核,,
202400439,赴济南红色基因实践团,校级重点团队,红色基因传承,校团委,2025-07-03,2025-07-24,通过,周建军,材料齐全，同意认定
202400439,赴济宁企业走访实践团,企业实习实践,企业走访见习,威海团市委,2026-07-01,2026-07-22,待审核,,
202400440,赴德州黄河流域实践团,返家乡实践,黄河流域生态考察,汽车工程学院,2025-07-08,2025-07-23,通过,周建军,符合认定条件，通过
202400440,赴威海黄河流域实践团,企业实习实践,黄河流域生态考察,汽车工程学院,2026-07-01,2026-07-22,通过,周建军,材料齐全，同意认定
202400441,赴济南红色基地实践团,自主实践团队,红色基地研学,威海团市委,2025-07-03,2025-07-28,通过,周建军,佐证材料完整，予以通过
202400441,赴临沂科技支农实践团,校级重点团队,科技支农帮扶,校团委,2026-07-10,2026-07-26,通过,周建军,符合认定条件，通过
202400442,赴济南黄河流域实践团,自主实践团队,黄河流域生态考察,威海团市委,2025-07-01,2025-07-15,通过,周建军,符合认定条件，通过
202400442,赴东营黄河流域实践团,企业实习实践,黄河流域生态考察,汽车工程学院,2026-07-09,2026-07-25,通过,周建军,佐证材料完整，予以通过
202400443,赴济宁关爱留守实践团,自主实践团队,关爱留守儿童,威海团市委,2025-07-07,2025-07-18,通过,周建军,材料齐全，同意认定
202400443,赴潍坊关爱留守实践团,返家乡实践,关爱留守儿童,汽车工程学院,2026-07-03,2026-07-28,通过,周建军,符合认定条件，通过
202400444,赴枣庄乡村振兴实践团,院级重点团队,乡村振兴调研,汽车工程学院,2025-07-07,2025-07-21,驳回,周建军,盖章缺失，请重新上传完整材料
202400444,赴烟台企业走访实践团,企业实习实践,企业走访见习,威海团市委,2026-07-05,2026-07-28,待审核,,
202400445,赴淄博乡村振兴实践团,企业实习实践,乡村振兴调研,汽车工程学院,2025-07-09,2025-07-19,通过,周建军,符合认定条件，通过
202400445,赴德州科技支农实践团,校级重点团队,科技支农帮扶,汽车工程学院,2026-07-10,2026-07-21,通过,周建军,佐证材料完整，予以通过
202400446,赴临沂红色基因实践团,校级重点团队,红色基因传承,校团委,2025-07-08,2025-07-28,待审核,,
202400446,赴青岛关爱留守实践团,返家乡实践,关爱留守儿童,校团委,2026-07-01,2026-07-18,待审核,,
202400447,赴淄博企业走访实践团,校级重点团队,企业走访见习,校团委,2025-07-03,2025-07-21,通过,周建军,佐证材料完整，予以通过
202400447,赴临沂海洋生态实践团,校级重点团队,海洋生态保护宣传,校团委,2026-07-05,2026-07-17,通过,周建军,符合认定条件，通过
202400448,赴枣庄科技支农实践团,院级重点团队,科技支农帮扶,校团委,2025-07-08,2025-07-26,通过,周建军,符合认定条件，通过
202400448,赴威海汽车产业实践团,返家乡实践,汽车产业链调研,校团委,2026-07-08,2026-07-26,驳回,周建军,盖章缺失，请重新上传完整材料
202400449,赴威海黄河流域实践团,企业实习实践,黄河流域生态考察,校团委,2025-07-09,2025-07-28,通过,周建军,佐证材料完整，予以通过
202400449,赴淄博乡村振兴实践团,自主实践团队,乡村振兴调研,汽车工程学院,2026-07-08,2026-07-27,待审核,,
202400450,赴枣庄海洋生态实践团,自主实践团队,海洋生态保护宣传,威海团市委,2025-07-02,2025-07-21,通过,周建军,材料齐全，同意认定
202400450,赴德州关爱留守实践团,院级重点团队,关爱留守儿童,校团委,2026-07-02,2026-07-25,驳回,周建军,时间信息有误，请核对后重新提交
202400451,赴东营红色基因实践团,自主实践团队,红色基因传承,汽车工程学院,2025-07-04,2025-07-25,通过,周建军,符合认定条件，通过
202400451,赴德州乡村振兴实践团,返家乡实践,乡村振兴调研,威海团市委,2026-07-01,2026-07-20,待审核,,
202400452,赴德州企业走访实践团,院级重点团队,企业走访见习,威海团市委,2025-07-09,2025-07-17,待审核,,
202400452,赴青岛科技支农实践团,校级重点团队,科技支农帮扶,威海团市委,2026-07-08,2026-07-17,通过,周建军,材料齐全，同意认定
202400453,赴济南社区志愿实践团,企业实习实践,社区志愿服务,汽车工程学院,2025-07-01,2025-07-17,公示中,周建军,材料齐全，同意认定
202400453,赴泰安红色基地实践团,院级重点团队,红色基地研学,汽车工程学院,2026-07-01,2026-07-26,待审核,,
202400454,赴日照科技支农实践团,自主实践团队,科技支农帮扶,校团委,2025-07-02,2025-07-25,待审核,,
202400454,赴聊城科技支农实践团,自主实践团队,科技支农帮扶,汽车工程学院,2026-07-03,2026-07-26,通过,周建军,佐证材料完整，予以通过
202400455,赴淄博企业走访实践团,返家乡实践,企业走访见习,威海团市委,2025-07-08,2025-07-24,通过,周建军,符合认定条件，通过
202400455,赴济南科技支农实践团,校级重点团队,科技支农帮扶,威海团市委,2026-07-10,2026-07-23,通过,周建军,符合认定条件，通过
202400456,赴泰安科技支农实践团,企业实习实践,科技支农帮扶,校团委,2025-07-04,2025-07-15,通过,周建军,材料齐全，同意认定
202400456,赴济南黄河流域实践团,院级重点团队,黄河流域生态考察,威海团市委,2026-07-08,2026-07-15,通过,周建军,符合认定条件，通过
202400457,赴威海社区志愿实践团,企业实习实践,社区志愿服务,威海团市委,2025-07-02,2025-07-23,待审核,,
202400457,赴聊城黄河流域实践团,自主实践团队,黄河流域生态考察,威海团市委,2026-07-09,2026-07-24,待审核,,
202400458,赴淄博汽车产业实践团,企业实习实践,汽车产业链调研,汽车工程学院,2025-07-09,2025-07-21,通过,周建军,材料齐全，同意认定
202400458,赴烟台汽车产业实践团,院级重点团队,汽车产业链调研,校团委,2026-07-02,2026-07-27,通过,周建军,符合认定条件，通过
202400459,赴济南关爱留守实践团,院级重点团队,关爱留守儿童,校团委,2025-07-01,2025-07-22,驳回,周建军,时间信息有误，请核对后重新提交
202400459,赴青岛企业走访实践团,院级重点团队,企业走访见习,汽车工程学院,2026-07-06,2026-07-26,通过,周建军,符合认定条件，通过
202400460,赴济南红色基因实践团,院级重点团队,红色基因传承,汽车工程学院,2025-07-10,2025-07-26,通过,周建军,材料齐全，同意认定
202400460,赴枣庄黄河流域实践团,返家乡实践,黄河流域生态考察,威海团市委,2026-07-10,2026-07-21,通过,周建军,符合认定条件，通过
202400461,赴聊城红色基因实践团,自主实践团队,红色基因传承,汽车工程学院,2025-07-01,2025-07-26,通过,周建军,材料齐全，同意认定
202400461,赴临沂社区志愿实践团,校级重点团队,社区志愿服务,汽车工程学院,2026-07-05,2026-07-15,通过,周建军,符合认定条件，通过
202400462,赴济南黄河流域实践团,院级重点团队,黄河流域生态考察,汽车工程学院,2025-07-09,2025-07-17,待审核,,
202400462,赴青岛海洋生态实践团,校级重点团队,海洋生态保护宣传,威海团市委,2026-07-10,2026-07-16,待审核,,
202400463,赴枣庄乡村振兴实践团,企业实习实践,乡村振兴调研,汽车工程学院,2025-07-10,2025-07-16,驳回,周建军,盖章缺失，请重新上传完整材料
202400463,赴烟台汽车产业实践团,企业实习实践,汽车产业链调研,汽车工程学院,2026-07-03,2026-07-16,驳回,周建军,认定依据不足，请补充说明材料
202400464,赴潍坊乡村振兴实践团,自主实践团队,乡村振兴调研,汽车工程学院,2025-07-09,2025-07-15,通过,周建军,材料齐全，同意认定
202400464,赴枣庄社区志愿实践团,返家乡实践,社区志愿服务,威海团市委,2026-07-05,2026-07-15,驳回,周建军,认定依据不足，请补充说明材料
202400465,赴济南关爱留守实践团,返家乡实践,关爱留守儿童,威海团市委,2025-07-05,2025-07-18,驳回,周建军,时间信息有误，请核对后重新提交
202400465,赴日照汽车产业实践团,院级重点团队,汽车产业链调研,汽车工程学院,2026-07-10,2026-07-26,公示中,周建军,符合认定条件，通过
202400466,赴威海红色基因实践团,企业实习实践,红色基因传承,威海团市委,2025-07-03,2025-07-21,通过,周建军,符合认定条件，通过
202400466,赴济南企业走访实践团,返家乡实践,企业走访见习,汽车工程学院,2026-07-01,2026-07-21,待审核,,
202400467,赴济宁关爱留守实践团,自主实践团队,关爱留守儿童,校团委,2025-07-10,2025-07-23,通过,周建军,佐证材料完整，予以通过
202400467,赴济南社区志愿实践团,企业实习实践,社区志愿服务,威海团市委,2026-07-09,2026-07-17,驳回,周建军,盖章缺失，请重新上传完整材料
202400468,赴聊城汽车产业实践团,返家乡实践,汽车产业链调研,校团委,2025-07-05,2025-07-23,通过,周建军,佐证材料完整，予以通过
202400468,赴东营红色基地实践团,院级重点团队,红色基地研学,威海团市委,2026-07-03,2026-07-24,公示中,周建军,材料齐全，同意认定
202400469,赴淄博科技支农实践团,返家乡实践,科技支农帮扶,汽车工程学院,2025-07-06,2025-07-27,驳回,周建军,认定依据不足，请补充说明材料
202400469,赴烟台社区志愿实践团,自主实践团队,社区志愿服务,威海团市委,2026-07-01,2026-07-15,通过,周建军,材料齐全，同意认定
202400470,赴东营汽车产业实践团,校级重点团队,汽车产业链调研,校团委,2025-07-08,2025-07-25,通过,周建军,材料齐全，同意认定
202400470,赴淄博企业走访实践团,校级重点团队,企业走访见习,汽车工程学院,2026-07-08,2026-07-28,通过,周建军,佐证材料完整，予以通过
202400471,赴济宁红色基因实践团,返家乡实践,红色基因传承,威海团市委,2025-07-07,2025-07-21,通过,周建军,材料齐全，同意认定
202400471,赴枣庄社区志愿实践团,自主实践团队,社区志愿服务,威海团市委,2026-07-06,2026-07-26,驳回,周建军,盖章缺失，请重新上传完整材料
202400472,赴济南社区志愿实践团,返家乡实践,社区志愿服务,汽车工程学院,2025-07-04,2025-07-20,通过,周建军,材料齐全，同意认定
202400472,赴济南关爱留守实践团,企业实习实践,关爱留守儿童,威海团市委,2026-07-09,2026-07-25,待审核,,
202400473,赴东营黄河流域实践团,企业实习实践,黄河流域生态考察,威海团市委,2025-07-09,2025-07-28,公示中,周建军,符合认定条件，通过
202400473,赴青岛企业走访实践团,自主实践团队,企业走访见习,威海团市委,2026-07-01,2026-07-23,公示中,周建军,佐证材料完整，予以通过
202400474,赴淄博汽车产业实践团,返家乡实践,汽车产业链调研,威海团市委,2025-07-07,2025-07-18,通过,周建军,材料齐全，同意认定
202400474,赴威海红色基因实践团,自主实践团队,红色基因传承,威海团市委,2026-07-10,2026-07-26,通过,周建军,佐证材料完整，予以通过
202400475,赴泰安企业走访实践团,自主实践团队,企业走访见习,威海团市委,2025-07-07,2025-07-27,通过,周建军,材料齐全，同意认定
202400475,赴聊城汽车产业实践团,自主实践团队,汽车产业链调研,汽车工程学院,2026-07-02,2026-07-18,通过,周建军,符合认定条件，通过
202400476,赴烟台红色基因实践团,企业实习实践,红色基因传承,校团委,2025-07-04,2025-07-18,通过,周建军,材料齐全，同意认定
202400476,赴淄博汽车产业实践团,自主实践团队,汽车产业链调研,汽车工程学院,2026-07-10,2026-07-25,通过,周建军,材料齐全，同意认定
202400477,赴泰安科技支农实践团,自主实践团队,科技支农帮扶,汽车工程学院,2025-07-05,2025-07-24,通过,周建军,佐证材料完整，予以通过
202400477,赴烟台黄河流域实践团,企业实习实践,黄河流域生态考察,威海团市委,2026-07-05,2026-07-28,通过,周建军,佐证材料完整，予以通过
202400478,赴青岛社区志愿实践团,院级重点团队,社区志愿服务,威海团市委,2025-07-06,2025-07-21,公示中,周建军,材料齐全，同意认定
202400478,赴东营乡村振兴实践团,自主实践团队,乡村振兴调研,威海团市委,2026-07-06,2026-07-18,通过,周建军,符合认定条件，通过
202400479,赴临沂企业走访实践团,自主实践团队,企业走访见习,汽车工程学院,2025-07-08,2025-07-23,通过,周建军,佐证材料完整，予以通过
202400479,赴济南海洋生态实践团,企业实习实践,海洋生态保护宣传,汽车工程学院,2026-07-02,2026-07-24,通过,周建军,符合认定条件，通过
202400480,赴临沂黄河流域实践团,返家乡实践,黄河流域生态考察,威海团市委,2025-07-04,2025-07-27,通过,周建军,材料齐全，同意认定
202400480,赴泰安关爱留守实践团,院级重点团队,关爱留守儿童,威海团市委,2026-07-02,2026-07-17,通过,周建军,符合认定条件，通过
202400481,赴淄博海洋生态实践团,企业实习实践,海洋生态保护宣传,威海团市委,2025-07-06,2025-07-26,驳回,周建军,时间信息有误，请核对后重新提交
202400481,赴烟台海洋生态实践团,返家乡实践,海洋生态保护宣传,威海团市委,2026-07-08,2026-07-15,通过,周建军,材料齐全，同意认定
202400482,赴聊城企业走访实践团,自主实践团队,企业走访见习,校团委,2025-07-09,2025-07-28,通过,周建军,材料齐全，同意认定
202400482,赴潍坊红色基地实践团,自主实践团队,红色基地研学,汽车工程学院,2026-07-01,2026-07-18,待审核,,
202400483,赴淄博红色基因实践团,返家乡实践,红色基因传承,校团委,2025-07-04,2025-07-17,通过,周建军,材料齐全，同意认定
202400483,赴泰安社区志愿实践团,校级重点团队,社区志愿服务,汽车工程学院,2026-07-07,2026-07-27,通过,周建军,符合认定条件，通过
202400484,赴青岛黄河流域实践团,返家乡实践,黄河流域生态考察,校团委,2025-07-04,2025-07-25,通过,周建军,符合认定条件，通过
202400484,赴泰安黄河流域实践团,企业实习实践,黄河流域生态考察,校团委,2026-07-03,2026-07-19,公示中,周建军,材料齐全，同意认定
202400485,赴济宁乡村振兴实践团,企业实习实践,乡村振兴调研,校团委,2025-07-05,2025-07-21,待审核,,
202400485,赴青岛红色基地实践团,校级重点团队,红色基地研学,汽车工程学院,2026-07-08,2026-07-20,通过,周建军,材料齐全，同意认定
202400486,赴聊城社区志愿实践团,自主实践团队,社区志愿服务,威海团市委,2025-07-04,2025-07-18,待审核,,
202400486,赴威海乡村振兴实践团,企业实习实践,乡村振兴调研,校团委,2026-07-02,2026-07-16,通过,周建军,材料齐全，同意认定
202400487,赴潍坊科技支农实践团,院级重点团队,科技支农帮扶,威海团市委,2025-07-10,2025-07-26,通过,周建军,符合认定条件，通过
202400487,赴淄博红色基因实践团,返家乡实践,红色基因传承,校团委,2026-07-05,2026-07-28,待审核,,
202400488,赴潍坊社区志愿实践团,校级重点团队,社区志愿服务,威海团市委,2025-07-04,2025-07-18,通过,周建军,佐证材料完整，予以通过
202400488,赴东营科技支农实践团,企业实习实践,科技支农帮扶,校团委,2026-07-03,2026-07-17,待审核,,
202400489,赴聊城红色基因实践团,院级重点团队,红色基因传承,汽车工程学院,2025-07-10,2025-07-21,通过,周建军,材料齐全，同意认定
202400489,赴烟台企业走访实践团,返家乡实践,企业走访见习,汽车工程学院,2026-07-08,2026-07-28,驳回,周建军,时间信息有误，请核对后重新提交
202400490,赴泰安关爱留守实践团,校级重点团队,关爱留守儿童,威海团市委,2025-07-10,2025-07-25,通过,周建军,符合认定条件，通过
202400490,赴泰安企业走访实践团,返家乡实践,企业走访见习,校团委,2026-07-08,2026-07-23,通过,周建军,佐证材料完整，予以通过
202400491,赴济宁海洋生态实践团,企业实习实践,海洋生态保护宣传,校团委,2025-07-01,2025-07-21,驳回,周建军,盖章缺失，请重新上传完整材料
202400491,赴烟台社区志愿实践团,自主实践团队,社区志愿服务,校团委,2026-07-09,2026-07-15,驳回,周建军,时间信息有误，请核对后重新提交
202400492,赴济南黄河流域实践团,校级重点团队,黄河流域生态考察,汽车工程学院,2025-07-01,2025-07-18,通过,周建军,材料齐全，同意认定
202400492,赴青岛红色基地实践团,自主实践团队,红色基地研学,威海团市委,2026-07-06,2026-07-21,待审核,,
202400493,赴青岛科技支农实践团,院级重点团队,科技支农帮扶,威海团市委,2025-07-06,2025-07-21,通过,周建军,佐证材料完整，予以通过
202400493,赴潍坊红色基地实践团,企业实习实践,红色基地研学,汽车工程学院,2026-07-02,2026-07-26,驳回,周建军,时间信息有误，请核对后重新提交
202400494,赴烟台关爱留守实践团,校级重点团队,关爱留守儿童,校团委,2025-07-04,2025-07-16,通过,周建军,符合认定条件，通过
202400494,赴日照企业走访实践团,院级重点团队,企业走访见习,汽车工程学院,2026-07-09,2026-07-24,通过,周建军,佐证材料完整，予以通过
202400495,赴临沂黄河流域实践团,校级重点团队,黄河流域生态考察,威海团市委,2025-07-10,2025-07-23,通过,周建军,符合认定条件，通过
202400495,赴东营红色基地实践团,院级重点团队,红色基地研学,威海团市委,2026-07-08,2026-07-19,通过,周建军,佐证材料完整，予以通过
202400496,赴青岛黄河流域实践团,返家乡实践,黄河流域生态考察,校团委,2025-07-05,2025-07-24,通过,周建军,材料齐全，同意认定
202400496,赴聊城红色基因实践团,院级重点团队,红色基因传承,汽车工程学院,2026-07-01,2026-07-16,通过,周建军,佐证材料完整，予以通过
202400497,赴潍坊关爱留守实践团,企业实习实践,关爱留守儿童,威海团市委,2025-07-09,2025-07-21,通过,周建军,材料齐全，同意认定
202400497,赴枣庄黄河流域实践团,企业实习实践,黄河流域生态考察,威海团市委,2026-07-02,2026-07-19,通过,周建军,符合认定条件，通过
202400498,赴济宁海洋生态实践团,自主实践团队,海洋生态保护宣传,威海团市委,2025-07-08,2025-07-20,待审核,,
202400498,赴聊城红色基因实践团,企业实习实践,红色基因传承,校团委,2026-07-01,2026-07-15,通过,周建军,符合认定条件，通过
202400499,赴临沂汽车产业实践团,自主实践团队,汽车产业链调研,威海团市委,2025-07-04,2025-07-28,待审核,,
202400499,赴日照黄河流域实践团,自主实践团队,黄河流域生态考察,汽车工程学院,2026-07-01,2026-07-17,通过,周建军,符合认定条件，通过
202400500,赴临沂黄河流域实践团,返家乡实践,黄河流域生态考察,校团委,2025-07-05,2025-07-18,驳回,周建军,盖章缺失，请重新上传完整材料
202400500,赴德州社区志愿实践团,校级重点团队,社区志愿服务,汽车工程学院,2026-07-07,2026-07-17,通过,周建军,材料齐全，同意认定
202400501,赴济宁科技支农实践团,院级重点团队,科技支农帮扶,汽车工程学院,2025-07-03,2025-07-24,通过,周建军,符合认定条件，通过
202400501,赴济宁红色基因实践团,返家乡实践,红色基因传承,校团委,2026-07-10,2026-07-20,通过,周建军,佐证材料完整，予以通过
202400502,赴淄博关爱留守实践团,自主实践团队,关爱留守儿童,汽车工程学院,2025-07-05,2025-07-22,驳回,周建军,时间信息有误，请核对后重新提交
202400502,赴泰安海洋生态实践团,校级重点团队,海洋生态保护宣传,汽车工程学院,2026-07-05,2026-07-21,通过,周建军,材料齐全，同意认定
202400503,赴枣庄科技支农实践团,返家乡实践,科技支农帮扶,威海团市委,2025-07-03,2025-07-28,通过,周建军,材料齐全，同意认定
202400503,赴威海汽车产业实践团,自主实践团队,汽车产业链调研,汽车工程学院,2026-07-08,2026-07-19,通过,周建军,材料齐全，同意认定
202400504,赴济南关爱留守实践团,校级重点团队,关爱留守儿童,汽车工程学院,2025-07-09,2025-07-17,通过,周建军,佐证材料完整，予以通过
202400504,赴淄博红色基因实践团,校级重点团队,红色基因传承,威海团市委,2026-07-08,2026-07-28,通过,周建军,佐证材料完整，予以通过
202400505,赴日照关爱留守实践团,校级重点团队,关爱留守儿童,威海团市委,2025-07-01,2025-07-28,通过,孙丽华,佐证材料完整，予以通过
202400505,赴日照红色基地实践团,企业实习实践,红色基地研学,威海团市委,2026-07-03,2026-07-25,通过,孙丽华,符合认定条件，通过
202400506,赴枣庄红色基因实践团,返家乡实践,红色基因传承,汽车工程学院,2025-07-04,2025-07-24,通过,孙丽华,佐证材料完整，予以通过
202400506,赴潍坊海洋生态实践团,返家乡实践,海洋生态保护宣传,汽车工程学院,2026-07-03,2026-07-19,通过,孙丽华,符合认定条件，通过
202400507,赴淄博海洋生态实践团,自主实践团队,海洋生态保护宣传,校团委,2025-07-02,2025-07-17,通过,孙丽华,符合认定条件，通过
202400507,赴枣庄黄河流域实践团,返家乡实践,黄河流域生态考察,校团委,2026-07-09,2026-07-17,通过,孙丽华,符合认定条件，通过
202400508,赴东营社区志愿实践团,返家乡实践,社区志愿服务,汽车工程学院,2025-07-08,2025-07-22,驳回,孙丽华,盖章缺失，请重新上传完整材料
202400508,赴青岛社区志愿实践团,自主实践团队,社区志愿服务,校团委,2026-07-02,2026-07-18,通过,孙丽华,佐证材料完整，予以通过
202400509,赴济宁汽车产业实践团,返家乡实践,汽车产业链调研,汽车工程学院,2025-07-06,2025-07-22,通过,孙丽华,佐证材料完整，予以通过
202400509,赴青岛汽车产业实践团,校级重点团队,汽车产业链调研,汽车工程学院,2026-07-03,2026-07-28,通过,孙丽华,符合认定条件，通过
202400510,赴德州红色基地实践团,校级重点团队,红色基地研学,汽车工程学院,2025-07-05,2025-07-28,待审核,,
202400510,赴德州社区志愿实践团,企业实习实践,社区志愿服务,威海团市委,2026-07-05,2026-07-22,通过,孙丽华,佐证材料完整，予以通过
202400511,赴济南社区志愿实践团,自主实践团队,社区志愿服务,校团委,2025-07-04,2025-07-21,通过,孙丽华,材料齐全，同意认定
202400511,赴济宁红色基地实践团,自主实践团队,红色基地研学,汽车工程学院,2026-07-03,2026-07-20,通过,孙丽华,符合认定条件，通过
202400512,赴德州汽车产业实践团,自主实践团队,汽车产业链调研,汽车工程学院,2025-07-09,2025-07-28,驳回,孙丽华,盖章缺失，请重新上传完整材料
202400512,赴潍坊红色基因实践团,校级重点团队,红色基因传承,威海团市委,2026-07-03,2026-07-28,通过,孙丽华,符合认定条件，通过
202400513,赴枣庄红色基地实践团,院级重点团队,红色基地研学,汽车工程学院,2025-07-04,2025-07-16,通过,孙丽华,符合认定条件，通过
202400513,赴泰安社区志愿实践团,自主实践团队,社区志愿服务,汽车工程学院,2026-07-10,2026-07-15,待审核,,
202400514,赴日照红色基因实践团,自主实践团队,红色基因传承,威海团市委,2025-07-04,2025-07-16,通过,孙丽华,材料齐全，同意认定
202400514,赴济宁社区志愿实践团,校级重点团队,社区志愿服务,汽车工程学院,2026-07-06,2026-07-26,通过,孙丽华,符合认定条件，通过
202400515,赴济南红色基地实践团,院级重点团队,红色基地研学,威海团市委,2025-07-08,2025-07-17,通过,孙丽华,符合认定条件，通过
202400515,赴济宁企业走访实践团,返家乡实践,企业走访见习,威海团市委,2026-07-06,2026-07-22,驳回,孙丽华,认定依据不足，请补充说明材料
202400516,赴济宁社区志愿实践团,返家乡实践,社区志愿服务,威海团市委,2025-07-04,2025-07-22,通过,孙丽华,材料齐全，同意认定
202400516,赴临沂企业走访实践团,校级重点团队,企业走访见习,汽车工程学院,2026-07-05,2026-07-16,待审核,,
202400517,赴聊城红色基因实践团,校级重点团队,红色基因传承,汽车工程学院,2025-07-02,2025-07-23,通过,孙丽华,材料齐全，同意认定
202400517,赴威海企业走访实践团,院级重点团队,企业走访见习,汽车工程学院,2026-07-05,2026-07-18,驳回,孙丽华,盖章缺失，请重新上传完整材料
202400518,赴日照红色基地实践团,企业实习实践,红色基地研学,校团委,2025-07-04,2025-07-15,通过,孙丽华,符合认定条件，通过
202400518,赴烟台乡村振兴实践团,校级重点团队,乡村振兴调研,汽车工程学院,2026-07-06,2026-07-16,通过,孙丽华,符合认定条件，通过
202400519,赴聊城科技支农实践团,校级重点团队,科技支农帮扶,校团委,2025-07-07,2025-07-27,通过,孙丽华,材料齐全，同意认定
202400519,赴济宁企业走访实践团,自主实践团队,企业走访见习,汽车工程学院,2026-07-08,2026-07-18,待审核,,
202400520,赴济宁汽车产业实践团,自主实践团队,汽车产业链调研,校团委,2025-07-10,2025-07-26,公示中,孙丽华,符合认定条件，通过
202400520,赴德州红色基地实践团,自主实践团队,红色基地研学,威海团市委,2026-07-02,2026-07-17,通过,孙丽华,材料齐全，同意认定
202400521,赴泰安黄河流域实践团,返家乡实践,黄河流域生态考察,威海团市委,2025-07-01,2025-07-15,待审核,,
202400521,赴聊城科技支农实践团,返家乡实践,科技支农帮扶,威海团市委,2026-07-07,2026-07-22,通过,孙丽华,符合认定条件，通过
202400522,赴东营红色基地实践团,返家乡实践,红色基地研学,校团委,2025-07-09,2025-07-27,驳回,孙丽华,材料不完整，请补充佐证后重新提交
202400522,赴日照红色基因实践团,校级重点团队,红色基因传承,威海团市委,2026-07-08,2026-07-27,通过,孙丽华,佐证材料完整，予以通过
202400523,赴济宁关爱留守实践团,校级重点团队,关爱留守儿童,汽车工程学院,2025-07-08,2025-07-22,通过,孙丽华,佐证材料完整，予以通过
202400523,赴泰安关爱留守实践团,返家乡实践,关爱留守儿童,校团委,2026-07-09,2026-07-20,通过,孙丽华,材料齐全，同意认定
202400524,赴济宁科技支农实践团,返家乡实践,科技支农帮扶,校团委,2025-07-04,2025-07-15,通过,孙丽华,符合认定条件，通过
202400524,赴青岛海洋生态实践团,校级重点团队,海洋生态保护宣传,威海团市委,2026-07-02,2026-07-28,通过,孙丽华,符合认定条件，通过
202400525,赴聊城红色基地实践团,校级重点团队,红色基地研学,威海团市委,2025-07-05,2025-07-16,驳回,孙丽华,材料不完整，请补充佐证后重新提交
202400525,赴枣庄红色基地实践团,校级重点团队,红色基地研学,威海团市委,2026-07-08,2026-07-19,待审核,,
202400526,赴临沂科技支农实践团,校级重点团队,科技支农帮扶,校团委,2025-07-09,2025-07-20,通过,孙丽华,符合认定条件，通过
202400526,赴泰安红色基因实践团,院级重点团队,红色基因传承,威海团市委,2026-07-08,2026-07-26,通过,孙丽华,佐证材料完整，予以通过
202400527,赴济南科技支农实践团,自主实践团队,科技支农帮扶,汽车工程学院,2025-07-07,2025-07-17,待审核,,
202400527,赴淄博黄河流域实践团,校级重点团队,黄河流域生态考察,威海团市委,2026-07-10,2026-07-18,待审核,,
202400528,赴威海科技支农实践团,企业实习实践,科技支农帮扶,汽车工程学院,2025-07-06,2025-07-17,驳回,孙丽华,认定依据不足，请补充说明材料
202400528,赴聊城社区志愿实践团,企业实习实践,社区志愿服务,威海团市委,2026-07-06,2026-07-28,通过,孙丽华,符合认定条件，通过
202400529,赴日照海洋生态实践团,企业实习实践,海洋生态保护宣传,威海团市委,2025-07-04,2025-07-15,通过,孙丽华,佐证材料完整，予以通过
202400529,赴日照关爱留守实践团,院级重点团队,关爱留守儿童,汽车工程学院,2026-07-03,2026-07-23,驳回,孙丽华,认定依据不足，请补充说明材料
202400530,赴烟台乡村振兴实践团,返家乡实践,乡村振兴调研,校团委,2025-07-10,2025-07-22,待审核,,
202400530,赴淄博乡村振兴实践团,院级重点团队,乡村振兴调研,汽车工程学院,2026-07-03,2026-07-17,通过,孙丽华,符合认定条件，通过
202400531,赴烟台海洋生态实践团,院级重点团队,海洋生态保护宣传,威海团市委,2025-07-10,2025-07-28,通过,孙丽华,符合认定条件，通过
202400531,赴德州黄河流域实践团,返家乡实践,黄河流域生态考察,威海团市委,2026-07-03,2026-07-20,通过,孙丽华,符合认定条件，通过
202400532,赴枣庄企业走访实践团,企业实习实践,企业走访见习,汽车工程学院,2025-07-05,2025-07-24,通过,孙丽华,符合认定条件，通过
202400532,赴烟台黄河流域实践团,企业实习实践,黄河流域生态考察,威海团市委,2026-07-10,2026-07-20,通过,孙丽华,佐证材料完整，予以通过
202400533,赴德州黄河流域实践团,企业实习实践,黄河流域生态考察,汽车工程学院,2025-07-10,2025-07-19,通过,孙丽华,佐证材料完整，予以通过
202400533,赴德州红色基地实践团,自主实践团队,红色基地研学,校团委,2026-07-10,2026-07-17,通过,孙丽华,材料齐全，同意认定
202400534,赴淄博科技支农实践团,校级重点团队,科技支农帮扶,校团委,2025-07-06,2025-07-18,通过,孙丽华,材料齐全，同意认定
202400534,赴淄博红色基因实践团,院级重点团队,红色基因传承,汽车工程学院,2026-07-03,2026-07-27,待审核,,
202400535,赴枣庄关爱留守实践团,返家乡实践,关爱留守儿童,汽车工程学院,2025-07-06,2025-07-20,通过,孙丽华,材料齐全，同意认定
202400535,赴青岛黄河流域实践团,返家乡实践,黄河流域生态考察,威海团市委,2026-07-05,2026-07-16,通过,孙丽华,材料齐全，同意认定
202400536,赴临沂乡村振兴实践团,校级重点团队,乡村振兴调研,校团委,2025-07-03,2025-07-16,通过,孙丽华,符合认定条件，通过
202400536,赴烟台乡村振兴实践团,返家乡实践,乡村振兴调研,汽车工程学院,2026-07-04,2026-07-15,驳回,孙丽华,盖章缺失，请重新上传完整材料
202400537,赴济宁黄河流域实践团,自主实践团队,黄河流域生态考察,威海团市委,2025-07-04,2025-07-20,通过,孙丽华,材料齐全，同意认定
202400537,赴德州企业走访实践团,返家乡实践,企业走访见习,校团委,2026-07-09,2026-07-22,通过,孙丽华,材料齐全，同意认定
202400538,赴威海科技支农实践团,校级重点团队,科技支农帮扶,威海团市委,2025-07-10,2025-07-22,通过,孙丽华,材料齐全，同意认定
202400538,赴聊城汽车产业实践团,企业实习实践,汽车产业链调研,校团委,2026-07-03,2026-07-27,待审核,,
202400539,赴枣庄红色基因实践团,返家乡实践,红色基因传承,校团委,2025-07-10,2025-07-20,待审核,,
202400539,赴威海汽车产业实践团,企业实习实践,汽车产业链调研,汽车工程学院,2026-07-02,2026-07-17,通过,孙丽华,符合认定条件，通过
202400540,赴泰安海洋生态实践团,校级重点团队,海洋生态保护宣传,校团委,2025-07-06,2025-07-22,待审核,,
202400540,赴临沂红色基地实践团,院级重点团队,红色基地研学,威海团市委,2026-07-02,2026-07-17,通过,孙丽华,材料齐全，同意认定
202400541,赴济宁汽车产业实践团,院级重点团队,汽车产业链调研,威海团市委,2025-07-01,2025-07-28,通过,孙丽华,符合认定条件，通过
202400541,赴枣庄社区志愿实践团,自主实践团队,社区志愿服务,汽车工程学院,2026-07-10,2026-07-24,通过,孙丽华,佐证材料完整，予以通过
202400542,赴济宁红色基因实践团,企业实习实践,红色基因传承,威海团市委,2025-07-03,2025-07-17,通过,孙丽华,符合认定条件，通过
202400542,赴青岛科技支农实践团,企业实习实践,科技支农帮扶,汽车工程学院,2026-07-05,2026-07-25,通过,孙丽华,佐证材料完整，予以通过
202400543,赴日照科技支农实践团,自主实践团队,科技支农帮扶,校团委,2025-07-03,2025-07-19,驳回,孙丽华,认定依据不足，请补充说明材料
202400543,赴聊城社区志愿实践团,企业实习实践,社区志愿服务,汽车工程学院,2026-07-05,2026-07-16,驳回,孙丽华,盖章缺失，请重新上传完整材料
202400544,赴临沂企业走访实践团,校级重点团队,企业走访见习,威海团市委,2025-07-03,2025-07-17,通过,孙丽华,符合认定条件，通过
202400544,赴济南乡村振兴实践团,企业实习实践,乡村振兴调研,汽车工程学院,2026-07-01,2026-07-27,通过,孙丽华,佐证材料完整，予以通过
202400545,赴枣庄企业走访实践团,企业实习实践,企业走访见习,校团委,2025-07-10,2025-07-22,通过,孙丽华,佐证材料完整，予以通过
202400545,赴潍坊红色基因实践团,返家乡实践,红色基因传承,汽车工程学院,2026-07-08,2026-07-17,待审核,,
202400546,赴济南汽车产业实践团,返家乡实践,汽车产业链调研,威海团市委,2025-07-10,2025-07-26,通过,孙丽华,材料齐全，同意认定
202400546,赴临沂汽车产业实践团,返家乡实践,汽车产业链调研,校团委,2026-07-06,2026-07-21,通过,孙丽华,材料齐全，同意认定
202400547,赴日照黄河流域实践团,院级重点团队,黄河流域生态考察,校团委,2025-07-06,2025-07-17,通过,孙丽华,材料齐全，同意认定
202400547,赴临沂汽车产业实践团,返家乡实践,汽车产业链调研,威海团市委,2026-07-02,2026-07-17,通过,孙丽华,佐证材料完整，予以通过
202400548,赴临沂黄河流域实践团,返家乡实践,黄河流域生态考察,威海团市委,2025-07-06,2025-07-20,通过,孙丽华,材料齐全，同意认定
202400548,赴潍坊红色基地实践团,自主实践团队,红色基地研学,校团委,2026-07-01,2026-07-25,通过,孙丽华,符合认定条件，通过
202400549,赴日照科技支农实践团,校级重点团队,科技支农帮扶,威海团市委,2025-07-07,2025-07-23,待审核,,
202400549,赴济宁科技支农实践团,校级重点团队,科技支农帮扶,汽车工程学院,2026-07-07,2026-07-25,通过,孙丽华,符合认定条件，通过
202400550,赴日照企业走访实践团,自主实践团队,企业走访见习,汽车工程学院,2025-07-04,2025-07-20,待审核,,
202400550,赴聊城红色基因实践团,返家乡实践,红色基因传承,汽车工程学院,2026-07-06,2026-07-28,通过,孙丽华,符合认定条件，通过
202400551,赴德州汽车产业实践团,校级重点团队,汽车产业链调研,汽车工程学院,2025-07-02,2025-07-19,待审核,,
202400551,赴烟台科技支农实践团,院级重点团队,科技支农帮扶,威海团市委,2026-07-02,2026-07-18,通过,孙丽华,材料齐全，同意认定
202400552,赴济宁乡村振兴实践团,院级重点团队,乡村振兴调研,校团委,2025-07-07,2025-07-28,通过,孙丽华,符合认定条件，通过
202400552,赴济南社区志愿实践团,校级重点团队,社区志愿服务,校团委,2026-07-01,2026-07-26,驳回,孙丽华,材料不完整，请补充佐证后重新提交
202400553,赴淄博关爱留守实践团,企业实习实践,关爱留守儿童,校团委,2025-07-08,2025-07-20,通过,孙丽华,符合认定条件，通过
202400553,赴东营红色基因实践团,院级重点团队,红色基因传承,校团委,2026-07-01,2026-07-28,通过,孙丽华,符合认定条件，通过
202400554,赴潍坊科技支农实践团,返家乡实践,科技支农帮扶,校团委,2025-07-08,2025-07-17,通过,孙丽华,佐证材料完整，予以通过
202400554,赴德州汽车产业实践团,院级重点团队,汽车产业链调研,校团委,2026-07-10,2026-07-20,通过,孙丽华,符合认定条件，通过
202400555,赴淄博关爱留守实践团,院级重点团队,关爱留守儿童,威海团市委,2025-07-06,2025-07-28,待审核,,
202400555,赴德州企业走访实践团,企业实习实践,企业走访见习,汽车工程学院,2026-07-09,2026-07-22,通过,孙丽华,佐证材料完整，予以通过
202400556,赴德州红色基因实践团,院级重点团队,红色基因传承,校团委,2025-07-04,2025-07-18,通过,孙丽华,材料齐全，同意认定
202400556,赴临沂汽车产业实践团,自主实践团队,汽车产业链调研,汽车工程学院,2026-07-05,2026-07-24,驳回,孙丽华,认定依据不足，请补充说明材料
202400557,赴淄博汽车产业实践团,校级重点团队,汽车产业链调研,汽车工程学院,2025-07-10,2025-07-17,通过,孙丽华,材料齐全，同意认定
202400557,赴临沂红色基因实践团,院级重点团队,红色基因传承,汽车工程学院,2026-07-02,2026-07-18,待审核,,
202400558,赴青岛海洋生态实践团,校级重点团队,海洋生态保护宣传,威海团市委,2025-07-02,2025-07-18,通过,孙丽华,材料齐全，同意认定
202400558,赴临沂关爱留守实践团,企业实习实践,关爱留守儿童,汽车工程学院,2026-07-03,2026-07-19,通过,孙丽华,佐证材料完整，予以通过
202400559,赴日照科技支农实践团,院级重点团队,科技支农帮扶,汽车工程学院,2025-07-08,2025-07-20,通过,孙丽华,佐证材料完整，予以通过
202400559,赴青岛科技支农实践团,企业实习实践,科技支农帮扶,汽车工程学院,2026-07-02,2026-07-23,通过,孙丽华,符合认定条件，通过
202400560,赴泰安红色基地实践团,院级重点团队,红色基地研学,汽车工程学院,2025-07-10,2025-07-25,通过,孙丽华,佐证材料完整，予以通过
202400560,赴威海企业走访实践团,企业实习实践,企业走访见习,校团委,2026-07-04,2026-07-21,通过,孙丽华,佐证材料完整，予以通过
202400561,赴济宁关爱留守实践团,返家乡实践,关爱留守儿童,汽车工程学院,2025-07-09,2025-07-19,待审核,,
202400561,赴泰安黄河流域实践团,校级重点团队,黄河流域生态考察,威海团市委,2026-07-03,2026-07-23,通过,孙丽华,佐证材料完整，予以通过
202400562,赴临沂企业走访实践团,企业实习实践,企业走访见习,威海团市委,2025-07-01,2025-07-23,通过,孙丽华,符合认定条件，通过
202400562,赴聊城企业走访实践团,自主实践团队,企业走访见习,威海团市委,2026-07-07,2026-07-24,待审核,,
202400563,赴潍坊企业走访实践团,企业实习实践,企业走访见习,威海团市委,2025-07-02,2025-07-24,待审核,,
202400563,赴济南红色基因实践团,院级重点团队,红色基因传承,威海团市委,2026-07-01,2026-07-27,驳回,孙丽华,盖章缺失，请重新上传完整材料
202400564,赴潍坊红色基因实践团,校级重点团队,红色基因传承,校团委,2025-07-09,2025-07-25,待审核,,
202400564,赴临沂汽车产业实践团,自主实践团队,汽车产业链调研,校团委,2026-07-03,2026-07-26,通过,孙丽华,材料齐全，同意认定
202400565,赴青岛海洋生态实践团,校级重点团队,海洋生态保护宣传,威海团市委,2025-07-03,2025-07-21,通过,孙丽华,符合认定条件，通过
202400565,赴德州企业走访实践团,返家乡实践,企业走访见习,校团委,2026-07-10,2026-07-24,通过,孙丽华,佐证材料完整，予以通过
202400566,赴威海关爱留守实践团,企业实习实践,关爱留守儿童,汽车工程学院,2025-07-09,2025-07-20,通过,孙丽华,佐证材料完整，予以通过
202400566,赴潍坊海洋生态实践团,自主实践团队,海洋生态保护宣传,汽车工程学院,2026-07-06,2026-07-28,通过,孙丽华,材料齐全，同意认定
202400567,赴泰安社区志愿实践团,校级重点团队,社区志愿服务,汽车工程学院,2025-07-02,2025-07-26,通过,孙丽华,佐证材料完整，予以通过
202400567,赴聊城汽车产业实践团,企业实习实践,汽车产业链调研,汽车工程学院,2026-07-06,2026-07-28,通过,孙丽华,符合认定条件，通过
202400568,赴日照企业走访实践团,院级重点团队,企业走访见习,威海团市委,2025-07-09,2025-07-17,待审核,,
202400568,赴枣庄红色基地实践团,企业实习实践,红色基地研学,汽车工程学院,2026-07-01,2026-07-20,通过,孙丽华,符合认定条件，通过
202400569,赴烟台企业走访实践团,企业实习实践,企业走访见习,汽车工程学院,2025-07-10,2025-07-15,待审核,,
202400569,赴日照企业走访实践团,院级重点团队,企业走访见习,威海团市委,2026-07-04,2026-07-23,通过,孙丽华,符合认定条件，通过
202400570,赴枣庄黄河流域实践团,返家乡实践,黄河流域生态考察,汽车工程学院,2025-07-09,2025-07-16,通过,孙丽华,符合认定条件，通过
202400570,赴德州黄河流域实践团,院级重点团队,黄河流域生态考察,汽车工程学院,2026-07-05,2026-07-20,通过,孙丽华,佐证材料完整，予以通过
202400571,赴临沂红色基地实践团,自主实践团队,红色基地研学,校团委,2025-07-01,2025-07-24,通过,钱雅琴,符合认定条件，通过
202400571,赴临沂关爱留守实践团,返家乡实践,关爱留守儿童,汽车工程学院,2026-07-04,2026-07-24,通过,钱雅琴,材料齐全，同意认定
202400572,赴聊城企业走访实践团,院级重点团队,企业走访见习,校团委,2025-07-02,2025-07-18,驳回,钱雅琴,盖章缺失，请重新上传完整材料
202400572,赴烟台关爱留守实践团,自主实践团队,关爱留守儿童,威海团市委,2026-07-06,2026-07-25,通过,钱雅琴,佐证材料完整，予以通过
202400573,赴枣庄社区志愿实践团,返家乡实践,社区志愿服务,威海团市委,2025-07-08,2025-07-27,待审核,,
202400573,赴东营红色基因实践团,自主实践团队,红色基因传承,校团委,2026-07-08,2026-07-17,通过,钱雅琴,材料齐全，同意认定
202400574,赴东营社区志愿实践团,自主实践团队,社区志愿服务,威海团市委,2025-07-03,2025-07-20,公示中,钱雅琴,符合认定条件，通过
202400574,赴潍坊黄河流域实践团,校级重点团队,黄河流域生态考察,校团委,2026-07-09,2026-07-16,通过,钱雅琴,材料齐全，同意认定
202400575,赴烟台乡村振兴实践团,返家乡实践,乡村振兴调研,校团委,2025-07-02,2025-07-26,待审核,,
202400575,赴泰安黄河流域实践团,自主实践团队,黄河流域生态考察,威海团市委,2026-07-01,2026-07-15,通过,钱雅琴,符合认定条件，通过
202400576,赴东营红色基地实践团,自主实践团队,红色基地研学,汽车工程学院,2025-07-09,2025-07-18,通过,钱雅琴,材料齐全，同意认定
202400576,赴泰安乡村振兴实践团,校级重点团队,乡村振兴调研,威海团市委,2026-07-08,2026-07-21,通过,钱雅琴,符合认定条件，通过
202400577,赴青岛科技支农实践团,校级重点团队,科技支农帮扶,威海团市委,2025-07-04,2025-07-28,待审核,,
202400577,赴临沂黄河流域实践团,企业实习实践,黄河流域生态考察,汽车工程学院,2026-07-10,2026-07-16,通过,钱雅琴,符合认定条件，通过
202400578,赴聊城科技支农实践团,校级重点团队,科技支农帮扶,校团委,2025-07-03,2025-07-16,通过,钱雅琴,佐证材料完整，予以通过
202400578,赴日照汽车产业实践团,企业实习实践,汽车产业链调研,威海团市委,2026-07-09,2026-07-24,通过,钱雅琴,符合认定条件，通过
202400579,赴临沂关爱留守实践团,院级重点团队,关爱留守儿童,汽车工程学院,2025-07-06,2025-07-18,通过,钱雅琴,佐证材料完整，予以通过
202400579,赴日照科技支农实践团,企业实习实践,科技支农帮扶,校团委,2026-07-05,2026-07-21,通过,钱雅琴,符合认定条件，通过
202400580,赴日照乡村振兴实践团,自主实践团队,乡村振兴调研,汽车工程学院,2025-07-09,2025-07-20,通过,钱雅琴,佐证材料完整，予以通过
202400580,赴德州社区志愿实践团,返家乡实践,社区志愿服务,汽车工程学院,2026-07-03,2026-07-18,公示中,钱雅琴,符合认定条件，通过
202400581,赴潍坊社区志愿实践团,返家乡实践,社区志愿服务,汽车工程学院,2025-07-06,2025-07-15,通过,钱雅琴,材料齐全，同意认定
202400581,赴济宁科技支农实践团,校级重点团队,科技支农帮扶,汽车工程学院,2026-07-09,2026-07-26,通过,钱雅琴,材料齐全，同意认定
202400582,赴淄博黄河流域实践团,校级重点团队,黄河流域生态考察,汽车工程学院,2025-07-02,2025-07-20,驳回,钱雅琴,材料不完整，请补充佐证后重新提交
202400582,赴聊城乡村振兴实践团,自主实践团队,乡村振兴调研,校团委,2026-07-05,2026-07-23,待审核,,
202400583,赴日照海洋生态实践团,自主实践团队,海洋生态保护宣传,威海团市委,2025-07-06,2025-07-24,通过,钱雅琴,符合认定条件，通过
202400583,赴临沂科技支农实践团,自主实践团队,科技支农帮扶,威海团市委,2026-07-09,2026-07-28,待审核,,
202400584,赴烟台红色基地实践团,企业实习实践,红色基地研学,校团委,2025-07-10,2025-07-27,通过,钱雅琴,符合认定条件，通过
202400584,赴济南海洋生态实践团,企业实习实践,海洋生态保护宣传,威海团市委,2026-07-09,2026-07-23,通过,钱雅琴,符合认定条件，通过
202400585,赴青岛汽车产业实践团,返家乡实践,汽车产业链调研,威海团市委,2025-07-08,2025-07-15,待审核,,
202400585,赴日照红色基因实践团,返家乡实践,红色基因传承,校团委,2026-07-07,2026-07-24,通过,钱雅琴,佐证材料完整，予以通过
202400586,赴威海乡村振兴实践团,返家乡实践,乡村振兴调研,汽车工程学院,2025-07-08,2025-07-19,通过,钱雅琴,佐证材料完整，予以通过
202400586,赴聊城红色基地实践团,校级重点团队,红色基地研学,威海团市委,2026-07-04,2026-07-22,通过,钱雅琴,材料齐全，同意认定
202400587,赴东营社区志愿实践团,院级重点团队,社区志愿服务,校团委,2025-07-09,2025-07-27,待审核,,
202400587,赴潍坊海洋生态实践团,返家乡实践,海洋生态保护宣传,校团委,2026-07-07,2026-07-15,通过,钱雅琴,佐证材料完整，予以通过
202400588,赴泰安企业走访实践团,自主实践团队,企业走访见习,汽车工程学院,2025-07-01,2025-07-15,通过,钱雅琴,符合认定条件，通过
202400588,赴潍坊科技支农实践团,院级重点团队,科技支农帮扶,威海团市委,2026-07-05,2026-07-24,通过,钱雅琴,佐证材料完整，予以通过
202400589,赴烟台企业走访实践团,企业实习实践,企业走访见习,汽车工程学院,2025-07-06,2025-07-21,通过,钱雅琴,符合认定条件，通过
202400589,赴临沂关爱留守实践团,企业实习实践,关爱留守儿童,校团委,2026-07-04,2026-07-28,通过,钱雅琴,材料齐全，同意认定
202400590,赴济南黄河流域实践团,校级重点团队,黄河流域生态考察,校团委,2025-07-01,2025-07-25,驳回,钱雅琴,材料不完整，请补充佐证后重新提交
202400590,赴泰安红色基地实践团,企业实习实践,红色基地研学,威海团市委,2026-07-10,2026-07-20,公示中,钱雅琴,材料齐全，同意认定
202400591,赴德州汽车产业实践团,校级重点团队,汽车产业链调研,汽车工程学院,2025-07-06,2025-07-20,通过,钱雅琴,符合认定条件，通过
202400591,赴青岛科技支农实践团,校级重点团队,科技支农帮扶,校团委,2026-07-10,2026-07-26,通过,钱雅琴,符合认定条件，通过
202400592,赴日照科技支农实践团,企业实习实践,科技支农帮扶,校团委,2025-07-09,2025-07-24,通过,钱雅琴,符合认定条件，通过
202400592,赴威海社区志愿实践团,自主实践团队,社区志愿服务,威海团市委,2026-07-01,2026-07-16,通过,钱雅琴,佐证材料完整，予以通过
202400593,赴日照海洋生态实践团,企业实习实践,海洋生态保护宣传,汽车工程学院,2025-07-03,2025-07-24,通过,钱雅琴,符合认定条件，通过
202400593,赴聊城汽车产业实践团,企业实习实践,汽车产业链调研,校团委,2026-07-01,2026-07-19,待审核,,
202400594,赴济宁海洋生态实践团,院级重点团队,海洋生态保护宣传,校团委,2025-07-07,2025-07-18,通过,钱雅琴,材料齐全，同意认定
202400594,赴烟台红色基因实践团,返家乡实践,红色基因传承,汽车工程学院,2026-07-06,2026-07-15,通过,钱雅琴,佐证材料完整，予以通过
202400595,赴淄博企业走访实践团,校级重点团队,企业走访见习,汽车工程学院,2025-07-09,2025-07-26,通过,钱雅琴,符合认定条件，通过
202400595,赴聊城红色基因实践团,企业实习实践,红色基因传承,校团委,2026-07-05,2026-07-24,通过,钱雅琴,佐证材料完整，予以通过
202400596,赴临沂企业走访实践团,自主实践团队,企业走访见习,校团委,2025-07-07,2025-07-23,通过,钱雅琴,佐证材料完整，予以通过
202400596,赴德州红色基地实践团,返家乡实践,红色基地研学,汽车工程学院,2026-07-03,2026-07-25,待审核,,
202400597,赴烟台海洋生态实践团,自主实践团队,海洋生态保护宣传,校团委,2025-07-07,2025-07-17,通过,钱雅琴,佐证材料完整，予以通过
202400597,赴青岛黄河流域实践团,返家乡实践,黄河流域生态考察,威海团市委,2026-07-08,2026-07-21,通过,钱雅琴,材料齐全，同意认定
202400598,赴临沂企业走访实践团,返家乡实践,企业走访见习,威海团市委,2025-07-09,2025-07-18,通过,钱雅琴,符合认定条件，通过
202400598,赴东营红色基因实践团,校级重点团队,红色基因传承,校团委,2026-07-04,2026-07-20,待审核,,
202400599,赴烟台企业走访实践团,校级重点团队,企业走访见习,威海团市委,2025-07-05,2025-07-23,通过,钱雅琴,材料齐全，同意认定
202400599,赴青岛科技支农实践团,院级重点团队,科技支农帮扶,汽车工程学院,2026-07-05,2026-07-27,通过,钱雅琴,材料齐全，同意认定
202400600,赴东营乡村振兴实践团,校级重点团队,乡村振兴调研,校团委,2025-07-08,2025-07-19,通过,钱雅琴,符合认定条件，通过
202400600,赴临沂企业走访实践团,校级重点团队,企业走访见习,威海团市委,2026-07-07,2026-07-27,公示中,钱雅琴,佐证材料完整，予以通过
202500601,赴烟台关爱留守实践团,企业实习实践,关爱留守儿童,汽车工程学院,2026-07-03,2026-07-26,待审核,,
202500602,赴日照黄河流域实践团,校级重点团队,黄河流域生态考察,校团委,2026-07-08,2026-07-23,驳回,陈晓宇,盖章缺失，请重新上传完整材料
202500603,赴淄博社区志愿实践团,院级重点团队,社区志愿服务,汽车工程学院,2026-07-01,2026-07-23,待审核,,
202500604,赴济南乡村振兴实践团,企业实习实践,乡村振兴调研,汽车工程学院,2026-07-01,2026-07-18,通过,陈晓宇,佐证材料完整，予以通过
202500605,赴聊城科技支农实践团,企业实习实践,科技支农帮扶,汽车工程学院,2026-07-01,2026-07-16,通过,陈晓宇,佐证材料完整，予以通过
202500606,赴东营红色基地实践团,企业实习实践,红色基地研学,威海团市委,2026-07-03,2026-07-20,通过,陈晓宇,佐证材料完整，予以通过
202500607,赴东营企业走访实践团,企业实习实践,企业走访见习,校团委,2026-07-01,2026-07-16,通过,陈晓宇,佐证材料完整，予以通过
202500608,赴青岛红色基地实践团,院级重点团队,红色基地研学,汽车工程学院,2026-07-04,2026-07-23,驳回,陈晓宇,认定依据不足，请补充说明材料
202500609,赴德州红色基地实践团,院级重点团队,红色基地研学,汽车工程学院,2026-07-05,2026-07-18,待审核,,
202500610,赴济南黄河流域实践团,自主实践团队,黄河流域生态考察,校团委,2026-07-05,2026-07-18,驳回,陈晓宇,盖章缺失，请重新上传完整材料
202500611,赴淄博黄河流域实践团,校级重点团队,黄河流域生态考察,威海团市委,2026-07-10,2026-07-24,待审核,,
202500612,赴烟台红色基地实践团,自主实践团队,红色基地研学,威海团市委,2026-07-09,2026-07-22,驳回,陈晓宇,时间信息有误，请核对后重新提交
202500613,赴济宁企业走访实践团,自主实践团队,企业走访见习,校团委,2026-07-08,2026-07-28,通过,陈晓宇,佐证材料完整，予以通过
202500614,赴青岛社区志愿实践团,企业实习实践,社区志愿服务,威海团市委,2026-07-08,2026-07-15,通过,陈晓宇,材料齐全，同意认定
202500615,赴聊城红色基地实践团,院级重点团队,红色基地研学,汽车工程学院,2026-07-01,2026-07-21,驳回,陈晓宇,认定依据不足，请补充说明材料
202500616,赴泰安红色基因实践团,自主实践团队,红色基因传承,汽车工程学院,2026-07-08,2026-07-15,驳回,陈晓宇,认定依据不足，请补充说明材料
202500617,赴威海红色基因实践团,校级重点团队,红色基因传承,威海团市委,2026-07-04,2026-07-25,驳回,陈晓宇,盖章缺失，请重新上传完整材料
202500618,赴聊城红色基地实践团,校级重点团队,红色基地研学,威海团市委,2026-07-03,2026-07-23,驳回,陈晓宇,盖章缺失，请重新上传完整材料
202500619,赴济宁汽车产业实践团,返家乡实践,汽车产业链调研,威海团市委,2026-07-05,2026-07-17,通过,陈晓宇,佐证材料完整，予以通过
202500620,赴临沂科技支农实践团,返家乡实践,科技支农帮扶,校团委,2026-07-03,2026-07-19,通过,陈晓宇,材料齐全，同意认定
202500621,赴泰安关爱留守实践团,返家乡实践,关爱留守儿童,威海团市委,2026-07-02,2026-07-26,待审核,,
202500622,赴济南红色基地实践团,企业实习实践,红色基地研学,汽车工程学院,2026-07-10,2026-07-27,通过,陈晓宇,佐证材料完整，予以通过
202500623,赴淄博关爱留守实践团,自主实践团队,关爱留守儿童,威海团市委,2026-07-10,2026-07-25,通过,陈晓宇,材料齐全，同意认定
202500624,赴泰安海洋生态实践团,返家乡实践,海洋生态保护宣传,威海团市委,2026-07-05,2026-07-22,通过,陈晓宇,佐证材料完整，予以通过
202500625,赴日照红色基地实践团,企业实习实践,红色基地研学,威海团市委,2026-07-04,2026-07-25,通过,陈晓宇,佐证材料完整，予以通过
202500626,赴济南关爱留守实践团,院级重点团队,关爱留守儿童,汽车工程学院,2026-07-06,2026-07-25,通过,陈晓宇,符合认定条件，通过
202500627,赴德州红色基因实践团,自主实践团队,红色基因传承,汽车工程学院,2026-07-08,2026-07-15,驳回,陈晓宇,时间信息有误，请核对后重新提交
202500628,赴日照汽车产业实践团,企业实习实践,汽车产业链调研,汽车工程学院,2026-07-03,2026-07-18,通过,陈晓宇,佐证材料完整，予以通过
202500629,赴烟台黄河流域实践团,企业实习实践,黄河流域生态考察,汽车工程学院,2026-07-03,2026-07-20,驳回,陈晓宇,材料不完整，请补充佐证后重新提交
202500630,赴临沂海洋生态实践团,企业实习实践,海洋生态保护宣传,校团委,2026-07-03,2026-07-21,公示中,陈晓宇,佐证材料完整，予以通过
202500631,赴潍坊黄河流域实践团,返家乡实践,黄河流域生态考察,威海团市委,2026-07-07,2026-07-21,驳回,陈晓宇,时间信息有误，请核对后重新提交
202500632,赴德州关爱留守实践团,返家乡实践,关爱留守儿童,校团委,2026-07-05,2026-07-19,通过,陈晓宇,材料齐全，同意认定
202500633,赴德州企业走访实践团,返家乡实践,企业走访见习,威海团市委,2026-07-08,2026-07-23,通过,陈晓宇,佐证材料完整，予以通过
202500634,赴济宁黄河流域实践团,返家乡实践,黄河流域生态考察,汽车工程学院,2026-07-09,2026-07-28,通过,陈晓宇,材料齐全，同意认定
202500635,赴烟台红色基地实践团,企业实习实践,红色基地研学,校团委,2026-07-07,2026-07-16,通过,陈晓宇,材料齐全，同意认定
202500636,赴临沂企业走访实践团,自主实践团队,企业走访见习,威海团市委,2026-07-10,2026-07-18,通过,陈晓宇,材料齐全，同意认定
202500637,赴济宁汽车产业实践团,企业实习实践,汽车产业链调研,校团委,2026-07-02,2026-07-20,通过,陈晓宇,材料齐全，同意认定
202500638,赴泰安海洋生态实践团,校级重点团队,海洋生态保护宣传,校团委,2026-07-10,2026-07-21,通过,陈晓宇,佐证材料完整，予以通过
202500639,赴聊城海洋生态实践团,校级重点团队,海洋生态保护宣传,汽车工程学院,2026-07-06,2026-07-18,通过,陈晓宇,材料齐全，同意认定
202500640,赴潍坊黄河流域实践团,返家乡实践,黄河流域生态考察,校团委,2026-07-03,2026-07-21,驳回,陈晓宇,盖章缺失，请重新上传完整材料
202500641,赴烟台乡村振兴实践团,院级重点团队,乡村振兴调研,校团委,2026-07-04,2026-07-21,通过,陈晓宇,符合认定条件，通过
202500642,赴日照乡村振兴实践团,校级重点团队,乡村振兴调研,校团委,2026-07-04,2026-07-20,驳回,陈晓宇,时间信息有误，请核对后重新提交
202500643,赴泰安红色基地实践团,院级重点团队,红色基地研学,校团委,2026-07-09,2026-07-26,通过,陈晓宇,佐证材料完整，予以通过
202500644,赴临沂汽车产业实践团,院级重点团队,汽车产业链调研,校团委,2026-07-09,2026-07-22,通过,陈晓宇,符合认定条件，通过
202500645,赴威海海洋生态实践团,返家乡实践,海洋生态保护宣传,威海团市委,2026-07-09,2026-07-26,通过,陈晓宇,符合认定条件，通过
202500646,赴德州乡村振兴实践团,企业实习实践,乡村振兴调研,校团委,2026-07-06,2026-07-20,驳回,陈晓宇,认定依据不足，请补充说明材料
202500647,赴日照科技支农实践团,院级重点团队,科技支农帮扶,汽车工程学院,2026-07-07,2026-07-20,驳回,陈晓宇,材料不完整，请补充佐证后重新提交
202500648,赴聊城社区志愿实践团,企业实习实践,社区志愿服务,汽车工程学院,2026-07-07,2026-07-28,通过,陈晓宇,佐证材料完整，予以通过
202500649,赴青岛企业走访实践团,企业实习实践,企业走访见习,汽车工程学院,2026-07-04,2026-07-22,通过,陈晓宇,佐证材料完整，予以通过
202500650,赴淄博黄河流域实践团,院级重点团队,黄河流域生态考察,威海团市委,2026-07-07,2026-07-24,通过,陈晓宇,材料齐全，同意认定
202500651,赴烟台社区志愿实践团,自主实践团队,社区志愿服务,校团委,2026-07-08,2026-07-17,通过,陈晓宇,符合认定条件，通过
202500652,赴聊城红色基因实践团,企业实习实践,红色基因传承,校团委,2026-07-02,2026-07-18,待审核,,
202500653,赴潍坊海洋生态实践团,企业实习实践,海洋生态保护宣传,校团委,2026-07-07,2026-07-15,通过,陈晓宇,符合认定条件，通过
202500654,赴枣庄汽车产业实践团,企业实习实践,汽车产业链调研,汽车工程学院,2026-07-02,2026-07-17,通过,陈晓宇,材料齐全，同意认定
202500655,赴潍坊关爱留守实践团,院级重点团队,关爱留守儿童,汽车工程学院,2026-07-07,2026-07-18,通过,陈晓宇,材料齐全，同意认定
202500656,赴泰安黄河流域实践团,返家乡实践,黄河流域生态考察,威海团市委,2026-07-07,2026-07-21,待审核,,
202500657,赴日照红色基因实践团,自主实践团队,红色基因传承,威海团市委,2026-07-04,2026-07-16,驳回,陈晓宇,材料不完整，请补充佐证后重新提交
202500658,赴泰安科技支农实践团,院级重点团队,科技支农帮扶,校团委,2026-07-09,2026-07-23,通过,陈晓宇,符合认定条件，通过
202500659,赴聊城红色基因实践团,校级重点团队,红色基因传承,威海团市委,2026-07-08,2026-07-20,驳回,陈晓宇,认定依据不足，请补充说明材料
202500660,赴泰安红色基因实践团,返家乡实践,红色基因传承,汽车工程学院,2026-07-01,2026-07-27,通过,陈晓宇,符合认定条件，通过
202500661,赴青岛汽车产业实践团,企业实习实践,汽车产业链调研,汽车工程学院,2026-07-07,2026-07-22,通过,陈晓宇,符合认定条件，通过
202500662,赴临沂科技支农实践团,校级重点团队,科技支农帮扶,校团委,2026-07-06,2026-07-17,驳回,陈晓宇,材料不完整，请补充佐证后重新提交
202500663,赴德州乡村振兴实践团,院级重点团队,乡村振兴调研,汽车工程学院,2026-07-05,2026-07-25,通过,陈晓宇,佐证材料完整，予以通过
202500664,赴青岛红色基地实践团,企业实习实践,红色基地研学,威海团市委,2026-07-04,2026-07-15,驳回,陈晓宇,材料不完整，请补充佐证后重新提交
202500665,赴潍坊关爱留守实践团,企业实习实践,关爱留守儿童,威海团市委,2026-07-03,2026-07-16,通过,陈晓宇,符合认定条件，通过
202500666,赴德州海洋生态实践团,返家乡实践,海洋生态保护宣传,校团委,2026-07-08,2026-07-18,通过,陈晓宇,佐证材料完整，予以通过
202500667,赴东营红色基地实践团,返家乡实践,红色基地研学,威海团市委,2026-07-02,2026-07-23,通过,陈晓宇,佐证材料完整，予以通过
202500668,赴济南社区志愿实践团,自主实践团队,社区志愿服务,校团委,2026-07-03,2026-07-16,待审核,,
202500669,赴潍坊乡村振兴实践团,企业实习实践,乡村振兴调研,威海团市委,2026-07-08,2026-07-18,通过,陈晓宇,佐证材料完整，予以通过
202500670,赴临沂科技支农实践团,企业实习实践,科技支农帮扶,威海团市委,2026-07-09,2026-07-18,驳回,陈晓宇,认定依据不足，请补充说明材料
202500671,赴济宁科技支农实践团,返家乡实践,科技支农帮扶,威海团市委,2026-07-03,2026-07-22,通过,陈晓宇,符合认定条件，通过
202500672,赴济南乡村振兴实践团,校级重点团队,乡村振兴调研,汽车工程学院,2026-07-03,2026-07-18,通过,陈晓宇,符合认定条件，通过
202500673,赴济南黄河流域实践团,院级重点团队,黄河流域生态考察,威海团市委,2026-07-09,2026-07-19,通过,陈晓宇,佐证材料完整，予以通过
202500674,赴烟台海洋生态实践团,院级重点团队,海洋生态保护宣传,汽车工程学院,2026-07-08,2026-07-25,通过,陈晓宇,佐证材料完整，予以通过
202500675,赴日照红色基地实践团,院级重点团队,红色基地研学,威海团市委,2026-07-02,2026-07-19,驳回,陈晓宇,材料不完整，请补充佐证后重新提交
202500676,赴淄博社区志愿实践团,自主实践团队,社区志愿服务,汽车工程学院,2026-07-08,2026-07-26,通过,陈晓宇,佐证材料完整，予以通过
202500677,赴聊城红色基地实践团,校级重点团队,红色基地研学,校团委,2026-07-04,2026-07-23,待审核,,
202500678,赴东营海洋生态实践团,校级重点团队,海洋生态保护宣传,威海团市委,2026-07-01,2026-07-22,通过,陈晓宇,材料齐全，同意认定
202500679,赴德州海洋生态实践团,自主实践团队,海洋生态保护宣传,校团委,2026-07-05,2026-07-16,通过,陈晓宇,佐证材料完整，予以通过
202500680,赴济宁海洋生态实践团,返家乡实践,海洋生态保护宣传,威海团市委,2026-07-07,2026-07-22,待审核,,
202500681,赴枣庄黄河流域实践团,企业实习实践,黄河流域生态考察,威海团市委,2026-07-06,2026-07-17,通过,陈晓宇,材料齐全，同意认定
202500682,赴济宁关爱留守实践团,院级重点团队,关爱留守儿童,威海团市委,2026-07-07,2026-07-15,待审核,,
202500683,赴聊城科技支农实践团,返家乡实践,科技支农帮扶,汽车工程学院,2026-07-02,2026-07-25,通过,陈晓宇,符合认定条件，通过
202500684,赴聊城黄河流域实践团,自主实践团队,黄河流域生态考察,汽车工程学院,2026-07-09,2026-07-25,通过,陈晓宇,材料齐全，同意认定
202500685,赴淄博红色基因实践团,返家乡实践,红色基因传承,威海团市委,2026-07-07,2026-07-17,通过,陈晓宇,符合认定条件，通过
202500686,赴枣庄科技支农实践团,企业实习实践,科技支农帮扶,威海团市委,2026-07-01,2026-07-20,通过,陈晓宇,佐证材料完整，予以通过
202500687,赴日照黄河流域实践团,返家乡实践,黄河流域生态考察,威海团市委,2026-07-01,2026-07-15,通过,陈晓宇,符合认定条件，通过
202500688,赴济南红色基地实践团,返家乡实践,红色基地研学,校团委,2026-07-07,2026-07-28,通过,陈晓宇,佐证材料完整，予以通过
202500689,赴淄博汽车产业实践团,自主实践团队,汽车产业链调研,威海团市委,2026-07-02,2026-07-21,驳回,陈晓宇,盖章缺失，请重新上传完整材料
202500690,赴临沂社区志愿实践团,返家乡实践,社区志愿服务,校团委,2026-07-09,2026-07-24,通过,陈晓宇,材料齐全，同意认定
202500691,赴济南红色基因实践团,校级重点团队,红色基因传承,威海团市委,2026-07-09,2026-07-16,通过,陈晓宇,佐证材料完整，予以通过
202500692,赴济南红色基地实践团,企业实习实践,红色基地研学,校团委,2026-07-06,2026-07-15,待审核,,
202500693,赴青岛科技支农实践团,企业实习实践,科技支农帮扶,校团委,2026-07-10,2026-07-23,待审核,,
202500694,赴临沂关爱留守实践团,校级重点团队,关爱留守儿童,校团委,2026-07-05,2026-07-26,通过,陈晓宇,符合认定条件，通过
202500695,赴临沂关爱留守实践团,院级重点团队,关爱留守儿童,威海团市委,2026-07-02,2026-07-28,驳回,陈晓宇,盖章缺失，请重新上传完整材料
202500696,赴威海乡村振兴实践团,企业实习实践,乡村振兴调研,校团委,2026-07-09,2026-07-28,通过,陈晓宇,材料齐全，同意认定
202500697,赴临沂黄河流域实践团,院级重点团队,黄河流域生态考察,威海团市委,2026-07-05,2026-07-25,通过,陈晓宇,佐证材料完整，予以通过
202500698,赴烟台海洋生态实践团,企业实习实践,海洋生态保护宣传,汽车工程学院,2026-07-03,2026-07-23,通过,陈晓宇,符合认定条件，通过
202500699,赴日照海洋生态实践团,返家乡实践,海洋生态保护宣传,汽车工程学院,2026-07-01,2026-07-24,通过,陈晓宇,佐证材料完整，予以通过
202500700,赴德州海洋生态实践团,校级重点团队,海洋生态保护宣传,校团委,2026-07-07,2026-07-22,驳回,陈晓宇,材料不完整，请补充佐证后重新提交
202500701,赴烟台红色基因实践团,返家乡实践,红色基因传承,威海团市委,2026-07-03,2026-07-18,公示中,陈晓宇,符合认定条件，通过
202500702,赴聊城海洋生态实践团,院级重点团队,海洋生态保护宣传,汽车工程学院,2026-07-01,2026-07-16,驳回,陈晓宇,材料不完整，请补充佐证后重新提交
202500703,赴临沂汽车产业实践团,校级重点团队,汽车产业链调研,汽车工程学院,2026-07-09,2026-07-21,驳回,陈晓宇,材料不完整，请补充佐证后重新提交
202500704,赴泰安汽车产业实践团,院级重点团队,汽车产业链调研,校团委,2026-07-04,2026-07-27,通过,陈晓宇,符合认定条件，通过
202500705,赴东营黄河流域实践团,企业实习实践,黄河流域生态考察,汽车工程学院,2026-07-08,2026-07-27,通过,陈晓宇,材料齐全，同意认定
202500706,赴日照乡村振兴实践团,返家乡实践,乡村振兴调研,汽车工程学院,2026-07-01,2026-07-26,驳回,陈晓宇,材料不完整，请补充佐证后重新提交
202500707,赴东营社区志愿实践团,返家乡实践,社区志愿服务,汽车工程学院,2026-07-06,2026-07-16,待审核,,
202500708,赴济宁海洋生态实践团,院级重点团队,海洋生态保护宣传,校团委,2026-07-10,2026-07-21,待审核,,
202500709,赴泰安红色基地实践团,院级重点团队,红色基地研学,校团委,2026-07-09,2026-07-17,公示中,陈晓宇,佐证材料完整，予以通过
202500710,赴威海海洋生态实践团,返家乡实践,海洋生态保护宣传,校团委,2026-07-10,2026-07-27,通过,陈晓宇,材料齐全，同意认定
202500711,赴聊城汽车产业实践团,企业实习实践,汽车产业链调研,威海团市委,2026-07-07,2026-07-26,待审核,,
202500712,赴临沂社区志愿实践团,院级重点团队,社区志愿服务,校团委,2026-07-10,2026-07-21,待审核,,
202500713,赴潍坊海洋生态实践团,院级重点团队,海洋生态保护宣传,汽车工程学院,2026-07-02,2026-07-22,通过,陈晓宇,符合认定条件，通过
202500714,赴东营企业走访实践团,校级重点团队,企业走访见习,威海团市委,2026-07-04,2026-07-20,驳回,陈晓宇,时间信息有误，请核对后重新提交
202500715,赴威海红色基地实践团,院级重点团队,红色基地研学,校团委,2026-07-01,2026-07-24,通过,陈晓宇,材料齐全，同意认定
202500716,赴淄博黄河流域实践团,自主实践团队,黄河流域生态考察,威海团市委,2026-07-10,2026-07-18,通过,陈晓宇,材料齐全，同意认定
202500717,赴潍坊黄河流域实践团,校级重点团队,黄河流域生态考察,校团委,2026-07-02,2026-07-15,通过,陈晓宇,符合认定条件，通过
202500718,赴济宁科技支农实践团,院级重点团队,科技支农帮扶,汽车工程学院,2026-07-05,2026-07-16,驳回,陈晓宇,时间信息有误，请核对后重新提交
202500719,赴烟台黄河流域实践团,企业实习实践,黄河流域生态考察,汽车工程学院,2026-07-05,2026-07-26,通过,陈晓宇,符合认定条件，通过
202500720,赴聊城科技支农实践团,院级重点团队,科技支农帮扶,校团委,2026-07-09,2026-07-21,待审核,,
202500721,赴青岛海洋生态实践团,返家乡实践,海洋生态保护宣传,汽车工程学院,2026-07-07,2026-07-25,待审核,,
202500722,赴烟台汽车产业实践团,自主实践团队,汽车产业链调研,威海团市委,2026-07-09,2026-07-16,通过,陈晓宇,佐证材料完整，予以通过
202500723,赴威海科技支农实践团,校级重点团队,科技支农帮扶,汽车工程学院,2026-07-06,2026-07-15,待审核,,
202500724,赴聊城红色基因实践团,校级重点团队,红色基因传承,校团委,2026-07-03,2026-07-27,驳回,陈晓宇,认定依据不足，请补充说明材料
202500725,赴东营海洋生态实践团,自主实践团队,海洋生态保护宣传,汽车工程学院,2026-07-07,2026-07-17,通过,陈晓宇,佐证材料完整，予以通过
202500726,赴德州关爱留守实践团,返家乡实践,关爱留守儿童,威海团市委,2026-07-01,2026-07-26,待审核,,
202500727,赴济宁红色基因实践团,自主实践团队,红色基因传承,汽车工程学院,2026-07-07,2026-07-17,通过,陈晓宇,材料齐全，同意认定
202500728,赴青岛企业走访实践团,校级重点团队,企业走访见习,威海团市委,2026-07-07,2026-07-19,待审核,,
202500729,赴日照海洋生态实践团,院级重点团队,海洋生态保护宣传,校团委,2026-07-01,2026-07-16,驳回,陈晓宇,盖章缺失，请重新上传完整材料
202500730,赴济南海洋生态实践团,企业实习实践,海洋生态保护宣传,威海团市委,2026-07-09,2026-07-18,通过,陈晓宇,符合认定条件，通过
202500731,赴济南乡村振兴实践团,返家乡实践,乡村振兴调研,校团委,2026-07-02,2026-07-17,通过,陈晓宇,材料齐全，同意认定
202500732,赴日照社区志愿实践团,企业实习实践,社区志愿服务,汽车工程学院,2026-07-02,2026-07-18,待审核,,
202500733,赴济南海洋生态实践团,企业实习实践,海洋生态保护宣传,威海团市委,2026-07-02,2026-07-27,通过,陈晓宇,符合认定条件，通过
202500734,赴泰安汽车产业实践团,院级重点团队,汽车产业链调研,汽车工程学院,2026-07-01,2026-07-18,待审核,,
202500735,赴日照汽车产业实践团,企业实习实践,汽车产业链调研,威海团市委,2026-07-01,2026-07-20,驳回,陈晓宇,材料不完整，请补充佐证后重新提交
202500736,赴枣庄海洋生态实践团,院级重点团队,海洋生态保护宣传,威海团市委,2026-07-04,2026-07-23,待审核,,
202500737,赴德州企业走访实践团,返家乡实践,企业走访见习,校团委,2026-07-09,2026-07-24,驳回,吴敏,盖章缺失，请重新上传完整材料
202500738,赴青岛黄河流域实践团,返家乡实践,黄河流域生态考察,校团委,2026-07-06,2026-07-19,驳回,吴敏,材料不完整，请补充佐证后重新提交
202500739,赴聊城关爱留守实践团,自主实践团队,关爱留守儿童,校团委,2026-07-08,2026-07-15,待审核,,
202500740,赴东营科技支农实践团,自主实践团队,科技支农帮扶,威海团市委,2026-07-03,2026-07-23,通过,吴敏,材料齐全，同意认定
202500741,赴泰安红色基地实践团,校级重点团队,红色基地研学,威海团市委,2026-07-05,2026-07-27,通过,吴敏,佐证材料完整，予以通过
202500742,赴聊城科技支农实践团,校级重点团队,科技支农帮扶,汽车工程学院,2026-07-01,2026-07-28,通过,吴敏,佐证材料完整，予以通过
202500743,赴聊城红色基地实践团,院级重点团队,红色基地研学,汽车工程学院,2026-07-04,2026-07-28,待审核,,
202500744,赴枣庄红色基地实践团,企业实习实践,红色基地研学,校团委,2026-07-05,2026-07-22,通过,吴敏,佐证材料完整，予以通过
202500745,赴潍坊红色基因实践团,企业实习实践,红色基因传承,校团委,2026-07-05,2026-07-23,通过,吴敏,佐证材料完整，予以通过
202500746,赴烟台乡村振兴实践团,自主实践团队,乡村振兴调研,汽车工程学院,2026-07-06,2026-07-15,通过,吴敏,材料齐全，同意认定
202500747,赴威海海洋生态实践团,校级重点团队,海洋生态保护宣传,威海团市委,2026-07-04,2026-07-18,通过,吴敏,符合认定条件，通过
202500748,赴聊城企业走访实践团,企业实习实践,企业走访见习,校团委,2026-07-09,2026-07-16,驳回,吴敏,时间信息有误，请核对后重新提交
202500749,赴济南红色基地实践团,自主实践团队,红色基地研学,校团委,2026-07-03,2026-07-21,通过,吴敏,佐证材料完整，予以通过
202500750,赴烟台企业走访实践团,返家乡实践,企业走访见习,威海团市委,2026-07-09,2026-07-18,驳回,吴敏,时间信息有误，请核对后重新提交
202500751,赴聊城汽车产业实践团,企业实习实践,汽车产业链调研,校团委,2026-07-07,2026-07-25,驳回,吴敏,盖章缺失，请重新上传完整材料
202500752,赴济南红色基因实践团,企业实习实践,红色基因传承,校团委,2026-07-03,2026-07-16,驳回,吴敏,时间信息有误，请核对后重新提交
202500753,赴淄博黄河流域实践团,校级重点团队,黄河流域生态考察,校团委,2026-07-05,2026-07-18,通过,吴敏,材料齐全，同意认定
202500754,赴东营红色基地实践团,企业实习实践,红色基地研学,汽车工程学院,2026-07-01,2026-07-24,驳回,吴敏,时间信息有误，请核对后重新提交
202500755,赴日照汽车产业实践团,返家乡实践,汽车产业链调研,威海团市委,2026-07-09,2026-07-25,通过,吴敏,佐证材料完整，予以通过
202500756,赴临沂海洋生态实践团,校级重点团队,海洋生态保护宣传,汽车工程学院,2026-07-01,2026-07-24,通过,吴敏,佐证材料完整，予以通过
202500757,赴临沂汽车产业实践团,自主实践团队,汽车产业链调研,校团委,2026-07-02,2026-07-22,通过,吴敏,材料齐全，同意认定
202500758,赴泰安社区志愿实践团,院级重点团队,社区志愿服务,汽车工程学院,2026-07-09,2026-07-19,驳回,吴敏,材料不完整，请补充佐证后重新提交
202500759,赴青岛红色基因实践团,自主实践团队,红色基因传承,威海团市委,2026-07-04,2026-07-16,通过,吴敏,符合认定条件，通过
202500760,赴济宁红色基因实践团,返家乡实践,红色基因传承,校团委,2026-07-08,2026-07-20,待审核,,
202500761,赴烟台红色基地实践团,院级重点团队,红色基地研学,威海团市委,2026-07-05,2026-07-20,待审核,,
202500762,赴烟台红色基因实践团,自主实践团队,红色基因传承,汽车工程学院,2026-07-01,2026-07-28,通过,吴敏,材料齐全，同意认定
202500763,赴济南企业走访实践团,企业实习实践,企业走访见习,汽车工程学院,2026-07-10,2026-07-23,通过,吴敏,材料齐全，同意认定
202500764,赴济宁黄河流域实践团,校级重点团队,黄河流域生态考察,校团委,2026-07-03,2026-07-26,通过,吴敏,材料齐全，同意认定
202500765,赴济南黄河流域实践团,返家乡实践,黄河流域生态考察,校团委,2026-07-08,2026-07-24,驳回,吴敏,时间信息有误，请核对后重新提交
202500766,赴枣庄红色基因实践团,校级重点团队,红色基因传承,校团委,2026-07-06,2026-07-15,驳回,吴敏,盖章缺失，请重新上传完整材料
202500767,赴济宁关爱留守实践团,校级重点团队,关爱留守儿童,汽车工程学院,2026-07-01,2026-07-17,通过,吴敏,材料齐全，同意认定
202500768,赴烟台关爱留守实践团,院级重点团队,关爱留守儿童,校团委,2026-07-06,2026-07-26,驳回,吴敏,盖章缺失，请重新上传完整材料
202500769,赴济宁汽车产业实践团,院级重点团队,汽车产业链调研,校团委,2026-07-08,2026-07-28,通过,吴敏,符合认定条件，通过
202500770,赴临沂关爱留守实践团,自主实践团队,关爱留守儿童,威海团市委,2026-07-04,2026-07-20,驳回,吴敏,材料不完整，请补充佐证后重新提交
202500771,赴德州科技支农实践团,企业实习实践,科技支农帮扶,威海团市委,2026-07-07,2026-07-23,通过,吴敏,材料齐全，同意认定
202500772,赴威海企业走访实践团,校级重点团队,企业走访见习,汽车工程学院,2026-07-09,2026-07-21,驳回,吴敏,时间信息有误，请核对后重新提交
202500773,赴聊城关爱留守实践团,自主实践团队,关爱留守儿童,威海团市委,2026-07-04,2026-07-23,驳回,吴敏,材料不完整，请补充佐证后重新提交
202500774,赴泰安社区志愿实践团,院级重点团队,社区志愿服务,威海团市委,2026-07-01,2026-07-20,待审核,,
202500775,赴淄博红色基因实践团,院级重点团队,红色基因传承,校团委,2026-07-08,2026-07-18,通过,吴敏,材料齐全，同意认定
202500776,赴临沂社区志愿实践团,院级重点团队,社区志愿服务,校团委,2026-07-02,2026-07-23,通过,吴敏,符合认定条件，通过
202500777,赴青岛科技支农实践团,企业实习实践,科技支农帮扶,汽车工程学院,2026-07-08,2026-07-24,通过,吴敏,符合认定条件，通过
202500778,赴日照汽车产业实践团,自主实践团队,汽车产业链调研,校团委,2026-07-09,2026-07-24,通过,吴敏,佐证材料完整，予以通过
202500779,赴临沂乡村振兴实践团,院级重点团队,乡村振兴调研,汽车工程学院,2026-07-07,2026-07-20,通过,吴敏,符合认定条件，通过
202500780,赴烟台关爱留守实践团,院级重点团队,关爱留守儿童,威海团市委,2026-07-05,2026-07-25,驳回,吴敏,材料不完整，请补充佐证后重新提交
202500781,赴潍坊科技支农实践团,校级重点团队,科技支农帮扶,汽车工程学院,2026-07-08,2026-07-27,待审核,,
202500782,赴聊城海洋生态实践团,校级重点团队,海洋生态保护宣传,校团委,2026-07-08,2026-07-17,待审核,,
202500783,赴东营汽车产业实践团,院级重点团队,汽车产业链调研,校团委,2026-07-03,2026-07-24,通过,吴敏,佐证材料完整，予以通过
202500784,赴潍坊海洋生态实践团,校级重点团队,海洋生态保护宣传,汽车工程学院,2026-07-07,2026-07-25,通过,吴敏,材料齐全，同意认定
202500785,赴聊城科技支农实践团,校级重点团队,科技支农帮扶,校团委,2026-07-08,2026-07-19,通过,吴敏,符合认定条件，通过
202500786,赴烟台科技支农实践团,院级重点团队,科技支农帮扶,威海团市委,2026-07-01,2026-07-22,待审核,,
202500787,赴枣庄科技支农实践团,企业实习实践,科技支农帮扶,汽车工程学院,2026-07-10,2026-07-26,驳回,吴敏,材料不完整，请补充佐证后重新提交
202500788,赴枣庄企业走访实践团,自主实践团队,企业走访见习,威海团市委,2026-07-03,2026-07-27,通过,吴敏,材料齐全，同意认定
202500789,赴日照海洋生态实践团,企业实习实践,海洋生态保护宣传,汽车工程学院,2026-07-06,2026-07-23,通过,吴敏,符合认定条件，通过
202500790,赴临沂红色基地实践团,校级重点团队,红色基地研学,校团委,2026-07-10,2026-07-16,通过,吴敏,符合认定条件，通过
202500791,赴德州海洋生态实践团,自主实践团队,海洋生态保护宣传,威海团市委,2026-07-04,2026-07-21,驳回,吴敏,认定依据不足，请补充说明材料
202500792,赴烟台关爱留守实践团,返家乡实践,关爱留守儿童,校团委,2026-07-06,2026-07-24,驳回,吴敏,盖章缺失，请重新上传完整材料
202500793,赴枣庄社区志愿实践团,返家乡实践,社区志愿服务,威海团市委,2026-07-04,2026-07-27,待审核,,
202500794,赴聊城企业走访实践团,院级重点团队,企业走访见习,汽车工程学院,2026-07-09,2026-07-22,驳回,吴敏,材料不完整，请补充佐证后重新提交
202500795,赴枣庄企业走访实践团,企业实习实践,企业走访见习,校团委,2026-07-09,2026-07-26,通过,吴敏,佐证材料完整，予以通过
202500796,赴聊城汽车产业实践团,企业实习实践,汽车产业链调研,威海团市委,2026-07-08,2026-07-27,通过,吴敏,符合认定条件，通过
202500797,赴济南黄河流域实践团,返家乡实践,黄河流域生态考察,威海团市委,2026-07-05,2026-07-19,待审核,,
202500798,赴潍坊黄河流域实践团,返家乡实践,黄河流域生态考察,威海团市委,2026-07-08,2026-07-23,驳回,吴敏,材料不完整，请补充佐证后重新提交
202500799,赴德州关爱留守实践团,校级重点团队,关爱留守儿童,汽车工程学院,2026-07-03,2026-07-22,待审核,,
202500800,赴青岛红色基因实践团,院级重点团队,红色基因传承,校团委,2026-07-05,2026-07-21,驳回,吴敏,材料不完整，请补充佐证后重新提交
202500801,赴东营海洋生态实践团,返家乡实践,海洋生态保护宣传,威海团市委,2026-07-09,2026-07-24,驳回,吴敏,时间信息有误，请核对后重新提交
202500802,赴烟台科技支农实践团,校级重点团队,科技支农帮扶,汽车工程学院,2026-07-09,2026-07-21,驳回,吴敏,时间信息有误，请核对后重新提交
202500803,赴淄博红色基地实践团,企业实习实践,红色基地研学,汽车工程学院,2026-07-10,2026-07-21,通过,吴敏,材料齐全，同意认定
202500804,赴聊城关爱留守实践团,院级重点团队,关爱留守儿童,汽车工程学院,2026-07-01,2026-07-17,待审核,,
202500805,赴淄博关爱留守实践团,返家乡实践,关爱留守儿童,校团委,2026-07-05,2026-07-24,通过,杨光辉,佐证材料完整，予以通过
202500806,赴聊城黄河流域实践团,返家乡实践,黄河流域生态考察,威海团市委,2026-07-05,2026-07-27,通过,杨光辉,材料齐全，同意认定
202500807,赴日照关爱留守实践团,企业实习实践,关爱留守儿童,汽车工程学院,2026-07-05,2026-07-23,驳回,杨光辉,材料不完整，请补充佐证后重新提交
202500808,赴日照企业走访实践团,企业实习实践,企业走访见习,校团委,2026-07-09,2026-07-19,驳回,杨光辉,认定依据不足，请补充说明材料
202500809,赴德州黄河流域实践团,返家乡实践,黄河流域生态考察,校团委,2026-07-10,2026-07-26,通过,杨光辉,符合认定条件，通过
202500810,赴青岛红色基地实践团,校级重点团队,红色基地研学,威海团市委,2026-07-04,2026-07-19,驳回,杨光辉,材料不完整，请补充佐证后重新提交
202500811,赴潍坊黄河流域实践团,校级重点团队,黄河流域生态考察,威海团市委,2026-07-07,2026-07-28,待审核,,
202500812,赴枣庄企业走访实践团,返家乡实践,企业走访见习,校团委,2026-07-02,2026-07-16,通过,杨光辉,符合认定条件，通过
202500813,赴青岛海洋生态实践团,企业实习实践,海洋生态保护宣传,校团委,2026-07-03,2026-07-15,通过,杨光辉,符合认定条件，通过
202500814,赴威海科技支农实践团,企业实习实践,科技支农帮扶,汽车工程学院,2026-07-08,2026-07-15,通过,杨光辉,材料齐全，同意认定
202500815,赴淄博社区志愿实践团,返家乡实践,社区志愿服务,汽车工程学院,2026-07-10,2026-07-21,待审核,,
202500816,赴潍坊红色基因实践团,企业实习实践,红色基因传承,校团委,2026-07-10,2026-07-23,通过,杨光辉,符合认定条件，通过
202500817,赴青岛企业走访实践团,企业实习实践,企业走访见习,校团委,2026-07-07,2026-07-22,通过,杨光辉,材料齐全，同意认定
202500818,赴潍坊关爱留守实践团,校级重点团队,关爱留守儿童,校团委,2026-07-02,2026-07-27,待审核,,
202500819,赴德州红色基因实践团,院级重点团队,红色基因传承,汽车工程学院,2026-07-03,2026-07-28,通过,杨光辉,材料齐全，同意认定
202500820,赴东营汽车产业实践团,校级重点团队,汽车产业链调研,校团委,2026-07-08,2026-07-25,通过,杨光辉,佐证材料完整，予以通过
202500821,赴潍坊海洋生态实践团,返家乡实践,海洋生态保护宣传,威海团市委,2026-07-01,2026-07-19,通过,杨光辉,佐证材料完整，予以通过
202500822,赴济宁关爱留守实践团,校级重点团队,关爱留守儿童,校团委,2026-07-05,2026-07-28,待审核,,
202500823,赴威海海洋生态实践团,自主实践团队,海洋生态保护宣传,校团委,2026-07-07,2026-07-15,驳回,杨光辉,时间信息有误，请核对后重新提交
202500824,赴德州红色基因实践团,校级重点团队,红色基因传承,威海团市委,2026-07-07,2026-07-25,通过,杨光辉,符合认定条件，通过
202500825,赴日照汽车产业实践团,院级重点团队,汽车产业链调研,校团委,2026-07-03,2026-07-20,通过,杨光辉,材料齐全，同意认定
202500826,赴枣庄社区志愿实践团,企业实习实践,社区志愿服务,校团委,2026-07-05,2026-07-16,通过,杨光辉,材料齐全，同意认定
202500827,赴枣庄乡村振兴实践团,校级重点团队,乡村振兴调研,威海团市委,2026-07-07,2026-07-23,驳回,杨光辉,认定依据不足，请补充说明材料
202500828,赴东营关爱留守实践团,院级重点团队,关爱留守儿童,威海团市委,2026-07-04,2026-07-16,通过,杨光辉,佐证材料完整，予以通过
202500829,赴济南社区志愿实践团,院级重点团队,社区志愿服务,校团委,2026-07-03,2026-07-24,驳回,杨光辉,盖章缺失，请重新上传完整材料
202500830,赴日照海洋生态实践团,院级重点团队,海洋生态保护宣传,校团委,2026-07-04,2026-07-22,通过,杨光辉,符合认定条件，通过
202500831,赴济南黄河流域实践团,企业实习实践,黄河流域生态考察,威海团市委,2026-07-10,2026-07-27,通过,杨光辉,材料齐全，同意认定
202500832,赴威海红色基地实践团,校级重点团队,红色基地研学,汽车工程学院,2026-07-02,2026-07-21,通过,杨光辉,佐证材料完整，予以通过
202500833,赴临沂海洋生态实践团,校级重点团队,海洋生态保护宣传,威海团市委,2026-07-05,2026-07-26,待审核,,
202500834,赴青岛红色基地实践团,自主实践团队,红色基地研学,威海团市委,2026-07-03,2026-07-18,通过,杨光辉,材料齐全，同意认定
202500835,赴聊城科技支农实践团,返家乡实践,科技支农帮扶,汽车工程学院,2026-07-08,2026-07-28,通过,杨光辉,材料齐全，同意认定
202500836,赴烟台红色基因实践团,返家乡实践,红色基因传承,威海团市委,2026-07-03,2026-07-20,待审核,,
202500837,赴泰安黄河流域实践团,企业实习实践,黄河流域生态考察,汽车工程学院,2026-07-09,2026-07-17,公示中,杨光辉,符合认定条件，通过
202500838,赴泰安科技支农实践团,校级重点团队,科技支农帮扶,汽车工程学院,2026-07-08,2026-07-20,驳回,杨光辉,时间信息有误，请核对后重新提交
202500839,赴枣庄海洋生态实践团,返家乡实践,海洋生态保护宣传,汽车工程学院,2026-07-01,2026-07-24,通过,杨光辉,材料齐全，同意认定
202500840,赴枣庄海洋生态实践团,校级重点团队,海洋生态保护宣传,汽车工程学院,2026-07-01,2026-07-26,待审核,,
202500841,赴聊城科技支农实践团,返家乡实践,科技支农帮扶,校团委,2026-07-01,2026-07-24,驳回,杨光辉,材料不完整，请补充佐证后重新提交
202500842,赴青岛海洋生态实践团,自主实践团队,海洋生态保护宣传,威海团市委,2026-07-02,2026-07-16,通过,杨光辉,材料齐全，同意认定
202500843,赴威海社区志愿实践团,自主实践团队,社区志愿服务,威海团市委,2026-07-09,2026-07-25,通过,杨光辉,佐证材料完整，予以通过
202500844,赴泰安红色基因实践团,企业实习实践,红色基因传承,汽车工程学院,2026-07-08,2026-07-19,驳回,杨光辉,材料不完整，请补充佐证后重新提交
202500845,赴日照关爱留守实践团,企业实习实践,关爱留守儿童,校团委,2026-07-10,2026-07-27,通过,杨光辉,符合认定条件，通过
202500846,赴济宁汽车产业实践团,院级重点团队,汽车产业链调研,汽车工程学院,2026-07-01,2026-07-27,通过,杨光辉,佐证材料完整，予以通过
202500847,赴德州海洋生态实践团,自主实践团队,海洋生态保护宣传,汽车工程学院,2026-07-10,2026-07-20,驳回,杨光辉,盖章缺失，请重新上传完整材料
202500848,赴泰安红色基因实践团,校级重点团队,红色基因传承,汽车工程学院,2026-07-08,2026-07-28,通过,杨光辉,符合认定条件，通过
202500849,赴日照汽车产业实践团,返家乡实践,汽车产业链调研,汽车工程学院,2026-07-02,2026-07-26,通过,杨光辉,符合认定条件，通过
202500850,赴济南海洋生态实践团,院级重点团队,海洋生态保护宣传,校团委,2026-07-08,2026-07-24,驳回,杨光辉,认定依据不足，请补充说明材料
202500851,赴泰安汽车产业实践团,校级重点团队,汽车产业链调研,汽车工程学院,2026-07-09,2026-07-21,驳回,杨光辉,时间信息有误，请核对后重新提交
202500852,赴烟台关爱留守实践团,返家乡实践,关爱留守儿童,汽车工程学院,2026-07-02,2026-07-21,驳回,杨光辉,盖章缺失，请重新上传完整材料
202500853,赴烟台红色基地实践团,院级重点团队,红色基地研学,校团委,2026-07-09,2026-07-19,待审核,,
202500854,赴烟台海洋生态实践团,企业实习实践,海洋生态保护宣传,校团委,2026-07-04,2026-07-20,驳回,杨光辉,认定依据不足，请补充说明材料
202500855,赴枣庄乡村振兴实践团,企业实习实践,乡村振兴调研,威海团市委,2026-07-03,2026-07-23,通过,杨光辉,佐证材料完整，予以通过
202500856,赴东营汽车产业实践团,自主实践团队,汽车产业链调研,威海团市委,2026-07-02,2026-07-17,通过,杨光辉,符合认定条件，通过
202500857,赴烟台红色基因实践团,院级重点团队,红色基因传承,汽车工程学院,2026-07-02,2026-07-25,通过,杨光辉,材料齐全，同意认定
202500858,赴德州黄河流域实践团,企业实习实践,黄河流域生态考察,汽车工程学院,2026-07-04,2026-07-17,通过,杨光辉,佐证材料完整，予以通过
202500859,赴泰安海洋生态实践团,返家乡实践,海洋生态保护宣传,汽车工程学院,2026-07-02,2026-07-16,通过,杨光辉,材料齐全，同意认定
202500860,赴淄博企业走访实践团,返家乡实践,企业走访见习,汽车工程学院,2026-07-01,2026-07-18,通过,杨光辉,佐证材料完整，予以通过
202500861,赴烟台企业走访实践团,院级重点团队,企业走访见习,校团委,2026-07-09,2026-07-24,待审核,,
202500862,赴日照企业走访实践团,自主实践团队,企业走访见习,汽车工程学院,2026-07-07,2026-07-24,通过,杨光辉,符合认定条件，通过
202500863,赴德州乡村振兴实践团,返家乡实践,乡村振兴调研,威海团市委,2026-07-07,2026-07-20,驳回,杨光辉,材料不完整，请补充佐证后重新提交
202500864,赴烟台关爱留守实践团,自主实践团队,关爱留守儿童,威海团市委,2026-07-02,2026-07-25,驳回,杨光辉,盖章缺失，请重新上传完整材料
202500865,赴济南关爱留守实践团,自主实践团队,关爱留守儿童,校团委,2026-07-06,2026-07-17,通过,杨光辉,符合认定条件，通过
202500866,赴烟台企业走访实践团,院级重点团队,企业走访见习,汽车工程学院,2026-07-03,2026-07-16,驳回,杨光辉,认定依据不足，请补充说明材料
202500867,赴青岛红色基因实践团,校级重点团队,红色基因传承,威海团市委,2026-07-08,2026-07-16,驳回,杨光辉,认定依据不足，请补充说明材料
202500868,赴淄博企业走访实践团,院级重点团队,企业走访见习,威海团市委,2026-07-10,2026-07-22,通过,杨光辉,符合认定条件，通过
202500869,赴聊城海洋生态实践团,企业实习实践,海洋生态保护宣传,校团委,2026-07-03,2026-07-16,通过,杨光辉,材料齐全，同意认定
202500870,赴淄博科技支农实践团,企业实习实践,科技支农帮扶,校团委,2026-07-03,2026-07-16,通过,杨光辉,佐证材料完整，予以通过
202500871,赴德州企业走访实践团,校级重点团队,企业走访见习,威海团市委,2026-07-06,2026-07-16,待审核,,
202500872,赴德州关爱留守实践团,院级重点团队,关爱留守儿童,威海团市委,2026-07-02,2026-07-18,通过,蒋明辉,材料齐全，同意认定
202500873,赴潍坊汽车产业实践团,校级重点团队,汽车产业链调研,汽车工程学院,2026-07-09,2026-07-23,通过,蒋明辉,佐证材料完整，予以通过
202500874,赴淄博企业走访实践团,校级重点团队,企业走访见习,校团委,2026-07-09,2026-07-15,通过,蒋明辉,材料齐全，同意认定
202500875,赴济宁汽车产业实践团,院级重点团队,汽车产业链调研,汽车工程学院,2026-07-04,2026-07-21,公示中,蒋明辉,材料齐全，同意认定
202500876,赴潍坊社区志愿实践团,院级重点团队,社区志愿服务,汽车工程学院,2026-07-05,2026-07-23,驳回,蒋明辉,认定依据不足，请补充说明材料
202500877,赴潍坊海洋生态实践团,院级重点团队,海洋生态保护宣传,威海团市委,2026-07-03,2026-07-19,通过,蒋明辉,符合认定条件，通过
202500878,赴威海科技支农实践团,院级重点团队,科技支农帮扶,校团委,2026-07-05,2026-07-25,通过,蒋明辉,材料齐全，同意认定
202500879,赴枣庄科技支农实践团,返家乡实践,科技支农帮扶,汽车工程学院,2026-07-04,2026-07-22,通过,蒋明辉,佐证材料完整，予以通过
202500880,赴烟台社区志愿实践团,校级重点团队,社区志愿服务,威海团市委,2026-07-09,2026-07-20,通过,蒋明辉,符合认定条件，通过
202500881,赴烟台红色基地实践团,返家乡实践,红色基地研学,汽车工程学院,2026-07-03,2026-07-28,通过,蒋明辉,材料齐全，同意认定
202500882,赴东营红色基地实践团,返家乡实践,红色基地研学,威海团市委,2026-07-09,2026-07-22,通过,蒋明辉,材料齐全，同意认定
202500883,赴潍坊海洋生态实践团,返家乡实践,海洋生态保护宣传,校团委,2026-07-04,2026-07-22,驳回,蒋明辉,盖章缺失，请重新上传完整材料
202500884,赴济南关爱留守实践团,校级重点团队,关爱留守儿童,校团委,2026-07-01,2026-07-20,通过,蒋明辉,符合认定条件，通过
202500885,赴济南红色基因实践团,企业实习实践,红色基因传承,汽车工程学院,2026-07-10,2026-07-23,通过,蒋明辉,佐证材料完整，予以通过
202500886,赴青岛海洋生态实践团,校级重点团队,海洋生态保护宣传,威海团市委,2026-07-01,2026-07-21,通过,蒋明辉,佐证材料完整，予以通过
202500887,赴威海黄河流域实践团,返家乡实践,黄河流域生态考察,汽车工程学院,2026-07-05,2026-07-18,待审核,,
202500888,赴临沂关爱留守实践团,校级重点团队,关爱留守儿童,校团委,2026-07-02,2026-07-16,驳回,蒋明辉,时间信息有误，请核对后重新提交
202500889,赴威海关爱留守实践团,校级重点团队,关爱留守儿童,校团委,2026-07-10,2026-07-20,待审核,,
202500890,赴临沂海洋生态实践团,校级重点团队,海洋生态保护宣传,校团委,2026-07-06,2026-07-18,驳回,蒋明辉,盖章缺失，请重新上传完整材料
202500891,赴日照关爱留守实践团,自主实践团队,关爱留守儿童,校团委,2026-07-10,2026-07-20,通过,蒋明辉,符合认定条件，通过
202500892,赴德州社区志愿实践团,企业实习实践,社区志愿服务,威海团市委,2026-07-04,2026-07-24,驳回,蒋明辉,材料不完整，请补充佐证后重新提交
202500893,赴日照海洋生态实践团,校级重点团队,海洋生态保护宣传,威海团市委,2026-07-02,2026-07-21,待审核,,
202500894,赴德州汽车产业实践团,企业实习实践,汽车产业链调研,汽车工程学院,2026-07-09,2026-07-22,通过,蒋明辉,佐证材料完整，予以通过
202500895,赴东营海洋生态实践团,校级重点团队,海洋生态保护宣传,校团委,2026-07-02,2026-07-25,待审核,,
202500896,赴临沂科技支农实践团,校级重点团队,科技支农帮扶,汽车工程学院,2026-07-10,2026-07-17,通过,蒋明辉,符合认定条件，通过
202500897,赴潍坊黄河流域实践团,返家乡实践,黄河流域生态考察,威海团市委,2026-07-01,2026-07-24,驳回,蒋明辉,材料不完整，请补充佐证后重新提交
202500898,赴青岛企业走访实践团,校级重点团队,企业走访见习,汽车工程学院,2026-07-09,2026-07-27,通过,蒋明辉,材料齐全，同意认定
202500899,赴聊城企业走访实践团,企业实习实践,企业走访见习,威海团市委,2026-07-10,2026-07-15,驳回,蒋明辉,材料不完整，请补充佐证后重新提交
202500900,赴烟台关爱留守实践团,自主实践团队,关爱留守儿童,校团委,2026-07-10,2026-07-22,通过,蒋明辉,材料齐全，同意认定
