学号,姓名,性别,民族,政治面貌,出生日期,手机,邮箱,年级,学院,专业,班级,生源地,辅导员工号
202300001,黄鸿飞,男,汉族,共青团员,2005-02-12,17526793195,202300001@hitwh.edu.cn,2023级,汽车工程学院,车辆工程,车辆2301班,吉林长春,C0001
202300002,严梦洁,女,汉族,共青团员,2005-08-12,19383500389,202300002@hitwh.edu.cn,2023级,汽车工程学院,车辆工程,车辆2301班,山东济南,C0001
202300003,邱振宇,男,回族,共青团员,2005-03-11,13131193400,202300003@hitwh.edu.cn,2023级,汽车工程学院,车辆工程,车辆2301班,山东临沂,C0001
202300004,郝景行,男,回族,共青团员,2005-03-01,19662325880,202300004@hitwh.edu.cn,2023级,汽车工程学院,车辆工程,车辆2301班,黑龙江哈尔滨,C0001
202300005,白景行,男,汉族,共青团员,2005-04-28,18680315828,202300005@hitwh.edu.cn,2023级,汽车工程学院,车辆工程,车辆2301班,河南郑州,C0001
202300006,周天佑,男,汉族,共青团员,2005-04-22,19681914028,202300006@hitwh.edu.cn,2023级,汽车工程学院,车辆工程,车辆2301班,山东济宁,C0001
202300007,魏雨泽,男,壮族,预备党员,2005-07-15,17883527897,202300007@hitwh.edu.cn,2023级,汽车工程学院,车辆工程,车辆2301班,山东淄博,C0001
202300008,金家豪,男,汉族,共青团员,2005-07-22,13975603500,202300008@hitwh.edu.cn,2023级,汽车工程学院,车辆工程,车辆2301班,山东济宁,C0001
202300009,莫庆丰,男,汉族,群众,2005-07-06,18978132170,202300009@hitwh.edu.cn,2023级,汽车工程学院,车辆工程,车辆2301班,吉林长春,C0001
202300010,沈立群,男,蒙古族,共青团员,2005-11-05,19338267948,202300010@hitwh.edu.cn,2023级,汽车工程学院,车辆工程,车辆2301班,山东济南,C0001
202300011,薛泽楷,男,汉族,中共党员,2005-03-24,19772410104,202300011@hitwh.edu.cn,2023级,汽车工程学院,车辆工程,车辆2301班,黑龙江哈尔滨,C0001
202300012,宋俊杰,男,汉族,共青团员,2005-04-06,17749037386,202300012@hitwh.edu.cn,2023级,汽车工程学院,车辆工程,车辆2301班,山西太原,C0001
202300013,谭芷若,女,汉族,共青团员,2005-05-02,13898345824,202300013@hitwh.edu.cn,2023级,汽车工程学院,车辆工程,车辆2301班,山东烟台,C0001
202300014,袁子轩,男,汉族,预备党员,2005-10-06,15911065063,202300014@hitwh.edu.cn,2023级,汽车工程学院,车辆工程,车辆2301班,黑龙江哈尔滨,C0001
202300015,覃悦宁,女,回族,中共党员,2005-07-13,15573908689,202300015@hitwh.edu.cn,2023级,汽车工程学院,车辆工程,车辆2301班,山东潍坊,C0001
202300016,郑志强,男,汉族,共青团员,2005-10-18,18696433801,202300016@hitwh.edu.cn,2023级,汽车工程学院,车辆工程,车辆2301班,安徽合肥,C0001
202300017,黎明哲,男,蒙古族,预备党员,2005-03-04,17118321450,202300017@hitwh.edu.cn,2023级,汽车工程学院,车辆工程,车辆2301班,山东济宁,C0001
202300018,雷家豪,男,汉族,共青团员,2005-10-03,19542487708,202300018@hitwh.edu.cn,2023级,汽车工程学院,车辆工程,车辆2301班,山东济南,C0001
202300019,田宗翰,男,回族,中共党员,2005-07-03,17791550303,202300019@hitwh.edu.cn,2023级,汽车工程学院,车辆工程,车辆2301班,山东青岛,C0001
202300020,肖沛东,男,汉族,群众,2005-09-05,13040187821,202300020@hitwh.edu.cn,2023级,汽车工程学院,车辆工程,车辆2301班,河南郑州,C0001
202300021,许静姝,女,朝鲜族,共青团员,2005-12-13,15013823016,202300021@hitwh.edu.cn,2023级,汽车工程学院,车辆工程,车辆2301班,山东烟台,C0001
202300022,高雅雯,女,汉族,共青团员,2005-02-12,19930470421,202300022@hitwh.edu.cn,2023级,汽车工程学院,车辆工程,车辆2301班,山东淄博,C0001
202300023,卢雨泽,男,回族,预备党员,2005-10-13,18666684101,202300023@hitwh.edu.cn,2023级,汽车工程学院,车辆工程,车辆2301班,山东潍坊,C0001
202300024,向思颖,女,蒙古族,共青团员,2005-05-19,13920486622,202300024@hitwh.edu.cn,2023级,汽车工程学院,车辆工程,车辆2301班,河北石家庄,C0001
202300025,汤采薇,女,汉族,群众,2005-10-16,13903030292,202300025@hitwh.edu.cn,2023级,汽车工程学院,车辆工程,车辆2301班,河北石家庄,C0001
202300026,钟嘉树,男,汉族,共青团员,2005-01-05,13175613824,202300026@hitwh.edu.cn,2023级,汽车工程学院,车辆工程,车辆2301班,河南郑州,C0001
202300027,武雨桐,女,汉族,预备党员,2005-05-13,17893788119,202300027@hitwh.edu.cn,2023级,汽车工程学院,车辆工程,车辆2301班,山西太原,C0001
202300028,崔志强,男,朝鲜族,共青团员,2005-07-07,17456259015,202300028@hitwh.edu.cn,2023级,汽车工程学院,车辆工程,车辆2301班,山东烟台,C0001
202300029,龙俊杰,男,满族,群众,2005-02-28,15474566826,202300029@hitwh.edu.cn,2023级,汽车工程学院,车辆工程,车辆2301班,山东淄博,C0001
202300030,潘立群,男,满族,共青团员,2005-05-17,13586782328,202300030@hitwh.edu.cn,2023级,汽车工程学院,车辆工程,车辆2301班,山东青岛,C0001
202300031,沈振宇,男,汉族,共青团员,2005-06-08,18071452013,202300031@hitwh.edu.cn,2023级,汽车工程学院,车辆工程,车辆2301班,山东济宁,C0001
202300032,尹沛东,男,汉族,共青团员,2005-03-22,15718791234,202300032@hitwh.edu.cn,2023级,汽车工程学院,车辆工程,车辆2301班,山西太原,C0001
202300033,丁启铭,男,汉族,预备党员,2005-07-23,17563285715,202300033@hitwh.edu.cn,2023级,汽车工程学院,车辆工程,车辆2301班,河北石家庄,C0001
202300034,覃向阳,男,满族,共青团员,2005-06-20,19466800744,202300034@hitwh.edu.cn,2023级,汽车工程学院,车辆工程,车辆2301班,山东烟台,C0001
202300035,邓景行,男,蒙古族,预备党员,2005-07-13,17783101771,202300035@hitwh.edu.cn,2023级,汽车工程学院,车辆工程,车辆2302班,山东淄博,C0001
202300036,田承宇,男,汉族,预备党员,2005-11-03,18469444832,202300036@hitwh.edu.cn,2023级,汽车工程学院,车辆工程,车辆2302班,山东济宁,C0001
202300037,莫家豪,男,壮族,群众,2005-05-22,13558018545,202300037@hitwh.edu.cn,2023级,汽车工程学院,车辆工程,车辆2302班,山东淄博,C0001
202300038,罗语嫣,女,汉族,共青团员,2005-09-21,17582530966,202300038@hitwh.edu.cn,2023级,汽车工程学院,车辆工程,车辆2302班,吉林长春,C0001
202300039,陆浩然,男,回族,共青团员,2005-02-09,19482663165,202300039@hitwh.edu.cn,2023级,汽车工程学院,车辆工程,车辆2302班,河南郑州,C0001
202300040,雷承宇,男,汉族,预备党员,2005-01-24,18022651669,202300040@hitwh.edu.cn,2023级,汽车工程学院,车辆工程,车辆2302班,山东潍坊,C0001
202300041,罗沛东,男,汉族,预备党员,2005-07-21,17729036682,202300041@hitwh.edu.cn,2023级,汽车工程学院,车辆工程,车辆2302班,辽宁大连,C0001
202300042,吴鸿飞,男,汉族,共青团员,2005-10-16,17056684547,202300042@hitwh.edu.cn,2023级,汽车工程学院,车辆工程,车辆2302班,山东淄博,C0001
202300043,郝承宇,男,汉族,共青团员,2005-04-23,19858386958,202300043@hitwh.edu.cn,2023级,汽车工程学院,车辆工程,车辆2302班,山东济宁,C0001
202300044,冯嘉树,男,蒙古族,预备党员,2005-06-22,13316806193,202300044@hitwh.edu.cn,2023级,汽车工程学院,车辆工程,车辆2302班,山东烟台,C0001
202300045,吴明哲,男,朝鲜族,共青团员,2005-07-10,13521947807,202300045@hitwh.edu.cn,2023级,汽车工程学院,车辆工程,车辆2302班,辽宁大连,C0001
202300046,蔡致远,男,汉族,共青团员,2005-01-27,19727191212,202300046@hitwh.edu.cn,2023级,汽车工程学院,车辆工程,车辆2302班,山东青岛,C0001
202300047,钟语嫣,女,汉族,群众,2005-04-15,13656476349,202300047@hitwh.edu.cn,2023级,汽车工程学院,车辆工程,车辆2302班,黑龙江哈尔滨,C0001
202300048,段嘉树,男,朝鲜族,预备党员,2005-11-23,13811568638,202300048@hitwh.edu.cn,2023级,汽车工程学院,车辆工程,车辆2302班,辽宁大连,C0001
202300049,何泽楷,男,汉族,共青团员,2005-01-28,18768969535,202300049@hitwh.edu.cn,2023级,汽车工程学院,车辆工程,车辆2302班,山东济南,C0001
202300050,戴芷若,女,蒙古族,共青团员,2005-03-15,19545198096,202300050@hitwh.edu.cn,2023级,汽车工程学院,车辆工程,车辆2302班,山东济南,C0001
202300051,贾立群,男,汉族,中共党员,2005-08-06,18109942176,202300051@hitwh.edu.cn,2023级,汽车工程学院,车辆工程,车辆2302班,山东青岛,C0001
202300052,石俊杰,男,汉族,共青团员,2005-06-01,18710271749,202300052@hitwh.edu.cn,2023级,汽车工程学院,车辆工程,车辆2302班,辽宁大连,C0001
202300053,罗梦琪,女,朝鲜族,预备党员,2005-01-28,18232744454,202300053@hitwh.edu.cn,2023级,汽车工程学院,车辆工程,车辆2302班,山东临沂,C0001
202300054,田云舟,男,壮族,共青团员,2005-05-03,13898230980,202300054@hitwh.edu.cn,2023级,汽车工程学院,车辆工程,车辆2302班,山东济南,C0001
202300055,覃云舟,男,满族,中共党员,2005-01-08,17296312356,202300055@hitwh.edu.cn,2023级,汽车工程学院,车辆工程,车辆2302班,黑龙江哈尔滨,C0001
202300056,崔启铭,男,汉族,共青团员,2005-08-28,19905160153,202300056@hitwh.edu.cn,2023级,汽车工程学院,车辆工程,车辆2302班,山东烟台,C0001
202300057,董致远,男,汉族,共青团员,2005-06-16,17484918764,202300057@hitwh.edu.cn,2023级,汽车工程学院,车辆工程,车辆2302班,山西太原,C0001
202300058,付嘉树,男,蒙古族,共青团员,2005-11-11,19372391100,202300058@hitwh.edu.cn,2023级,汽车工程学院,车辆工程,车辆2302班,山东烟台,C0001
202300059,张思颖,女,汉族,群众,2005-12-24,15354238969,202300059@hitwh.edu.cn,2023级,汽车工程学院,车辆工程,车辆2302班,山东淄博,C0001
202300060,曾雨泽,男,汉族,共青团员,2005-02-08,15965885631,202300060@hitwh.edu.cn,2023级,汽车工程学院,车辆工程,车辆2302班,山东淄博,C0001
202300061,胡博文,男,朝鲜族,群众,2005-02-24,18862000587,202300061@hitwh.edu.cn,2023级,汽车工程学院,车辆工程,车辆2302班,山东烟台,C0001
202300062,苏浩然,男,蒙古族,预备党员,2005-04-06,15548785171,202300062@hitwh.edu.cn,2023级,汽车工程学院,车辆工程,车辆2302班,山东潍坊,C0001
202300063,钱志强,男,汉族,共青团员,2005-02-12,17738061504,202300063@hitwh.edu.cn,2023级,汽车工程学院,车辆工程,车辆2302班,山东烟台,C0001
202300064,黄致远,男,汉族,预备党员,2005-02-07,17047719212,202300064@hitwh.edu.cn,2023级,汽车工程学院,车辆工程,车辆2302班,江苏徐州,C0001
202300065,闫浩然,男,壮族,共青团员,2005-06-19,19844281029,202300065@hitwh.edu.cn,2023级,汽车工程学院,车辆工程,车辆2302班,山西太原,C0001
202300066,黄静怡,女,汉族,预备党员,2005-02-16,18897028634,202300066@hitwh.edu.cn,2023级,汽车工程学院,车辆工程,车辆2302班,安徽合肥,C0001
202300067,谭鸿飞,男,朝鲜族,预备党员,2005-08-01,18271432555,202300067@hitwh.edu.cn,2023级,汽车工程学院,车辆工程,车辆2302班,山东青岛,C0001
202300068,谢致远,男,蒙古族,预备党员,2005-10-20,17603679445,202300068@hitwh.edu.cn,2023级,汽车工程学院,车辆工程,车辆2302班,吉林长春,C0001
202300069,万明哲,男,壮族,共青团员,2005-05-25,13236846657,202300069@hitwh.edu.cn,2023级,汽车工程学院,车辆工程,车辆2303班,黑龙江哈尔滨,C0001
202300070,向语嫣,女,回族,共青团员,2005-02-01,13172295899,202300070@hitwh.edu.cn,2023级,汽车工程学院,车辆工程,车辆2303班,安徽合肥,C0001
202300071,闫朗峰,男,汉族,共青团员,2005-06-07,19222314929,202300071@hitwh.edu.cn,2023级,汽车工程学院,车辆工程,车辆2303班,河南郑州,C0001
202300072,唐明哲,男,汉族,共青团员,2005-01-05,19217796584,202300072@hitwh.edu.cn,2023级,汽车工程学院,车辆工程,车辆2303班,辽宁大连,C0001
202300073,张婉清,女,汉族,共青团员,2005-11-06,19106695232,202300073@hitwh.edu.cn,2023级,汽车工程学院,车辆工程,车辆2303班,山西太原,C0001
202300074,王启铭,男,汉族,共青团员,2005-05-01,17480707526,202300074@hitwh.edu.cn,2023级,汽车工程学院,车辆工程,车辆2303班,山东淄博,C0001
202300075,魏慕青,女,回族,共青团员,2005-12-28,18223677389,202300075@hitwh.edu.cn,2023级,汽车工程学院,车辆工程,车辆2303班,吉林长春,C0001
202300076,韩嘉树,男,汉族,共青团员,2005-08-25,19251830647,202300076@hitwh.edu.cn,2023级,汽车工程学院,车辆工程,车辆2303班,山东淄博,C0001
202300077,郭思远,男,壮族,中共党员,2005-07-12,19562544517,202300077@hitwh.edu.cn,2023级,汽车工程学院,车辆工程,车辆2303班,河南郑州,C0001
202300078,范丹妮,女,汉族,共青团员,2005-08-24,13933146144,202300078@hitwh.edu.cn,2023级,汽车工程学院,车辆工程,车辆2303班,安徽合肥,C0001
202300079,邓俊杰,男,汉族,中共党员,2005-07-06,13517877552,202300079@hitwh.edu.cn,2023级,汽车工程学院,车辆工程,车辆2303班,山东济宁,C0001
202300080,唐天佑,男,朝鲜族,共青团员,2005-03-11,15403690191,202300080@hitwh.edu.cn,2023级,汽车工程学院,车辆工程,车辆2303班,山东济南,C0001
202300081,江婉清,女,汉族,共青团员,2005-06-04,17836544683,202300081@hitwh.edu.cn,2023级,汽车工程学院,车辆工程,车辆2303班,吉林长春,C0001
202300082,石家豪,男,汉族,预备党员,2005-09-14,18094149075,202300082@hitwh.edu.cn,2023级,汽车工程学院,车辆工程,车辆2303班,安徽合肥,C0001
202300083,卢静姝,女,汉族,共青团员,2005-02-06,15556985620,202300083@hitwh.edu.cn,2023级,汽车工程学院,车辆工程,车辆2303班,山东淄博,C0001
202300084,李宇轩,男,蒙古族,中共党员,2005-02-16,13059884838,202300084@hitwh.edu.cn,2023级,汽车工程学院,车辆工程,车辆2303班,吉林长春,C0001
202300085,陈昊天,男,汉族,共青团员,2005-01-24,15995971978,202300085@hitwh.edu.cn,2023级,汽车工程学院,车辆工程,车辆2303班,山东潍坊,C0001
202300086,闫明哲,男,汉族,共青团员,2005-05-25,19527799126,202300086@hitwh.edu.cn,2023级,汽车工程学院,车辆工程,车辆2303班,山东潍坊,C0001
202300087,姚朗峰,男,汉族,共青团员,2005-04-20,15420437472,202300087@hitwh.edu.cn,2023级,汽车工程学院,车辆工程,车辆2303班,河北石家庄,C0001
202300088,董宇轩,男,汉族,群众,2005-07-18,15422420012,202300088@hitwh.edu.cn,2023级,汽车工程学院,车辆工程,车辆2303班,山东青岛,C0001
202300089,蒋雨桐,女,汉族,共青团员,2005-05-23,15194170118,202300089@hitwh.edu.cn,2023级,汽车工程学院,车辆工程,车辆2303班,山东济南,C0001
202300090,贺致远,男,汉族,中共党员,2005-05-20,17313950430,202300090@hitwh.edu.cn,2023级,汽车工程学院,车辆工程,车辆2303班,山东济南,C0001
202300091,付书航,男,汉族,群众,2005-07-20,18260450915,202300091@hitwh.edu.cn,2023级,汽车工程学院,车辆工程,车辆2303班,河南郑州,C0001
202300092,范清扬,女,壮族,中共党员,2005-01-13,17559604396,202300092@hitwh.edu.cn,2023级,汽车工程学院,车辆工程,车辆2303班,山东济南,C0001
202300093,董朗峰,男,回族,共青团员,2005-05-09,15309209615,202300093@hitwh.edu.cn,2023级,汽车工程学院,车辆工程,车辆2303班,江苏徐州,C0001
202300094,白浩然,男,汉族,共青团员,2005-02-26,13128024459,202300094@hitwh.edu.cn,2023级,汽车工程学院,车辆工程,车辆2303班,辽宁大连,C0001
202300095,任宗翰,男,回族,共青团员,2005-11-07,17364655873,202300095@hitwh.edu.cn,2023级,汽车工程学院,车辆工程,车辆2303班,江苏徐州,C0001
202300096,叶志强,男,回族,预备党员,2005-08-06,15943455297,202300096@hitwh.edu.cn,2023级,汽车工程学院,车辆工程,车辆2303班,辽宁大连,C0001
202300097,汤书瑶,女,满族,共青团员,2005-08-10,15885477109,202300097@hitwh.edu.cn,2023级,汽车工程学院,车辆工程,车辆2303班,山东济南,C0001
202300098,苏昊天,男,汉族,群众,2005-10-03,19753869515,202300098@hitwh.edu.cn,2023级,汽车工程学院,车辆工程,车辆2303班,山东济宁,C0001
202300099,贺宇轩,男,壮族,共青团员,2005-08-27,13401068791,202300099@hitwh.edu.cn,2023级,汽车工程学院,车辆工程,车辆2303班,山东潍坊,C0001
202300100,杜悦宁,女,汉族,中共党员,2005-10-15,13150608324,202300100@hitwh.edu.cn,2023级,汽车工程学院,车辆工程,车辆2303班,河北石家庄,C0001
202300101,孟采薇,女,壮族,共青团员,2005-09-08,17192978396,202300101@hitwh.edu.cn,2023级,汽车工程学院,车辆工程,车辆2303班,山东济宁,C0001
202300102,秦启铭,男,汉族,共青团员,2005-07-03,15310010278,202300102@hitwh.edu.cn,2023级,汽车工程学院,车辆工程,车辆2303班,山东烟台,C0001
202300103,廖鸿飞,男,汉族,中共党员,2005-03-19,13081878926,202300103@hitwh.edu.cn,2023级,汽车工程学院,车辆工程,车辆2304班,山东潍坊,C0001
202300104,姚昊天,男,满族,共青团员,2005-10-21,19708922391,202300104@hitwh.edu.cn,2023级,汽车工程学院,车辆工程,车辆2304班,河南郑州,C0001
202300105,邵鸿飞,男,汉族,共青团员,2005-03-17,15187311784,202300105@hitwh.edu.cn,2023级,汽车工程学院,车辆工程,车辆2304班,安徽合肥,C0001
202300106,贺丹妮,女,壮族,共青团员,2005-03-21,18457409520,202300106@hitwh.edu.cn,2023级,汽车工程学院,车辆工程,车辆2304班,吉林长春,C0001
202300107,胡俊杰,男,朝鲜族,预备党员,2005-04-28,18683441723,202300107@hitwh.edu.cn,2023级,汽车工程学院,车辆工程,车辆2304班,山东济宁,C0001
202300108,潘致远,男,朝鲜族,共青团员,2005-12-08,13319362022,202300108@hitwh.edu.cn,2023级,汽车工程学院,车辆工程,车辆2304班,河北石家庄,C0001
202300109,张泽楷,男,汉族,共青团员,2005-03-09,13557668804,202300109@hitwh.edu.cn,2023级,汽车工程学院,车辆工程,车辆2304班,安徽合肥,C0001
202300110,熊雨泽,男,汉族,共青团员,2005-08-25,19898842203,202300110@hitwh.edu.cn,2023级,汽车工程学院,车辆工程,车辆2304班,江苏徐州,C0001
202300111,陶文博,男,汉族,共青团员,2005-11-21,15101742901,202300111@hitwh.edu.cn,2023级,汽车工程学院,车辆工程,车辆2304班,安徽合肥,C0001
202300112,毛紫萱,女,蒙古族,预备党员,2005-01-09,17528299643,202300112@hitwh.edu.cn,2023级,汽车工程学院,车辆工程,车辆2304班,山东临沂,C0001
202300113,吕若曦,女,汉族,共青团员,2005-06-25,19802483952,202300113@hitwh.edu.cn,2023级,汽车工程学院,车辆工程,车辆2304班,辽宁大连,C0001
202300114,姚子轩,男,蒙古族,共青团员,2005-02-16,19848327217,202300114@hitwh.edu.cn,2023级,汽车工程学院,车辆工程,车辆2304班,山东济宁,C0001
202300115,曾嘉懿,女,汉族,共青团员,2005-06-26,15608830606,202300115@hitwh.edu.cn,2023级,汽车工程学院,车辆工程,车辆2304班,河北石家庄,C0001
202300116,尹鸿飞,男,汉族,共青团员,2005-01-02,13429697691,202300116@hitwh.edu.cn,2023级,汽车工程学院,车辆工程,车辆2304班,山东潍坊,C0001
202300117,刘雅雯,女,汉族,共青团员,2005-03-14,19168327860,202300117@hitwh.edu.cn,2023级,汽车工程学院,车辆工程,车辆2304班,辽宁大连,C0001
202300118,孙芳菲,女,汉族,共青团员,2005-11-13,15583868590,202300118@hitwh.edu.cn,2023级,汽车工程学院,车辆工程,车辆2304班,河北石家庄,C0001
202300119,沈浩然,男,汉族,群众,2005-02-11,19331085436,202300119@hitwh.edu.cn,2023级,汽车工程学院,车辆工程,车辆2304班,河北石家庄,C0001
202300120,石朗峰,男,壮族,共青团员,2005-10-23,17894339250,202300120@hitwh.edu.cn,2023级,汽车工程学院,车辆工程,车辆2304班,山东烟台,C0001
202300121,马明哲,男,汉族,共青团员,2005-07-10,15463970815,202300121@hitwh.edu.cn,2023级,汽车工程学院,车辆工程,车辆2304班,山东青岛,C0001
202300122,徐书航,男,汉族,群众,2005-07-13,18428934635,202300122@hitwh.edu.cn,2023级,汽车工程学院,车辆工程,车辆2304班,山西太原,C0001
202300123,刘映真,女,汉族,共青团员,2005-09-01,19979245072,202300123@hitwh.edu.cn,2023级,汽车工程学院,车辆工程,车辆2304班,黑龙江哈尔滨,C0001
202300124,孔启铭,男,汉族,共青团员,2005-11-04,13182999037,202300124@hitwh.edu.cn,2023级,汽车工程学院,车辆工程,车辆2304班,山西太原,C0001
202300125,梁静怡,女,汉族,共青团员,2005-07-26,13616457917,202300125@hitwh.edu.cn,2023级,汽车工程学院,车辆工程,车辆2304班,山东淄博,C0001
202300126,侯家豪,男,汉族,预备党员,2005-04-11,13803915790,202300126@hitwh.edu.cn,2023级,汽车工程学院,车辆工程,车辆2304班,山东济南,C0001
202300127,廖向阳,男,汉族,共青团员,2005-10-21,18065656039,202300127@hitwh.edu.cn,2023级,汽车工程学院,车辆工程,车辆2304班,山东济南,C0001
202300128,曹文博,男,汉族,共青团员,2005-04-27,17376193139,202300128@hitwh.edu.cn,2023级,汽车工程学院,车辆工程,车辆2304班,山西太原,C0001
202300129,魏书瑶,女,回族,预备党员,2005-02-20,15421166486,202300129@hitwh.edu.cn,2023级,汽车工程学院,车辆工程,车辆2304班,河南郑州,C0001
202300130,田佳琪,女,满族,预备党员,2005-07-04,19965434994,202300130@hitwh.edu.cn,2023级,汽车工程学院,车辆工程,车辆2304班,辽宁大连,C0001
202300131,方文博,男,满族,共青团员,2005-11-04,13609756232,202300131@hitwh.edu.cn,2023级,汽车工程学院,车辆工程,车辆2304班,山东潍坊,C0001
202300132,沈庆丰,男,朝鲜族,预备党员,2005-08-15,19437385689,202300132@hitwh.edu.cn,2023级,汽车工程学院,车辆工程,车辆2304班,吉林长春,C0001
202300133,付浩然,男,满族,预备党员,2005-08-25,17751461850,202300133@hitwh.edu.cn,2023级,汽车工程学院,车辆工程,车辆2304班,山东济南,C0001
202300134,姚梦洁,女,汉族,共青团员,2005-02-01,18512007451,202300134@hitwh.edu.cn,2023级,汽车工程学院,车辆工程,车辆2304班,江苏徐州,C0001
202300135,贺雪晴,女,汉族,共青团员,2005-02-07,19140432692,202300135@hitwh.edu.cn,2023级,汽车工程学院,车辆工程,车辆2304班,河南郑州,C0001
202300136,严俊杰,男,壮族,共青团员,2005-04-05,19696850313,202300136@hitwh.edu.cn,2023级,汽车工程学院,车辆工程,车辆2304班,黑龙江哈尔滨,C0001
202300137,钟宇轩,男,满族,共青团员,2005-08-03,18786381809,202300137@hitwh.edu.cn,2023级,汽车工程学院,能源与动力工程,能动2301班,江苏徐州,C0005
202300138,邱芷若,女,朝鲜族,共青团员,2005-11-04,18709785445,202300138@hitwh.edu.cn,2023级,汽车工程学院,能源与动力工程,能动2301班,山东潍坊,C0005
202300139,胡书航,男,汉族,中共党员,2005-08-08,15726458984,202300139@hitwh.edu.cn,2023级,汽车工程学院,能源与动力工程,能动2301班,山西太原,C0005
202300140,白雅雯,女,汉族,共青团员,2005-02-05,13072578402,202300140@hitwh.edu.cn,2023级,汽车工程学院,能源与动力工程,能动2301班,辽宁大连,C0005
202300141,郑昊天,男,朝鲜族,预备党员,2005-07-14,13126452672,202300141@hitwh.edu.cn,2023级,汽车工程学院,能源与动力工程,能动2301班,黑龙江哈尔滨,C0005
202300142,苏承宇,男,汉族,共青团员,2005-04-13,19390577558,202300142@hitwh.edu.cn,2023级,汽车工程学院,能源与动力工程,能动2301班,黑龙江哈尔滨,C0005
202300143,曾向阳,男,汉族,中共党员,2005-04-09,18994785825,202300143@hitwh.edu.cn,2023级,汽车工程学院,能源与动力工程,能动2301班,山东临沂,C0005
202300144,严庆丰,男,汉族,共青团员,2005-05-16,19980100251,202300144@hitwh.edu.cn,2023级,汽车工程学院,能源与动力工程,能动2301班,黑龙江哈尔滨,C0005
202300145,沈思远,男,汉族,群众,2005-07-05,19342138711,202300145@hitwh.edu.cn,2023级,汽车工程学院,能源与动力工程,能动2301班,吉林长春,C0005
202300146,许景行,男,汉族,群众,2005-09-27,19044691484,202300146@hitwh.edu.cn,2023级,汽车工程学院,能源与动力工程,能动2301班,河南郑州,C0005
202300147,邱致远,男,汉族,共青团员,2005-10-26,13929769446,202300147@hitwh.edu.cn,2023级,汽车工程学院,能源与动力工程,能动2301班,山东济宁,C0005
202300148,黎博文,男,满族,群众,2005-12-25,15336056927,202300148@hitwh.edu.cn,2023级,汽车工程学院,能源与动力工程,能动2301班,辽宁大连,C0005
202300149,孟浩然,男,汉族,共青团员,2005-11-27,15660886671,202300149@hitwh.edu.cn,2023级,汽车工程学院,能源与动力工程,能动2301班,吉林长春,C0005
202300150,江振宇,男,汉族,预备党员,2005-04-24,19365135357,202300150@hitwh.edu.cn,2023级,汽车工程学院,能源与动力工程,能动2301班,安徽合肥,C0005
202300151,孔俊杰,男,汉族,群众,2005-07-06,19800816831,202300151@hitwh.edu.cn,2023级,汽车工程学院,能源与动力工程,能动2301班,山东青岛,C0005
202300152,侯立群,男,朝鲜族,中共党员,2005-10-17,18620443844,202300152@hitwh.edu.cn,2023级,汽车工程学院,能源与动力工程,能动2301班,山东烟台,C0005
202300153,沈沛东,男,满族,共青团员,2005-10-28,13804666543,202300153@hitwh.edu.cn,2023级,汽车工程学院,能源与动力工程,能动2301班,河北石家庄,C0005
202300154,邱承宇,男,汉族,共青团员,2005-06-18,19122831700,202300154@hitwh.edu.cn,2023级,汽车工程学院,能源与动力工程,能动2301班,河南郑州,C0005
202300155,方向阳,男,壮族,共青团员,2005-05-03,13371424892,202300155@hitwh.edu.cn,2023级,汽车工程学院,能源与动力工程,能动2301班,河南郑州,C0005
202300156,田晓萱,女,汉族,共青团员,2005-10-07,17730877177,202300156@hitwh.edu.cn,2023级,汽车工程学院,能源与动力工程,能动2301班,安徽合肥,C0005
202300157,秦家豪,男,蒙古族,中共党员,2005-07-25,13484730418,202300157@hitwh.edu.cn,2023级,汽车工程学院,能源与动力工程,能动2301班,山东济南,C0005
202300158,杨云舟,男,满族,群众,2005-02-23,15956804851,202300158@hitwh.edu.cn,2023级,汽车工程学院,能源与动力工程,能动2301班,辽宁大连,C0005
202300159,龙鸿飞,男,壮族,共青团员,2005-08-07,19011478705,202300159@hitwh.edu.cn,2023级,汽车工程学院,能源与动力工程,能动2301班,安徽合肥,C0005
202300160,唐书航,男,壮族,群众,2005-03-27,19748327461,202300160@hitwh.edu.cn,2023级,汽车工程学院,能源与动力工程,能动2301班,江苏徐州,C0005
202300161,程沛东,男,汉族,共青团员,2005-11-25,19233672680,202300161@hitwh.edu.cn,2023级,汽车工程学院,能源与动力工程,能动2301班,山东济宁,C0005
202300162,钟庆丰,男,汉族,共青团员,2005-08-20,13417066880,202300162@hitwh.edu.cn,2023级,汽车工程学院,能源与动力工程,能动2301班,安徽合肥,C0005
202300163,黎致远,男,汉族,群众,2005-11-18,13132472781,202300163@hitwh.edu.cn,2023级,汽车工程学院,能源与动力工程,能动2301班,安徽合肥,C0005
202300164,郭语嫣,女,汉族,共青团员,2005-01-02,13916207270,202300164@hitwh.edu.cn,2023级,汽车工程学院,能源与动力工程,能动2301班,山东济南,C0005
202300165,彭博文,男,蒙古族,共青团员,2005-08-01,17369209666,202300165@hitwh.edu.cn,2023级,汽车工程学院,能源与动力工程,能动2301班,黑龙江哈尔滨,C0005
202300166,毛宗翰,男,汉族,中共党员,2005-06-27,15562858234,202300166@hitwh.edu.cn,2023级,汽车工程学院,能源与动力工程,能动2301班,河南郑州,C0005
202300167,崔思远,男,汉族,预备党员,2005-11-26,17670406655,202300167@hitwh.edu.cn,2023级,汽车工程学院,能源与动力工程,能动2301班,山东潍坊,C0005
202300168,汤亦驰,男,回族,预备党员,2005-02-08,13281985673,202300168@hitwh.edu.cn,2023级,汽车工程学院,能源与动力工程,能动2301班,黑龙江哈尔滨,C0005
202300169,邹欣怡,女,汉族,中共党员,2005-06-23,13626299441,202300169@hitwh.edu.cn,2023级,汽车工程学院,能源与动力工程,能动2301班,江苏徐州,C0005
202300170,万俊杰,男,汉族,共青团员,2005-08-26,17267863003,202300170@hitwh.edu.cn,2023级,汽车工程学院,能源与动力工程,能动2301班,江苏徐州,C0005
202300171,孙云舟,男,汉族,共青团员,2005-09-10,18680397642,202300171@hitwh.edu.cn,2023级,汽车工程学院,能源与动力工程,能动2302班,辽宁大连,C0005
202300172,汤朗峰,男,壮族,预备党员,2005-08-01,15748960851,202300172@hitwh.edu.cn,2023级,汽车工程学院,能源与动力工程,能动2302班,辽宁大连,C0005
202300173,彭雨泽,男,汉族,中共党员,2005-04-17,19986348236,202300173@hitwh.edu.cn,2023级,汽车工程学院,能源与动力工程,能动2302班,辽宁大连,C0005
202300174,姚宗翰,男,满族,预备党员,2005-01-22,19761839883,202300174@hitwh.edu.cn,2023级,汽车工程学院,能源与动力工程,能动2302班,山东烟台,C0005
202300175,向思远,男,蒙古族,共青团员,2005-02-20,15871552422,202300175@hitwh.edu.cn,2023级,汽车工程学院,能源与动力工程,能动2302班,山东济南,C0005
202300176,钟晓萱,女,汉族,共青团员,2005-06-17,17114051559,202300176@hitwh.edu.cn,2023级,汽车工程学院,能源与动力工程,能动2302班,河北石家庄,C0005
202300177,黄嘉懿,女,汉族,共青团员,2005-10-27,19094550496,202300177@hitwh.edu.cn,2023级,汽车工程学院,能源与动力工程,能动2302班,山东淄博,C0005
202300178,贾家豪,男,汉族,群众,2005-09-28,19615001226,202300178@hitwh.edu.cn,2023级,汽车工程学院,能源与动力工程,能动2302班,山东临沂,C0005
202300179,许嘉懿,女,蒙古族,共青团员,2005-07-12,18723891443,202300179@hitwh.edu.cn,2023级,汽车工程学院,能源与动力工程,能动2302班,江苏徐州,C0005
202300180,任景行,男,回族,共青团员,2005-07-13,13913888897,202300180@hitwh.edu.cn,2023级,汽车工程学院,能源与动力工程,能动2302班,山东青岛,C0005
202300181,林家豪,男,蒙古族,共青团员,2005-11-15,15416355892,202300181@hitwh.edu.cn,2023级,汽车工程学院,能源与动力工程,能动2302班,山东青岛,C0005
202300182,毛宇轩,男,回族,共青团员,2005-07-20,19138263567,202300182@hitwh.edu.cn,2023级,汽车工程学院,能源与动力工程,能动2302班,山东淄博,C0005
202300183,雷映真,女,朝鲜族,共青团员,2005-10-19,18516819399,202300183@hitwh.edu.cn,2023级,汽车工程学院,能源与动力工程,能动2302班,山东济南,C0005
202300184,杨书瑶,女,回族,群众,2005-01-02,15818484713,202300184@hitwh.edu.cn,2023级,汽车工程学院,能源与动力工程,能动2302班,黑龙江哈尔滨,C0005
202300185,梁宇轩,男,汉族,群众,2005-03-24,15514165285,202300185@hitwh.edu.cn,2023级,汽车工程学院,能源与动力工程,能动2302班,江苏徐州,C0005
202300186,付晓萱,女,汉族,共青团员,2005-05-09,15244767369,202300186@hitwh.edu.cn,2023级,汽车工程学院,能源与动力工程,能动2302班,山东烟台,C0005
202300187,白映真,女,回族,共青团员,2005-11-28,19117804384,202300187@hitwh.edu.cn,2023级,汽车工程学院,能源与动力工程,能动2302班,山东潍坊,C0005
202300188,陆昊天,男,汉族,中共党员,2005-03-13,15389890139,202300188@hitwh.edu.cn,2023级,汽车工程学院,能源与动力工程,能动2302班,山东济南,C0005
202300189,王映真,女,汉族,共青团员,2005-05-28,17402934155,202300189@hitwh.edu.cn,2023级,汽车工程学院,能源与动力工程,能动2302班,河北石家庄,C0005
202300190,邹博文,男,蒙古族,共青团员,2005-03-05,18703603224,202300190@hitwh.edu.cn,2023级,汽车工程学院,能源与动力工程,能动2302班,安徽合肥,C0005
202300191,曾家豪,男,汉族,中共党员,2005-07-07,15070872066,202300191@hitwh.edu.cn,2023级,汽车工程学院,能源与动力工程,能动2302班,山东青岛,C0005
202300192,任沛东,男,汉族,预备党员,2005-02-24,15968206662,202300192@hitwh.edu.cn,2023级,汽车工程学院,能源与动力工程,能动2302班,黑龙江哈尔滨,C0005
202300193,龚欣怡,女,汉族,群众,2005-11-20,13077457578,202300193@hitwh.edu.cn,2023级,汽车工程学院,能源与动力工程,能动2302班,河北石家庄,C0005
202300194,邓思远,男,汉族,共青团员,2005-12-20,13137550279,202300194@hitwh.edu.cn,2023级,汽车工程学院,能源与动力工程,能动2302班,山东烟台,C0005
202300195,任泽楷,男,汉族,共青团员,2005-10-05,18610739209,202300195@hitwh.edu.cn,2023级,汽车工程学院,能源与动力工程,能动2302班,河北石家庄,C0005
202300196,梁振宇,男,汉族,共青团员,2005-05-24,15493641025,202300196@hitwh.edu.cn,2023级,汽车工程学院,能源与动力工程,能动2302班,辽宁大连,C0005
202300197,孔乐容,女,壮族,共青团员,2005-10-17,13092324145,202300197@hitwh.edu.cn,2023级,汽车工程学院,能源与动力工程,能动2302班,山东济宁,C0005
202300198,吴天佑,男,满族,中共党员,2005-02-14,15316363045,202300198@hitwh.edu.cn,2023级,汽车工程学院,能源与动力工程,能动2302班,安徽合肥,C0005
202300199,石立群,男,汉族,共青团员,2005-07-19,15524115421,202300199@hitwh.edu.cn,2023级,汽车工程学院,能源与动力工程,能动2302班,山东烟台,C0005
202300200,武悦宁,女,汉族,共青团员,2005-05-18,15166545772,202300200@hitwh.edu.cn,2023级,汽车工程学院,能源与动力工程,能动2302班,山东淄博,C0005
202300201,薛俊杰,男,满族,共青团员,2005-02-11,13014696874,202300201@hitwh.edu.cn,2023级,汽车工程学院,能源与动力工程,能动2302班,吉林长春,C0005
202300202,陆紫萱,女,汉族,中共党员,2005-07-08,13178570836,202300202@hitwh.edu.cn,2023级,汽车工程学院,能源与动力工程,能动2302班,山东烟台,C0005
202300203,钟宗翰,男,汉族,群众,2005-03-06,15809666008,202300203@hitwh.edu.cn,2023级,汽车工程学院,能源与动力工程,能动2302班,山东临沂,C0005
202300204,潘景行,男,壮族,共青团员,2005-01-06,18460997166,202300204@hitwh.edu.cn,2023级,汽车工程学院,能源与动力工程,能动2302班,河南郑州,C0005
202300205,刘雨泽,男,蒙古族,共青团员,2005-02-03,13488302563,202300205@hitwh.edu.cn,2023级,汽车工程学院,机械设计制造及其自动化,机电2301班,山东济南,C0009
202300206,余昊天,男,汉族,中共党员,2005-07-22,15298006660,202300206@hitwh.edu.cn,2023级,汽车工程学院,机械设计制造及其自动化,机电2301班,山东济南,C0009
202300207,孟思颖,女,汉族,预备党员,2005-03-28,19790985070,202300207@hitwh.edu.cn,2023级,汽车工程学院,机械设计制造及其自动化,机电2301班,河北石家庄,C0009
202300208,蔡沛东,男,汉族,共青团员,2005-04-24,13359412661,202300208@hitwh.edu.cn,2023级,汽车工程学院,机械设计制造及其自动化,机电2301班,黑龙江哈尔滨,C0009
202300209,贺若曦,女,汉族,共青团员,2005-06-20,17103792662,202300209@hitwh.edu.cn,2023级,汽车工程学院,机械设计制造及其自动化,机电2301班,江苏徐州,C0009
202300210,毛雪晴,女,汉族,共青团员,2005-09-06,13945802361,202300210@hitwh.edu.cn,2023级,汽车工程学院,机械设计制造及其自动化,机电2301班,山东青岛,C0009
202300211,叶俊杰,男,汉族,预备党员,2005-07-18,19589532636,202300211@hitwh.edu.cn,2023级,汽车工程学院,机械设计制造及其自动化,机电2301班,山东济宁,C0009
202300212,熊昊天,男,汉族,共青团员,2005-10-13,15069406481,202300212@hitwh.edu.cn,2023级,汽车工程学院,机械设计制造及其自动化,机电2301班,山东临沂,C0009
202300213,吕博文,男,汉族,共青团员,2005-08-13,19888515145,202300213@hitwh.edu.cn,2023级,汽车工程学院,机械设计制造及其自动化,机电2301班,河南郑州,C0009
202300214,宋景行,男,壮族,中共党员,2005-03-11,17381794577,202300214@hitwh.edu.cn,2023级,汽车工程学院,机械设计制造及其自动化,机电2301班,吉林长春,C0009
202300215,邓佳琪,女,汉族,共青团员,2005-03-05,18323646513,202300215@hitwh.edu.cn,2023级,汽车工程学院,机械设计制造及其自动化,机电2301班,江苏徐州,C0009
202300216,唐博文,男,汉族,群众,2005-06-09,18251555996,202300216@hitwh.edu.cn,2023级,汽车工程学院,机械设计制造及其自动化,机电2301班,安徽合肥,C0009
202300217,袁明哲,男,汉族,共青团员,2005-02-26,13370200744,202300217@hitwh.edu.cn,2023级,汽车工程学院,机械设计制造及其自动化,机电2301班,山东淄博,C0009
202300218,沈景行,男,汉族,共青团员,2005-06-22,18824807034,202300218@hitwh.edu.cn,2023级,汽车工程学院,机械设计制造及其自动化,机电2301班,山东淄博,C0009
202300219,王泽楷,男,汉族,共青团员,2005-06-08,18963981961,202300219@hitwh.edu.cn,2023级,汽车工程学院,机械设计制造及其自动化,机电2301班,吉林长春,C0009
202300220,孟泽楷,男,汉族,共青团员,2005-07-14,13830329011,202300220@hitwh.edu.cn,2023级,汽车工程学院,机械设计制造及其自动化,机电2301班,黑龙江哈尔滨,C0009
202300221,汪天佑,男,蒙古族,群众,2005-03-23,19775930445,202300221@hitwh.edu.cn,2023级,汽车工程学院,机械设计制造及其自动化,机电2301班,江苏徐州,C0009
202300222,毛慕青,女,朝鲜族,共青团员,2005-07-23,15855033873,202300222@hitwh.edu.cn,2023级,汽车工程学院,机械设计制造及其自动化,机电2301班,河北石家庄,C0009
202300223,潘启铭,男,蒙古族,共青团员,2005-02-25,18582934452,202300223@hitwh.edu.cn,2023级,汽车工程学院,机械设计制造及其自动化,机电2301班,山西太原,C0009
202300224,韩文博,男,汉族,共青团员,2005-05-12,19470853209,202300224@hitwh.edu.cn,2023级,汽车工程学院,机械设计制造及其自动化,机电2301班,吉林长春,C0009
202300225,薛志强,男,汉族,共青团员,2005-02-03,18876696035,202300225@hitwh.edu.cn,2023级,汽车工程学院,机械设计制造及其自动化,机电2301班,山西太原,C0009
202300226,蔡承宇,男,回族,群众,2005-02-01,17448916354,202300226@hitwh.edu.cn,2023级,汽车工程学院,机械设计制造及其自动化,机电2301班,山东临沂,C0009
202300227,田语嫣,女,满族,预备党员,2005-11-28,19729732993,202300227@hitwh.edu.cn,2023级,汽车工程学院,机械设计制造及其自动化,机电2301班,山东潍坊,C0009
202300228,赵雨泽,男,汉族,共青团员,2005-03-15,17844789907,202300228@hitwh.edu.cn,2023级,汽车工程学院,机械设计制造及其自动化,机电2301班,山西太原,C0009
202300229,万芷若,女,汉族,共青团员,2005-04-21,18474755843,202300229@hitwh.edu.cn,2023级,汽车工程学院,机械设计制造及其自动化,机电2301班,山西太原,C0009
202300230,冯朗峰,男,汉族,共青团员,2005-11-14,13042645227,202300230@hitwh.edu.cn,2023级,汽车工程学院,机械设计制造及其自动化,机电2301班,山东济宁,C0009
202300231,范昊天,男,汉族,共青团员,2005-01-12,15200135543,202300231@hitwh.edu.cn,2023级,汽车工程学院,机械设计制造及其自动化,机电2301班,山东济南,C0009
202300232,汪静怡,女,汉族,共青团员,2005-10-18,13917724305,202300232@hitwh.edu.cn,2023级,汽车工程学院,机械设计制造及其自动化,机电2301班,黑龙江哈尔滨,C0009
202300233,黄书瑶,女,汉族,共青团员,2005-08-13,18655867371,202300233@hitwh.edu.cn,2023级,汽车工程学院,机械设计制造及其自动化,机电2301班,山东济南,C0009
202300234,邵悦宁,女,汉族,预备党员,2005-05-13,18217300533,202300234@hitwh.edu.cn,2023级,汽车工程学院,机械设计制造及其自动化,机电2301班,山东潍坊,C0009
202300235,黎嘉树,男,朝鲜族,预备党员,2005-04-07,15160806209,202300235@hitwh.edu.cn,2023级,汽车工程学院,机械设计制造及其自动化,机电2301班,辽宁大连,C0009
202300236,廖明哲,男,汉族,共青团员,2005-03-10,17615164896,202300236@hitwh.edu.cn,2023级,汽车工程学院,机械设计制造及其自动化,机电2301班,安徽合肥,C0009
202300237,戴沛东,男,汉族,群众,2005-03-26,19858877311,202300237@hitwh.edu.cn,2023级,汽车工程学院,机械设计制造及其自动化,机电2301班,安徽合肥,C0009
202300238,马思远,男,壮族,共青团员,2005-02-23,15108089169,202300238@hitwh.edu.cn,2023级,汽车工程学院,机械设计制造及其自动化,机电2302班,山东淄博,C0009
202300239,韩云舟,男,汉族,共青团员,2005-07-08,19443800534,202300239@hitwh.edu.cn,2023级,汽车工程学院,机械设计制造及其自动化,机电2302班,山东济宁,C0009
202300240,许书航,男,回族,中共党员,2005-02-04,17916296843,202300240@hitwh.edu.cn,2023级,汽车工程学院,机械设计制造及其自动化,机电2302班,河北石家庄,C0009
202300241,史振宇,男,蒙古族,共青团员,2005-03-17,17353356007,202300241@hitwh.edu.cn,2023级,汽车工程学院,机械设计制造及其自动化,机电2302班,山东烟台,C0009
202300242,秦紫萱,女,汉族,共青团员,2005-12-13,18470732410,202300242@hitwh.edu.cn,2023级,汽车工程学院,机械设计制造及其自动化,机电2302班,山东临沂,C0009
202300243,陆雅雯,女,汉族,共青团员,2005-04-15,19224516216,202300243@hitwh.edu.cn,2023级,汽车工程学院,机械设计制造及其自动化,机电2302班,山东济宁,C0009
202300244,汪泽楷,男,壮族,共青团员,2005-12-27,15671697343,202300244@hitwh.edu.cn,2023级,汽车工程学院,机械设计制造及其自动化,机电2302班,辽宁大连,C0009
202300245,谢庆丰,男,壮族,共青团员,2005-10-08,15572275045,202300245@hitwh.edu.cn,2023级,汽车工程学院,机械设计制造及其自动化,机电2302班,山东烟台,C0009
202300246,尹宗翰,男,朝鲜族,中共党员,2005-06-11,19391945304,202300246@hitwh.edu.cn,2023级,汽车工程学院,机械设计制造及其自动化,机电2302班,山东烟台,C0009
202300247,邵致远,男,满族,共青团员,2005-02-15,19592137162,202300247@hitwh.edu.cn,2023级,汽车工程学院,机械设计制造及其自动化,机电2302班,山东临沂,C0009
202300248,马书航,男,汉族,共青团员,2005-05-18,19336574254,202300248@hitwh.edu.cn,2023级,汽车工程学院,机械设计制造及其自动化,机电2302班,江苏徐州,C0009
202300249,吴宇轩,男,汉族,共青团员,2005-08-07,18933600070,202300249@hitwh.edu.cn,2023级,汽车工程学院,机械设计制造及其自动化,机电2302班,山东临沂,C0009
202300250,郑嘉树,男,汉族,共青团员,2005-01-12,17881025316,202300250@hitwh.edu.cn,2023级,汽车工程学院,机械设计制造及其自动化,机电2302班,山东济宁,C0009
202300251,莫立群,男,汉族,共青团员,2005-10-28,17117898183,202300251@hitwh.edu.cn,2023级,汽车工程学院,机械设计制造及其自动化,机电2302班,山东烟台,C0009
202300252,贺嘉树,男,汉族,共青团员,2005-06-08,18767032826,202300252@hitwh.edu.cn,2023级,汽车工程学院,机械设计制造及其自动化,机电2302班,黑龙江哈尔滨,C0009
202300253,戴若曦,女,汉族,共青团员,2005-11-25,13387930250,202300253@hitwh.edu.cn,2023级,汽车工程学院,机械设计制造及其自动化,机电2302班,山西太原,C0009
202300254,黄启铭,男,汉族,共青团员,2005-07-21,15189666033,202300254@hitwh.edu.cn,2023级,汽车工程学院,机械设计制造及其自动化,机电2302班,江苏徐州,C0009
202300255,冯庆丰,男,汉族,预备党员,2005-03-17,13038196266,202300255@hitwh.edu.cn,2023级,汽车工程学院,机械设计制造及其自动化,机电2302班,江苏徐州,C0009
202300256,谢语嫣,女,满族,共青团员,2005-10-11,13591128815,202300256@hitwh.edu.cn,2023级,汽车工程学院,机械设计制造及其自动化,机电2302班,山东潍坊,C0009
202300257,吕云舟,男,壮族,预备党员,2005-08-27,18110037818,202300257@hitwh.edu.cn,2023级,汽车工程学院,机械设计制造及其自动化,机电2302班,山东淄博,C0009
202300258,冯书航,男,汉族,群众,2005-06-28,18823216472,202300258@hitwh.edu.cn,2023级,汽车工程学院,机械设计制造及其自动化,机电2302班,山东烟台,C0009
202300259,冯浩然,男,汉族,共青团员,2005-05-04,13237988511,202300259@hitwh.edu.cn,2023级,汽车工程学院,机械设计制造及其自动化,机电2302班,安徽合肥,C0009
202300260,董承宇,男,壮族,群众,2005-11-01,13164663235,202300260@hitwh.edu.cn,2023级,汽车工程学院,机械设计制造及其自动化,机电2302班,吉林长春,C0009
202300261,钟文博,男,蒙古族,共青团员,2005-05-10,18912501252,202300261@hitwh.edu.cn,2023级,汽车工程学院,机械设计制造及其自动化,机电2302班,辽宁大连,C0009
202300262,方致远,男,汉族,共青团员,2005-12-05,13710213977,202300262@hitwh.edu.cn,2023级,汽车工程学院,机械设计制造及其自动化,机电2302班,山东潍坊,C0009
202300263,徐昊天,男,汉族,群众,2005-08-08,19517191572,202300263@hitwh.edu.cn,2023级,汽车工程学院,机械设计制造及其自动化,机电2302班,安徽合肥,C0009
202300264,王承宇,男,汉族,预备党员,2005-10-25,18363453022,202300264@hitwh.edu.cn,2023级,汽车工程学院,机械设计制造及其自动化,机电2302班,山东济宁,C0009
202300265,武向阳,男,汉族,共青团员,2005-11-13,13713272396,202300265@hitwh.edu.cn,2023级,汽车工程学院,机械设计制造及其自动化,机电2302班,河北石家庄,C0009
202300266,唐向阳,男,汉族,共青团员,2005-06-15,15683254961,202300266@hitwh.edu.cn,2023级,汽车工程学院,机械设计制造及其自动化,机电2302班,河北石家庄,C0009
202300267,宋明哲,男,满族,共青团员,2005-06-19,17357290405,202300267@hitwh.edu.cn,2023级,汽车工程学院,机械设计制造及其自动化,机电2302班,山东济宁,C0009
202300268,万博文,男,壮族,群众,2005-09-25,18384348806,202300268@hitwh.edu.cn,2023级,汽车工程学院,机械设计制造及其自动化,机电2302班,山西太原,C0009
202300269,周云舟,男,汉族,中共党员,2005-09-07,17679564604,202300269@hitwh.edu.cn,2023级,汽车工程学院,机械设计制造及其自动化,机电2302班,河北石家庄,C0009
202300270,陆启铭,男,汉族,中共党员,2005-06-18,13139879025,202300270@hitwh.edu.cn,2023级,汽车工程学院,机械设计制造及其自动化,机电2302班,山东潍坊,C0009
202300271,许晓萱,女,蒙古族,共青团员,2005-12-25,17611380284,202300271@hitwh.edu.cn,2023级,汽车工程学院,交通运输,交通2301班,山东淄博,C0013
202300272,赵雪晴,女,汉族,共青团员,2005-02-27,19306792770,202300272@hitwh.edu.cn,2023级,汽车工程学院,交通运输,交通2301班,辽宁大连,C0013
202300273,马振宇,男,壮族,共青团员,2005-03-13,18755110808,202300273@hitwh.edu.cn,2023级,汽车工程学院,交通运输,交通2301班,河南郑州,C0013
202300274,魏语嫣,女,汉族,共青团员,2005-10-28,15741324223,202300274@hitwh.edu.cn,2023级,汽车工程学院,交通运输,交通2301班,山东济宁,C0013
202300275,秦雨泽,男,汉族,共青团员,2005-09-26,18798936805,202300275@hitwh.edu.cn,2023级,汽车工程学院,交通运输,交通2301班,山东烟台,C0013
202300276,雷立群,男,汉族,预备党员,2005-04-11,13302277281,202300276@hitwh.edu.cn,2023级,汽车工程学院,交通运输,交通2301班,山东临沂,C0013
202300277,贺思远,男,汉族,预备党员,2005-07-16,17731981161,202300277@hitwh.edu.cn,2023级,汽车工程学院,交通运输,交通2301班,山东青岛,C0013
202300278,杜振宇,男,满族,中共党员,2005-05-03,18244808214,202300278@hitwh.edu.cn,2023级,汽车工程学院,交通运输,交通2301班,山东临沂,C0013
202300279,贺紫萱,女,汉族,共青团员,2005-03-19,15077316150,202300279@hitwh.edu.cn,2023级,汽车工程学院,交通运输,交通2301班,河北石家庄,C0013
202300280,高泽楷,男,汉族,共青团员,2005-01-17,18794891981,202300280@hitwh.edu.cn,2023级,汽车工程学院,交通运输,交通2301班,山东临沂,C0013
202300281,朱芷若,女,汉族,共青团员,2005-06-24,18777061421,202300281@hitwh.edu.cn,2023级,汽车工程学院,交通运输,交通2301班,黑龙江哈尔滨,C0013
202300282,肖俊杰,男,汉族,共青团员,2005-08-13,13399198969,202300282@hitwh.edu.cn,2023级,汽车工程学院,交通运输,交通2301班,山东济宁,C0013
202300283,向泽楷,男,汉族,共青团员,2005-10-09,18373707097,202300283@hitwh.edu.cn,2023级,汽车工程学院,交通运输,交通2301班,山东烟台,C0013
202300284,闫泽楷,男,汉族,中共党员,2005-05-21,17364880928,202300284@hitwh.edu.cn,2023级,汽车工程学院,交通运输,交通2301班,江苏徐州,C0013
202300285,董俊杰,男,满族,群众,2005-02-08,17391100368,202300285@hitwh.edu.cn,2023级,汽车工程学院,交通运输,交通2301班,吉林长春,C0013
202300286,董映真,女,壮族,预备党员,2005-04-25,19491455618,202300286@hitwh.edu.cn,2023级,汽车工程学院,交通运输,交通2301班,山东济宁,C0013
202300287,龚嘉树,男,汉族,共青团员,2005-09-28,17924270147,202300287@hitwh.edu.cn,2023级,汽车工程学院,交通运输,交通2301班,山东济宁,C0013
202300288,郝晓萱,女,汉族,群众,2005-04-21,13363685356,202300288@hitwh.edu.cn,2023级,汽车工程学院,交通运输,交通2301班,安徽合肥,C0013
202300289,武浩然,男,汉族,预备党员,2005-06-22,15451320716,202300289@hitwh.edu.cn,2023级,汽车工程学院,交通运输,交通2301班,河北石家庄,C0013
202300290,向悦宁,女,蒙古族,共青团员,2005-07-25,18980294481,202300290@hitwh.edu.cn,2023级,汽车工程学院,交通运输,交通2301班,山东济宁,C0013
202300291,肖浩然,男,汉族,共青团员,2005-04-12,13824744405,202300291@hitwh.edu.cn,2023级,汽车工程学院,交通运输,交通2301班,辽宁大连,C0013
202300292,刘宗翰,男,汉族,中共党员,2005-11-22,19386232333,202300292@hitwh.edu.cn,2023级,汽车工程学院,交通运输,交通2301班,江苏徐州,C0013
202300293,程立群,男,汉族,预备党员,2005-05-12,13515765204,202300293@hitwh.edu.cn,2023级,汽车工程学院,交通运输,交通2301班,河北石家庄,C0013
202300294,许家豪,男,汉族,共青团员,2005-06-01,18342250563,202300294@hitwh.edu.cn,2023级,汽车工程学院,交通运输,交通2301班,山东淄博,C0013
202300295,余明哲,男,汉族,群众,2005-07-18,19010248817,202300295@hitwh.edu.cn,2023级,汽车工程学院,交通运输,交通2301班,山东青岛,C0013
202300296,戴思远,男,汉族,预备党员,2005-07-19,19546466146,202300296@hitwh.edu.cn,2023级,汽车工程学院,交通运输,交通2301班,辽宁大连,C0013
202300297,韦沛东,男,回族,共青团员,2005-05-08,18754442918,202300297@hitwh.edu.cn,2023级,汽车工程学院,交通运输,交通2301班,山东临沂,C0013
202300298,付欣怡,女,汉族,共青团员,2005-11-11,15035532690,202300298@hitwh.edu.cn,2023级,汽车工程学院,交通运输,交通2301班,山东青岛,C0013
202300299,向子轩,男,汉族,预备党员,2005-07-03,18246733306,202300299@hitwh.edu.cn,2023级,汽车工程学院,交通运输,交通2301班,山西太原,C0013
202300300,武书航,男,壮族,共青团员,2005-04-02,13046793025,202300300@hitwh.edu.cn,2023级,汽车工程学院,交通运输,交通2301班,河北石家庄,C0013
202400301,陶立群,男,汉族,共青团员,2006-09-20,19234222661,202400301@hitwh.edu.cn,2024级,汽车工程学院,车辆工程,车辆2401班,山东济宁,C0002
202400302,孟立群,男,回族,共青团员,2006-04-22,17161236134,202400302@hitwh.edu.cn,2024级,汽车工程学院,车辆工程,车辆2401班,山东潍坊,C0002
202400303,龚庆丰,男,汉族,共青团员,2006-02-16,17093142681,202400303@hitwh.edu.cn,2024级,汽车工程学院,车辆工程,车辆2401班,山东济宁,C0002
202400304,侯朗峰,男,汉族,群众,2006-05-08,13430393756,202400304@hitwh.edu.cn,2024级,汽车工程学院,车辆工程,车辆2401班,山东淄博,C0002
202400305,杜致远,男,壮族,共青团员,2006-05-19,17901735723,202400305@hitwh.edu.cn,2024级,汽车工程学院,车辆工程,车辆2401班,黑龙江哈尔滨,C0002
202400306,余雨泽,男,汉族,预备党员,2006-12-18,18947260669,202400306@hitwh.edu.cn,2024级,汽车工程学院,车辆工程,车辆2401班,山东临沂,C0002
202400307,蒋鸿飞,男,汉族,共青团员,2006-08-14,19602374706,202400307@hitwh.edu.cn,2024级,汽车工程学院,车辆工程,车辆2401班,吉林长春,C0002
202400308,贺亦驰,男,汉族,共青团员,2006-10-10,19137426187,202400308@hitwh.edu.cn,2024级,汽车工程学院,车辆工程,车辆2401班,山东临沂,C0002
202400309,陈思颖,女,蒙古族,共青团员,2006-04-16,15855290435,202400309@hitwh.edu.cn,2024级,汽车工程学院,车辆工程,车辆2401班,山东济宁,C0002
202400310,顾向阳,男,汉族,预备党员,2006-02-05,15562600543,202400310@hitwh.edu.cn,2024级,汽车工程学院,车辆工程,车辆2401班,山东济宁,C0002
202400311,向朗峰,男,汉族,共青团员,2006-10-15,15960650462,202400311@hitwh.edu.cn,2024级,汽车工程学院,车辆工程,车辆2401班,山东潍坊,C0002
202400312,钟思远,男,蒙古族,群众,2006-03-03,18213692307,202400312@hitwh.edu.cn,2024级,汽车工程学院,车辆工程,车辆2401班,河北石家庄,C0002
202400313,马慕青,女,汉族,共青团员,2006-06-01,15810656295,202400313@hitwh.edu.cn,2024级,汽车工程学院,车辆工程,车辆2401班,黑龙江哈尔滨,C0002
202400314,范明哲,男,汉族,群众,2006-11-15,15554237828,202400314@hitwh.edu.cn,2024级,汽车工程学院,车辆工程,车辆2401班,山东潍坊,C0002
202400315,任思颖,女,汉族,共青团员,2006-09-18,17027377134,202400315@hitwh.edu.cn,2024级,汽车工程学院,车辆工程,车辆2401班,河北石家庄,C0002
202400316,熊宇轩,男,壮族,共青团员,2006-05-17,13056975345,202400316@hitwh.edu.cn,2024级,汽车工程学院,车辆工程,车辆2401班,安徽合肥,C0002
202400317,方亦驰,男,壮族,共青团员,2006-12-23,13078191987,202400317@hitwh.edu.cn,2024级,汽车工程学院,车辆工程,车辆2401班,山东烟台,C0002
202400318,刘晓萱,女,汉族,共青团员,2006-01-11,17811404567,202400318@hitwh.edu.cn,2024级,汽车工程学院,车辆工程,车辆2401班,山东临沂,C0002
202400319,许梦洁,女,汉族,群众,2006-06-02,18257476758,202400319@hitwh.edu.cn,2024级,汽车工程学院,车辆工程,车辆2401班,河南郑州,C0002
202400320,陈梦洁,女,朝鲜族,共青团员,2006-09-07,19798654529,202400320@hitwh.edu.cn,2024级,汽车工程学院,车辆工程,车辆2401班,吉林长春,C0002
202400321,刘致远,男,蒙古族,群众,2006-05-23,18711993807,202400321@hitwh.edu.cn,2024级,汽车工程学院,车辆工程,车辆2401班,山东济南,C0002
202400322,程云舟,男,汉族,共青团员,2006-07-24,18395642226,202400322@hitwh.edu.cn,2024级,汽车工程学院,车辆工程,车辆2401班,黑龙江哈尔滨,C0002
202400323,梁佳琪,女,汉族,共青团员,2006-08-02,17317772742,202400323@hitwh.edu.cn,2024级,汽车工程学院,车辆工程,车辆2401班,山东济宁,C0002
202400324,苏致远,男,朝鲜族,共青团员,2006-06-11,15573362352,202400324@hitwh.edu.cn,2024级,汽车工程学院,车辆工程,车辆2401班,山东济宁,C0002
202400325,汪紫萱,女,壮族,共青团员,2006-06-15,18483813245,202400325@hitwh.edu.cn,2024级,汽车工程学院,车辆工程,车辆2401班,山东淄博,C0002
202400326,孙振宇,男,回族,共青团员,2006-04-20,15994009884,202400326@hitwh.edu.cn,2024级,汽车工程学院,车辆工程,车辆2401班,江苏徐州,C0002
202400327,尹紫萱,女,蒙古族,群众,2006-02-13,15737422489,202400327@hitwh.edu.cn,2024级,汽车工程学院,车辆工程,车辆2401班,山东淄博,C0002
202400328,闫思颖,女,汉族,共青团员,2006-06-26,17511742075,202400328@hitwh.edu.cn,2024级,汽车工程学院,车辆工程,车辆2401班,河南郑州,C0002
202400329,汪雨桐,女,汉族,共青团员,2006-05-11,18514847856,202400329@hitwh.edu.cn,2024级,汽车工程学院,车辆工程,车辆2401班,江苏徐州,C0002
202400330,龙景行,男,朝鲜族,共青团员,2006-04-19,19245636861,202400330@hitwh.edu.cn,2024级,汽车工程学院,车辆工程,车辆2401班,山东烟台,C0002
202400331,邹嘉懿,女,汉族,共青团员,2006-07-25,18287342392,202400331@hitwh.edu.cn,2024级,汽车工程学院,车辆工程,车辆2401班,山东济南,C0002
202400332,戴宇轩,男,回族,预备党员,2006-04-13,15025147478,202400332@hitwh.edu.cn,2024级,汽车工程学院,车辆工程,车辆2401班,山东青岛,C0002
202400333,钟梦洁,女,汉族,群众,2006-01-01,13590027972,202400333@hitwh.edu.cn,2024级,汽车工程学院,车辆工程,车辆2401班,山东济南,C0002
202400334,廖沛东,男,汉族,共青团员,2006-06-17,15730400377,202400334@hitwh.edu.cn,2024级,汽车工程学院,车辆工程,车辆2401班,吉林长春,C0002
202400335,严欣怡,女,回族,共青团员,2006-01-18,18303786002,202400335@hitwh.edu.cn,2024级,汽车工程学院,车辆工程,车辆2402班,江苏徐州,C0002
202400336,徐庆丰,男,壮族,共青团员,2006-09-25,19467588679,202400336@hitwh.edu.cn,2024级,汽车工程学院,车辆工程,车辆2402班,山东济南,C0002
202400337,肖宗翰,男,汉族,群众,2006-01-24,18560856810,202400337@hitwh.edu.cn,2024级,汽车工程学院,车辆工程,车辆2402班,吉林长春,C0002
202400338,邹家豪,男,汉族,群众,2006-04-10,19360943171,202400338@hitwh.edu.cn,2024级,汽车工程学院,车辆工程,车辆2402班,山东临沂,C0002
202400339,夏志强,男,满族,共青团员,2006-10-23,13049822231,202400339@hitwh.edu.cn,2024级,汽车工程学院,车辆工程,车辆2402班,山东临沂,C0002
202400340,冯雨泽,男,回族,共青团员,2006-01-17,15389139273,202400340@hitwh.edu.cn,2024级,汽车工程学院,车辆工程,车辆2402班,山东淄博,C0002
202400341,钱若曦,女,汉族,共青团员,2006-01-13,19340295429,202400341@hitwh.edu.cn,2024级,汽车工程学院,车辆工程,车辆2402班,安徽合肥,C0002
202400342,姚致远,男,汉族,群众,2006-02-18,13093793513,202400342@hitwh.edu.cn,2024级,汽车工程学院,车辆工程,车辆2402班,河南郑州,C0002
202400343,段慧中,女,汉族,群众,2006-04-26,15804067187,202400343@hitwh.edu.cn,2024级,汽车工程学院,车辆工程,车辆2402班,山东济南,C0002
202400344,付子轩,男,汉族,共青团员,2006-04-08,17942453743,202400344@hitwh.edu.cn,2024级,汽车工程学院,车辆工程,车辆2402班,吉林长春,C0002
202400345,廖振宇,男,汉族,共青团员,2006-09-11,19069937406,202400345@hitwh.edu.cn,2024级,汽车工程学院,车辆工程,车辆2402班,河南郑州,C0002
202400346,彭家豪,男,汉族,预备党员,2006-06-06,19894295659,202400346@hitwh.edu.cn,2024级,汽车工程学院,车辆工程,车辆2402班,河北石家庄,C0002
202400347,徐浩然,男,汉族,共青团员,2006-05-15,13556212027,202400347@hitwh.edu.cn,2024级,汽车工程学院,车辆工程,车辆2402班,山东青岛,C0002
202400348,郑书航,男,壮族,共青团员,2006-08-17,18197029591,202400348@hitwh.edu.cn,2024级,汽车工程学院,车辆工程,车辆2402班,山西太原,C0002
202400349,任采薇,女,汉族,共青团员,2006-02-05,19185113255,202400349@hitwh.edu.cn,2024级,汽车工程学院,车辆工程,车辆2402班,河南郑州,C0002
202400350,黎欣怡,女,壮族,共青团员,2006-08-12,18174499054,202400350@hitwh.edu.cn,2024级,汽车工程学院,车辆工程,车辆2402班,山东淄博,C0002
202400351,付语嫣,女,汉族,群众,2006-02-22,19115642192,202400351@hitwh.edu.cn,2024级,汽车工程学院,车辆工程,车辆2402班,江苏徐州,C0002
202400352,杜思颖,女,汉族,共青团员,2006-10-02,13562944621,202400352@hitwh.edu.cn,2024级,汽车工程学院,车辆工程,车辆2402班,辽宁大连,C0002
202400353,蒋朗峰,男,汉族,共青团员,2006-12-06,19197196594,202400353@hitwh.edu.cn,2024级,汽车工程学院,车辆工程,车辆2402班,黑龙江哈尔滨,C0002
202400354,薛沛东,男,汉族,共青团员,2006-02-03,19101191544,202400354@hitwh.edu.cn,2024级,汽车工程学院,车辆工程,车辆2402班,安徽合肥,C0002
202400355,任思远,男,壮族,共青团员,2006-11-13,15669279999,202400355@hitwh.edu.cn,2024级,汽车工程学院,车辆工程,车辆2402班,江苏徐州,C0002
202400356,袁启铭,男,汉族,群众,2006-01-02,13235167467,202400356@hitwh.edu.cn,2024级,汽车工程学院,车辆工程,车辆2402班,河北石家庄,C0002
202400357,魏致远,男,汉族,共青团员,2006-08-22,18099756553,202400357@hitwh.edu.cn,2024级,汽车工程学院,车辆工程,车辆2402班,河南郑州,C0002
202400358,陈慕青,女,蒙古族,共青团员,2006-01-26,15981338283,202400358@hitwh.edu.cn,2024级,汽车工程学院,车辆工程,车辆2402班,江苏徐州,C0002
202400359,石鸿飞,男,汉族,共青团员,2006-11-28,17437496817,202400359@hitwh.edu.cn,2024级,汽车工程学院,车辆工程,车辆2402班,吉林长春,C0002
202400360,冯佳琪,女,蒙古族,共青团员,2006-08-10,18351759020,202400360@hitwh.edu.cn,2024级,汽车工程学院,车辆工程,车辆2402班,山东青岛,C0002
202400361,江子轩,男,汉族,共青团员,2006-09-09,19684103517,202400361@hitwh.edu.cn,2024级,汽车工程学院,车辆工程,车辆2402班,山东潍坊,C0002
202400362,苏嘉树,男,回族,预备党员,2006-02-28,13590586942,202400362@hitwh.edu.cn,2024级,汽车工程学院,车辆工程,车辆2402班,山东临沂,C0002
202400363,许思颖,女,汉族,群众,2006-03-16,13737144003,202400363@hitwh.edu.cn,2024级,汽车工程学院,车辆工程,车辆2402班,山东临沂,C0002
202400364,叶宇轩,男,蒙古族,共青团员,2006-03-07,17368645042,202400364@hitwh.edu.cn,2024级,汽车工程学院,车辆工程,车辆2402班,山东济南,C0002
202400365,严天佑,男,汉族,共青团员,2006-11-27,19707451880,202400365@hitwh.edu.cn,2024级,汽车工程学院,车辆工程,车辆2402班,黑龙江哈尔滨,C0002
202400366,韩子轩,男,汉族,共青团员,2006-05-20,13009002883,202400366@hitwh.edu.cn,2024级,汽车工程学院,车辆工程,车辆2402班,山西太原,C0002
202400367,雷明哲,男,汉族,共青团员,2006-05-03,13324877855,202400367@hitwh.edu.cn,2024级,汽车工程学院,车辆工程,车辆2402班,山东淄博,C0002
202400368,汤鸿飞,男,汉族,群众,2006-02-15,13691289567,202400368@hitwh.edu.cn,2024级,汽车工程学院,车辆工程,车辆2402班,安徽合肥,C0002
202400369,熊雨桐,女,汉族,共青团员,2006-12-04,18632879019,202400369@hitwh.edu.cn,2024级,汽车工程学院,车辆工程,车辆2403班,吉林长春,C0002
202400370,梁亦驰,男,汉族,共青团员,2006-10-10,19308061851,202400370@hitwh.edu.cn,2024级,汽车工程学院,车辆工程,车辆2403班,山东济宁,C0002
202400371,蒋云舟,男,满族,共青团员,2006-08-04,19252740364,202400371@hitwh.edu.cn,2024级,汽车工程学院,车辆工程,车辆2403班,山西太原,C0002
202400372,程致远,男,壮族,共青团员,2006-12-14,13761971113,202400372@hitwh.edu.cn,2024级,汽车工程学院,车辆工程,车辆2403班,山东临沂,C0002
202400373,胡志强,男,汉族,群众,2006-07-17,17627488835,202400373@hitwh.edu.cn,2024级,汽车工程学院,车辆工程,车辆2403班,河南郑州,C0002
202400374,邹雨泽,男,汉族,共青团员,2006-02-26,19110745245,202400374@hitwh.edu.cn,2024级,汽车工程学院,车辆工程,车辆2403班,河南郑州,C0002
202400375,秦文博,男,汉族,共青团员,2006-09-25,17829369297,202400375@hitwh.edu.cn,2024级,汽车工程学院,车辆工程,车辆2403班,山东青岛,C0002
202400376,姜亦驰,男,汉族,预备党员,2006-03-24,15453049961,202400376@hitwh.edu.cn,2024级,汽车工程学院,车辆工程,车辆2403班,安徽合肥,C0002
202400377,郭博文,男,满族,共青团员,2006-04-26,13540761472,202400377@hitwh.edu.cn,2024级,汽车工程学院,车辆工程,车辆2403班,山东潍坊,C0002
202400378,胡沛东,男,蒙古族,群众,2006-05-09,13594733760,202400378@hitwh.edu.cn,2024级,汽车工程学院,车辆工程,车辆2403班,山东青岛,C0002
202400379,邓芳菲,女,朝鲜族,共青团员,2006-03-14,15427230797,202400379@hitwh.edu.cn,2024级,汽车工程学院,车辆工程,车辆2403班,江苏徐州,C0002
202400380,程婉清,女,汉族,共青团员,2006-03-22,18006746777,202400380@hitwh.edu.cn,2024级,汽车工程学院,车辆工程,车辆2403班,山东济宁,C0002
202400381,蔡振宇,男,汉族,共青团员,2006-09-14,17430339335,202400381@hitwh.edu.cn,2024级,汽车工程学院,车辆工程,车辆2403班,江苏徐州,C0002
202400382,钟悦宁,女,蒙古族,共青团员,2006-07-14,13461039859,202400382@hitwh.edu.cn,2024级,汽车工程学院,车辆工程,车辆2403班,江苏徐州,C0002
202400383,严雨桐,女,汉族,群众,2006-03-10,13813135632,202400383@hitwh.edu.cn,2024级,汽车工程学院,车辆工程,车辆2403班,河南郑州,C0002
202400384,钱思远,男,汉族,预备党员,2006-12-26,17259771570,202400384@hitwh.edu.cn,2024级,汽车工程学院,车辆工程,车辆2403班,山西太原,C0002
202400385,廖浩然,男,汉族,共青团员,2006-11-24,19209402908,202400385@hitwh.edu.cn,2024级,汽车工程学院,车辆工程,车辆2403班,河北石家庄,C0002
202400386,叶静姝,女,满族,共青团员,2006-11-24,17664091061,202400386@hitwh.edu.cn,2024级,汽车工程学院,车辆工程,车辆2403班,辽宁大连,C0002
202400387,邵书瑶,女,壮族,共青团员,2006-11-08,19468392288,202400387@hitwh.edu.cn,2024级,汽车工程学院,车辆工程,车辆2403班,吉林长春,C0002
202400388,闫振宇,男,回族,共青团员,2006-08-22,19156345144,202400388@hitwh.edu.cn,2024级,汽车工程学院,车辆工程,车辆2403班,江苏徐州,C0002
202400389,冯海宁,女,汉族,共青团员,2006-01-27,18382992790,202400389@hitwh.edu.cn,2024级,汽车工程学院,车辆工程,车辆2403班,山西太原,C0002
202400390,史博文,男,满族,共青团员,2006-10-03,17587469593,202400390@hitwh.edu.cn,2024级,汽车工程学院,车辆工程,车辆2403班,辽宁大连,C0002
202400391,白子轩,男,汉族,预备党员,2006-06-26,18015638959,202400391@hitwh.edu.cn,2024级,汽车工程学院,车辆工程,车辆2403班,山东青岛,C0002
202400392,汪立群,男,汉族,群众,2006-01-02,19156095042,202400392@hitwh.edu.cn,2024级,汽车工程学院,车辆工程,车辆2403班,辽宁大连,C0002
202400393,邱雨桐,女,汉族,共青团员,2006-09-18,15586469558,202400393@hitwh.edu.cn,2024级,汽车工程学院,车辆工程,车辆2403班,山西太原,C0002
202400394,钟梦琪,女,汉族,共青团员,2006-05-12,17614363621,202400394@hitwh.edu.cn,2024级,汽车工程学院,车辆工程,车辆2403班,山东烟台,C0002
202400395,龙思颖,女,蒙古族,群众,2006-07-04,19195146044,202400395@hitwh.edu.cn,2024级,汽车工程学院,车辆工程,车辆2403班,山东济宁,C0002
202400396,潘书航,男,蒙古族,共青团员,2006-06-08,17420697803,202400396@hitwh.edu.cn,2024级,汽车工程学院,车辆工程,车辆2403班,江苏徐州,C0002
202400397,曾泽楷,男,满族,共青团员,2006-08-03,13554345661,202400397@hitwh.edu.cn,2024级,汽车工程学院,车辆工程,车辆2403班,山西太原,C0002
202400398,朱昊天,男,汉族,群众,2006-01-19,15121699513,202400398@hitwh.edu.cn,2024级,汽车工程学院,车辆工程,车辆2403班,山东青岛,C0002
202400399,谢家豪,男,汉族,共青团员,2006-08-10,19797361152,202400399@hitwh.edu.cn,2024级,汽车工程学院,车辆工程,车辆2403班,河南郑州,C0002
202400400,严承宇,男,汉族,共青团员,2006-01-25,17261044173,202400400@hitwh.edu.cn,2024级,汽车工程学院,车辆工程,车辆2403班,河南郑州,C0002
202400401,韦书航,男,汉族,共青团员,2006-10-22,18237523100,202400401@hitwh.edu.cn,2024级,汽车工程学院,车辆工程,车辆2403班,安徽合肥,C0002
202400402,罗景行,男,汉族,共青团员,2006-07-08,13307937433,202400402@hitwh.edu.cn,2024级,汽车工程学院,车辆工程,车辆2403班,江苏徐州,C0002
202400403,何立群,男,汉族,群众,2006-08-09,18624086997,202400403@hitwh.edu.cn,2024级,汽车工程学院,车辆工程,车辆2404班,吉林长春,C0002
202400404,钱振宇,男,汉族,群众,2006-11-13,18390146181,202400404@hitwh.edu.cn,2024级,汽车工程学院,车辆工程,车辆2404班,辽宁大连,C0002
202400405,王嘉懿,女,汉族,共青团员,2006-12-12,19644076541,202400405@hitwh.edu.cn,2024级,汽车工程学院,车辆工程,车辆2404班,山东潍坊,C0002
202400406,戴向阳,男,汉族,共青团员,2006-03-18,17159829690,202400406@hitwh.edu.cn,2024级,汽车工程学院,车辆工程,车辆2404班,辽宁大连,C0002
202400407,郭海宁,女,汉族,共青团员,2006-06-06,17860118519,202400407@hitwh.edu.cn,2024级,汽车工程学院,车辆工程,车辆2404班,辽宁大连,C0002
202400408,袁宗翰,男,朝鲜族,共青团员,2006-04-12,13242237480,202400408@hitwh.edu.cn,2024级,汽车工程学院,车辆工程,车辆2404班,江苏徐州,C0002
202400409,张芷若,女,汉族,共青团员,2006-05-05,19609088961,202400409@hitwh.edu.cn,2024级,汽车工程学院,车辆工程,车辆2404班,吉林长春,C0002
202400410,薛庆丰,男,汉族,共青团员,2006-06-16,15091142014,202400410@hitwh.edu.cn,2024级,汽车工程学院,车辆工程,车辆2404班,安徽合肥,C0002
202400411,熊景行,男,蒙古族,共青团员,2006-12-09,17155580493,202400411@hitwh.edu.cn,2024级,汽车工程学院,车辆工程,车辆2404班,山东青岛,C0002
202400412,龚亦驰,男,汉族,共青团员,2006-03-01,19227720613,202400412@hitwh.edu.cn,2024级,汽车工程学院,车辆工程,车辆2404班,山东潍坊,C0002
202400413,周子轩,男,汉族,共青团员,2006-08-10,18770464575,202400413@hitwh.edu.cn,2024级,汽车工程学院,车辆工程,车辆2404班,河北石家庄,C0002
202400414,万昊天,男,汉族,群众,2006-06-09,15262722748,202400414@hitwh.edu.cn,2024级,汽车工程学院,车辆工程,车辆2404班,山东潍坊,C0002
202400415,叶佳琪,女,满族,共青团员,2006-08-01,18485818597,202400415@hitwh.edu.cn,2024级,汽车工程学院,车辆工程,车辆2404班,吉林长春,C0002
202400416,高若曦,女,汉族,共青团员,2006-09-03,19204865064,202400416@hitwh.edu.cn,2024级,汽车工程学院,车辆工程,车辆2404班,江苏徐州,C0002
202400417,江明哲,男,汉族,共青团员,2006-12-28,18157153041,202400417@hitwh.edu.cn,2024级,汽车工程学院,车辆工程,车辆2404班,安徽合肥,C0002
202400418,邱子轩,男,汉族,群众,2006-09-03,18400963849,202400418@hitwh.edu.cn,2024级,汽车工程学院,车辆工程,车辆2404班,山西太原,C0002
202400419,石向阳,男,汉族,共青团员,2006-10-26,19482164574,202400419@hitwh.edu.cn,2024级,汽车工程学院,车辆工程,车辆2404班,山东济南,C0002
202400420,戴雨泽,男,朝鲜族,共青团员,2006-10-09,15941989232,202400420@hitwh.edu.cn,2024级,汽车工程学院,车辆工程,车辆2404班,山东淄博,C0002
202400421,吕振宇,男,朝鲜族,群众,2006-08-25,18342818253,202400421@hitwh.edu.cn,2024级,汽车工程学院,车辆工程,车辆2404班,河北石家庄,C0002
202400422,孙宇轩,男,汉族,共青团员,2006-10-08,18666868319,202400422@hitwh.edu.cn,2024级,汽车工程学院,车辆工程,车辆2404班,山东临沂,C0002
202400423,崔博文,男,汉族,共青团员,2006-01-07,13723059201,202400423@hitwh.edu.cn,2024级,汽车工程学院,车辆工程,车辆2404班,山东潍坊,C0002
202400424,方宇轩,男,回族,共青团员,2006-07-08,13636140768,202400424@hitwh.edu.cn,2024级,汽车工程学院,车辆工程,车辆2404班,山东临沂,C0002
202400425,蔡庆丰,男,汉族,共青团员,2006-08-26,17699114789,202400425@hitwh.edu.cn,2024级,汽车工程学院,车辆工程,车辆2404班,山东烟台,C0002
202400426,廖雨泽,男,汉族,群众,2006-11-27,19372867442,202400426@hitwh.edu.cn,2024级,汽车工程学院,车辆工程,车辆2404班,吉林长春,C0002
202400427,钱语嫣,女,满族,共青团员,2006-04-13,15181748500,202400427@hitwh.edu.cn,2024级,汽车工程学院,车辆工程,车辆2404班,山东淄博,C0002
202400428,王明哲,男,汉族,共青团员,2006-12-03,19817453477,202400428@hitwh.edu.cn,2024级,汽车工程学院,车辆工程,车辆2404班,河南郑州,C0002
202400429,白沛东,男,汉族,预备党员,2006-11-04,15206757575,202400429@hitwh.edu.cn,2024级,汽车工程学院,车辆工程,车辆2404班,吉林长春,C0002
202400430,肖泽楷,男,汉族,共青团员,2006-12-03,15205685727,202400430@hitwh.edu.cn,2024级,汽车工程学院,车辆工程,车辆2404班,江苏徐州,C0002
202400431,莫雅雯,女,汉族,共青团员,2006-10-03,15126986781,202400431@hitwh.edu.cn,2024级,汽车工程学院,车辆工程,车辆2404班,山东烟台,C0002
202400432,卢芷若,女,满族,共青团员,2006-08-22,19671985608,202400432@hitwh.edu.cn,2024级,汽车工程学院,车辆工程,车辆2404班,山东济宁,C0002
202400433,黄宇轩,男,回族,共青团员,2006-02-28,17852706106,202400433@hitwh.edu.cn,2024级,汽车工程学院,车辆工程,车辆2404班,河北石家庄,C0002
202400434,梁浩然,男,汉族,共青团员,2006-11-01,19544579223,202400434@hitwh.edu.cn,2024级,汽车工程学院,车辆工程,车辆2404班,江苏徐州,C0002
202400435,董庆丰,男,满族,共青团员,2006-10-13,18123160403,202400435@hitwh.edu.cn,2024级,汽车工程学院,车辆工程,车辆2404班,山东临沂,C0002
202400436,汪志强,男,汉族,共青团员,2006-11-21,13303929146,202400436@hitwh.edu.cn,2024级,汽车工程学院,车辆工程,车辆2404班,山东烟台,C0002
202400437,彭天佑,男,满族,共青团员,2006-01-22,13942241639,202400437@hitwh.edu.cn,2024级,汽车工程学院,能源与动力工程,能动2401班,河南郑州,C0006
202400438,曹泽楷,男,汉族,群众,2006-11-06,19858979016,202400438@hitwh.edu.cn,2024级,汽车工程学院,能源与动力工程,能动2401班,山东济宁,C0006
202400439,陶振宇,男,回族,共青团员,2006-05-03,19345633301,202400439@hitwh.edu.cn,2024级,汽车工程学院,能源与动力工程,能动2401班,山东烟台,C0006
202400440,白梦洁,女,蒙古族,共青团员,2006-01-25,15760490571,202400440@hitwh.edu.cn,2024级,汽车工程学院,能源与动力工程,能动2401班,山东济南,C0006
202400441,胡向阳,男,满族,群众,2006-04-03,19649656542,202400441@hitwh.edu.cn,2024级,汽车工程学院,能源与动力工程,能动2401班,河南郑州,C0006
202400442,丁思远,男,满族,共青团员,2006-01-23,15304470173,202400442@hitwh.edu.cn,2024级,汽车工程学院,能源与动力工程,能动2401班,山东济宁,C0006
202400443,徐鸿飞,男,朝鲜族,共青团员,2006-10-16,19411820883,202400443@hitwh.edu.cn,2024级,汽车工程学院,能源与动力工程,能动2401班,山东烟台,C0006
202400444,白亦驰,男,满族,群众,2006-10-01,19331954587,202400444@hitwh.edu.cn,2024级,汽车工程学院,能源与动力工程,能动2401班,河南郑州,C0006
202400445,杨慧中,女,蒙古族,群众,2006-04-14,17795829817,202400445@hitwh.edu.cn,2024级,汽车工程学院,能源与动力工程,能动2401班,山东济宁,C0006
202400446,丁宇轩,男,蒙古族,预备党员,2006-06-12,13251543784,202400446@hitwh.edu.cn,2024级,汽车工程学院,能源与动力工程,能动2401班,山东济南,C0006
202400447,许启铭,男,汉族,群众,2006-01-06,13669270250,202400447@hitwh.edu.cn,2024级,汽车工程学院,能源与动力工程,能动2401班,山西太原,C0006
202400448,贾昊天,男,回族,共青团员,2006-06-19,15992398132,202400448@hitwh.edu.cn,2024级,汽车工程学院,能源与动力工程,能动2401班,山西太原,C0006
202400449,莫博文,男,汉族,群众,2006-05-17,19686825499,202400449@hitwh.edu.cn,2024级,汽车工程学院,能源与动力工程,能动2401班,山东烟台,C0006
202400450,崔子轩,男,蒙古族,群众,2006-09-23,13847886948,202400450@hitwh.edu.cn,2024级,汽车工程学院,能源与动力工程,能动2401班,吉林长春,C0006
202400451,马雨泽,男,朝鲜族,预备党员,2006-07-02,17785725916,202400451@hitwh.edu.cn,2024级,汽车工程学院,能源与动力工程,能动2401班,安徽合肥,C0006
202400452,方沛东,男,汉族,群众,2006-09-04,19172263600,202400452@hitwh.edu.cn,2024级,汽车工程学院,能源与动力工程,能动2401班,山东潍坊,C0006
202400453,闫立群,男,蒙古族,共青团员,2006-01-09,15652330796,202400453@hitwh.edu.cn,2024级,汽车工程学院,能源与动力工程,能动2401班,山东烟台,C0006
202400454,郝志强,男,回族,共青团员,2006-06-15,18414640498,202400454@hitwh.edu.cn,2024级,汽车工程学院,能源与动力工程,能动2401班,山东烟台,C0006
202400455,廖亦驰,男,满族,群众,2006-04-04,13514058719,202400455@hitwh.edu.cn,2024级,汽车工程学院,能源与动力工程,能动2401班,安徽合肥,C0006
202400456,谭泽楷,男,汉族,共青团员,2006-06-24,13245166558,202400456@hitwh.edu.cn,2024级,汽车工程学院,能源与动力工程,能动2401班,山东烟台,C0006
202400457,段紫萱,女,汉族,共青团员,2006-07-15,17448178473,202400457@hitwh.edu.cn,2024级,汽车工程学院,能源与动力工程,能动2401班,辽宁大连,C0006
202400458,江天佑,男,回族,预备党员,2006-12-08,13088815849,202400458@hitwh.edu.cn,2024级,汽车工程学院,能源与动力工程,能动2401班,山西太原,C0006
202400459,邱文博,男,汉族,群众,2006-10-04,13348620132,202400459@hitwh.edu.cn,2024级,汽车工程学院,能源与动力工程,能动2401班,山东济南,C0006
202400460,严博文,男,蒙古族,预备党员,2006-08-11,18377540341,202400460@hitwh.edu.cn,2024级,汽车工程学院,能源与动力工程,能动2401班,安徽合肥,C0006
202400461,韦雨泽,男,汉族,共青团员,2006-10-09,15737370986,202400461@hitwh.edu.cn,2024级,汽车工程学院,能源与动力工程,能动2401班,河南郑州,C0006
202400462,万景行,男,壮族,共青团员,2006-05-23,15696074658,202400462@hitwh.edu.cn,2024级,汽车工程学院,能源与动力工程,能动2401班,辽宁大连,C0006
202400463,张鸿飞,男,壮族,群众,2006-02-28,19827747305,202400463@hitwh.edu.cn,2024级,汽车工程学院,能源与动力工程,能动2401班,山东淄博,C0006
202400464,戴立群,男,汉族,共青团员,2006-09-13,13355912302,202400464@hitwh.edu.cn,2024级,汽车工程学院,能源与动力工程,能动2401班,河南郑州,C0006
202400465,汪庆丰,男,汉族,群众,2006-02-19,17325436287,202400465@hitwh.edu.cn,2024级,汽车工程学院,能源与动力工程,能动2401班,黑龙江哈尔滨,C0006
202400466,尹承宇,男,满族,共青团员,2006-12-18,18436837326,202400466@hitwh.edu.cn,2024级,汽车工程学院,能源与动力工程,能动2401班,吉林长春,C0006
202400467,武晓萱,女,满族,共青团员,2006-01-04,19581927431,202400467@hitwh.edu.cn,2024级,汽车工程学院,能源与动力工程,能动2401班,安徽合肥,C0006
202400468,方朗峰,男,满族,共青团员,2006-06-02,19476065617,202400468@hitwh.edu.cn,2024级,汽车工程学院,能源与动力工程,能动2401班,山东济宁,C0006
202400469,林明哲,男,汉族,共青团员,2006-02-10,13732622059,202400469@hitwh.edu.cn,2024级,汽车工程学院,能源与动力工程,能动2401班,山西太原,C0006
202400470,闫志强,男,汉族,预备党员,2006-10-22,13596824442,202400470@hitwh.edu.cn,2024级,汽车工程学院,能源与动力工程,能动2401班,黑龙江哈尔滨,C0006
202400471,侯致远,男,回族,共青团员,2006-11-08,18446537384,202400471@hitwh.edu.cn,2024级,汽车工程学院,能源与动力工程,能动2402班,山西太原,C0006
202400472,钟沛东,男,汉族,共青团员,2006-10-07,15397761115,202400472@hitwh.edu.cn,2024级,汽车工程学院,能源与动力工程,能动2402班,黑龙江哈尔滨,C0006
202400473,武雨泽,男,汉族,共青团员,2006-02-19,19375885815,202400473@hitwh.edu.cn,2024级,汽车工程学院,能源与动力工程,能动2402班,山东济宁,C0006
202400474,周沛东,男,汉族,共青团员,2006-09-06,17628938001,202400474@hitwh.edu.cn,2024级,汽车工程学院,能源与动力工程,能动2402班,山东济南,C0006
202400475,杜博文,男,汉族,群众,2006-05-15,15040080010,202400475@hitwh.edu.cn,2024级,汽车工程学院,能源与动力工程,能动2402班,河北石家庄,C0006
202400476,张庆丰,男,汉族,共青团员,2006-10-06,17201720579,202400476@hitwh.edu.cn,2024级,汽车工程学院,能源与动力工程,能动2402班,江苏徐州,C0006
202400477,贺子轩,男,回族,共青团员,2006-03-05,17372166356,202400477@hitwh.edu.cn,2024级,汽车工程学院,能源与动力工程,能动2402班,山西太原,C0006
202400478,韦雪晴,女,朝鲜族,群众,2006-09-21,15695733093,202400478@hitwh.edu.cn,2024级,汽车工程学院,能源与动力工程,能动2402班,河北石家庄,C0006
202400479,戴博文,男,汉族,共青团员,2006-08-20,19828642786,202400479@hitwh.edu.cn,2024级,汽车工程学院,能源与动力工程,能动2402班,山东淄博,C0006
202400480,汤博文,男,回族,共青团员,2006-08-16,17415412918,202400480@hitwh.edu.cn,2024级,汽车工程学院,能源与动力工程,能动2402班,山东烟台,C0006
202400481,侯静姝,女,汉族,群众,2006-08-14,17434455466,202400481@hitwh.edu.cn,2024级,汽车工程学院,能源与动力工程,能动2402班,山东临沂,C0006
202400482,侯昊天,男,壮族,共青团员,2006-06-11,17498024222,202400482@hitwh.edu.cn,2024级,汽车工程学院,能源与动力工程,能动2402班,山西太原,C0006
202400483,郝俊杰,男,汉族,共青团员,2006-11-09,19866970893,202400483@hitwh.edu.cn,2024级,汽车工程学院,能源与动力工程,能动2402班,山东青岛,C0006
202400484,林朗峰,男,汉族,共青团员,2006-07-04,18240649634,202400484@hitwh.edu.cn,2024级,汽车工程学院,能源与动力工程,能动2402班,安徽合肥,C0006
202400485,卢天佑,男,回族,群众,2006-09-08,13945333654,202400485@hitwh.edu.cn,2024级,汽车工程学院,能源与动力工程,能动2402班,山东济南,C0006
202400486,薛天佑,男,汉族,群众,2006-06-04,18259534120,202400486@hitwh.edu.cn,2024级,汽车工程学院,能源与动力工程,能动2402班,江苏徐州,C0006
202400487,范雨桐,女,汉族,共青团员,2006-04-24,19601625284,202400487@hitwh.edu.cn,2024级,汽车工程学院,能源与动力工程,能动2402班,山东济宁,C0006
202400488,朱志强,男,朝鲜族,共青团员,2006-01-08,15334648509,202400488@hitwh.edu.cn,2024级,汽车工程学院,能源与动力工程,能动2402班,山东济宁,C0006
202400489,徐思远,男,汉族,预备党员,2006-09-11,19065637220,202400489@hitwh.edu.cn,2024级,汽车工程学院,能源与动力工程,能动2402班,河南郑州,C0006
202400490,任振宇,男,汉族,共青团员,2006-08-13,18955659708,202400490@hitwh.edu.cn,2024级,汽车工程学院,能源与动力工程,能动2402班,江苏徐州,C0006
202400491,武鸿飞,男,汉族,共青团员,2006-07-12,19283425949,202400491@hitwh.edu.cn,2024级,汽车工程学院,能源与动力工程,能动2402班,山东济南,C0006
202400492,周书航,男,壮族,共青团员,2006-09-17,18155891119,202400492@hitwh.edu.cn,2024级,汽车工程学院,能源与动力工程,能动2402班,河南郑州,C0006
202400493,姜芷若,女,壮族,共青团员,2006-04-14,17914288172,202400493@hitwh.edu.cn,2024级,汽车工程学院,能源与动力工程,能动2402班,山东潍坊,C0006
202400494,段亦驰,男,蒙古族,群众,2006-10-26,19530175900,202400494@hitwh.edu.cn,2024级,汽车工程学院,能源与动力工程,能动2402班,河南郑州,C0006
202400495,黄庆丰,男,朝鲜族,群众,2006-12-01,19474593612,202400495@hitwh.edu.cn,2024级,汽车工程学院,能源与动力工程,能动2402班,山东济宁,C0006
202400496,林雪晴,女,汉族,预备党员,2006-01-13,17170438667,202400496@hitwh.edu.cn,2024级,汽车工程学院,能源与动力工程,能动2402班,吉林长春,C0006
202400497,秦向阳,男,汉族,共青团员,2006-06-03,19202697239,202400497@hitwh.edu.cn,2024级,汽车工程学院,能源与动力工程,能动2402班,辽宁大连,C0006
202400498,程采薇,女,汉族,预备党员,2006-05-04,13368306357,202400498@hitwh.edu.cn,2024级,汽车工程学院,能源与动力工程,能动2402班,山东淄博,C0006
202400499,顾鸿飞,男,满族,共青团员,2006-12-07,19124105884,202400499@hitwh.edu.cn,2024级,汽车工程学院,能源与动力工程,能动2402班,山东济南,C0006
202400500,龙书航,男,朝鲜族,群众,2006-05-11,15608948895,202400500@hitwh.edu.cn,2024级,汽车工程学院,能源与动力工程,能动2402班,山东潍坊,C0006
202400501,江静姝,女,汉族,共青团员,2006-01-02,18086984564,202400501@hitwh.edu.cn,2024级,汽车工程学院,能源与动力工程,能动2402班,山东青岛,C0006
202400502,戴昊天,男,蒙古族,共青团员,2006-09-12,13491512501,202400502@hitwh.edu.cn,2024级,汽车工程学院,能源与动力工程,能动2402班,吉林长春,C0006
202400503,莫婉清,女,回族,共青团员,2006-04-28,17402230733,202400503@hitwh.edu.cn,2024级,汽车工程学院,能源与动力工程,能动2402班,山东淄博,C0006
202400504,高鸿飞,男,汉族,群众,2006-01-10,15026285500,202400504@hitwh.edu.cn,2024级,汽车工程学院,能源与动力工程,能动2402班,山东济宁,C0006
202400505,闫向阳,男,汉族,共青团员,2006-08-14,15297728220,202400505@hitwh.edu.cn,2024级,汽车工程学院,机械设计制造及其自动化,机电2401班,安徽合肥,C0010
202400506,顾梦琪,女,汉族,共青团员,2006-03-03,19254191768,202400506@hitwh.edu.cn,2024级,汽车工程学院,机械设计制造及其自动化,机电2401班,安徽合肥,C0010
202400507,王嘉树,男,汉族,预备党员,2006-02-11,18088114387,202400507@hitwh.edu.cn,2024级,汽车工程学院,机械设计制造及其自动化,机电2401班,山东青岛,C0010
202400508,高文博,男,壮族,共青团员,2006-11-09,19489119216,202400508@hitwh.edu.cn,2024级,汽车工程学院,机械设计制造及其自动化,机电2401班,河南郑州,C0010
202400509,张慕青,女,汉族,群众,2006-10-03,13431157618,202400509@hitwh.edu.cn,2024级,汽车工程学院,机械设计制造及其自动化,机电2401班,安徽合肥,C0010
202400510,秦嘉树,男,汉族,群众,2006-10-12,13758052971,202400510@hitwh.edu.cn,2024级,汽车工程学院,机械设计制造及其自动化,机电2401班,山东烟台,C0010
202400511,叶沛东,男,朝鲜族,共青团员,2006-03-24,19829632357,202400511@hitwh.edu.cn,2024级,汽车工程学院,机械设计制造及其自动化,机电2401班,辽宁大连,C0010
202400512,魏博文,男,汉族,共青团员,2006-06-21,19730792191,202400512@hitwh.edu.cn,2024级,汽车工程学院,机械设计制造及其自动化,机电2401班,山东烟台,C0010
202400513,石天佑,男,汉族,共青团员,2006-04-10,19061086618,202400513@hitwh.edu.cn,2024级,汽车工程学院,机械设计制造及其自动化,机电2401班,吉林长春,C0010
202400514,余文博,男,汉族,共青团员,2006-10-10,17190555391,202400514@hitwh.edu.cn,2024级,汽车工程学院,机械设计制造及其自动化,机电2401班,河南郑州,C0010
202400515,许致远,男,汉族,群众,2006-03-19,17595700559,202400515@hitwh.edu.cn,2024级,汽车工程学院,机械设计制造及其自动化,机电2401班,山东临沂,C0010
202400516,丁庆丰,男,汉族,共青团员,2006-08-14,15607149981,202400516@hitwh.edu.cn,2024级,汽车工程学院,机械设计制造及其自动化,机电2401班,河南郑州,C0010
202400517,方嘉树,男,满族,群众,2006-12-19,13766086167,202400517@hitwh.edu.cn,2024级,汽车工程学院,机械设计制造及其自动化,机电2401班,河南郑州,C0010
202400518,范向阳,男,回族,共青团员,2006-11-18,13394257254,202400518@hitwh.edu.cn,2024级,汽车工程学院,机械设计制造及其自动化,机电2401班,山西太原,C0010
202400519,潘嘉树,男,汉族,共青团员,2006-09-22,15731707735,202400519@hitwh.edu.cn,2024级,汽车工程学院,机械设计制造及其自动化,机电2401班,江苏徐州,C0010
202400520,段晓萱,女,蒙古族,共青团员,2006-11-28,18957493068,202400520@hitwh.edu.cn,2024级,汽车工程学院,机械设计制造及其自动化,机电2401班,辽宁大连,C0010
202400521,肖致远,男,朝鲜族,共青团员,2006-07-04,19038198589,202400521@hitwh.edu.cn,2024级,汽车工程学院,机械设计制造及其自动化,机电2401班,山东济宁,C0010
202400522,顾家豪,男,回族,共青团员,2006-07-05,13112426945,202400522@hitwh.edu.cn,2024级,汽车工程学院,机械设计制造及其自动化,机电2401班,山东济南,C0010
202400523,钱乐容,女,汉族,共青团员,2006-09-03,15789155837,202400523@hitwh.edu.cn,2024级,汽车工程学院,机械设计制造及其自动化,机电2401班,山东济南,C0010
202400524,何家豪,男,汉族,共青团员,2006-04-20,18492162889,202400524@hitwh.edu.cn,2024级,汽车工程学院,机械设计制造及其自动化,机电2401班,山东烟台,C0010
202400525,冯静怡,女,回族,群众,2006-09-19,15856952402,202400525@hitwh.edu.cn,2024级,汽车工程学院,机械设计制造及其自动化,机电2401班,吉林长春,C0010
202400526,钱景行,男,汉族,共青团员,2006-12-26,17623734022,202400526@hitwh.edu.cn,2024级,汽车工程学院,机械设计制造及其自动化,机电2401班,河南郑州,C0010
202400527,马文博,男,汉族,群众,2006-04-18,17422546983,202400527@hitwh.edu.cn,2024级,汽车工程学院,机械设计制造及其自动化,机电2401班,山东烟台,C0010
202400528,郝海宁,女,汉族,群众,2006-09-27,19745460402,202400528@hitwh.edu.cn,2024级,汽车工程学院,机械设计制造及其自动化,机电2401班,山东临沂,C0010
202400529,陈亦驰,男,汉族,共青团员,2006-04-15,17461736015,202400529@hitwh.edu.cn,2024级,汽车工程学院,机械设计制造及其自动化,机电2401班,安徽合肥,C0010
202400530,陈沛东,男,汉族,共青团员,2006-07-09,17154140672,202400530@hitwh.edu.cn,2024级,汽车工程学院,机械设计制造及其自动化,机电2401班,辽宁大连,C0010
202400531,闫慧中,女,汉族,群众,2006-07-21,19848569815,202400531@hitwh.edu.cn,2024级,汽车工程学院,机械设计制造及其自动化,机电2401班,安徽合肥,C0010
202400532,谭景行,男,壮族,共青团员,2006-12-21,17400335953,202400532@hitwh.edu.cn,2024级,汽车工程学院,机械设计制造及其自动化,机电2401班,安徽合肥,C0010
202400533,曾博文,男,蒙古族,共青团员,2006-06-02,18972669150,202400533@hitwh.edu.cn,2024级,汽车工程学院,机械设计制造及其自动化,机电2401班,黑龙江哈尔滨,C0010
202400534,邵映真,女,汉族,共青团员,2006-09-03,17462760070,202400534@hitwh.edu.cn,2024级,汽车工程学院,机械设计制造及其自动化,机电2401班,辽宁大连,C0010
202400535,蒋依琳,女,蒙古族,共青团员,2006-07-05,19196635212,202400535@hitwh.edu.cn,2024级,汽车工程学院,机械设计制造及其自动化,机电2401班,山东青岛,C0010
202400536,韦志强,男,汉族,共青团员,2006-03-27,19916696218,202400536@hitwh.edu.cn,2024级,汽车工程学院,机械设计制造及其自动化,机电2401班,山东淄博,C0010
202400537,付家豪,男,壮族,共青团员,2006-03-08,15746530788,202400537@hitwh.edu.cn,2024级,汽车工程学院,机械设计制造及其自动化,机电2401班,山东淄博,C0010
202400538,莫雪晴,女,汉族,预备党员,2006-05-15,17217490210,202400538@hitwh.edu.cn,2024级,汽车工程学院,机械设计制造及其自动化,机电2402班,山东济南,C0010
202400539,高思远,男,满族,共青团员,2006-09-12,13493646572,202400539@hitwh.edu.cn,2024级,汽车工程学院,机械设计制造及其自动化,机电2402班,黑龙江哈尔滨,C0010
202400540,夏书航,男,朝鲜族,共青团员,2006-03-15,15741472613,202400540@hitwh.edu.cn,2024级,汽车工程学院,机械设计制造及其自动化,机电2402班,山西太原,C0010
202400541,夏天佑,男,壮族,共青团员,2006-03-03,19562513896,202400541@hitwh.edu.cn,2024级,汽车工程学院,机械设计制造及其自动化,机电2402班,山东淄博,C0010
202400542,史向阳,男,汉族,共青团员,2006-11-18,19597427948,202400542@hitwh.edu.cn,2024级,汽车工程学院,机械设计制造及其自动化,机电2402班,河北石家庄,C0010
202400543,夏沛东,男,汉族,共青团员,2006-03-05,15614103213,202400543@hitwh.edu.cn,2024级,汽车工程学院,机械设计制造及其自动化,机电2402班,山东临沂,C0010
202400544,任语嫣,女,壮族,共青团员,2006-11-03,17486145891,202400544@hitwh.edu.cn,2024级,汽车工程学院,机械设计制造及其自动化,机电2402班,河南郑州,C0010
202400545,周乐容,女,汉族,共青团员,2006-04-23,18533814603,202400545@hitwh.edu.cn,2024级,汽车工程学院,机械设计制造及其自动化,机电2402班,山东烟台,C0010
202400546,郑乐容,女,回族,共青团员,2006-03-11,15574858383,202400546@hitwh.edu.cn,2024级,汽车工程学院,机械设计制造及其自动化,机电2402班,江苏徐州,C0010
202400547,叶书瑶,女,汉族,共青团员,2006-01-14,17033419194,202400547@hitwh.edu.cn,2024级,汽车工程学院,机械设计制造及其自动化,机电2402班,辽宁大连,C0010
202400548,姚乐容,女,汉族,预备党员,2006-04-23,19847670325,202400548@hitwh.edu.cn,2024级,汽车工程学院,机械设计制造及其自动化,机电2402班,辽宁大连,C0010
202400549,石宗翰,男,汉族,群众,2006-06-13,18976878664,202400549@hitwh.edu.cn,2024级,汽车工程学院,机械设计制造及其自动化,机电2402班,山东烟台,C0010
202400550,钱向阳,男,回族,共青团员,2006-05-05,19802735573,202400550@hitwh.edu.cn,2024级,汽车工程学院,机械设计制造及其自动化,机电2402班,山东潍坊,C0010
202400551,曹立群,男,满族,共青团员,2006-01-10,13312870945,202400551@hitwh.edu.cn,2024级,汽车工程学院,机械设计制造及其自动化,机电2402班,山西太原,C0010
202400552,莫浩然,男,汉族,共青团员,2006-05-18,18389687232,202400552@hitwh.edu.cn,2024级,汽车工程学院,机械设计制造及其自动化,机电2402班,河南郑州,C0010
202400553,丁志强,男,汉族,共青团员,2006-06-26,15778548993,202400553@hitwh.edu.cn,2024级,汽车工程学院,机械设计制造及其自动化,机电2402班,山东济南,C0010
202400554,刘博文,男,汉族,共青团员,2006-08-18,13928083476,202400554@hitwh.edu.cn,2024级,汽车工程学院,机械设计制造及其自动化,机电2402班,吉林长春,C0010
202400555,杨庆丰,男,满族,群众,2006-11-21,13751841383,202400555@hitwh.edu.cn,2024级,汽车工程学院,机械设计制造及其自动化,机电2402班,山东淄博,C0010
202400556,许泽楷,男,汉族,群众,2006-07-27,17056424191,202400556@hitwh.edu.cn,2024级,汽车工程学院,机械设计制造及其自动化,机电2402班,山西太原,C0010
202400557,魏晓萱,女,满族,共青团员,2006-03-09,13546446117,202400557@hitwh.edu.cn,2024级,汽车工程学院,机械设计制造及其自动化,机电2402班,黑龙江哈尔滨,C0010
202400558,邱诗涵,女,回族,共青团员,2006-12-03,19670361963,202400558@hitwh.edu.cn,2024级,汽车工程学院,机械设计制造及其自动化,机电2402班,山东济宁,C0010
202400559,夏紫萱,女,满族,共青团员,2006-10-13,18545046274,202400559@hitwh.edu.cn,2024级,汽车工程学院,机械设计制造及其自动化,机电2402班,吉林长春,C0010
202400560,姚启铭,男,壮族,预备党员,2006-12-15,19741525197,202400560@hitwh.edu.cn,2024级,汽车工程学院,机械设计制造及其自动化,机电2402班,河南郑州,C0010
202400561,丁静姝,女,朝鲜族,共青团员,2006-12-27,15724325902,202400561@hitwh.edu.cn,2024级,汽车工程学院,机械设计制造及其自动化,机电2402班,吉林长春,C0010
202400562,余承宇,男,朝鲜族,共青团员,2006-07-22,13528530289,202400562@hitwh.edu.cn,2024级,汽车工程学院,机械设计制造及其自动化,机电2402班,山东潍坊,C0010
202400563,宋向阳,男,朝鲜族,群众,2006-06-19,18363120335,202400563@hitwh.edu.cn,2024级,汽车工程学院,机械设计制造及其自动化,机电2402班,黑龙江哈尔滨,C0010
202400564,薛晓萱,女,回族,共青团员,2006-09-15,13269198455,202400564@hitwh.edu.cn,2024级,汽车工程学院,机械设计制造及其自动化,机电2402班,山西太原,C0010
202400565,卢浩然,男,回族,共青团员,2006-02-09,19466463180,202400565@hitwh.edu.cn,2024级,汽车工程学院,机械设计制造及其自动化,机电2402班,江苏徐州,C0010
202400566,龚浩然,男,汉族,共青团员,2006-07-14,19713584549,202400566@hitwh.edu.cn,2024级,汽车工程学院,机械设计制造及其自动化,机电2402班,山东济南,C0010
202400567,梁明哲,男,满族,群众,2006-02-27,18614809391,202400567@hitwh.edu.cn,2024级,汽车工程学院,机械设计制造及其自动化,机电2402班,河北石家庄,C0010
202400568,石静怡,女,满族,共青团员,2006-04-04,17264960966,202400568@hitwh.edu.cn,2024级,汽车工程学院,机械设计制造及其自动化,机电2402班,河南郑州,C0010
202400569,孟俊杰,男,朝鲜族,共青团员,2006-10-10,13431678065,202400569@hitwh.edu.cn,2024级,汽车工程学院,机械设计制造及其自动化,机电2402班,山东济南,C0010
202400570,何致远,男,汉族,共青团员,2006-01-09,18896240756,202400570@hitwh.edu.cn,2024级,汽车工程学院,机械设计制造及其自动化,机电2402班,山东淄博,C0010
202400571,邓立群,男,汉族,群众,2006-11-02,13124811571,202400571@hitwh.edu.cn,2024级,汽车工程学院,交通运输,交通2401班,吉林长春,C0014
202400572,马依琳,女,汉族,共青团员,2006-03-17,19504584242,202400572@hitwh.edu.cn,2024级,汽车工程学院,交通运输,交通2401班,安徽合肥,C0014
202400573,孔书航,男,朝鲜族,共青团员,2006-12-16,19496326539,202400573@hitwh.edu.cn,2024级,汽车工程学院,交通运输,交通2401班,黑龙江哈尔滨,C0014
202400574,程博文,男,汉族,群众,2006-10-28,17838998211,202400574@hitwh.edu.cn,2024级,汽车工程学院,交通运输,交通2401班,黑龙江哈尔滨,C0014
202400575,曹宗翰,男,汉族,共青团员,2006-05-09,15561352932,202400575@hitwh.edu.cn,2024级,汽车工程学院,交通运输,交通2401班,河南郑州,C0014
202400576,白雨泽,男,汉族,共青团员,2006-12-16,19864563902,202400576@hitwh.edu.cn,2024级,汽车工程学院,交通运输,交通2401班,山东烟台,C0014
202400577,徐泽楷,男,汉族,共青团员,2006-05-01,18194313129,202400577@hitwh.edu.cn,2024级,汽车工程学院,交通运输,交通2401班,山东烟台,C0014
202400578,姜静怡,女,汉族,共青团员,2006-02-16,18408359309,202400578@hitwh.edu.cn,2024级,汽车工程学院,交通运输,交通2401班,辽宁大连,C0014
202400579,梁鸿飞,男,汉族,共青团员,2006-05-01,17779477408,202400579@hitwh.edu.cn,2024级,汽车工程学院,交通运输,交通2401班,山东烟台,C0014
202400580,黎宇轩,男,蒙古族,群众,2006-11-26,15940653464,202400580@hitwh.edu.cn,2024级,汽车工程学院,交通运输,交通2401班,江苏徐州,C0014
202400581,李子轩,男,汉族,共青团员,2006-01-08,18596067580,202400581@hitwh.edu.cn,2024级,汽车工程学院,交通运输,交通2401班,黑龙江哈尔滨,C0014
202400582,丁家豪,男,回族,共青团员,2006-04-28,17473836766,202400582@hitwh.edu.cn,2024级,汽车工程学院,交通运输,交通2401班,辽宁大连,C0014
202400583,赵庆丰,男,汉族,共青团员,2006-11-10,18933575556,202400583@hitwh.edu.cn,2024级,汽车工程学院,交通运输,交通2401班,山东济南,C0014
202400584,崔浩然,男,汉族,群众,2006-10-18,13516879151,202400584@hitwh.edu.cn,2024级,汽车工程学院,交通运输,交通2401班,山西太原,C0014
202400585,余致远,男,汉族,预备党员,2006-01-17,13744661273,202400585@hitwh.edu.cn,2024级,汽车工程学院,交通运输,交通2401班,江苏徐州,C0014
202400586,朱欣怡,女,汉族,群众,2006-09-25,19284115833,202400586@hitwh.edu.cn,2024级,汽车工程学院,交通运输,交通2401班,江苏徐州,C0014
202400587,魏清扬,女,回族,共青团员,2006-12-07,13212340835,202400587@hitwh.edu.cn,2024级,汽车工程学院,交通运输,交通2401班,江苏徐州,C0014
202400588,付静姝,女,汉族,群众,2006-12-21,18379976163,202400588@hitwh.edu.cn,2024级,汽车工程学院,交通运输,交通2401班,安徽合肥,C0014
202400589,侯明哲,男,汉族,共青团员,2006-09-03,18172505777,202400589@hitwh.edu.cn,2024级,汽车工程学院,交通运输,交通2401班,山东济宁,C0014
202400590,潘家豪,男,汉族,共青团员,2006-12-14,13103603658,202400590@hitwh.edu.cn,2024级,汽车工程学院,交通运输,交通2401班,辽宁大连,C0014
202400591,闫子轩,男,回族,群众,2006-11-06,15488559311,202400591@hitwh.edu.cn,2024级,汽车工程学院,交通运输,交通2401班,山东济宁,C0014
202400592,莫嘉树,男,汉族,共青团员,2006-11-04,15952694494,202400592@hitwh.edu.cn,2024级,汽车工程学院,交通运输,交通2401班,山东济宁,C0014
202400593,苏思远,男,汉族,预备党员,2006-01-17,15347460172,202400593@hitwh.edu.cn,2024级,汽车工程学院,交通运输,交通2401班,河北石家庄,C0014
202400594,高雨泽,男,汉族,共青团员,2006-02-06,18035704576,202400594@hitwh.edu.cn,2024级,汽车工程学院,交通运输,交通2401班,江苏徐州,C0014
202400595,李雨泽,男,回族,预备党员,2006-06-14,13116188132,202400595@hitwh.edu.cn,2024级,汽车工程学院,交通运输,交通2401班,山东淄博,C0014
202400596,杜清扬,女,汉族,预备党员,2006-04-01,18410034853,202400596@hitwh.edu.cn,2024级,汽车工程学院,交通运输,交通2401班,山东济宁,C0014
202400597,陆朗峰,男,汉族,群众,2006-05-14,19939896074,202400597@hitwh.edu.cn,2024级,汽车工程学院,交通运输,交通2401班,山东济宁,C0014
202400598,贾书航,男,汉族,共青团员,2006-09-04,19474347222,202400598@hitwh.edu.cn,2024级,汽车工程学院,交通运输,交通2401班,山东临沂,C0014
202400599,卢宗翰,男,汉族,共青团员,2006-01-21,13835375869,202400599@hitwh.edu.cn,2024级,汽车工程学院,交通运输,交通2401班,江苏徐州,C0014
202400600,薛立群,男,回族,群众,2006-09-22,17185826549,202400600@hitwh.edu.cn,2024级,汽车工程学院,交通运输,交通2401班,河北石家庄,C0014
202500601,汪芷若,女,汉族,共青团员,2007-05-27,15894549093,202500601@hitwh.edu.cn,2025级,汽车工程学院,车辆工程,车辆2501班,山东青岛,C0003
202500602,何天佑,男,蒙古族,共青团员,2007-11-07,18123392361,202500602@hitwh.edu.cn,2025级,汽车工程学院,车辆工程,车辆2501班,山东烟台,C0003
202500603,邱向阳,男,汉族,共青团员,2007-04-13,15546131218,202500603@hitwh.edu.cn,2025级,汽车工程学院,车辆工程,车辆2501班,山东淄博,C0003
202500604,江承宇,男,汉族,共青团员,2007-09-27,13022915250,202500604@hitwh.edu.cn,2025级,汽车工程学院,车辆工程,车辆2501班,山西太原,C0003
202500605,蔡朗峰,男,汉族,共青团员,2007-01-22,18142083424,202500605@hitwh.edu.cn,2025级,汽车工程学院,车辆工程,车辆2501班,山东济宁,C0003
202500606,韩鸿飞,男,满族,共青团员,2007-12-09,19875919606,202500606@hitwh.edu.cn,2025级,汽车工程学院,车辆工程,车辆2501班,河南郑州,C0003
202500607,魏承宇,男,汉族,共青团员,2007-11-07,13157909542,202500607@hitwh.edu.cn,2025级,汽车工程学院,车辆工程,车辆2501班,黑龙江哈尔滨,C0003
202500608,崔丹妮,女,汉族,共青团员,2007-12-13,18226306013,202500608@hitwh.edu.cn,2025级,汽车工程学院,车辆工程,车辆2501班,山东济南,C0003
202500609,范子轩,男,壮族,共青团员,2007-03-15,18658769332,202500609@hitwh.edu.cn,2025级,汽车工程学院,车辆工程,车辆2501班,山东临沂,C0003
202500610,龚婉清,女,回族,共青团员,2007-02-05,13285967351,202500610@hitwh.edu.cn,2025级,汽车工程学院,车辆工程,车辆2501班,山西太原,C0003
202500611,吕景行,男,汉族,群众,2007-10-25,19506657977,202500611@hitwh.edu.cn,2025级,汽车工程学院,车辆工程,车辆2501班,辽宁大连,C0003
202500612,夏鸿飞,男,汉族,共青团员,2007-06-04,18587836799,202500612@hitwh.edu.cn,2025级,汽车工程学院,车辆工程,车辆2501班,辽宁大连,C0003
202500613,韦欣怡,女,满族,共青团员,2007-11-18,17333857897,202500613@hitwh.edu.cn,2025级,汽车工程学院,车辆工程,车辆2501班,河北石家庄,C0003
202500614,杨雨桐,女,汉族,共青团员,2007-07-10,18675989030,202500614@hitwh.edu.cn,2025级,汽车工程学院,车辆工程,车辆2501班,山东潍坊,C0003
202500615,姜梦琪,女,朝鲜族,群众,2007-08-17,19726404952,202500615@hitwh.edu.cn,2025级,汽车工程学院,车辆工程,车辆2501班,山东淄博,C0003
202500616,孔静姝,女,满族,共青团员,2007-04-25,18034261343,202500616@hitwh.edu.cn,2025级,汽车工程学院,车辆工程,车辆2501班,山东烟台,C0003
202500617,金子轩,男,壮族,群众,2007-04-20,17323675854,202500617@hitwh.edu.cn,2025级,汽车工程学院,车辆工程,车辆2501班,河北石家庄,C0003
202500618,江泽楷,男,汉族,共青团员,2007-04-15,17249360623,202500618@hitwh.edu.cn,2025级,汽车工程学院,车辆工程,车辆2501班,安徽合肥,C0003
202500619,高依琳,女,汉族,共青团员,2007-08-12,18520623389,202500619@hitwh.edu.cn,2025级,汽车工程学院,车辆工程,车辆2501班,山东烟台,C0003
202500620,段天佑,男,汉族,共青团员,2007-12-24,15685222130,202500620@hitwh.edu.cn,2025级,汽车工程学院,车辆工程,车辆2501班,山东烟台,C0003
202500621,黎宗翰,男,汉族,共青团员,2007-03-20,19997895883,202500621@hitwh.edu.cn,2025级,汽车工程学院,车辆工程,车辆2501班,山东济南,C0003
202500622,韩景行,男,汉族,群众,2007-12-23,15846095823,202500622@hitwh.edu.cn,2025级,汽车工程学院,车辆工程,车辆2501班,山东潍坊,C0003
202500623,吴沛东,男,汉族,群众,2007-07-24,18609581488,202500623@hitwh.edu.cn,2025级,汽车工程学院,车辆工程,车辆2501班,吉林长春,C0003
202500624,郑朗峰,男,汉族,共青团员,2007-09-01,15792608908,202500624@hitwh.edu.cn,2025级,汽车工程学院,车辆工程,车辆2501班,山东临沂,C0003
202500625,向雨泽,男,汉族,共青团员,2007-07-16,15920907928,202500625@hitwh.edu.cn,2025级,汽车工程学院,车辆工程,车辆2501班,黑龙江哈尔滨,C0003
202500626,刘雨桐,女,回族,群众,2007-09-25,18147749534,202500626@hitwh.edu.cn,2025级,汽车工程学院,车辆工程,车辆2501班,黑龙江哈尔滨,C0003
202500627,杨悦宁,女,汉族,群众,2007-03-23,17345509840,202500627@hitwh.edu.cn,2025级,汽车工程学院,车辆工程,车辆2501班,江苏徐州,C0003
202500628,韦立群,男,汉族,共青团员,2007-07-06,15441266268,202500628@hitwh.edu.cn,2025级,汽车工程学院,车辆工程,车辆2501班,山东济宁,C0003
202500629,卢梦琪,女,汉族,共青团员,2007-11-06,13032618963,202500629@hitwh.edu.cn,2025级,汽车工程学院,车辆工程,车辆2501班,山东济宁,C0003
202500630,郝朗峰,男,汉族,共青团员,2007-10-13,19278695867,202500630@hitwh.edu.cn,2025级,汽车工程学院,车辆工程,车辆2501班,山东青岛,C0003
202500631,董梦洁,女,汉族,共青团员,2007-01-16,19047994484,202500631@hitwh.edu.cn,2025级,汽车工程学院,车辆工程,车辆2501班,吉林长春,C0003
202500632,姜慕青,女,朝鲜族,共青团员,2007-10-07,17614686567,202500632@hitwh.edu.cn,2025级,汽车工程学院,车辆工程,车辆2501班,辽宁大连,C0003
202500633,龚鸿飞,男,壮族,共青团员,2007-11-08,17024863739,202500633@hitwh.edu.cn,2025级,汽车工程学院,车辆工程,车辆2501班,河南郑州,C0003
202500634,叶立群,男,汉族,共青团员,2007-05-22,18948309310,202500634@hitwh.edu.cn,2025级,汽车工程学院,车辆工程,车辆2501班,山西太原,C0003
202500635,李启铭,男,汉族,共青团员,2007-09-05,15663357810,202500635@hitwh.edu.cn,2025级,汽车工程学院,车辆工程,车辆2502班,山东济宁,C0003
202500636,周梦洁,女,蒙古族,共青团员,2007-03-10,18050569919,202500636@hitwh.edu.cn,2025级,汽车工程学院,车辆工程,车辆2502班,山东淄博,C0003
202500637,陶思远,男,汉族,共青团员,2007-03-17,18403425633,202500637@hitwh.edu.cn,2025级,汽车工程学院,车辆工程,车辆2502班,山东烟台,C0003
202500638,崔景行,男,汉族,共青团员,2007-04-13,18938073516,202500638@hitwh.edu.cn,2025级,汽车工程学院,车辆工程,车辆2502班,河南郑州,C0003
202500639,姚浩然,男,壮族,共青团员,2007-10-27,18523289445,202500639@hitwh.edu.cn,2025级,汽车工程学院,车辆工程,车辆2502班,山东潍坊,C0003
202500640,任家豪,男,汉族,共青团员,2007-09-20,17026758083,202500640@hitwh.edu.cn,2025级,汽车工程学院,车辆工程,车辆2502班,安徽合肥,C0003
202500641,雷若曦,女,回族,群众,2007-09-14,15601011952,202500641@hitwh.edu.cn,2025级,汽车工程学院,车辆工程,车辆2502班,山东济南,C0003
202500642,顾天佑,男,汉族,共青团员,2007-02-19,18029227371,202500642@hitwh.edu.cn,2025级,汽车工程学院,车辆工程,车辆2502班,山西太原,C0003
202500643,杨昊天,男,汉族,共青团员,2007-09-18,15287592837,202500643@hitwh.edu.cn,2025级,汽车工程学院,车辆工程,车辆2502班,吉林长春,C0003
202500644,高致远,男,汉族,共青团员,2007-06-02,19215733100,202500644@hitwh.edu.cn,2025级,汽车工程学院,车辆工程,车辆2502班,山东济南,C0003
202500645,赵向阳,男,朝鲜族,共青团员,2007-08-22,13096750779,202500645@hitwh.edu.cn,2025级,汽车工程学院,车辆工程,车辆2502班,山东济南,C0003
202500646,蒋亦驰,男,汉族,共青团员,2007-07-13,15428228247,202500646@hitwh.edu.cn,2025级,汽车工程学院,车辆工程,车辆2502班,山西太原,C0003
202500647,朱天佑,男,汉族,共青团员,2007-12-17,15428695231,202500647@hitwh.edu.cn,2025级,汽车工程学院,车辆工程,车辆2502班,辽宁大连,C0003
202500648,郝依琳,女,回族,共青团员,2007-03-07,18641638191,202500648@hitwh.edu.cn,2025级,汽车工程学院,车辆工程,车辆2502班,山西太原,C0003
202500649,史静姝,女,壮族,群众,2007-10-17,15068233332,202500649@hitwh.edu.cn,2025级,汽车工程学院,车辆工程,车辆2502班,吉林长春,C0003
202500650,何志强,男,汉族,共青团员,2007-05-09,13028650224,202500650@hitwh.edu.cn,2025级,汽车工程学院,车辆工程,车辆2502班,河北石家庄,C0003
202500651,万丹妮,女,汉族,共青团员,2007-05-08,18068193362,202500651@hitwh.edu.cn,2025级,汽车工程学院,车辆工程,车辆2502班,山东济南,C0003
202500652,严丹妮,女,壮族,群众,2007-12-20,17040533714,202500652@hitwh.edu.cn,2025级,汽车工程学院,车辆工程,车辆2502班,江苏徐州,C0003
202500653,莫致远,男,满族,共青团员,2007-11-02,19224798675,202500653@hitwh.edu.cn,2025级,汽车工程学院,车辆工程,车辆2502班,辽宁大连,C0003
202500654,段雨泽,男,汉族,共青团员,2007-02-26,18306844515,202500654@hitwh.edu.cn,2025级,汽车工程学院,车辆工程,车辆2502班,江苏徐州,C0003
202500655,熊承宇,男,汉族,共青团员,2007-08-15,17764223257,202500655@hitwh.edu.cn,2025级,汽车工程学院,车辆工程,车辆2502班,山东济南,C0003
202500656,薛景行,男,汉族,群众,2007-12-20,18604497422,202500656@hitwh.edu.cn,2025级,汽车工程学院,车辆工程,车辆2502班,山东淄博,C0003
202500657,黄依琳,女,汉族,共青团员,2007-02-20,15219336365,202500657@hitwh.edu.cn,2025级,汽车工程学院,车辆工程,车辆2502班,山东临沂,C0003
202500658,薛子轩,男,汉族,共青团员,2007-12-02,17188149073,202500658@hitwh.edu.cn,2025级,汽车工程学院,车辆工程,车辆2502班,山东淄博,C0003
202500659,袁致远,男,汉族,共青团员,2007-02-16,19811408666,202500659@hitwh.edu.cn,2025级,汽车工程学院,车辆工程,车辆2502班,河北石家庄,C0003
202500660,侯思远,男,汉族,共青团员,2007-11-22,18121798543,202500660@hitwh.edu.cn,2025级,汽车工程学院,车辆工程,车辆2502班,山东临沂,C0003
202500661,周志强,男,汉族,共青团员,2007-06-28,19332113711,202500661@hitwh.edu.cn,2025级,汽车工程学院,车辆工程,车辆2502班,山东济宁,C0003
202500662,宋志强,男,汉族,共青团员,2007-02-10,18668641973,202500662@hitwh.edu.cn,2025级,汽车工程学院,车辆工程,车辆2502班,黑龙江哈尔滨,C0003
202500663,黎鸿飞,男,汉族,群众,2007-04-20,18742966913,202500663@hitwh.edu.cn,2025级,汽车工程学院,车辆工程,车辆2502班,山东烟台,C0003
202500664,闫思远,男,朝鲜族,共青团员,2007-07-14,17127772383,202500664@hitwh.edu.cn,2025级,汽车工程学院,车辆工程,车辆2502班,河南郑州,C0003
202500665,方芳菲,女,回族,共青团员,2007-04-10,17963281679,202500665@hitwh.edu.cn,2025级,汽车工程学院,车辆工程,车辆2502班,山东烟台,C0003
202500666,冯向阳,男,汉族,共青团员,2007-09-15,17197718701,202500666@hitwh.edu.cn,2025级,汽车工程学院,车辆工程,车辆2502班,山东烟台,C0003
202500667,黎子轩,男,汉族,共青团员,2007-07-26,18433373327,202500667@hitwh.edu.cn,2025级,汽车工程学院,车辆工程,车辆2502班,河北石家庄,C0003
202500668,曾沛东,男,汉族,共青团员,2007-09-06,18420227379,202500668@hitwh.edu.cn,2025级,汽车工程学院,车辆工程,车辆2502班,山东济南,C0003
202500669,龙志强,男,汉族,共青团员,2007-11-19,15673069570,202500669@hitwh.edu.cn,2025级,汽车工程学院,车辆工程,车辆2503班,山东临沂,C0003
202500670,郑鸿飞,男,汉族,共青团员,2007-06-10,17065010684,202500670@hitwh.edu.cn,2025级,汽车工程学院,车辆工程,车辆2503班,安徽合肥,C0003
202500671,尹若曦,女,汉族,共青团员,2007-09-17,19862613917,202500671@hitwh.edu.cn,2025级,汽车工程学院,车辆工程,车辆2503班,河北石家庄,C0003
202500672,徐宇轩,男,汉族,共青团员,2007-09-18,18850720652,202500672@hitwh.edu.cn,2025级,汽车工程学院,车辆工程,车辆2503班,山东烟台,C0003
202500673,郭昊天,男,满族,共青团员,2007-06-26,18055412487,202500673@hitwh.edu.cn,2025级,汽车工程学院,车辆工程,车辆2503班,山东淄博,C0003
202500674,龙庆丰,男,汉族,群众,2007-08-19,19962835728,202500674@hitwh.edu.cn,2025级,汽车工程学院,车辆工程,车辆2503班,河北石家庄,C0003
202500675,廖嘉树,男,壮族,共青团员,2007-09-20,13880221167,202500675@hitwh.edu.cn,2025级,汽车工程学院,车辆工程,车辆2503班,山东青岛,C0003
202500676,邵云舟,男,汉族,共青团员,2007-08-22,13422106007,202500676@hitwh.edu.cn,2025级,汽车工程学院,车辆工程,车辆2503班,河南郑州,C0003
202500677,金语嫣,女,汉族,共青团员,2007-06-03,19749050262,202500677@hitwh.edu.cn,2025级,汽车工程学院,车辆工程,车辆2503班,山东潍坊,C0003
202500678,邹诗涵,女,满族,共青团员,2007-08-23,15254998666,202500678@hitwh.edu.cn,2025级,汽车工程学院,车辆工程,车辆2503班,江苏徐州,C0003
202500679,尹俊杰,男,汉族,共青团员,2007-02-23,17186882597,202500679@hitwh.edu.cn,2025级,汽车工程学院,车辆工程,车辆2503班,江苏徐州,C0003
202500680,龚宇轩,男,朝鲜族,共青团员,2007-08-21,18100695763,202500680@hitwh.edu.cn,2025级,汽车工程学院,车辆工程,车辆2503班,山东烟台,C0003
202500681,赵文博,男,壮族,群众,2007-07-26,13813054431,202500681@hitwh.edu.cn,2025级,汽车工程学院,车辆工程,车辆2503班,山东济南,C0003
202500682,孙天佑,男,朝鲜族,共青团员,2007-03-14,15500033128,202500682@hitwh.edu.cn,2025级,汽车工程学院,车辆工程,车辆2503班,山西太原,C0003
202500683,韩婉清,女,汉族,共青团员,2007-12-15,19044296273,202500683@hitwh.edu.cn,2025级,汽车工程学院,车辆工程,车辆2503班,黑龙江哈尔滨,C0003
202500684,万文博,男,汉族,共青团员,2007-07-21,17158023405,202500684@hitwh.edu.cn,2025级,汽车工程学院,车辆工程,车辆2503班,河南郑州,C0003
202500685,雷宗翰,男,汉族,群众,2007-07-17,19012510099,202500685@hitwh.edu.cn,2025级,汽车工程学院,车辆工程,车辆2503班,山东济南,C0003
202500686,范庆丰,男,朝鲜族,群众,2007-03-19,13305973091,202500686@hitwh.edu.cn,2025级,汽车工程学院,车辆工程,车辆2503班,江苏徐州,C0003
202500687,范思远,男,蒙古族,群众,2007-01-14,15555016222,202500687@hitwh.edu.cn,2025级,汽车工程学院,车辆工程,车辆2503班,河南郑州,C0003
202500688,赵书瑶,女,朝鲜族,共青团员,2007-06-21,17708370946,202500688@hitwh.edu.cn,2025级,汽车工程学院,车辆工程,车辆2503班,山东淄博,C0003
202500689,孔亦驰,男,汉族,共青团员,2007-06-17,15435887390,202500689@hitwh.edu.cn,2025级,汽车工程学院,车辆工程,车辆2503班,山东临沂,C0003
202500690,邓静姝,女,汉族,共青团员,2007-12-25,13136340486,202500690@hitwh.edu.cn,2025级,汽车工程学院,车辆工程,车辆2503班,山东临沂,C0003
202500691,汤泽楷,男,汉族,共青团员,2007-12-04,17972873149,202500691@hitwh.edu.cn,2025级,汽车工程学院,车辆工程,车辆2503班,江苏徐州,C0003
202500692,钱芷若,女,壮族,群众,2007-03-04,15928025762,202500692@hitwh.edu.cn,2025级,汽车工程学院,车辆工程,车辆2503班,山东济宁,C0003
202500693,莫文博,男,汉族,共青团员,2007-08-19,19398445652,202500693@hitwh.edu.cn,2025级,汽车工程学院,车辆工程,车辆2503班,黑龙江哈尔滨,C0003
202500694,张昊天,男,满族,共青团员,2007-10-10,19832920634,202500694@hitwh.edu.cn,2025级,汽车工程学院,车辆工程,车辆2503班,山东济南,C0003
202500695,田朗峰,男,汉族,共青团员,2007-02-14,18480783425,202500695@hitwh.edu.cn,2025级,汽车工程学院,车辆工程,车辆2503班,山东烟台,C0003
202500696,郝亦驰,男,朝鲜族,共青团员,2007-08-13,13634214356,202500696@hitwh.edu.cn,2025级,汽车工程学院,车辆工程,车辆2503班,安徽合肥,C0003
202500697,石雨桐,女,汉族,共青团员,2007-01-11,18153507842,202500697@hitwh.edu.cn,2025级,汽车工程学院,车辆工程,车辆2503班,河北石家庄,C0003
202500698,蒋浩然,男,壮族,共青团员,2007-11-22,13444876524,202500698@hitwh.edu.cn,2025级,汽车工程学院,车辆工程,车辆2503班,山东济南,C0003
202500699,冯振宇,男,回族,共青团员,2007-02-04,18511182184,202500699@hitwh.edu.cn,2025级,汽车工程学院,车辆工程,车辆2503班,安徽合肥,C0003
202500700,杜宗翰,男,朝鲜族,共青团员,2007-11-04,18715458477,202500700@hitwh.edu.cn,2025级,汽车工程学院,车辆工程,车辆2503班,安徽合肥,C0003
202500701,蒋书航,男,汉族,共青团员,2007-01-17,15154172365,202500701@hitwh.edu.cn,2025级,汽车工程学院,车辆工程,车辆2503班,黑龙江哈尔滨,C0003
202500702,胡子轩,男,汉族,共青团员,2007-12-26,13675087742,202500702@hitwh.edu.cn,2025级,汽车工程学院,车辆工程,车辆2503班,山东烟台,C0003
202500703,冯景行,男,汉族,共青团员,2007-05-06,15229647389,202500703@hitwh.edu.cn,2025级,汽车工程学院,车辆工程,车辆2504班,山西太原,C0003
202500704,唐昊天,男,汉族,共青团员,2007-08-23,13174374974,202500704@hitwh.edu.cn,2025级,汽车工程学院,车辆工程,车辆2504班,黑龙江哈尔滨,C0003
202500705,马乐容,女,汉族,群众,2007-10-07,18285808615,202500705@hitwh.edu.cn,2025级,汽车工程学院,车辆工程,车辆2504班,山东临沂,C0003
202500706,贾悦宁,女,汉族,共青团员,2007-05-28,19111936247,202500706@hitwh.edu.cn,2025级,汽车工程学院,车辆工程,车辆2504班,辽宁大连,C0003
202500707,叶嘉树,男,汉族,共青团员,2007-01-07,13901143647,202500707@hitwh.edu.cn,2025级,汽车工程学院,车辆工程,车辆2504班,安徽合肥,C0003
202500708,叶慕青,女,汉族,共青团员,2007-03-13,15905353516,202500708@hitwh.edu.cn,2025级,汽车工程学院,车辆工程,车辆2504班,河南郑州,C0003
202500709,苏诗涵,女,朝鲜族,共青团员,2007-09-28,19468752078,202500709@hitwh.edu.cn,2025级,汽车工程学院,车辆工程,车辆2504班,山西太原,C0003
202500710,黄思远,男,汉族,共青团员,2007-02-09,15596140885,202500710@hitwh.edu.cn,2025级,汽车工程学院,车辆工程,车辆2504班,辽宁大连,C0003
202500711,顾博文,男,满族,共青团员,2007-10-13,18291999440,202500711@hitwh.edu.cn,2025级,汽车工程学院,车辆工程,车辆2504班,山东淄博,C0003
202500712,王向阳,男,汉族,共青团员,2007-11-20,13349687830,202500712@hitwh.edu.cn,2025级,汽车工程学院,车辆工程,车辆2504班,黑龙江哈尔滨,C0003
202500713,金浩然,男,汉族,共青团员,2007-06-10,17610473801,202500713@hitwh.edu.cn,2025级,汽车工程学院,车辆工程,车辆2504班,黑龙江哈尔滨,C0003
202500714,张朗峰,男,汉族,共青团员,2007-03-01,17387316169,202500714@hitwh.edu.cn,2025级,汽车工程学院,车辆工程,车辆2504班,黑龙江哈尔滨,C0003
202500715,胡立群,男,汉族,共青团员,2007-12-21,17580211784,202500715@hitwh.edu.cn,2025级,汽车工程学院,车辆工程,车辆2504班,山东潍坊,C0003
202500716,万承宇,男,汉族,共青团员,2007-03-26,17588445262,202500716@hitwh.edu.cn,2025级,汽车工程学院,车辆工程,车辆2504班,山东青岛,C0003
202500717,戴庆丰,男,回族,共青团员,2007-04-10,15845033606,202500717@hitwh.edu.cn,2025级,汽车工程学院,车辆工程,车辆2504班,江苏徐州,C0003
202500718,宋乐容,女,汉族,共青团员,2007-03-10,13863928143,202500718@hitwh.edu.cn,2025级,汽车工程学院,车辆工程,车辆2504班,河北石家庄,C0003
202500719,韦悦宁,女,朝鲜族,群众,2007-12-18,13673066441,202500719@hitwh.edu.cn,2025级,汽车工程学院,车辆工程,车辆2504班,山西太原,C0003
202500720,邵家豪,男,汉族,共青团员,2007-01-01,13645889303,202500720@hitwh.edu.cn,2025级,汽车工程学院,车辆工程,车辆2504班,吉林长春,C0003
202500721,徐诗涵,女,蒙古族,共青团员,2007-05-12,19086488697,202500721@hitwh.edu.cn,2025级,汽车工程学院,车辆工程,车辆2504班,黑龙江哈尔滨,C0003
202500722,叶宗翰,男,满族,共青团员,2007-04-15,19092287988,202500722@hitwh.edu.cn,2025级,汽车工程学院,车辆工程,车辆2504班,河南郑州,C0003
202500723,赵昊天,男,壮族,共青团员,2007-05-13,17989820788,202500723@hitwh.edu.cn,2025级,汽车工程学院,车辆工程,车辆2504班,山东淄博,C0003
202500724,梁清扬,女,汉族,共青团员,2007-01-27,18297715915,202500724@hitwh.edu.cn,2025级,汽车工程学院,车辆工程,车辆2504班,山东烟台,C0003
202500725,陈家豪,男,朝鲜族,共青团员,2007-05-24,13234331152,202500725@hitwh.edu.cn,2025级,汽车工程学院,车辆工程,车辆2504班,山东淄博,C0003
202500726,徐佳琪,女,蒙古族,群众,2007-10-26,13281167904,202500726@hitwh.edu.cn,2025级,汽车工程学院,车辆工程,车辆2504班,山东济宁,C0003
202500727,肖嘉树,男,汉族,共青团员,2007-04-25,15910118054,202500727@hitwh.edu.cn,2025级,汽车工程学院,车辆工程,车辆2504班,江苏徐州,C0003
202500728,宋鸿飞,男,汉族,共青团员,2007-10-10,18259533273,202500728@hitwh.edu.cn,2025级,汽车工程学院,车辆工程,车辆2504班,吉林长春,C0003
202500729,严振宇,男,汉族,群众,2007-11-05,17874767638,202500729@hitwh.edu.cn,2025级,汽车工程学院,车辆工程,车辆2504班,山东淄博,C0003
202500730,王雨泽,男,满族,共青团员,2007-05-14,13980460448,202500730@hitwh.edu.cn,2025级,汽车工程学院,车辆工程,车辆2504班,山东临沂,C0003
202500731,汤天佑,男,汉族,共青团员,2007-09-24,15268448226,202500731@hitwh.edu.cn,2025级,汽车工程学院,车辆工程,车辆2504班,山东淄博,C0003
202500732,潘思远,男,汉族,共青团员,2007-04-14,19623652011,202500732@hitwh.edu.cn,2025级,汽车工程学院,车辆工程,车辆2504班,吉林长春,C0003
202500733,姜庆丰,男,汉族,共青团员,2007-05-04,13796946093,202500733@hitwh.edu.cn,2025级,汽车工程学院,车辆工程,车辆2504班,山东潍坊,C0003
202500734,付清扬,女,朝鲜族,共青团员,2007-09-15,19804663068,202500734@hitwh.edu.cn,2025级,汽车工程学院,车辆工程,车辆2504班,黑龙江哈尔滨,C0003
202500735,陶采薇,女,壮族,共青团员,2007-08-07,19133911792,202500735@hitwh.edu.cn,2025级,汽车工程学院,车辆工程,车辆2504班,河北石家庄,C0003
202500736,孔宗翰,男,汉族,群众,2007-09-13,19194952967,202500736@hitwh.edu.cn,2025级,汽车工程学院,车辆工程,车辆2504班,河南郑州,C0003
202500737,史泽楷,男,朝鲜族,共青团员,2007-04-18,13136918467,202500737@hitwh.edu.cn,2025级,汽车工程学院,能源与动力工程,能动2501班,山东临沂,C0007
202500738,韩乐容,女,汉族,共青团员,2007-09-15,18711390534,202500738@hitwh.edu.cn,2025级,汽车工程学院,能源与动力工程,能动2501班,山西太原,C0007
202500739,叶文博,男,汉族,共青团员,2007-06-14,17892243785,202500739@hitwh.edu.cn,2025级,汽车工程学院,能源与动力工程,能动2501班,山东临沂,C0007
202500740,崔俊杰,男,汉族,共青团员,2007-05-01,18890222528,202500740@hitwh.edu.cn,2025级,汽车工程学院,能源与动力工程,能动2501班,黑龙江哈尔滨,C0007
202500741,蒋俊杰,男,汉族,共青团员,2007-11-23,17577482245,202500741@hitwh.edu.cn,2025级,汽车工程学院,能源与动力工程,能动2501班,山东青岛,C0007
202500742,刘静姝,女,朝鲜族,群众,2007-03-15,18430454198,202500742@hitwh.edu.cn,2025级,汽车工程学院,能源与动力工程,能动2501班,河北石家庄,C0007
202500743,袁沛东,男,朝鲜族,共青团员,2007-02-28,13282079485,202500743@hitwh.edu.cn,2025级,汽车工程学院,能源与动力工程,能动2501班,山东淄博,C0007
202500744,白志强,男,汉族,群众,2007-07-06,18848010774,202500744@hitwh.edu.cn,2025级,汽车工程学院,能源与动力工程,能动2501班,辽宁大连,C0007
202500745,蔡泽楷,男,壮族,共青团员,2007-02-25,13859546166,202500745@hitwh.edu.cn,2025级,汽车工程学院,能源与动力工程,能动2501班,山东潍坊,C0007
202500746,吕亦驰,男,蒙古族,群众,2007-12-25,19504697096,202500746@hitwh.edu.cn,2025级,汽车工程学院,能源与动力工程,能动2501班,山东济宁,C0007
202500747,罗振宇,男,汉族,共青团员,2007-12-11,13643126459,202500747@hitwh.edu.cn,2025级,汽车工程学院,能源与动力工程,能动2501班,江苏徐州,C0007
202500748,闫静姝,女,回族,共青团员,2007-06-17,18254799692,202500748@hitwh.edu.cn,2025级,汽车工程学院,能源与动力工程,能动2501班,辽宁大连,C0007
202500749,宋亦驰,男,汉族,共青团员,2007-12-08,17096028814,202500749@hitwh.edu.cn,2025级,汽车工程学院,能源与动力工程,能动2501班,山东烟台,C0007
202500750,何庆丰,男,蒙古族,共青团员,2007-05-24,13033833886,202500750@hitwh.edu.cn,2025级,汽车工程学院,能源与动力工程,能动2501班,黑龙江哈尔滨,C0007
202500751,韦泽楷,男,汉族,共青团员,2007-04-26,19820177024,202500751@hitwh.edu.cn,2025级,汽车工程学院,能源与动力工程,能动2501班,黑龙江哈尔滨,C0007
202500752,宋宇轩,男,回族,共青团员,2007-03-28,19369715877,202500752@hitwh.edu.cn,2025级,汽车工程学院,能源与动力工程,能动2501班,山东淄博,C0007
202500753,邓嘉树,男,汉族,共青团员,2007-07-04,17596746019,202500753@hitwh.edu.cn,2025级,汽车工程学院,能源与动力工程,能动2501班,山东烟台,C0007
202500754,马梦琪,女,汉族,共青团员,2007-02-13,15928791185,202500754@hitwh.edu.cn,2025级,汽车工程学院,能源与动力工程,能动2501班,山东临沂,C0007
202500755,朱紫萱,女,汉族,共青团员,2007-01-15,17648862512,202500755@hitwh.edu.cn,2025级,汽车工程学院,能源与动力工程,能动2501班,吉林长春,C0007
202500756,毛博文,男,满族,群众,2007-09-26,17451945436,202500756@hitwh.edu.cn,2025级,汽车工程学院,能源与动力工程,能动2501班,山东临沂,C0007
202500757,冯启铭,男,汉族,群众,2007-06-24,15806720604,202500757@hitwh.edu.cn,2025级,汽车工程学院,能源与动力工程,能动2501班,安徽合肥,C0007
202500758,孙嘉树,男,回族,群众,2007-03-22,15294302470,202500758@hitwh.edu.cn,2025级,汽车工程学院,能源与动力工程,能动2501班,吉林长春,C0007
202500759,陈雨泽,男,回族,共青团员,2007-02-16,17697709763,202500759@hitwh.edu.cn,2025级,汽车工程学院,能源与动力工程,能动2501班,吉林长春,C0007
202500760,梁书航,男,汉族,群众,2007-06-10,13828599123,202500760@hitwh.edu.cn,2025级,汽车工程学院,能源与动力工程,能动2501班,吉林长春,C0007
202500761,卢思远,男,汉族,共青团员,2007-05-04,17113988720,202500761@hitwh.edu.cn,2025级,汽车工程学院,能源与动力工程,能动2501班,安徽合肥,C0007
202500762,蔡云舟,男,汉族,共青团员,2007-09-17,17804310833,202500762@hitwh.edu.cn,2025级,汽车工程学院,能源与动力工程,能动2501班,江苏徐州,C0007
202500763,卢致远,男,朝鲜族,共青团员,2007-10-28,13567050888,202500763@hitwh.edu.cn,2025级,汽车工程学院,能源与动力工程,能动2501班,江苏徐州,C0007
202500764,王文博,男,汉族,共青团员,2007-04-02,18281249811,202500764@hitwh.edu.cn,2025级,汽车工程学院,能源与动力工程,能动2501班,河北石家庄,C0007
202500765,邱沛东,男,回族,共青团员,2007-03-13,13241391814,202500765@hitwh.edu.cn,2025级,汽车工程学院,能源与动力工程,能动2501班,黑龙江哈尔滨,C0007
202500766,何乐容,女,汉族,共青团员,2007-08-15,18576270457,202500766@hitwh.edu.cn,2025级,汽车工程学院,能源与动力工程,能动2501班,安徽合肥,C0007
202500767,曹鸿飞,男,汉族,共青团员,2007-12-01,17243204518,202500767@hitwh.edu.cn,2025级,汽车工程学院,能源与动力工程,能动2501班,山东青岛,C0007
202500768,田梦洁,女,汉族,共青团员,2007-06-18,13355079831,202500768@hitwh.edu.cn,2025级,汽车工程学院,能源与动力工程,能动2501班,辽宁大连,C0007
202500769,方慕青,女,汉族,共青团员,2007-06-04,19520489977,202500769@hitwh.edu.cn,2025级,汽车工程学院,能源与动力工程,能动2501班,山东淄博,C0007
202500770,贾天佑,男,满族,共青团员,2007-10-11,19303067550,202500770@hitwh.edu.cn,2025级,汽车工程学院,能源与动力工程,能动2501班,黑龙江哈尔滨,C0007
202500771,邵俊杰,男,汉族,共青团员,2007-06-27,19367237586,202500771@hitwh.edu.cn,2025级,汽车工程学院,能源与动力工程,能动2502班,山东济宁,C0007
202500772,周承宇,男,汉族,共青团员,2007-05-24,13478347506,202500772@hitwh.edu.cn,2025级,汽车工程学院,能源与动力工程,能动2502班,山东济宁,C0007
202500773,汤启铭,男,汉族,共青团员,2007-10-05,13821235923,202500773@hitwh.edu.cn,2025级,汽车工程学院,能源与动力工程,能动2502班,河北石家庄,C0007
202500774,肖启铭,男,汉族,共青团员,2007-05-23,13237521953,202500774@hitwh.edu.cn,2025级,汽车工程学院,能源与动力工程,能动2502班,山东淄博,C0007
202500775,石欣怡,女,汉族,共青团员,2007-05-04,17343222417,202500775@hitwh.edu.cn,2025级,汽车工程学院,能源与动力工程,能动2502班,山东烟台,C0007
202500776,李思远,男,朝鲜族,共青团员,2007-12-09,15572859963,202500776@hitwh.edu.cn,2025级,汽车工程学院,能源与动力工程,能动2502班,河南郑州,C0007
202500777,汪沛东,男,满族,共青团员,2007-07-14,17536112529,202500777@hitwh.edu.cn,2025级,汽车工程学院,能源与动力工程,能动2502班,河北石家庄,C0007
202500778,许采薇,女,汉族,共青团员,2007-03-01,17253339063,202500778@hitwh.edu.cn,2025级,汽车工程学院,能源与动力工程,能动2502班,山东济南,C0007
202500779,武志强,男,蒙古族,共青团员,2007-04-27,13490516543,202500779@hitwh.edu.cn,2025级,汽车工程学院,能源与动力工程,能动2502班,吉林长春,C0007
202500780,薛芳菲,女,汉族,共青团员,2007-02-20,17314390662,202500780@hitwh.edu.cn,2025级,汽车工程学院,能源与动力工程,能动2502班,辽宁大连,C0007
202500781,王宇轩,男,壮族,共青团员,2007-09-08,18468649531,202500781@hitwh.edu.cn,2025级,汽车工程学院,能源与动力工程,能动2502班,山东临沂,C0007
202500782,毛承宇,男,汉族,共青团员,2007-07-18,15192667512,202500782@hitwh.edu.cn,2025级,汽车工程学院,能源与动力工程,能动2502班,江苏徐州,C0007
202500783,钱俊杰,男,朝鲜族,群众,2007-06-11,19436154871,202500783@hitwh.edu.cn,2025级,汽车工程学院,能源与动力工程,能动2502班,山西太原,C0007
202500784,袁朗峰,男,汉族,共青团员,2007-01-25,13400990648,202500784@hitwh.edu.cn,2025级,汽车工程学院,能源与动力工程,能动2502班,河南郑州,C0007
202500785,侯振宇,男,汉族,共青团员,2007-01-24,19802310160,202500785@hitwh.edu.cn,2025级,汽车工程学院,能源与动力工程,能动2502班,山东青岛,C0007
202500786,戴欣怡,女,汉族,群众,2007-10-05,17216315583,202500786@hitwh.edu.cn,2025级,汽车工程学院,能源与动力工程,能动2502班,辽宁大连,C0007
202500787,韩明哲,男,汉族,共青团员,2007-09-17,13481689775,202500787@hitwh.edu.cn,2025级,汽车工程学院,能源与动力工程,能动2502班,山东烟台,C0007
202500788,林庆丰,男,汉族,共青团员,2007-03-09,18661136495,202500788@hitwh.edu.cn,2025级,汽车工程学院,能源与动力工程,能动2502班,吉林长春,C0007
202500789,莫沛东,男,汉族,共青团员,2007-10-20,15435347117,202500789@hitwh.edu.cn,2025级,汽车工程学院,能源与动力工程,能动2502班,河北石家庄,C0007
202500790,胡振宇,男,蒙古族,共青团员,2007-06-24,17383045599,202500790@hitwh.edu.cn,2025级,汽车工程学院,能源与动力工程,能动2502班,吉林长春,C0007
202500791,高昊天,男,汉族,共青团员,2007-01-08,19689526494,202500791@hitwh.edu.cn,2025级,汽车工程学院,能源与动力工程,能动2502班,安徽合肥,C0007
202500792,姚立群,男,汉族,共青团员,2007-11-22,13284583853,202500792@hitwh.edu.cn,2025级,汽车工程学院,能源与动力工程,能动2502班,山东烟台,C0007
202500793,叶静怡,女,回族,共青团员,2007-09-20,15003479636,202500793@hitwh.edu.cn,2025级,汽车工程学院,能源与动力工程,能动2502班,山西太原,C0007
202500794,覃依琳,女,汉族,共青团员,2007-12-12,18917678546,202500794@hitwh.edu.cn,2025级,汽车工程学院,能源与动力工程,能动2502班,山西太原,C0007
202500795,赵书航,男,汉族,共青团员,2007-06-02,13997868603,202500795@hitwh.edu.cn,2025级,汽车工程学院,能源与动力工程,能动2502班,山东青岛,C0007
202500796,宋晓萱,女,汉族,共青团员,2007-01-10,19265309649,202500796@hitwh.edu.cn,2025级,汽车工程学院,能源与动力工程,能动2502班,江苏徐州,C0007
202500797,武明哲,男,汉族,共青团员,2007-01-16,18023037052,202500797@hitwh.edu.cn,2025级,汽车工程学院,能源与动力工程,能动2502班,山西太原,C0007
202500798,秦宇轩,男,蒙古族,群众,2007-08-22,13011507702,202500798@hitwh.edu.cn,2025级,汽车工程学院,能源与动力工程,能动2502班,河北石家庄,C0007
202500799,严向阳,男,汉族,共青团员,2007-06-20,18643207749,202500799@hitwh.edu.cn,2025级,汽车工程学院,能源与动力工程,能动2502班,山东济宁,C0007
202500800,段书瑶,女,汉族,共青团员,2007-01-21,15416927387,202500800@hitwh.edu.cn,2025级,汽车工程学院,能源与动力工程,能动2502班,山东济宁,C0007
202500801,林雅雯,女,汉族,共青团员,2007-07-24,15392720070,202500801@hitwh.edu.cn,2025级,汽车工程学院,能源与动力工程,能动2502班,山东潍坊,C0007
202500802,史家豪,男,回族,群众,2007-12-18,13066069617,202500802@hitwh.edu.cn,2025级,汽车工程学院,能源与动力工程,能动2502班,山东济宁,C0007
202500803,韦慕青,女,朝鲜族,共青团员,2007-06-20,18016215633,202500803@hitwh.edu.cn,2025级,汽车工程学院,能源与动力工程,能动2502班,山东临沂,C0007
202500804,谢书航,男,汉族,共青团员,2007-09-11,15941782142,202500804@hitwh.edu.cn,2025级,汽车工程学院,能源与动力工程,能动2502班,山西太原,C0007
202500805,崔朗峰,男,朝鲜族,共青团员,2007-07-15,17735956407,202500805@hitwh.edu.cn,2025级,汽车工程学院,机械设计制造及其自动化,机电2501班,山西太原,C0011
202500806,石启铭,男,蒙古族,共青团员,2007-02-20,15188718560,202500806@hitwh.edu.cn,2025级,汽车工程学院,机械设计制造及其自动化,机电2501班,山东济南,C0011
202500807,雷鸿飞,男,汉族,群众,2007-07-18,17355569215,202500807@hitwh.edu.cn,2025级,汽车工程学院,机械设计制造及其自动化,机电2501班,山东烟台,C0011
202500808,薛慕青,女,汉族,共青团员,2007-04-13,18439122706,202500808@hitwh.edu.cn,2025级,汽车工程学院,机械设计制造及其自动化,机电2501班,黑龙江哈尔滨,C0011
202500809,蔡乐容,女,汉族,共青团员,2007-12-28,13207718227,202500809@hitwh.edu.cn,2025级,汽车工程学院,机械设计制造及其自动化,机电2501班,山东青岛,C0011
202500810,范书航,男,蒙古族,共青团员,2007-10-01,15864581955,202500810@hitwh.edu.cn,2025级,汽车工程学院,机械设计制造及其自动化,机电2501班,河南郑州,C0011
202500811,马致远,男,汉族,群众,2007-02-25,15218123096,202500811@hitwh.edu.cn,2025级,汽车工程学院,机械设计制造及其自动化,机电2501班,山东济南,C0011
202500812,卢志强,男,汉族,群众,2007-04-16,15058118204,202500812@hitwh.edu.cn,2025级,汽车工程学院,机械设计制造及其自动化,机电2501班,山东青岛,C0011
202500813,白振宇,男,壮族,群众,2007-01-14,13458517333,202500813@hitwh.edu.cn,2025级,汽车工程学院,机械设计制造及其自动化,机电2501班,辽宁大连,C0011
202500814,肖文博,男,汉族,群众,2007-04-11,15849910950,202500814@hitwh.edu.cn,2025级,汽车工程学院,机械设计制造及其自动化,机电2501班,山东济南,C0011
202500815,雷俊杰,男,汉族,共青团员,2007-10-12,17314972187,202500815@hitwh.edu.cn,2025级,汽车工程学院,机械设计制造及其自动化,机电2501班,山东济南,C0011
202500816,叶亦驰,男,汉族,共青团员,2007-12-05,19088967562,202500816@hitwh.edu.cn,2025级,汽车工程学院,机械设计制造及其自动化,机电2501班,江苏徐州,C0011
202500817,薛清扬,女,汉族,共青团员,2007-09-11,13630349720,202500817@hitwh.edu.cn,2025级,汽车工程学院,机械设计制造及其自动化,机电2501班,山东烟台,C0011
202500818,韦子轩,男,汉族,共青团员,2007-08-21,13423531975,202500818@hitwh.edu.cn,2025级,汽车工程学院,机械设计制造及其自动化,机电2501班,辽宁大连,C0011
202500819,侯泽楷,男,朝鲜族,共青团员,2007-12-06,17745157763,202500819@hitwh.edu.cn,2025级,汽车工程学院,机械设计制造及其自动化,机电2501班,吉林长春,C0011
202500820,金诗涵,女,朝鲜族,共青团员,2007-05-15,17788237863,202500820@hitwh.edu.cn,2025级,汽车工程学院,机械设计制造及其自动化,机电2501班,江苏徐州,C0011
202500821,方浩然,男,汉族,共青团员,2007-09-23,15517439603,202500821@hitwh.edu.cn,2025级,汽车工程学院,机械设计制造及其自动化,机电2501班,山东淄博,C0011
202500822,汪昊天,男,汉族,共青团员,2007-01-17,18198786717,202500822@hitwh.edu.cn,2025级,汽车工程学院,机械设计制造及其自动化,机电2501班,江苏徐州,C0011
202500823,赵诗涵,女,蒙古族,共青团员,2007-02-03,13878217382,202500823@hitwh.edu.cn,2025级,汽车工程学院,机械设计制造及其自动化,机电2501班,河北石家庄,C0011
202500824,田映真,女,汉族,共青团员,2007-05-01,18232499735,202500824@hitwh.edu.cn,2025级,汽车工程学院,机械设计制造及其自动化,机电2501班,黑龙江哈尔滨,C0011
202500825,田致远,男,满族,共青团员,2007-11-07,15407633324,202500825@hitwh.edu.cn,2025级,汽车工程学院,机械设计制造及其自动化,机电2501班,河南郑州,C0011
202500826,崔文博,男,汉族,共青团员,2007-06-22,19899241183,202500826@hitwh.edu.cn,2025级,汽车工程学院,机械设计制造及其自动化,机电2501班,辽宁大连,C0011
202500827,郝宗翰,男,回族,共青团员,2007-01-25,13818087075,202500827@hitwh.edu.cn,2025级,汽车工程学院,机械设计制造及其自动化,机电2501班,安徽合肥,C0011
202500828,汪书航,男,朝鲜族,共青团员,2007-01-13,13433765276,202500828@hitwh.edu.cn,2025级,汽车工程学院,机械设计制造及其自动化,机电2501班,河南郑州,C0011
202500829,白欣怡,女,汉族,共青团员,2007-09-28,17853982217,202500829@hitwh.edu.cn,2025级,汽车工程学院,机械设计制造及其自动化,机电2501班,山东济宁,C0011
202500830,贺海宁,女,汉族,群众,2007-01-03,18362189459,202500830@hitwh.edu.cn,2025级,汽车工程学院,机械设计制造及其自动化,机电2501班,江苏徐州,C0011
202500831,高志强,男,蒙古族,共青团员,2007-03-17,18449383768,202500831@hitwh.edu.cn,2025级,汽车工程学院,机械设计制造及其自动化,机电2501班,山东济南,C0011
202500832,覃承宇,男,汉族,群众,2007-07-03,18174373150,202500832@hitwh.edu.cn,2025级,汽车工程学院,机械设计制造及其自动化,机电2501班,山东烟台,C0011
202500833,宋庆丰,男,汉族,共青团员,2007-12-15,17719219917,202500833@hitwh.edu.cn,2025级,汽车工程学院,机械设计制造及其自动化,机电2501班,山东济宁,C0011
202500834,冯云舟,男,汉族,共青团员,2007-01-10,13960902315,202500834@hitwh.edu.cn,2025级,汽车工程学院,机械设计制造及其自动化,机电2501班,安徽合肥,C0011
202500835,戴梦洁,女,汉族,共青团员,2007-12-01,17516908011,202500835@hitwh.edu.cn,2025级,汽车工程学院,机械设计制造及其自动化,机电2501班,山东烟台,C0011
202500836,陶启铭,男,回族,共青团员,2007-09-21,17759033068,202500836@hitwh.edu.cn,2025级,汽车工程学院,机械设计制造及其自动化,机电2501班,黑龙江哈尔滨,C0011
202500837,邓子轩,男,汉族,共青团员,2007-12-21,17752263960,202500837@hitwh.edu.cn,2025级,汽车工程学院,机械设计制造及其自动化,机电2501班,山东济宁,C0011
202500838,宋语嫣,女,汉族,共青团员,2007-07-02,18789221195,202500838@hitwh.edu.cn,2025级,汽车工程学院,机械设计制造及其自动化,机电2502班,江苏徐州,C0011
202500839,贾振宇,男,壮族,共青团员,2007-03-23,19625696517,202500839@hitwh.edu.cn,2025级,汽车工程学院,机械设计制造及其自动化,机电2502班,山东烟台,C0011
202500840,严志强,男,壮族,共青团员,2007-02-14,19149065951,202500840@hitwh.edu.cn,2025级,汽车工程学院,机械设计制造及其自动化,机电2502班,河北石家庄,C0011
202500841,蒋博文,男,汉族,共青团员,2007-03-23,15786299211,202500841@hitwh.edu.cn,2025级,汽车工程学院,机械设计制造及其自动化,机电2502班,山东淄博,C0011
202500842,龙博文,男,回族,共青团员,2007-06-14,19252472010,202500842@hitwh.edu.cn,2025级,汽车工程学院,机械设计制造及其自动化,机电2502班,山东烟台,C0011
202500843,王俊杰,男,汉族,共青团员,2007-04-20,17724538176,202500843@hitwh.edu.cn,2025级,汽车工程学院,机械设计制造及其自动化,机电2502班,山东淄博,C0011
202500844,丁亦驰,男,汉族,群众,2007-02-19,19312276938,202500844@hitwh.edu.cn,2025级,汽车工程学院,机械设计制造及其自动化,机电2502班,山东淄博,C0011
202500845,侯芳菲,女,壮族,群众,2007-03-21,19497856228,202500845@hitwh.edu.cn,2025级,汽车工程学院,机械设计制造及其自动化,机电2502班,山东济宁,C0011
202500846,唐思远,男,回族,共青团员,2007-07-17,18845602888,202500846@hitwh.edu.cn,2025级,汽车工程学院,机械设计制造及其自动化,机电2502班,山东烟台,C0011
202500847,严泽楷,男,汉族,群众,2007-11-11,15814895718,202500847@hitwh.edu.cn,2025级,汽车工程学院,机械设计制造及其自动化,机电2502班,山东青岛,C0011
202500848,邹俊杰,男,满族,共青团员,2007-09-26,19733494196,202500848@hitwh.edu.cn,2025级,汽车工程学院,机械设计制造及其自动化,机电2502班,山东潍坊,C0011
202500849,侯承宇,男,汉族,共青团员,2007-08-12,17532372187,202500849@hitwh.edu.cn,2025级,汽车工程学院,机械设计制造及其自动化,机电2502班,河南郑州,C0011
202500850,汤立群,男,汉族,共青团员,2007-10-08,19468054196,202500850@hitwh.edu.cn,2025级,汽车工程学院,机械设计制造及其自动化,机电2502班,吉林长春,C0011
202500851,范志强,男,汉族,共青团员,2007-01-20,15088011140,202500851@hitwh.edu.cn,2025级,汽车工程学院,机械设计制造及其自动化,机电2502班,河南郑州,C0011
202500852,王致远,男,回族,共青团员,2007-09-03,18971187624,202500852@hitwh.edu.cn,2025级,汽车工程学院,机械设计制造及其自动化,机电2502班,山东烟台,C0011
202500853,何依琳,女,汉族,共青团员,2007-02-15,17523125804,202500853@hitwh.edu.cn,2025级,汽车工程学院,机械设计制造及其自动化,机电2502班,山东烟台,C0011
202500854,龚文博,男,汉族,共青团员,2007-10-09,17573237258,202500854@hitwh.edu.cn,2025级,汽车工程学院,机械设计制造及其自动化,机电2502班,山西太原,C0011
202500855,罗启铭,男,满族,共青团员,2007-05-07,13562241968,202500855@hitwh.edu.cn,2025级,汽车工程学院,机械设计制造及其自动化,机电2502班,山东潍坊,C0011
202500856,李承宇,男,汉族,共青团员,2007-06-26,18489409718,202500856@hitwh.edu.cn,2025级,汽车工程学院,机械设计制造及其自动化,机电2502班,河南郑州,C0011
202500857,陶云舟,男,汉族,共青团员,2007-08-12,13519706104,202500857@hitwh.edu.cn,2025级,汽车工程学院,机械设计制造及其自动化,机电2502班,山西太原,C0011
202500858,唐雨桐,女,朝鲜族,共青团员,2007-10-23,13876722685,202500858@hitwh.edu.cn,2025级,汽车工程学院,机械设计制造及其自动化,机电2502班,山东临沂,C0011
202500859,邓承宇,男,朝鲜族,群众,2007-01-22,18952063820,202500859@hitwh.edu.cn,2025级,汽车工程学院,机械设计制造及其自动化,机电2502班,吉林长春,C0011
202500860,程志强,男,汉族,群众,2007-10-26,13865896943,202500860@hitwh.edu.cn,2025级,汽车工程学院,机械设计制造及其自动化,机电2502班,山东潍坊,C0011
202500861,顾嘉树,男,汉族,共青团员,2007-12-24,18591634976,202500861@hitwh.edu.cn,2025级,汽车工程学院,机械设计制造及其自动化,机电2502班,山东淄博,C0011
202500862,万庆丰,男,朝鲜族,共青团员,2007-03-09,18229644407,202500862@hitwh.edu.cn,2025级,汽车工程学院,机械设计制造及其自动化,机电2502班,山东潍坊,C0011
202500863,彭亦驰,男,壮族,群众,2007-11-22,15403459925,202500863@hitwh.edu.cn,2025级,汽车工程学院,机械设计制造及其自动化,机电2502班,山东济南,C0011
202500864,李宗翰,男,汉族,共青团员,2007-12-14,15351615934,202500864@hitwh.edu.cn,2025级,汽车工程学院,机械设计制造及其自动化,机电2502班,山东烟台,C0011
202500865,龚天佑,男,汉族,共青团员,2007-06-13,19803207693,202500865@hitwh.edu.cn,2025级,汽车工程学院,机械设计制造及其自动化,机电2502班,山东济宁,C0011
202500866,贺景行,男,回族,共青团员,2007-02-12,15478789563,202500866@hitwh.edu.cn,2025级,汽车工程学院,机械设计制造及其自动化,机电2502班,河北石家庄,C0011
202500867,余慧中,女,汉族,群众,2007-02-28,15895536490,202500867@hitwh.edu.cn,2025级,汽车工程学院,机械设计制造及其自动化,机电2502班,山东临沂,C0011
202500868,郭嘉懿,女,蒙古族,共青团员,2007-06-02,18164234217,202500868@hitwh.edu.cn,2025级,汽车工程学院,机械设计制造及其自动化,机电2502班,辽宁大连,C0011
202500869,谭雨泽,男,汉族,共青团员,2007-02-19,17749516291,202500869@hitwh.edu.cn,2025级,汽车工程学院,机械设计制造及其自动化,机电2502班,吉林长春,C0011
202500870,张俊杰,男,汉族,群众,2007-03-27,18455440972,202500870@hitwh.edu.cn,2025级,汽车工程学院,机械设计制造及其自动化,机电2502班,河北石家庄,C0011
202500871,陆语嫣,女,汉族,群众,2007-09-01,17065225605,202500871@hitwh.edu.cn,2025级,汽车工程学院,交通运输,交通2501班,河南郑州,C0015
202500872,覃浩然,男,满族,共青团员,2007-05-19,19923231758,202500872@hitwh.edu.cn,2025级,汽车工程学院,交通运输,交通2501班,吉林长春,C0015
202500873,陶承宇,男,汉族,共青团员,2007-11-27,17347103645,202500873@hitwh.edu.cn,2025级,汽车工程学院,交通运输,交通2501班,吉林长春,C0015
202500874,白思远,男,汉族,群众,2007-08-12,19386072173,202500874@hitwh.edu.cn,2025级,汽车工程学院,交通运输,交通2501班,山东淄博,C0015
202500875,任嘉树,男,蒙古族,共青团员,2007-11-21,13407721893,202500875@hitwh.edu.cn,2025级,汽车工程学院,交通运输,交通2501班,山东济南,C0015
202500876,贾子轩,男,汉族,共青团员,2007-09-08,17527490099,202500876@hitwh.edu.cn,2025级,汽车工程学院,交通运输,交通2501班,山东淄博,C0015
202500877,任天佑,男,汉族,共青团员,2007-03-02,19082192687,202500877@hitwh.edu.cn,2025级,汽车工程学院,交通运输,交通2501班,山东济宁,C0015
202500878,许紫萱,女,汉族,群众,2007-02-06,15581407139,202500878@hitwh.edu.cn,2025级,汽车工程学院,交通运输,交通2501班,山东济宁,C0015
202500879,肖景行,男,汉族,共青团员,2007-09-04,13703339946,202500879@hitwh.edu.cn,2025级,汽车工程学院,交通运输,交通2501班,黑龙江哈尔滨,C0015
202500880,段依琳,女,汉族,群众,2007-09-05,19000974325,202500880@hitwh.edu.cn,2025级,汽车工程学院,交通运输,交通2501班,山西太原,C0015
202500881,许朗峰,男,汉族,共青团员,2007-08-05,18896626660,202500881@hitwh.edu.cn,2025级,汽车工程学院,交通运输,交通2501班,黑龙江哈尔滨,C0015
202500882,黎悦宁,女,满族,共青团员,2007-01-18,15678191180,202500882@hitwh.edu.cn,2025级,汽车工程学院,交通运输,交通2501班,河北石家庄,C0015
202500883,陶庆丰,男,汉族,群众,2007-04-13,17011813160,202500883@hitwh.edu.cn,2025级,汽车工程学院,交通运输,交通2501班,吉林长春,C0015
202500884,谭清扬,女,汉族,共青团员,2007-03-20,18716008666,202500884@hitwh.edu.cn,2025级,汽车工程学院,交通运输,交通2501班,山东潍坊,C0015
202500885,姜志强,男,汉族,共青团员,2007-06-01,15231200093,202500885@hitwh.edu.cn,2025级,汽车工程学院,交通运输,交通2501班,山东潍坊,C0015
202500886,严语嫣,女,汉族,共青团员,2007-04-03,15564222502,202500886@hitwh.edu.cn,2025级,汽车工程学院,交通运输,交通2501班,河南郑州,C0015
202500887,顾映真,女,汉族,共青团员,2007-09-13,18189983707,202500887@hitwh.edu.cn,2025级,汽车工程学院,交通运输,交通2501班,山东淄博,C0015
202500888,许悦宁,女,汉族,共青团员,2007-08-18,18638127200,202500888@hitwh.edu.cn,2025级,汽车工程学院,交通运输,交通2501班,山东淄博,C0015
202500889,谭天佑,男,汉族,共青团员,2007-12-18,19158860412,202500889@hitwh.edu.cn,2025级,汽车工程学院,交通运输,交通2501班,山东临沂,C0015
202500890,林文博,男,满族,共青团员,2007-01-13,13609073592,202500890@hitwh.edu.cn,2025级,汽车工程学院,交通运输,交通2501班,江苏徐州,C0015
202500891,夏昊天,男,汉族,群众,2007-01-04,18848528911,202500891@hitwh.edu.cn,2025级,汽车工程学院,交通运输,交通2501班,安徽合肥,C0015
202500892,万天佑,男,汉族,共青团员,2007-06-27,13311365664,202500892@hitwh.edu.cn,2025级,汽车工程学院,交通运输,交通2501班,山东烟台,C0015
202500893,袁向阳,男,汉族,群众,2007-05-20,15171208124,202500893@hitwh.edu.cn,2025级,汽车工程学院,交通运输,交通2501班,河南郑州,C0015
202500894,刘承宇,男,蒙古族,共青团员,2007-03-27,13639219457,202500894@hitwh.edu.cn,2025级,汽车工程学院,交通运输,交通2501班,山东淄博,C0015
202500895,付宇轩,男,汉族,群众,2007-08-14,17179597664,202500895@hitwh.edu.cn,2025级,汽车工程学院,交通运输,交通2501班,江苏徐州,C0015
202500896,王思远,男,壮族,共青团员,2007-02-19,17679232830,202500896@hitwh.edu.cn,2025级,汽车工程学院,交通运输,交通2501班,江苏徐州,C0015
202500897,孙浩然,男,汉族,群众,2007-01-06,13945391393,202500897@hitwh.edu.cn,2025级,汽车工程学院,交通运输,交通2501班,安徽合肥,C0015
202500898,夏文博,男,汉族,群众,2007-06-26,17964160484,202500898@hitwh.edu.cn,2025级,汽车工程学院,交通运输,交通2501班,山东济南,C0015
202500899,龚泽楷,男,汉族,共青团员,2007-02-24,18248361638,202500899@hitwh.edu.cn,2025级,汽车工程学院,交通运输,交通2501班,河南郑州,C0015
202500900,胡启铭,男,壮族,共青团员,2007-06-13,15255023486,202500900@hitwh.edu.cn,2025级,汽车工程学院,交通运输,交通2501班,江苏徐州,C0015
202600901,宋天佑,男,回族,共青团员,2008-06-28,17414082380,202600901@hitwh.edu.cn,2026级,汽车工程学院,车辆工程,车辆2601班,吉林长春,C0004
202600902,杨博文,男,汉族,群众,2008-07-04,17295258186,202600902@hitwh.edu.cn,2026级,汽车工程学院,车辆工程,车辆2601班,吉林长春,C0004
202600903,李云舟,男,汉族,群众,2008-09-14,18746111494,202600903@hitwh.edu.cn,2026级,汽车工程学院,车辆工程,车辆2601班,河南郑州,C0004
202600904,陆嘉树,男,汉族,共青团员,2008-04-21,15589724819,202600904@hitwh.edu.cn,2026级,汽车工程学院,车辆工程,车辆2601班,河北石家庄,C0004
202600905,邱乐容,女,汉族,群众,2008-03-03,19298735984,202600905@hitwh.edu.cn,2026级,汽车工程学院,车辆工程,车辆2601班,江苏徐州,C0004
202600906,罗静姝,女,汉族,共青团员,2008-09-06,19843693637,202600906@hitwh.edu.cn,2026级,汽车工程学院,车辆工程,车辆2601班,山东青岛,C0004
202600907,莫慕青,女,回族,共青团员,2008-05-26,18759354602,202600907@hitwh.edu.cn,2026级,汽车工程学院,车辆工程,车辆2601班,山东临沂,C0004
202600908,吕思远,男,汉族,共青团员,2008-07-18,13715435071,202600908@hitwh.edu.cn,2026级,汽车工程学院,车辆工程,车辆2601班,吉林长春,C0004
202600909,罗宇轩,男,壮族,群众,2008-08-11,15130939867,202600909@hitwh.edu.cn,2026级,汽车工程学院,车辆工程,车辆2601班,安徽合肥,C0004
202600910,邵佳琪,女,汉族,共青团员,2008-01-04,15537288188,202600910@hitwh.edu.cn,2026级,汽车工程学院,车辆工程,车辆2601班,山东济南,C0004
202600911,曾致远,男,满族,共青团员,2008-03-06,17826371989,202600911@hitwh.edu.cn,2026级,汽车工程学院,车辆工程,车辆2601班,山东烟台,C0004
202600912,韦鸿飞,男,汉族,共青团员,2008-12-25,17449864706,202600912@hitwh.edu.cn,2026级,汽车工程学院,车辆工程,车辆2601班,安徽合肥,C0004
202600913,郝宇轩,男,汉族,共青团员,2008-09-17,13550475268,202600913@hitwh.edu.cn,2026级,汽车工程学院,车辆工程,车辆2601班,吉林长春,C0004
202600914,郑向阳,男,汉族,共青团员,2008-12-07,15144745337,202600914@hitwh.edu.cn,2026级,汽车工程学院,车辆工程,车辆2601班,山东济南,C0004
202600915,徐雨桐,女,壮族,共青团员,2008-03-12,15705347216,202600915@hitwh.edu.cn,2026级,汽车工程学院,车辆工程,车辆2601班,山东临沂,C0004
202600916,王海宁,女,满族,共青团员,2008-12-22,18497940929,202600916@hitwh.edu.cn,2026级,汽车工程学院,车辆工程,车辆2601班,河南郑州,C0004
202600917,杨振宇,男,汉族,共青团员,2008-01-16,19509877788,202600917@hitwh.edu.cn,2026级,汽车工程学院,车辆工程,车辆2601班,山东烟台,C0004
202600918,肖静姝,女,回族,共青团员,2008-02-08,17112118513,202600918@hitwh.edu.cn,2026级,汽车工程学院,车辆工程,车辆2601班,河北石家庄,C0004
202600919,徐云舟,男,汉族,共青团员,2008-04-21,19246726860,202600919@hitwh.edu.cn,2026级,汽车工程学院,车辆工程,车辆2601班,安徽合肥,C0004
202600920,魏立群,男,朝鲜族,群众,2008-07-06,15073050605,202600920@hitwh.edu.cn,2026级,汽车工程学院,车辆工程,车辆2601班,山东潍坊,C0004
202600921,雷书瑶,女,汉族,群众,2008-01-10,18338906715,202600921@hitwh.edu.cn,2026级,汽车工程学院,车辆工程,车辆2601班,山东临沂,C0004
202600922,姚亦驰,男,壮族,群众,2008-10-07,19339473553,202600922@hitwh.edu.cn,2026级,汽车工程学院,车辆工程,车辆2601班,山东青岛,C0004
202600923,郭景行,男,壮族,共青团员,2008-02-07,17177427563,202600923@hitwh.edu.cn,2026级,汽车工程学院,车辆工程,车辆2601班,山西太原,C0004
202600924,罗丹妮,女,汉族,群众,2008-05-25,13344301517,202600924@hitwh.edu.cn,2026级,汽车工程学院,车辆工程,车辆2601班,山东济宁,C0004
202600925,唐婉清,女,汉族,共青团员,2008-02-26,13568436859,202600925@hitwh.edu.cn,2026级,汽车工程学院,车辆工程,车辆2601班,山东济宁,C0004
202600926,黎向阳,男,汉族,共青团员,2008-10-23,18412628481,202600926@hitwh.edu.cn,2026级,汽车工程学院,车辆工程,车辆2601班,山东淄博,C0004
202600927,方昊天,男,汉族,群众,2008-07-04,18311398022,202600927@hitwh.edu.cn,2026级,汽车工程学院,车辆工程,车辆2601班,山东烟台,C0004
202600928,段泽楷,男,蒙古族,群众,2008-11-21,19576744001,202600928@hitwh.edu.cn,2026级,汽车工程学院,车辆工程,车辆2601班,山东烟台,C0004
202600929,卢承宇,男,壮族,共青团员,2008-08-16,13043223892,202600929@hitwh.edu.cn,2026级,汽车工程学院,车辆工程,车辆2601班,山东淄博,C0004
202600930,魏天佑,男,回族,共青团员,2008-09-27,15297212895,202600930@hitwh.edu.cn,2026级,汽车工程学院,车辆工程,车辆2601班,河北石家庄,C0004
202600931,潘朗峰,男,汉族,共青团员,2008-03-18,18282657225,202600931@hitwh.edu.cn,2026级,汽车工程学院,车辆工程,车辆2601班,山东临沂,C0004
202600932,丁采薇,女,满族,共青团员,2008-09-13,19289535211,202600932@hitwh.edu.cn,2026级,汽车工程学院,车辆工程,车辆2601班,辽宁大连,C0004
202600933,廖庆丰,男,汉族,共青团员,2008-11-06,15198736908,202600933@hitwh.edu.cn,2026级,汽车工程学院,车辆工程,车辆2601班,辽宁大连,C0004
202600934,肖嘉懿,女,汉族,共青团员,2008-07-05,13683458812,202600934@hitwh.edu.cn,2026级,汽车工程学院,车辆工程,车辆2601班,河南郑州,C0004
202600935,张致远,男,汉族,共青团员,2008-04-28,15915498366,202600935@hitwh.edu.cn,2026级,汽车工程学院,车辆工程,车辆2602班,山东临沂,C0004
202600936,陈嘉树,男,汉族,共青团员,2008-04-07,13129256950,202600936@hitwh.edu.cn,2026级,汽车工程学院,车辆工程,车辆2602班,山西太原,C0004
202600937,董云舟,男,回族,共青团员,2008-05-12,15327805462,202600937@hitwh.edu.cn,2026级,汽车工程学院,车辆工程,车辆2602班,辽宁大连,C0004
202600938,毛云舟,男,壮族,共青团员,2008-01-11,15621493455,202600938@hitwh.edu.cn,2026级,汽车工程学院,车辆工程,车辆2602班,河南郑州,C0004
202600939,黄云舟,男,汉族,共青团员,2008-12-07,15012341365,202600939@hitwh.edu.cn,2026级,汽车工程学院,车辆工程,车辆2602班,黑龙江哈尔滨,C0004
202600940,薛宇轩,男,汉族,共青团员,2008-11-09,18453276974,202600940@hitwh.edu.cn,2026级,汽车工程学院,车辆工程,车辆2602班,吉林长春,C0004
202600941,肖承宇,男,汉族,共青团员,2008-02-04,15485358929,202600941@hitwh.edu.cn,2026级,汽车工程学院,车辆工程,车辆2602班,山东济南,C0004
202600942,宋海宁,女,汉族,共青团员,2008-06-22,17520002802,202600942@hitwh.edu.cn,2026级,汽车工程学院,车辆工程,车辆2602班,河南郑州,C0004
202600943,吕宇轩,男,汉族,共青团员,2008-03-11,15187504107,202600943@hitwh.edu.cn,2026级,汽车工程学院,车辆工程,车辆2602班,山西太原,C0004
202600944,尹景行,男,汉族,群众,2008-09-07,17365216468,202600944@hitwh.edu.cn,2026级,汽车工程学院,车辆工程,车辆2602班,吉林长春,C0004
202600945,林宗翰,男,汉族,共青团员,2008-06-09,19418566463,202600945@hitwh.edu.cn,2026级,汽车工程学院,车辆工程,车辆2602班,黑龙江哈尔滨,C0004
202600946,许庆丰,男,汉族,共青团员,2008-02-04,17956943284,202600946@hitwh.edu.cn,2026级,汽车工程学院,车辆工程,车辆2602班,江苏徐州,C0004
202600947,尹子轩,男,汉族,共青团员,2008-07-17,17484633191,202600947@hitwh.edu.cn,2026级,汽车工程学院,车辆工程,车辆2602班,辽宁大连,C0004
202600948,董文博,男,壮族,共青团员,2008-04-18,18759684345,202600948@hitwh.edu.cn,2026级,汽车工程学院,车辆工程,车辆2602班,山东潍坊,C0004
202600949,金俊杰,男,汉族,共青团员,2008-02-27,17996626523,202600949@hitwh.edu.cn,2026级,汽车工程学院,车辆工程,车辆2602班,山东青岛,C0004
202600950,江依琳,女,汉族,群众,2008-01-04,19188563970,202600950@hitwh.edu.cn,2026级,汽车工程学院,车辆工程,车辆2602班,吉林长春,C0004
202600951,杜立群,男,汉族,共青团员,2008-02-07,18278385687,202600951@hitwh.edu.cn,2026级,汽车工程学院,车辆工程,车辆2602班,山东临沂,C0004
202600952,万立群,男,回族,共青团员,2008-02-28,18980931190,202600952@hitwh.edu.cn,2026级,汽车工程学院,车辆工程,车辆2602班,山东烟台,C0004
202600953,毛立群,男,汉族,共青团员,2008-12-24,18116221195,202600953@hitwh.edu.cn,2026级,汽车工程学院,车辆工程,车辆2602班,山东潍坊,C0004
202600954,覃嘉懿,女,汉族,共青团员,2008-07-25,17729165393,202600954@hitwh.edu.cn,2026级,汽车工程学院,车辆工程,车辆2602班,山东济南,C0004
202600955,卢子轩,男,满族,共青团员,2008-06-22,13950818527,202600955@hitwh.edu.cn,2026级,汽车工程学院,车辆工程,车辆2602班,河北石家庄,C0004
202600956,周文博,男,蒙古族,群众,2008-02-15,17107034863,202600956@hitwh.edu.cn,2026级,汽车工程学院,车辆工程,车辆2602班,辽宁大连,C0004
202600957,周振宇,男,汉族,共青团员,2008-09-04,19830057481,202600957@hitwh.edu.cn,2026级,汽车工程学院,车辆工程,车辆2602班,山东济宁,C0004
202600958,吴启铭,男,汉族,群众,2008-08-28,15240211553,202600958@hitwh.edu.cn,2026级,汽车工程学院,车辆工程,车辆2602班,河北石家庄,C0004
202600959,雷嘉树,男,壮族,共青团员,2008-12-18,18365870508,202600959@hitwh.edu.cn,2026级,汽车工程学院,车辆工程,车辆2602班,山东烟台,C0004
202600960,沈婉清,女,汉族,共青团员,2008-11-08,19583193776,202600960@hitwh.edu.cn,2026级,汽车工程学院,车辆工程,车辆2602班,安徽合肥,C0004
202600961,胡宇轩,男,满族,共青团员,2008-08-06,13926482207,202600961@hitwh.edu.cn,2026级,汽车工程学院,车辆工程,车辆2602班,山东淄博,C0004
202600962,苏文博,男,汉族,共青团员,2008-09-11,13731833525,202600962@hitwh.edu.cn,2026级,汽车工程学院,车辆工程,车辆2602班,山东烟台,C0004
202600963,石承宇,男,汉族,共青团员,2008-04-21,15886684219,202600963@hitwh.edu.cn,2026级,汽车工程学院,车辆工程,车辆2602班,山东潍坊,C0004
202600964,钟博文,男,汉族,共青团员,2008-03-15,15728021547,202600964@hitwh.edu.cn,2026级,汽车工程学院,车辆工程,车辆2602班,吉林长春,C0004
202600965,廖清扬,女,汉族,群众,2008-08-01,15939025727,202600965@hitwh.edu.cn,2026级,汽车工程学院,车辆工程,车辆2602班,山东青岛,C0004
202600966,韩俊杰,男,汉族,共青团员,2008-06-10,13188326616,202600966@hitwh.edu.cn,2026级,汽车工程学院,车辆工程,车辆2602班,山东临沂,C0004
202600967,龙语嫣,女,汉族,共青团员,2008-04-03,18267204271,202600967@hitwh.edu.cn,2026级,汽车工程学院,车辆工程,车辆2602班,山东淄博,C0004
202600968,汤佳琪,女,回族,共青团员,2008-06-04,19462851753,202600968@hitwh.edu.cn,2026级,汽车工程学院,车辆工程,车辆2602班,山东济南,C0004
202600969,陆佳琪,女,汉族,群众,2008-01-15,17821392898,202600969@hitwh.edu.cn,2026级,汽车工程学院,车辆工程,车辆2603班,吉林长春,C0004
202600970,卢沛东,男,汉族,群众,2008-08-16,15417577977,202600970@hitwh.edu.cn,2026级,汽车工程学院,车辆工程,车辆2603班,安徽合肥,C0004
202600971,谢思远,男,回族,共青团员,2008-05-28,13162072646,202600971@hitwh.edu.cn,2026级,汽车工程学院,车辆工程,车辆2603班,山西太原,C0004
202600972,马芳菲,女,汉族,群众,2008-11-19,13257188514,202600972@hitwh.edu.cn,2026级,汽车工程学院,车辆工程,车辆2603班,山东淄博,C0004
202600973,侯宗翰,男,汉族,共青团员,2008-10-15,17565649141,202600973@hitwh.edu.cn,2026级,汽车工程学院,车辆工程,车辆2603班,山东潍坊,C0004
202600974,吕雨泽,男,汉族,共青团员,2008-03-12,15836356466,202600974@hitwh.edu.cn,2026级,汽车工程学院,车辆工程,车辆2603班,河北石家庄,C0004
202600975,罗鸿飞,男,汉族,群众,2008-05-18,19992895709,202600975@hitwh.edu.cn,2026级,汽车工程学院,车辆工程,车辆2603班,黑龙江哈尔滨,C0004
202600976,钱悦宁,女,汉族,共青团员,2008-12-11,15065065718,202600976@hitwh.edu.cn,2026级,汽车工程学院,车辆工程,车辆2603班,山东临沂,C0004
202600977,肖向阳,男,汉族,共青团员,2008-06-14,15666676415,202600977@hitwh.edu.cn,2026级,汽车工程学院,车辆工程,车辆2603班,山东临沂,C0004
202600978,蒋承宇,男,汉族,共青团员,2008-10-23,17243942052,202600978@hitwh.edu.cn,2026级,汽车工程学院,车辆工程,车辆2603班,山东济宁,C0004
202600979,彭思颖,女,汉族,共青团员,2008-01-14,18331445579,202600979@hitwh.edu.cn,2026级,汽车工程学院,车辆工程,车辆2603班,河北石家庄,C0004
202600980,宋承宇,男,蒙古族,共青团员,2008-05-19,18675278535,202600980@hitwh.edu.cn,2026级,汽车工程学院,车辆工程,车辆2603班,山东济宁,C0004
202600981,丁致远,男,蒙古族,共青团员,2008-09-17,15047316579,202600981@hitwh.edu.cn,2026级,汽车工程学院,车辆工程,车辆2603班,吉林长春,C0004
202600982,贺承宇,男,蒙古族,群众,2008-04-27,13974065903,202600982@hitwh.edu.cn,2026级,汽车工程学院,车辆工程,车辆2603班,山东济南,C0004
202600983,覃明哲,男,满族,共青团员,2008-10-21,15733411436,202600983@hitwh.edu.cn,2026级,汽车工程学院,车辆工程,车辆2603班,吉林长春,C0004
202600984,胡映真,女,汉族,群众,2008-03-24,19601058209,202600984@hitwh.edu.cn,2026级,汽车工程学院,车辆工程,车辆2603班,安徽合肥,C0004
202600985,方承宇,男,汉族,共青团员,2008-01-04,17684134312,202600985@hitwh.edu.cn,2026级,汽车工程学院,车辆工程,车辆2603班,山东潍坊,C0004
202600986,钟泽楷,男,朝鲜族,共青团员,2008-03-15,18581983350,202600986@hitwh.edu.cn,2026级,汽车工程学院,车辆工程,车辆2603班,山西太原,C0004
202600987,廖俊杰,男,回族,共青团员,2008-02-01,19209950406,202600987@hitwh.edu.cn,2026级,汽车工程学院,车辆工程,车辆2603班,河南郑州,C0004
202600988,雷云舟,男,汉族,共青团员,2008-01-27,15478247623,202600988@hitwh.edu.cn,2026级,汽车工程学院,车辆工程,车辆2603班,江苏徐州,C0004
202600989,韦嘉树,男,汉族,共青团员,2008-04-04,17078451786,202600989@hitwh.edu.cn,2026级,汽车工程学院,车辆工程,车辆2603班,吉林长春,C0004
202600990,向沛东,男,汉族,群众,2008-12-12,18252488140,202600990@hitwh.edu.cn,2026级,汽车工程学院,车辆工程,车辆2603班,山东潍坊,C0004
202600991,史思远,男,汉族,群众,2008-05-22,15214670021,202600991@hitwh.edu.cn,2026级,汽车工程学院,车辆工程,车辆2603班,山东临沂,C0004
202600992,姚梦琪,女,汉族,群众,2008-11-21,18329256039,202600992@hitwh.edu.cn,2026级,汽车工程学院,车辆工程,车辆2603班,山西太原,C0004
202600993,曹俊杰,男,汉族,共青团员,2008-10-07,17815812226,202600993@hitwh.edu.cn,2026级,汽车工程学院,车辆工程,车辆2603班,山东青岛,C0004
202600994,武振宇,男,汉族,共青团员,2008-04-16,13440587973,202600994@hitwh.edu.cn,2026级,汽车工程学院,车辆工程,车辆2603班,山东潍坊,C0004
202600995,覃立群,男,蒙古族,共青团员,2008-10-17,15418337220,202600995@hitwh.edu.cn,2026级,汽车工程学院,车辆工程,车辆2603班,江苏徐州,C0004
202600996,戴泽楷,男,汉族,共青团员,2008-12-04,19036117351,202600996@hitwh.edu.cn,2026级,汽车工程学院,车辆工程,车辆2603班,吉林长春,C0004
202600997,雷思远,男,壮族,共青团员,2008-04-13,18934371400,202600997@hitwh.edu.cn,2026级,汽车工程学院,车辆工程,车辆2603班,山东临沂,C0004
202600998,马思颖,女,汉族,共青团员,2008-09-23,17429158770,202600998@hitwh.edu.cn,2026级,汽车工程学院,车辆工程,车辆2603班,河南郑州,C0004
202600999,黄朗峰,男,朝鲜族,共青团员,2008-07-04,18883215971,202600999@hitwh.edu.cn,2026级,汽车工程学院,车辆工程,车辆2603班,山东潍坊,C0004
202601000,江博文,男,朝鲜族,共青团员,2008-11-14,19944935081,202601000@hitwh.edu.cn,2026级,汽车工程学院,车辆工程,车辆2603班,山东淄博,C0004
202601001,吴俊杰,男,朝鲜族,共青团员,2008-06-22,15822089634,202601001@hitwh.edu.cn,2026级,汽车工程学院,车辆工程,车辆2603班,安徽合肥,C0004
202601002,郑嘉懿,女,满族,共青团员,2008-06-14,18612970142,202601002@hitwh.edu.cn,2026级,汽车工程学院,车辆工程,车辆2603班,河南郑州,C0004
202601003,夏嘉懿,女,汉族,共青团员,2008-01-10,19533928023,202601003@hitwh.edu.cn,2026级,汽车工程学院,车辆工程,车辆2604班,山东临沂,C0004
202601004,侯天佑,男,汉族,共青团员,2008-11-02,13127558951,202601004@hitwh.edu.cn,2026级,汽车工程学院,车辆工程,车辆2604班,安徽合肥,C0004
202601005,贾思远,男,汉族,群众,2008-11-06,15323658093,202601005@hitwh.edu.cn,2026级,汽车工程学院,车辆工程,车辆2604班,山西太原,C0004
202601006,姜书航,男,蒙古族,群众,2008-06-19,18736446637,202601006@hitwh.edu.cn,2026级,汽车工程学院,车辆工程,车辆2604班,河北石家庄,C0004
202601007,覃启铭,男,朝鲜族,共青团员,2008-10-20,15769708489,202601007@hitwh.edu.cn,2026级,汽车工程学院,车辆工程,车辆2604班,吉林长春,C0004
202601008,周家豪,男,蒙古族,共青团员,2008-11-09,18642442966,202601008@hitwh.edu.cn,2026级,汽车工程学院,车辆工程,车辆2604班,吉林长春,C0004
202601009,曾思远,男,汉族,共青团员,2008-04-07,13754431948,202601009@hitwh.edu.cn,2026级,汽车工程学院,车辆工程,车辆2604班,辽宁大连,C0004
202601010,闫丹妮,女,朝鲜族,群众,2008-08-06,13320675438,202601010@hitwh.edu.cn,2026级,汽车工程学院,车辆工程,车辆2604班,黑龙江哈尔滨,C0004
202601011,黄亦驰,男,回族,共青团员,2008-03-28,13383043826,202601011@hitwh.edu.cn,2026级,汽车工程学院,车辆工程,车辆2604班,山东潍坊,C0004
202601012,段向阳,男,汉族,群众,2008-04-10,17729916340,202601012@hitwh.edu.cn,2026级,汽车工程学院,车辆工程,车辆2604班,河南郑州,C0004
202601013,尹雅雯,女,汉族,共青团员,2008-07-24,13928442054,202601013@hitwh.edu.cn,2026级,汽车工程学院,车辆工程,车辆2604班,山东济南,C0004
202601014,邓云舟,男,朝鲜族,共青团员,2008-06-04,15528632604,202601014@hitwh.edu.cn,2026级,汽车工程学院,车辆工程,车辆2604班,山东济南,C0004
202601015,孟乐容,女,汉族,共青团员,2008-06-19,18567746345,202601015@hitwh.edu.cn,2026级,汽车工程学院,车辆工程,车辆2604班,山东潍坊,C0004
202601016,熊云舟,男,汉族,共青团员,2008-07-19,17541938768,202601016@hitwh.edu.cn,2026级,汽车工程学院,车辆工程,车辆2604班,辽宁大连,C0004
202601017,孟向阳,男,汉族,共青团员,2008-10-08,18865746266,202601017@hitwh.edu.cn,2026级,汽车工程学院,车辆工程,车辆2604班,河南郑州,C0004
202601018,崔书航,男,汉族,共青团员,2008-07-14,17592433836,202601018@hitwh.edu.cn,2026级,汽车工程学院,车辆工程,车辆2604班,吉林长春,C0004
202601019,何启铭,男,汉族,共青团员,2008-01-21,15297100189,202601019@hitwh.edu.cn,2026级,汽车工程学院,车辆工程,车辆2604班,山东济宁,C0004
202601020,黎佳琪,女,汉族,共青团员,2008-03-05,19552638424,202601020@hitwh.edu.cn,2026级,汽车工程学院,车辆工程,车辆2604班,山东济南,C0004
202601021,陆清扬,女,汉族,群众,2008-01-28,19294235706,202601021@hitwh.edu.cn,2026级,汽车工程学院,车辆工程,车辆2604班,黑龙江哈尔滨,C0004
202601022,董慧中,女,汉族,共青团员,2008-10-07,15966004593,202601022@hitwh.edu.cn,2026级,汽车工程学院,车辆工程,车辆2604班,黑龙江哈尔滨,C0004
202601023,高沛东,男,壮族,共青团员,2008-03-18,15335005364,202601023@hitwh.edu.cn,2026级,汽车工程学院,车辆工程,车辆2604班,山东淄博,C0004
202601024,钱昊天,男,汉族,共青团员,2008-12-06,19391142030,202601024@hitwh.edu.cn,2026级,汽车工程学院,车辆工程,车辆2604班,辽宁大连,C0004
202601025,任启铭,男,朝鲜族,共青团员,2008-03-01,13112217192,202601025@hitwh.edu.cn,2026级,汽车工程学院,车辆工程,车辆2604班,安徽合肥,C0004
202601026,范博文,男,汉族,共青团员,2008-02-15,18424350417,202601026@hitwh.edu.cn,2026级,汽车工程学院,车辆工程,车辆2604班,山东临沂,C0004
202601027,余思远,男,汉族,群众,2008-04-02,15668578655,202601027@hitwh.edu.cn,2026级,汽车工程学院,车辆工程,车辆2604班,山东烟台,C0004
202601028,钱书航,男,朝鲜族,共青团员,2008-01-06,17050544324,202601028@hitwh.edu.cn,2026级,汽车工程学院,车辆工程,车辆2604班,山东潍坊,C0004
202601029,罗书航,男,汉族,群众,2008-02-22,13913724837,202601029@hitwh.edu.cn,2026级,汽车工程学院,车辆工程,车辆2604班,山东济宁,C0004
202601030,胡泽楷,男,满族,群众,2008-09-02,18537235179,202601030@hitwh.edu.cn,2026级,汽车工程学院,车辆工程,车辆2604班,吉林长春,C0004
202601031,万若曦,女,汉族,共青团员,2008-01-23,15498570978,202601031@hitwh.edu.cn,2026级,汽车工程学院,车辆工程,车辆2604班,山东济南,C0004
202601032,侯沛东,男,汉族,群众,2008-11-20,13324917787,202601032@hitwh.edu.cn,2026级,汽车工程学院,车辆工程,车辆2604班,河南郑州,C0004
202601033,武若曦,女,汉族,共青团员,2008-08-22,13262650506,202601033@hitwh.edu.cn,2026级,汽车工程学院,车辆工程,车辆2604班,山东潍坊,C0004
202601034,汪思远,男,满族,共青团员,2008-07-08,13251228346,202601034@hitwh.edu.cn,2026级,汽车工程学院,车辆工程,车辆2604班,河南郑州,C0004
202601035,付明哲,男,汉族,群众,2008-03-15,17127034573,202601035@hitwh.edu.cn,2026级,汽车工程学院,车辆工程,车辆2604班,山东济南,C0004
202601036,顾俊杰,男,朝鲜族,共青团员,2008-09-01,13694662262,202601036@hitwh.edu.cn,2026级,汽车工程学院,车辆工程,车辆2604班,江苏徐州,C0004
202601037,龙朗峰,男,回族,共青团员,2008-05-04,18998890435,202601037@hitwh.edu.cn,2026级,汽车工程学院,能源与动力工程,能动2601班,辽宁大连,C0008
202601038,夏宇轩,男,汉族,群众,2008-01-08,17255536525,202601038@hitwh.edu.cn,2026级,汽车工程学院,能源与动力工程,能动2601班,辽宁大连,C0008
202601039,曾乐容,女,汉族,群众,2008-05-26,13486519437,202601039@hitwh.edu.cn,2026级,汽车工程学院,能源与动力工程,能动2601班,山西太原,C0008
202601040,龙静怡,女,汉族,共青团员,2008-06-23,19113486783,202601040@hitwh.edu.cn,2026级,汽车工程学院,能源与动力工程,能动2601班,山东潍坊,C0008
202601041,尹雨泽,男,汉族,群众,2008-04-05,15143655700,202601041@hitwh.edu.cn,2026级,汽车工程学院,能源与动力工程,能动2601班,安徽合肥,C0008
202601042,龚宗翰,男,汉族,共青团员,2008-07-21,19969497867,202601042@hitwh.edu.cn,2026级,汽车工程学院,能源与动力工程,能动2601班,山东济南,C0008
202601043,闫文博,男,汉族,群众,2008-04-11,18063700209,202601043@hitwh.edu.cn,2026级,汽车工程学院,能源与动力工程,能动2601班,河北石家庄,C0008
202601044,谢慧中,女,汉族,共青团员,2008-04-17,18922936234,202601044@hitwh.edu.cn,2026级,汽车工程学院,能源与动力工程,能动2601班,山东烟台,C0008
202601045,高庆丰,男,壮族,群众,2008-04-14,18301589859,202601045@hitwh.edu.cn,2026级,汽车工程学院,能源与动力工程,能动2601班,吉林长春,C0008
202601046,毛泽楷,男,汉族,群众,2008-06-19,19105031868,202601046@hitwh.edu.cn,2026级,汽车工程学院,能源与动力工程,能动2601班,黑龙江哈尔滨,C0008
202601047,史庆丰,男,汉族,共青团员,2008-12-08,17929094978,202601047@hitwh.edu.cn,2026级,汽车工程学院,能源与动力工程,能动2601班,山东济宁,C0008
202601048,戴文博,男,汉族,共青团员,2008-01-14,18079694707,202601048@hitwh.edu.cn,2026级,汽车工程学院,能源与动力工程,能动2601班,吉林长春,C0008
202601049,卢泽楷,男,汉族,共青团员,2008-05-09,15161855008,202601049@hitwh.edu.cn,2026级,汽车工程学院,能源与动力工程,能动2601班,河南郑州,C0008
202601050,万宇轩,男,汉族,共青团员,2008-10-28,13896343398,202601050@hitwh.edu.cn,2026级,汽车工程学院,能源与动力工程,能动2601班,河南郑州,C0008
202601051,段启铭,男,满族,共青团员,2008-08-05,17529650298,202601051@hitwh.edu.cn,2026级,汽车工程学院,能源与动力工程,能动2601班,山西太原,C0008
202601052,邱朗峰,男,朝鲜族,共青团员,2008-11-20,18852646671,202601052@hitwh.edu.cn,2026级,汽车工程学院,能源与动力工程,能动2601班,黑龙江哈尔滨,C0008
202601053,龚书航,男,汉族,群众,2008-04-14,19636652466,202601053@hitwh.edu.cn,2026级,汽车工程学院,能源与动力工程,能动2601班,山东济南,C0008
202601054,白雨桐,女,朝鲜族,共青团员,2008-08-10,18264494410,202601054@hitwh.edu.cn,2026级,汽车工程学院,能源与动力工程,能动2601班,山东淄博,C0008
202601055,吕鸿飞,男,汉族,群众,2008-02-20,18792348376,202601055@hitwh.edu.cn,2026级,汽车工程学院,能源与动力工程,能动2601班,河北石家庄,C0008
202601056,朱庆丰,男,汉族,共青团员,2008-10-10,18925277491,202601056@hitwh.edu.cn,2026级,汽车工程学院,能源与动力工程,能动2601班,山东临沂,C0008
202601057,张思远,男,蒙古族,共青团员,2008-10-13,18724101858,202601057@hitwh.edu.cn,2026级,汽车工程学院,能源与动力工程,能动2601班,山东济南,C0008
202601058,董鸿飞,男,汉族,共青团员,2008-07-26,15032452289,202601058@hitwh.edu.cn,2026级,汽车工程学院,能源与动力工程,能动2601班,山东济南,C0008
202601059,谭沛东,男,汉族,共青团员,2008-06-22,19931912479,202601059@hitwh.edu.cn,2026级,汽车工程学院,能源与动力工程,能动2601班,山东济宁,C0008
202601060,蔡亦驰,男,汉族,群众,2008-07-09,13515865510,202601060@hitwh.edu.cn,2026级,汽车工程学院,能源与动力工程,能动2601班,山东潍坊,C0008
202601061,郝沛东,男,回族,共青团员,2008-06-15,18155660782,202601061@hitwh.edu.cn,2026级,汽车工程学院,能源与动力工程,能动2601班,山东淄博,C0008
202601062,姜宗翰,男,汉族,共青团员,2008-11-04,13926866097,202601062@hitwh.edu.cn,2026级,汽车工程学院,能源与动力工程,能动2601班,山东烟台,C0008
202601063,潘云舟,男,汉族,共青团员,2008-10-05,19440745674,202601063@hitwh.edu.cn,2026级,汽车工程学院,能源与动力工程,能动2601班,山东临沂,C0008
202601064,苏天佑,男,汉族,共青团员,2008-12-05,19953764024,202601064@hitwh.edu.cn,2026级,汽车工程学院,能源与动力工程,能动2601班,河北石家庄,C0008
202601065,黄博文,男,壮族,共青团员,2008-05-25,15364834649,202601065@hitwh.edu.cn,2026级,汽车工程学院,能源与动力工程,能动2601班,山东济宁,C0008
202601066,黄泽楷,男,满族,共青团员,2008-01-12,19613019208,202601066@hitwh.edu.cn,2026级,汽车工程学院,能源与动力工程,能动2601班,山东潍坊,C0008
202601067,贺婉清,女,蒙古族,共青团员,2008-08-16,15134767387,202601067@hitwh.edu.cn,2026级,汽车工程学院,能源与动力工程,能动2601班,山东烟台,C0008
202601068,张沛东,男,朝鲜族,共青团员,2008-12-10,19524317531,202601068@hitwh.edu.cn,2026级,汽车工程学院,能源与动力工程,能动2601班,山西太原,C0008
202601069,刘庆丰,男,汉族,共青团员,2008-09-04,15656553728,202601069@hitwh.edu.cn,2026级,汽车工程学院,能源与动力工程,能动2601班,山东临沂,C0008
202601070,沈承宇,男,满族,共青团员,2008-08-28,13911063966,202601070@hitwh.edu.cn,2026级,汽车工程学院,能源与动力工程,能动2601班,山东烟台,C0008
202601071,彭雅雯,女,汉族,共青团员,2008-07-02,17821469940,202601071@hitwh.edu.cn,2026级,汽车工程学院,能源与动力工程,能动2602班,辽宁大连,C0008
202601072,赵鸿飞,男,汉族,共青团员,2008-04-16,15580535420,202601072@hitwh.edu.cn,2026级,汽车工程学院,能源与动力工程,能动2602班,山东济南,C0008
202601073,沈梦洁,女,汉族,共青团员,2008-03-09,13762872397,202601073@hitwh.edu.cn,2026级,汽车工程学院,能源与动力工程,能动2602班,山东淄博,C0008
202601074,彭子轩,男,汉族,共青团员,2008-06-17,19164609730,202601074@hitwh.edu.cn,2026级,汽车工程学院,能源与动力工程,能动2602班,安徽合肥,C0008
202601075,高朗峰,男,蒙古族,共青团员,2008-09-21,17664116220,202601075@hitwh.edu.cn,2026级,汽车工程学院,能源与动力工程,能动2602班,山东济南,C0008
202601076,崔欣怡,女,汉族,共青团员,2008-09-08,17717777956,202601076@hitwh.edu.cn,2026级,汽车工程学院,能源与动力工程,能动2602班,山西太原,C0008
202601077,许浩然,男,回族,共青团员,2008-08-21,15625560682,202601077@hitwh.edu.cn,2026级,汽车工程学院,能源与动力工程,能动2602班,河南郑州,C0008
202601078,张立群,男,朝鲜族,共青团员,2008-05-11,18123698030,202601078@hitwh.edu.cn,2026级,汽车工程学院,能源与动力工程,能动2602班,山东临沂,C0008
202601079,万志强,男,满族,共青团员,2008-09-17,19812097830,202601079@hitwh.edu.cn,2026级,汽车工程学院,能源与动力工程,能动2602班,山东临沂,C0008
202601080,田宇轩,男,回族,共青团员,2008-12-27,19666259962,202601080@hitwh.edu.cn,2026级,汽车工程学院,能源与动力工程,能动2602班,安徽合肥,C0008
202601081,贺映真,女,汉族,群众,2008-10-19,19464710267,202601081@hitwh.edu.cn,2026级,汽车工程学院,能源与动力工程,能动2602班,河南郑州,C0008
202601082,董依琳,女,汉族,共青团员,2008-07-13,13617536683,202601082@hitwh.edu.cn,2026级,汽车工程学院,能源与动力工程,能动2602班,山东济南,C0008
202601083,汤云舟,男,满族,群众,2008-02-20,13632730608,202601083@hitwh.edu.cn,2026级,汽车工程学院,能源与动力工程,能动2602班,山东济宁,C0008
202601084,程景行,男,汉族,群众,2008-11-14,17722577885,202601084@hitwh.edu.cn,2026级,汽车工程学院,能源与动力工程,能动2602班,山东青岛,C0008
202601085,龙明哲,男,汉族,共青团员,2008-03-14,13017558827,202601085@hitwh.edu.cn,2026级,汽车工程学院,能源与动力工程,能动2602班,辽宁大连,C0008
202601086,汪博文,男,汉族,群众,2008-06-12,15888466809,202601086@hitwh.edu.cn,2026级,汽车工程学院,能源与动力工程,能动2602班,山东临沂,C0008
202601087,潘清扬,女,汉族,共青团员,2008-09-05,15445507232,202601087@hitwh.edu.cn,2026级,汽车工程学院,能源与动力工程,能动2602班,山东淄博,C0008
202601088,徐明哲,男,蒙古族,共青团员,2008-02-26,15927453872,202601088@hitwh.edu.cn,2026级,汽车工程学院,能源与动力工程,能动2602班,山东淄博,C0008
202601089,彭婉清,女,汉族,群众,2008-08-21,15673485298,202601089@hitwh.edu.cn,2026级,汽车工程学院,能源与动力工程,能动2602班,山东淄博,C0008
202601090,孟致远,男,汉族,共青团员,2008-03-03,19004989670,202601090@hitwh.edu.cn,2026级,汽车工程学院,能源与动力工程,能动2602班,山东烟台,C0008
202601091,程启铭,男,壮族,群众,2008-01-23,17427799824,202601091@hitwh.edu.cn,2026级,汽车工程学院,能源与动力工程,能动2602班,黑龙江哈尔滨,C0008
202601092,段雨桐,女,汉族,共青团员,2008-03-09,18411827983,202601092@hitwh.edu.cn,2026级,汽车工程学院,能源与动力工程,能动2602班,山东青岛,C0008
202601093,潘子轩,男,回族,共青团员,2008-06-02,15836125046,202601093@hitwh.edu.cn,2026级,汽车工程学院,能源与动力工程,能动2602班,山东潍坊,C0008
202601094,田书航,男,汉族,群众,2008-05-01,17063498867,202601094@hitwh.edu.cn,2026级,汽车工程学院,能源与动力工程,能动2602班,山东济宁,C0008
202601095,石庆丰,男,汉族,群众,2008-06-14,13986477453,202601095@hitwh.edu.cn,2026级,汽车工程学院,能源与动力工程,能动2602班,山东济宁,C0008
202601096,许云舟,男,壮族,共青团员,2008-01-13,13717732010,202601096@hitwh.edu.cn,2026级,汽车工程学院,能源与动力工程,能动2602班,辽宁大连,C0008
202601097,丁泽楷,男,蒙古族,群众,2008-03-20,19451343504,202601097@hitwh.edu.cn,2026级,汽车工程学院,能源与动力工程,能动2602班,河南郑州,C0008
202601098,丁梦洁,女,满族,共青团员,2008-04-04,19312285836,202601098@hitwh.edu.cn,2026级,汽车工程学院,能源与动力工程,能动2602班,山东青岛,C0008
202601099,戴景行,男,汉族,共青团员,2008-01-22,18785959483,202601099@hitwh.edu.cn,2026级,汽车工程学院,能源与动力工程,能动2602班,河南郑州,C0008
202601100,尹庆丰,男,满族,群众,2008-05-11,17171256120,202601100@hitwh.edu.cn,2026级,汽车工程学院,能源与动力工程,能动2602班,山东临沂,C0008
202601101,叶博文,男,汉族,群众,2008-04-24,18719478088,202601101@hitwh.edu.cn,2026级,汽车工程学院,能源与动力工程,能动2602班,安徽合肥,C0008
202601102,林雨泽,男,汉族,共青团员,2008-01-27,18943308217,202601102@hitwh.edu.cn,2026级,汽车工程学院,能源与动力工程,能动2602班,山东济南,C0008
202601103,林思远,男,汉族,群众,2008-12-27,17717424006,202601103@hitwh.edu.cn,2026级,汽车工程学院,能源与动力工程,能动2602班,河南郑州,C0008
202601104,莫云舟,男,壮族,共青团员,2008-07-27,17249424896,202601104@hitwh.edu.cn,2026级,汽车工程学院,能源与动力工程,能动2602班,河南郑州,C0008
202601105,唐海宁,女,汉族,共青团员,2008-05-07,18981973650,202601105@hitwh.edu.cn,2026级,汽车工程学院,机械设计制造及其自动化,机电2601班,山东济宁,C0012
202601106,韦思远,男,朝鲜族,共青团员,2008-05-13,15681397265,202601106@hitwh.edu.cn,2026级,汽车工程学院,机械设计制造及其自动化,机电2601班,黑龙江哈尔滨,C0012
202601107,钱清扬,女,朝鲜族,群众,2008-08-02,19279589806,202601107@hitwh.edu.cn,2026级,汽车工程学院,机械设计制造及其自动化,机电2601班,山东淄博,C0012
202601108,谢鸿飞,男,汉族,群众,2008-07-02,15678459450,202601108@hitwh.edu.cn,2026级,汽车工程学院,机械设计制造及其自动化,机电2601班,山西太原,C0012
202601109,钱致远,男,朝鲜族,共青团员,2008-03-12,15064295765,202601109@hitwh.edu.cn,2026级,汽车工程学院,机械设计制造及其自动化,机电2601班,山东临沂,C0012
202601110,史承宇,男,汉族,共青团员,2008-08-03,19173503784,202601110@hitwh.edu.cn,2026级,汽车工程学院,机械设计制造及其自动化,机电2601班,江苏徐州,C0012
202601111,熊亦驰,男,汉族,共青团员,2008-12-03,17693278388,202601111@hitwh.edu.cn,2026级,汽车工程学院,机械设计制造及其自动化,机电2601班,山东济南,C0012
202601112,范乐容,女,蒙古族,共青团员,2008-02-09,19519998697,202601112@hitwh.edu.cn,2026级,汽车工程学院,机械设计制造及其自动化,机电2601班,山西太原,C0012
202601113,薛书航,男,汉族,共青团员,2008-01-09,15274088673,202601113@hitwh.edu.cn,2026级,汽车工程学院,机械设计制造及其自动化,机电2601班,山东济宁,C0012
202601114,赵承宇,男,满族,共青团员,2008-01-20,18595090804,202601114@hitwh.edu.cn,2026级,汽车工程学院,机械设计制造及其自动化,机电2601班,河南郑州,C0012
202601115,闫庆丰,男,汉族,共青团员,2008-09-20,13649137837,202601115@hitwh.edu.cn,2026级,汽车工程学院,机械设计制造及其自动化,机电2601班,山东青岛,C0012
202601116,胡承宇,男,汉族,共青团员,2008-02-27,15519686815,202601116@hitwh.edu.cn,2026级,汽车工程学院,机械设计制造及其自动化,机电2601班,山东临沂,C0012
202601117,万家豪,男,壮族,共青团员,2008-08-02,15581272628,202601117@hitwh.edu.cn,2026级,汽车工程学院,机械设计制造及其自动化,机电2601班,山西太原,C0012
202601118,马泽楷,男,汉族,群众,2008-10-28,18571869379,202601118@hitwh.edu.cn,2026级,汽车工程学院,机械设计制造及其自动化,机电2601班,山东淄博,C0012
202601119,陆书航,男,汉族,群众,2008-04-08,15079104062,202601119@hitwh.edu.cn,2026级,汽车工程学院,机械设计制造及其自动化,机电2601班,山西太原,C0012
202601120,夏思远,男,汉族,共青团员,2008-07-10,19398909380,202601120@hitwh.edu.cn,2026级,汽车工程学院,机械设计制造及其自动化,机电2601班,河南郑州,C0012
202601121,陆家豪,男,壮族,共青团员,2008-07-07,19489429762,202601121@hitwh.edu.cn,2026级,汽车工程学院,机械设计制造及其自动化,机电2601班,山东青岛,C0012
202601122,闫亦驰,男,满族,共青团员,2008-12-14,17731991334,202601122@hitwh.edu.cn,2026级,汽车工程学院,机械设计制造及其自动化,机电2601班,辽宁大连,C0012
202601123,曹家豪,男,满族,共青团员,2008-03-26,17091081516,202601123@hitwh.edu.cn,2026级,汽车工程学院,机械设计制造及其自动化,机电2601班,山东济南,C0012
202601124,贺悦宁,女,汉族,共青团员,2008-02-02,18720900516,202601124@hitwh.edu.cn,2026级,汽车工程学院,机械设计制造及其自动化,机电2601班,黑龙江哈尔滨,C0012
202601125,覃书航,男,汉族,群众,2008-09-22,13376769531,202601125@hitwh.edu.cn,2026级,汽车工程学院,机械设计制造及其自动化,机电2601班,黑龙江哈尔滨,C0012
202601126,朱泽楷,男,蒙古族,共青团员,2008-01-18,19392660939,202601126@hitwh.edu.cn,2026级,汽车工程学院,机械设计制造及其自动化,机电2601班,山东临沂,C0012
202601127,何宇轩,男,满族,共青团员,2008-12-01,15147711444,202601127@hitwh.edu.cn,2026级,汽车工程学院,机械设计制造及其自动化,机电2601班,山东潍坊,C0012
202601128,徐朗峰,男,汉族,共青团员,2008-10-18,19257158766,202601128@hitwh.edu.cn,2026级,汽车工程学院,机械设计制造及其自动化,机电2601班,山东淄博,C0012
202601129,韩立群,男,汉族,共青团员,2008-09-05,18884481726,202601129@hitwh.edu.cn,2026级,汽车工程学院,机械设计制造及其自动化,机电2601班,山东临沂,C0012
202601130,韩昊天,男,汉族,共青团员,2008-04-23,15008270661,202601130@hitwh.edu.cn,2026级,汽车工程学院,机械设计制造及其自动化,机电2601班,山东青岛,C0012
202601131,曹庆丰,男,汉族,共青团员,2008-02-07,15290845571,202601131@hitwh.edu.cn,2026级,汽车工程学院,机械设计制造及其自动化,机电2601班,河南郑州,C0012
202601132,任书航,男,满族,共青团员,2008-12-07,17804788851,202601132@hitwh.edu.cn,2026级,汽车工程学院,机械设计制造及其自动化,机电2601班,黑龙江哈尔滨,C0012
202601133,邱亦驰,男,朝鲜族,共青团员,2008-08-05,17143029444,202601133@hitwh.edu.cn,2026级,汽车工程学院,机械设计制造及其自动化,机电2601班,山西太原,C0012
202601134,吴若曦,女,汉族,共青团员,2008-10-21,19665843299,202601134@hitwh.edu.cn,2026级,汽车工程学院,机械设计制造及其自动化,机电2601班,河南郑州,C0012
202601135,黄俊杰,男,汉族,群众,2008-06-15,18353951069,202601135@hitwh.edu.cn,2026级,汽车工程学院,机械设计制造及其自动化,机电2601班,河南郑州,C0012
202601136,吴昊天,男,壮族,共青团员,2008-03-14,13905006358,202601136@hitwh.edu.cn,2026级,汽车工程学院,机械设计制造及其自动化,机电2601班,安徽合肥,C0012
202601137,曾景行,男,汉族,共青团员,2008-07-18,13486208276,202601137@hitwh.edu.cn,2026级,汽车工程学院,机械设计制造及其自动化,机电2601班,辽宁大连,C0012
202601138,韩浩然,男,汉族,群众,2008-07-21,15343979840,202601138@hitwh.edu.cn,2026级,汽车工程学院,机械设计制造及其自动化,机电2602班,山东青岛,C0012
202601139,黄欣怡,女,朝鲜族,共青团员,2008-12-14,19720425808,202601139@hitwh.edu.cn,2026级,汽车工程学院,机械设计制造及其自动化,机电2602班,山东临沂,C0012
202601140,韦丹妮,女,朝鲜族,共青团员,2008-02-23,13825732403,202601140@hitwh.edu.cn,2026级,汽车工程学院,机械设计制造及其自动化,机电2602班,山东济宁,C0012
202601141,刘俊杰,男,蒙古族,共青团员,2008-11-02,17863785353,202601141@hitwh.edu.cn,2026级,汽车工程学院,机械设计制造及其自动化,机电2602班,山东临沂,C0012
202601142,冯俊杰,男,朝鲜族,共青团员,2008-03-06,15698009501,202601142@hitwh.edu.cn,2026级,汽车工程学院,机械设计制造及其自动化,机电2602班,山东济南,C0012
202601143,李向阳,男,汉族,共青团员,2008-05-17,19933703565,202601143@hitwh.edu.cn,2026级,汽车工程学院,机械设计制造及其自动化,机电2602班,山西太原,C0012
202601144,苏家豪,男,蒙古族,群众,2008-03-18,18909383825,202601144@hitwh.edu.cn,2026级,汽车工程学院,机械设计制造及其自动化,机电2602班,河南郑州,C0012
202601145,谢海宁,女,满族,群众,2008-10-14,13932709611,202601145@hitwh.edu.cn,2026级,汽车工程学院,机械设计制造及其自动化,机电2602班,山东青岛,C0012
202601146,邹志强,男,满族,群众,2008-04-03,18194564835,202601146@hitwh.edu.cn,2026级,汽车工程学院,机械设计制造及其自动化,机电2602班,山东济宁,C0012
202601147,姜诗涵,女,汉族,群众,2008-10-07,17837787679,202601147@hitwh.edu.cn,2026级,汽车工程学院,机械设计制造及其自动化,机电2602班,山西太原,C0012
202601148,贺嘉懿,女,汉族,群众,2008-04-12,13318245273,202601148@hitwh.edu.cn,2026级,汽车工程学院,机械设计制造及其自动化,机电2602班,山东临沂,C0012
202601149,徐景行,男,汉族,共青团员,2008-11-11,19923760580,202601149@hitwh.edu.cn,2026级,汽车工程学院,机械设计制造及其自动化,机电2602班,山西太原,C0012
202601150,史子轩,男,壮族,共青团员,2008-03-19,13467625505,202601150@hitwh.edu.cn,2026级,汽车工程学院,机械设计制造及其自动化,机电2602班,河南郑州,C0012
202601151,白书航,男,汉族,共青团员,2008-10-19,15864598905,202601151@hitwh.edu.cn,2026级,汽车工程学院,机械设计制造及其自动化,机电2602班,吉林长春,C0012
202601152,任庆丰,男,回族,共青团员,2008-09-22,13815897827,202601152@hitwh.edu.cn,2026级,汽车工程学院,机械设计制造及其自动化,机电2602班,山东潍坊,C0012
202601153,蒋子轩,男,汉族,共青团员,2008-01-03,15464445319,202601153@hitwh.edu.cn,2026级,汽车工程学院,机械设计制造及其自动化,机电2602班,吉林长春,C0012
202601154,孔庆丰,男,汉族,共青团员,2008-07-22,17512517042,202601154@hitwh.edu.cn,2026级,汽车工程学院,机械设计制造及其自动化,机电2602班,江苏徐州,C0012
202601155,钟云舟,男,汉族,共青团员,2008-12-19,17022050352,202601155@hitwh.edu.cn,2026级,汽车工程学院,机械设计制造及其自动化,机电2602班,辽宁大连,C0012
202601156,何沛东,男,汉族,群众,2008-03-27,18496924744,202601156@hitwh.edu.cn,2026级,汽车工程学院,机械设计制造及其自动化,机电2602班,河南郑州,C0012
202601157,邵朗峰,男,汉族,共青团员,2008-06-05,17773444241,202601157@hitwh.edu.cn,2026级,汽车工程学院,机械设计制造及其自动化,机电2602班,河北石家庄,C0012
202601158,贺朗峰,男,朝鲜族,共青团员,2008-06-06,18025269615,202601158@hitwh.edu.cn,2026级,汽车工程学院,机械设计制造及其自动化,机电2602班,山东济南,C0012
202601159,宋芳菲,女,汉族,共青团员,2008-05-04,17700157439,202601159@hitwh.edu.cn,2026级,汽车工程学院,机械设计制造及其自动化,机电2602班,山东济宁,C0012
202601160,熊立群,男,汉族,共青团员,2008-02-15,15223226668,202601160@hitwh.edu.cn,2026级,汽车工程学院,机械设计制造及其自动化,机电2602班,山东临沂,C0012
202601161,严昊天,男,汉族,共青团员,2008-03-20,17531889129,202601161@hitwh.edu.cn,2026级,汽车工程学院,机械设计制造及其自动化,机电2602班,吉林长春,C0012
202601162,彭庆丰,男,汉族,共青团员,2008-04-05,19221960831,202601162@hitwh.edu.cn,2026级,汽车工程学院,机械设计制造及其自动化,机电2602班,河北石家庄,C0012
202601163,韩宇轩,男,汉族,共青团员,2008-04-28,13259259066,202601163@hitwh.edu.cn,2026级,汽车工程学院,机械设计制造及其自动化,机电2602班,吉林长春,C0012
202601164,邱宇轩,男,汉族,共青团员,2008-04-18,13396436722,202601164@hitwh.edu.cn,2026级,汽车工程学院,机械设计制造及其自动化,机电2602班,江苏徐州,C0012
202601165,薛家豪,男,汉族,共青团员,2008-02-25,17741888209,202601165@hitwh.edu.cn,2026级,汽车工程学院,机械设计制造及其自动化,机电2602班,吉林长春,C0012
202601166,朱浩然,男,汉族,共青团员,2008-05-13,15831017358,202601166@hitwh.edu.cn,2026级,汽车工程学院,机械设计制造及其自动化,机电2602班,山西太原,C0012
202601167,崔天佑,男,汉族,共青团员,2008-05-14,18639654900,202601167@hitwh.edu.cn,2026级,汽车工程学院,机械设计制造及其自动化,机电2602班,山东潍坊,C0012
202601168,武紫萱,女,壮族,共青团员,2008-02-11,17244882850,202601168@hitwh.edu.cn,2026级,汽车工程学院,机械设计制造及其自动化,机电2602班,山东烟台,C0012
202601169,何宗翰,男,满族,共青团员,2008-05-19,13508898286,202601169@hitwh.edu.cn,2026级,汽车工程学院,机械设计制造及其自动化,机电2602班,安徽合肥,C0012
202601170,郝云舟,男,汉族,群众,2008-08-08,17674393846,202601170@hitwh.edu.cn,2026级,汽车工程学院,机械设计制造及其自动化,机电2602班,黑龙江哈尔滨,C0012
202601171,曾朗峰,男,壮族,共青团员,2008-03-18,15172719352,202601171@hitwh.edu.cn,2026级,汽车工程学院,交通运输,交通2601班,山东青岛,C0016
202601172,向云舟,男,汉族,共青团员,2008-11-18,13084309847,202601172@hitwh.edu.cn,2026级,汽车工程学院,交通运输,交通2601班,河南郑州,C0016
202601173,陶浩然,男,汉族,共青团员,2008-02-14,18920910366,202601173@hitwh.edu.cn,2026级,汽车工程学院,交通运输,交通2601班,吉林长春,C0016
202601174,汤嘉树,男,满族,共青团员,2008-07-09,15762943453,202601174@hitwh.edu.cn,2026级,汽车工程学院,交通运输,交通2601班,江苏徐州,C0016
202601175,杜家豪,男,汉族,共青团员,2008-03-02,17975889387,202601175@hitwh.edu.cn,2026级,汽车工程学院,交通运输,交通2601班,山东淄博,C0016
202601176,武致远,男,蒙古族,群众,2008-12-06,15569801457,202601176@hitwh.edu.cn,2026级,汽车工程学院,交通运输,交通2601班,吉林长春,C0016
202601177,谢子轩,男,汉族,共青团员,2008-02-26,17070428172,202601177@hitwh.edu.cn,2026级,汽车工程学院,交通运输,交通2601班,黑龙江哈尔滨,C0016
202601178,段宇轩,男,壮族,群众,2008-02-11,19650159276,202601178@hitwh.edu.cn,2026级,汽车工程学院,交通运输,交通2601班,河南郑州,C0016
202601179,李立群,男,汉族,共青团员,2008-04-06,17805713397,202601179@hitwh.edu.cn,2026级,汽车工程学院,交通运输,交通2601班,山东潍坊,C0016
202601180,覃宇轩,男,朝鲜族,共青团员,2008-11-28,18881527995,202601180@hitwh.edu.cn,2026级,汽车工程学院,交通运输,交通2601班,山东潍坊,C0016
202601181,梁景行,男,汉族,共青团员,2008-07-01,19833292398,202601181@hitwh.edu.cn,2026级,汽车工程学院,交通运输,交通2601班,山东青岛,C0016
202601182,熊泽楷,男,回族,共青团员,2008-05-12,18100116273,202601182@hitwh.edu.cn,2026级,汽车工程学院,交通运输,交通2601班,山东烟台,C0016
202601183,覃诗涵,女,汉族,共青团员,2008-04-01,18945009668,202601183@hitwh.edu.cn,2026级,汽车工程学院,交通运输,交通2601班,吉林长春,C0016
202601184,蔡向阳,男,蒙古族,共青团员,2008-03-16,17659239115,202601184@hitwh.edu.cn,2026级,汽车工程学院,交通运输,交通2601班,安徽合肥,C0016
202601185,刘宇轩,男,汉族,共青团员,2008-09-04,18174421358,202601185@hitwh.edu.cn,2026级,汽车工程学院,交通运输,交通2601班,山东济宁,C0016
202601186,夏云舟,男,满族,群众,2008-12-21,18376802622,202601186@hitwh.edu.cn,2026级,汽车工程学院,交通运输,交通2601班,山东青岛,C0016
202601187,孔芳菲,女,汉族,共青团员,2008-10-25,19986889518,202601187@hitwh.edu.cn,2026级,汽车工程学院,交通运输,交通2601班,山东临沂,C0016
202601188,潘雨泽,男,汉族,共青团员,2008-03-06,13723090518,202601188@hitwh.edu.cn,2026级,汽车工程学院,交通运输,交通2601班,山西太原,C0016
202601189,秦鸿飞,男,满族,共青团员,2008-04-02,13603504934,202601189@hitwh.edu.cn,2026级,汽车工程学院,交通运输,交通2601班,山东淄博,C0016
202601190,陶婉清,女,汉族,共青团员,2008-01-16,18350196294,202601190@hitwh.edu.cn,2026级,汽车工程学院,交通运输,交通2601班,山东济宁,C0016
202601191,史景行,男,汉族,共青团员,2008-02-11,15709127813,202601191@hitwh.edu.cn,2026级,汽车工程学院,交通运输,交通2601班,山东济宁,C0016
202601192,黎云舟,男,汉族,群众,2008-07-26,18457331564,202601192@hitwh.edu.cn,2026级,汽车工程学院,交通运输,交通2601班,江苏徐州,C0016
202601193,孔昊天,男,壮族,共青团员,2008-05-26,15466209868,202601193@hitwh.edu.cn,2026级,汽车工程学院,交通运输,交通2601班,山东临沂,C0016
202601194,谭书航,男,回族,共青团员,2008-07-18,17072049800,202601194@hitwh.edu.cn,2026级,汽车工程学院,交通运输,交通2601班,河南郑州,C0016
202601195,毛鸿飞,男,朝鲜族,共青团员,2008-11-17,18567659850,202601195@hitwh.edu.cn,2026级,汽车工程学院,交通运输,交通2601班,河北石家庄,C0016
202601196,苏雨泽,男,蒙古族,群众,2008-09-18,19030560556,202601196@hitwh.edu.cn,2026级,汽车工程学院,交通运输,交通2601班,山东潍坊,C0016
202601197,周欣怡,女,壮族,共青团员,2008-01-18,18599026204,202601197@hitwh.edu.cn,2026级,汽车工程学院,交通运输,交通2601班,山东潍坊,C0016
202601198,邓天佑,男,汉族,共青团员,2008-10-18,15262669598,202601198@hitwh.edu.cn,2026级,汽车工程学院,交通运输,交通2601班,辽宁大连,C0016
202601199,崔向阳,男,壮族,共青团员,2008-12-22,13262711371,202601199@hitwh.edu.cn,2026级,汽车工程学院,交通运输,交通2601班,山东烟台,C0016
202601200,廖静姝,女,回族,群众,2008-12-28,15386605806,202601200@hitwh.edu.cn,2026级,汽车工程学院,交通运输,交通2601班,山西太原,C0016
